# 3ds Max Wavefront OBJ Exporter v0.99 - (c)2007 guruware
# File Created: 25.04.2025 18:47:04

mtllib AlaDerecha.mtl

#
# object AlaDerecha
#

v  -4.8159 3.8363 -4.9999
v  -4.5569 3.5128 -5.3134
v  -4.4624 2.7223 -4.3449
v  -4.6654 3.0908 -4.0209
v  -4.9184 3.3118 -3.7829
v  -5.0489 4.0848 -4.7294
v  -5.1779 4.8148 -5.6829
v  -4.9114 4.5538 -5.9489
v  -4.6099 4.2178 -6.2599
v  -4.9259 5.5453 -7.5499
v  -4.9349 5.1228 -6.8229
v  -5.2454 5.4583 -6.5684
v  -5.2799 5.9678 -7.3049
v  -4.5749 5.0418 -7.7969
v  -4.6079 4.7063 -7.1029
v  -4.0369 4.3273 -7.3739
v  -2.9024 4.3863 -7.3214
v  -2.9599 3.9258 -6.5274
v  -4.0744 3.8278 -6.6139
v  -3.9834 4.6363 -7.9999
v  -2.9264 4.4273 -8.0299
v  -2.9584 3.2828 -5.5784
v  -2.8939 2.7203 -4.4814
v  -3.8879 2.5373 -4.6059
v  -3.9994 3.2288 -5.6374
v  0.5681 0.9198 -3.0209
v  0.7656 1.4798 -4.0444
v  1.3176 1.0728 -4.0804
v  1.1016 0.5403 -3.0369
v  0.9516 0.1138 -2.0949
v  0.4146 0.4458 -2.1169
v  -0.3859 0.8383 -2.2164
v  -0.2604 1.3748 -3.0774
v  -0.1144 1.9723 -4.0799
v  0.9561 2.0688 -5.0324
v  1.1496 2.5953 -5.9494
v  1.8376 2.1978 -5.8799
v  1.5671 1.6628 -5.0439
v  -0.0104 2.5423 -5.1109
v  0.0981 3.0773 -6.0974
v  -1.4449 3.1718 -5.2604
v  -1.4734 2.5563 -4.2124
v  -1.3829 3.7923 -6.2444
v  6.6231 -1.1927 -1.8564
v  6.3626 -1.5082 -0.9644
v  6.3016 -1.7672 -1.1114
v  6.5621 -1.4262 -2.0289
v  6.9286 -0.9872 -3.0744
v  6.9841 -0.7847 -2.8734
v  6.8086 -0.5472 -2.7274
v  6.3446 -1.0542 -1.8154
v  6.0626 -1.3487 -0.9434
v  -2.1774 5.6783 -2.9404
v  -2.2764 5.1563 -1.9069
v  -1.7624 4.6063 -2.1394
v  -1.6239 5.1528 -3.1609
v  -1.4669 5.6883 -4.1649
v  -2.0959 6.1793 -3.9709
v  -2.5884 6.7273 -3.5834
v  -2.7504 6.1343 -2.6409
v  -2.9269 5.4968 -1.7209
v  -0.4784 5.6843 -5.1464
v  0.2941 5.2728 -5.1614
v  0.5056 5.7258 -5.8089
v  -0.2634 6.1528 -5.7744
v  -1.2999 6.1563 -5.0634
v  -1.1374 6.5748 -5.7494
v  -0.6859 5.1973 -4.2584
v  0.0781 4.7938 -4.2579
v  -2.0049 6.6468 -4.8844
v  -1.7924 7.1573 -5.4864
v  -2.2664 7.7828 -4.9664
v  -2.4469 7.2528 -4.4279
v  -3.6384 6.1008 -2.5424
v  -3.4649 6.7653 -3.4269
v  -4.3244 6.4063 -3.5509
v  -4.4334 5.6388 -2.7519
v  -4.5184 4.8743 -2.0344
v  -3.8094 5.4163 -1.7104
v  -6.6979 11.9508 -12.5179
v  -6.3679 10.8073 -11.8864
v  -6.7904 10.9863 -11.6284
v  -7.0499 12.0373 -12.2814
v  -7.3974 13.0513 -12.9924
v  -7.1324 12.9968 -13.2664
v  -6.7509 12.9693 -13.4669
v  -6.2874 11.9048 -12.6964
v  -5.8879 10.6993 -12.0814
v  -3.9219 4.8578 -8.4584
v  -2.9054 4.5388 -8.4829
v  -4.5234 5.2953 -8.2934
v  -4.4684 5.4983 -8.6944
v  -3.8319 5.0713 -8.7994
v  -2.8419 4.7168 -8.7804
v  -3.7164 5.3188 -9.1334
v  -3.6039 5.6313 -9.3639
v  -2.6589 5.2968 -9.1834
v  -2.7519 4.9573 -9.0374
v  -4.3909 5.7253 -9.0949
v  -4.3114 5.9798 -9.3994
v  -4.9189 5.8263 -8.0559
v  -4.9294 6.0253 -8.4614
v  -5.3089 6.2938 -7.8094
v  -5.3309 6.5303 -8.1929
v  -4.9469 6.2198 -8.8784
v  -4.9674 6.4393 -9.2309
v  -5.3674 6.7578 -8.5779
v  -5.4269 7.0138 -8.9244
v  -1.3134 4.1098 -7.1974
v  -1.3884 3.9098 -8.0339
v  0.2176 3.3653 -7.8984
v  0.2526 3.5303 -7.0254
v  -1.4224 3.9298 -8.5604
v  -1.3914 4.1543 -8.8514
v  0.1246 3.5563 -8.8684
v  0.1356 3.3228 -8.5019
v  -1.3229 4.4783 -8.9879
v  -1.2619 4.8308 -9.0209
v  0.2376 4.3158 -9.0239
v  0.1756 3.9323 -9.0224
v  1.3686 3.0043 -6.7744
v  1.4116 2.9688 -7.5734
v  2.2086 2.5548 -7.3029
v  2.1146 2.5673 -6.5774
v  10.5481 0.2668 -7.0119
v  10.8236 0.8123 -6.5459
v  10.5061 0.5948 -6.2674
v  10.2296 0.1328 -6.7379
v  9.8991 0.1543 -7.3829
v  9.8476 0.0813 -7.0719
v  10.0106 0.2933 -7.6019
v  10.6811 0.4343 -7.2524
v  10.9591 0.9798 -6.7984
v  10.1326 0.4883 -7.7589
v  10.2381 0.7158 -7.8524
v  10.5681 0.9118 -7.6729
v  10.7376 0.6323 -7.4634
v  10.7781 1.3203 -7.3904
v  10.9671 1.1418 -7.0634
v  9.7011 0.9503 -5.9619
v  9.0391 0.7393 -5.7144
v  9.0146 0.5183 -5.9969
v  9.7976 0.5398 -6.1584
v  10.3571 1.1123 -6.0119
v  9.9481 1.5338 -5.9974
v  9.4461 1.3148 -5.8934
v  8.8796 1.0743 -5.6139
v  -2.1429 8.1313 -5.2514
v  -1.6519 7.5133 -5.8049
v  -1.0474 6.9063 -6.1584
v  -0.8569 7.2918 -6.2074
v  -1.5339 7.8188 -5.9539
v  -2.1029 8.3873 -5.4794
v  5.5121 0.9408 -6.6424
v  6.1556 0.6533 -6.5774
v  5.7416 0.0653 -5.8104
v  5.1886 0.3328 -5.8549
v  4.6461 0.6123 -5.8829
v  4.9206 1.2243 -6.6839
v  5.0221 1.4098 -7.5789
v  5.6861 1.0948 -7.5314
v  6.4651 0.8688 -7.3939
v  5.8216 1.1543 -8.1354
v  6.6481 0.9253 -7.9619
v  5.1106 1.4073 -8.2309
v  5.2641 1.6488 -8.5974
v  5.9886 1.3873 -8.4829
v  6.8181 1.0873 -8.3099
v  3.9176 5.1308 -6.1879
v  4.7041 4.5568 -6.2789
v  4.9756 4.9028 -6.5144
v  4.1846 5.5893 -6.4089
v  3.4401 6.0818 -6.4604
v  3.2581 5.6238 -6.1779
v  3.0521 5.1413 -6.1434
v  3.6231 4.6623 -6.2184
v  4.3701 4.1388 -6.2769
v  4.2846 5.7653 -6.9329
v  5.0531 4.9983 -6.9174
v  4.9981 4.9108 -7.3159
v  4.1861 5.6073 -7.4474
v  3.4781 6.1743 -7.5599
v  3.5386 6.2978 -6.9969
v  3.3441 5.9128 -7.9504
v  4.0456 5.3598 -7.8139
v  3.8541 5.0518 -8.1344
v  3.1791 5.6193 -8.2809
v  4.8656 4.6948 -7.6459
v  4.7026 4.4223 -7.9834
v  -1.5139 8.0803 -6.1904
v  -2.1334 8.6683 -5.7864
v  -0.7724 7.5738 -6.3929
v  -0.7579 7.7658 -6.6574
v  -1.5559 8.2838 -6.4794
v  -2.2149 8.9123 -6.1719
v  -1.6254 8.4308 -6.7969
v  -0.7989 7.8633 -6.9564
v  -0.8619 7.8628 -7.2774
v  -1.6689 8.5028 -7.1559
v  -2.3289 9.2543 -7.0124
v  -2.2999 9.1073 -6.5704
v  -6.0939 9.6273 -11.3189
v  -5.7119 8.6488 -10.6564
v  -6.2199 9.0118 -10.3864
v  -6.5579 9.9148 -11.0079
v  -5.5239 9.4618 -11.5059
v  -5.0784 8.4213 -10.7759
v  -4.9709 9.3933 -11.5809
v  -4.4614 8.3013 -10.7759
v  -5.4114 10.6558 -12.2409
v  -4.5239 10.3718 -12.5634
v  -4.0429 9.1573 -11.7204
v  -3.5304 8.0313 -10.8424
v  -2.3079 8.5298 -12.0799
v  -1.9184 7.4393 -11.0614
v  -2.7184 9.6738 -13.1164
v  -0.7954 8.5753 -13.9654
v  -0.5014 7.4963 -12.7469
v  -0.2559 6.4953 -11.5444
v  1.1206 6.7038 -13.2714
v  1.2581 5.8478 -11.8964
v  0.9151 7.6748 -14.6534
v  2.2821 7.0623 -15.1244
v  2.4036 6.1588 -13.6419
v  2.4166 5.3303 -12.1914
v  12.0471 3.4638 -15.0659
v  12.4636 3.1378 -14.9759
v  13.0151 3.9108 -17.1324
v  12.9641 4.2703 -17.1109
v  12.8091 4.5508 -17.1284
v  11.8131 3.5988 -15.1129
v  11.1286 3.1113 -12.8419
v  11.3911 2.9558 -12.8649
v  11.6091 2.6693 -12.8769
v  5.0741 6.7878 -13.2944
v  4.6311 6.1628 -11.8469
v  5.8246 5.4908 -11.9259
v  6.3711 5.9688 -13.6034
v  6.8711 6.7288 -15.2454
v  5.4066 7.5123 -14.8039
v  4.0341 8.0848 -14.5564
v  3.8346 7.3513 -13.1519
v  3.5546 6.6793 -11.8309
v  -1.9569 10.5093 -11.1934
v  -2.9374 11.1743 -10.6899
v  -2.7684 10.4763 -9.8854
v  -1.8969 9.7648 -10.2939
v  -0.9434 9.1898 -10.5869
v  -0.8904 9.9683 -11.5539
v  -0.9564 10.8118 -12.5334
v  -2.1024 11.3938 -12.0659
v  -3.1854 12.0383 -11.4829
v  7.1616 4.1933 -14.6564
v  6.0411 4.6453 -14.4399
v  6.2101 5.5913 -16.1649
v  7.4786 5.1578 -16.4414
v  8.8801 4.5323 -16.8419
v  8.4436 3.6453 -14.9104
v  8.1516 3.2533 -12.7819
v  6.9916 3.7408 -12.6419
v  5.9216 3.9868 -12.5874
v  -3.6769 12.2973 -9.7259
v  -4.9429 12.7813 -9.1874
v  -4.7549 12.0933 -8.7409
v  -3.4509 11.6558 -9.0814
v  -3.9834 13.0998 -10.4294
v  -5.1889 13.6153 -9.7384
v  10.3041 1.8033 -7.6729
v  10.1116 2.1238 -7.5809
v  10.3491 2.0623 -7.1299
v  10.6561 1.7033 -7.2139
v  10.3501 1.5203 -7.7934
v  10.1216 1.7183 -8.2974
v  10.0706 1.9598 -8.1719
v  9.9221 2.2293 -8.0409
v  6.1541 1.6923 -8.6849
v  7.0046 1.3523 -8.5514
v  5.4121 1.9888 -8.7574
v  5.5371 2.3418 -8.7914
v  6.2926 2.0093 -8.7659
v  7.1801 1.6968 -8.6199
v  -1.7009 8.3978 -7.5794
v  -1.6789 8.3358 -7.9884
v  -2.3164 9.1393 -7.9534
v  -2.2714 9.2843 -7.5259
v  -0.9494 7.7108 -7.5994
v  -0.9229 7.7118 -7.9514
v  -1.8454 9.0598 -9.4034
v  -2.6109 9.8273 -9.1134
v  -2.4669 9.3528 -8.4974
v  -1.7404 8.5913 -8.6509
v  -0.9964 7.9328 -8.7464
v  -1.0099 8.4363 -9.6044
v  -5.0164 6.6943 -9.4514
v  -5.1289 7.1148 -9.6784
v  -4.4164 6.6373 -9.7609
v  -4.3034 6.2203 -9.5614
v  -5.5269 7.3288 -9.1939
v  -5.6814 7.7453 -9.4774
v  -5.3639 7.7993 -10.0809
v  -4.6779 7.4498 -10.1434
v  -5.9054 8.3073 -9.8669
v  -3.5659 5.9538 -9.5034
v  -3.6739 6.4603 -9.6899
v  -2.6919 6.3013 -9.4814
v  -2.6084 5.7108 -9.2724
v  -3.9974 7.3063 -10.0954
v  -3.0374 7.0783 -10.0619
v  -1.2064 5.2383 -9.0519
v  -1.2609 5.7593 -9.3829
v  0.1986 4.9598 -9.5319
v  0.2706 4.6143 -9.1139
v  -1.5454 6.4793 -10.1334
v  -0.0104 5.5963 -10.4174
v  1.5361 4.1673 -9.2889
v  1.5216 4.5108 -9.6749
v  2.5381 4.1358 -9.8649
v  2.4941 3.7573 -9.5589
v  2.4116 3.4623 -9.4659
v  1.4861 3.8858 -9.1554
v  1.3911 5.0548 -10.6439
v  2.4536 4.5868 -10.8849
v  10.0851 2.0668 -8.5684
v  10.3136 2.2143 -9.2974
v  10.1221 2.4488 -9.2034
v  9.9131 2.3053 -8.4424
v  10.1641 1.8183 -8.6574
v  10.3956 1.9568 -9.3409
v  10.8241 2.5503 -10.8179
v  10.5876 2.7763 -10.7514
v  10.8706 2.2593 -10.8829
v  3.8386 5.0223 -8.6149
v  3.0991 5.4963 -8.7599
v  4.7181 4.4388 -8.4534
v  4.8831 4.6138 -9.1674
v  3.9521 5.1963 -9.3284
v  3.2056 5.7383 -9.4504
v  5.2851 4.9973 -10.3889
v  4.2196 5.5743 -10.4779
v  3.3126 6.0713 -10.5604
v  -1.6594 8.4088 -8.2564
v  -2.3794 9.1403 -8.1934
v  -0.9369 7.7593 -8.2539
v  -3.2474 11.0583 -8.4634
v  -4.5539 11.5283 -8.2364
v  -4.3699 11.0753 -7.7959
v  -3.0799 10.5888 -7.9639
v  -13.0384 20.1523 -14.2249
v  -13.2144 20.0118 -14.3039
v  -13.0944 20.1293 -14.4629
v  -12.9484 20.2603 -14.4429
v  -12.7389 20.5018 -14.4374
v  -12.8544 20.3963 -14.1974
v  -13.0114 20.4038 -13.9759
v  -13.2084 20.1488 -14.0279
v  -13.3179 20.0398 -14.1204
v  -13.6984 20.7418 -14.0289
v  -13.5874 20.9123 -14.2449
v  -13.6749 20.7003 -14.3394
v  -13.7819 20.4908 -14.2504
v  -13.7569 20.2398 -14.1344
v  -13.6619 20.4838 -13.8499
v  -13.3964 20.8088 -13.6969
v  -13.4414 21.0863 -13.8754
v  -13.3689 21.2893 -14.1214
v  -13.4659 21.0188 -14.4679
v  -13.2969 21.0018 -14.6574
v  -13.4474 20.7668 -14.6799
v  -13.6009 20.7073 -14.5274
v  -13.2249 21.3833 -14.3779
v  -13.0569 21.3658 -14.6184
v  -12.9089 20.3883 -14.6679
v  -12.6629 20.6753 -14.6764
v  -13.1584 20.1678 -14.6079
v  -13.2604 20.3288 -14.7359
v  -12.9764 20.5918 -14.8184
v  -12.6939 20.9148 -14.8629
v  -12.5904 20.7038 -14.2104
v  -12.4899 20.8213 -14.4579
v  -12.1664 21.0473 -14.5204
v  -12.2889 20.9813 -14.2614
v  -12.4089 21.0298 -13.9994
v  -12.7494 20.7533 -13.9824
v  -12.8829 20.9033 -13.7529
v  -13.0274 21.1748 -13.5759
v  -13.1929 20.5293 -13.7404
v  -12.5064 21.1963 -13.7569
v  -12.5699 21.4638 -13.5654
v  -13.0984 21.5188 -13.6959
v  -13.0424 21.7708 -13.9829
v  -12.5934 21.8438 -13.5819
v  -12.5379 22.1418 -13.8629
v  -12.8839 21.8378 -14.2964
v  -12.7064 21.7723 -14.5684
v  -12.4029 22.1913 -14.2199
v  -12.2619 22.0918 -14.5269
v  -12.5309 21.5698 -14.7889
v  -12.8649 21.1893 -14.8114
v  -12.1399 21.8623 -14.7569
v  -12.0689 21.5608 -14.8804
v  -12.3934 21.2753 -14.8444
v  -12.4004 21.0198 -14.6689
v  -12.0724 21.2263 -14.8014
v  -11.9559 21.0138 -14.3419
v  -11.8649 21.0723 -14.6559
v  -11.5794 21.1068 -14.7384
v  -11.6619 20.9808 -14.4469
v  -11.7079 21.0048 -14.1039
v  -12.0444 21.0883 -14.0449
v  -12.0949 21.2718 -13.7854
v  -11.7124 21.2263 -13.8294
v  -11.6824 21.5423 -13.7204
v  -12.0994 21.5543 -13.6214
v  -12.0469 21.9068 -13.6324
v  -11.9649 22.1863 -13.8749
v  -11.6029 21.8523 -13.7754
v  -11.5029 22.1058 -13.9694
v  -11.8659 22.2538 -14.2144
v  -11.7774 22.1708 -14.5234
v  -11.4139 22.2338 -14.2679
v  -11.3574 22.1748 -14.5859
v  -11.7259 21.6678 -14.8919
v  -11.7284 21.9638 -14.7699
v  -11.3549 21.9663 -14.8304
v  -11.3999 21.6703 -14.9564
v  -11.7914 21.3258 -14.9004
v  -11.4959 21.3478 -14.9524
v  -11.4189 21.1868 -11.4369
v  -11.6109 21.1268 -11.7234
v  -11.2124 21.0578 -11.9504
v  -11.0069 21.1318 -11.6824
v  -10.8369 21.3688 -11.5049
v  -11.2589 21.4413 -11.2654
v  -11.5364 21.5043 -11.1584
v  -11.7774 21.3053 -11.2214
v  -11.9859 21.2143 -11.5294
v  -11.0769 20.8553 -12.5469
v  -11.1559 21.2143 -12.7544
v  -10.8879 21.0613 -13.0654
v  -10.7469 20.7823 -12.8019
v  -10.4224 20.9088 -12.5479
v  -10.7904 21.0013 -12.2464
v  -11.4694 20.9393 -12.2659
v  -11.5479 21.2913 -12.4679
v  -11.2064 21.5398 -12.8954
v  -11.0669 21.8848 -12.7959
v  -10.7109 21.7973 -13.0574
v  -10.8899 21.4408 -13.1699
v  -11.5839 21.6153 -12.5914
v  -11.5024 21.9678 -12.5604
v  -10.8899 22.1128 -12.6169
v  -10.5309 22.0678 -12.9239
v  -11.3259 22.2363 -12.3889
v  -11.1029 22.3193 -12.1159
v  -10.6909 22.2138 -12.3829
v  -10.3059 22.2158 -12.7169
v  -10.4939 22.1653 -12.1214
v  -10.0514 22.1863 -12.4374
v  -10.8919 22.3073 -11.8149
v  -10.7649 22.0588 -11.5759
v  -10.3454 21.9738 -11.8904
v  -9.8769 21.9393 -12.1994
v  -10.2829 21.6483 -11.7414
v  -10.3984 21.2993 -11.8164
v  -10.0204 21.2603 -12.2159
v  -9.8254 21.5758 -12.0674
v  -10.7474 21.7138 -11.4649
v  -10.5874 21.1053 -12.0129
v  -10.2219 21.0913 -12.3984
v  -11.4154 21.1748 -13.8754
v  -11.4239 20.9663 -14.1849
v  -11.1834 20.9503 -14.2309
v  -11.1814 21.1453 -13.8879
v  -11.1264 21.5008 -13.7984
v  -11.3784 21.5128 -13.7809
v  -11.2919 21.8273 -13.8444
v  -11.0254 21.8383 -13.8514
v  -10.9069 22.1218 -14.0539
v  -11.1814 22.1063 -14.0169
v  -11.0889 22.2713 -14.3299
v  -11.0424 22.1863 -14.6759
v  -10.8109 22.2848 -14.3919
v  -10.7624 22.1718 -14.7579
v  -11.0514 21.9443 -14.9104
v  -11.1109 21.6403 -15.0414
v  -10.7699 21.8983 -15.0039
v  -10.8334 21.5673 -15.1464
v  -11.2104 21.3138 -15.0294
v  -10.9459 21.2078 -15.1259
v  -11.0429 20.9508 -14.8994
v  -11.2964 21.0773 -14.8254
v  -11.3779 20.9753 -14.5394
v  -11.1179 20.9028 -14.5859
v  -10.9394 21.1788 -13.8709
v  -10.8569 21.5478 -13.7969
v  -10.9299 20.9283 -14.1999
v  -10.7684 20.8488 -14.0379
v  -10.7439 21.2268 -13.8214
v  -10.6054 21.6038 -13.8024
v  -10.7594 21.3333 -13.3804
v  -10.7374 20.9068 -13.2294
v  -10.4899 21.7163 -13.2969
v  -10.3864 21.6458 -13.4954
v  -10.7184 21.2588 -13.4894
v  -10.6609 20.6943 -13.3959
v  -10.2364 21.9058 -13.7239
v  -10.0194 22.0703 -13.9079
v  -10.2734 22.0668 -14.0824
v  -10.4424 21.8898 -13.8719
v  -10.3774 21.5913 -13.7094
v  -10.1719 21.9428 -13.4999
v  -9.8059 22.0818 -13.5564
v  -10.7284 21.8713 -13.8794
v  -10.5904 22.1223 -14.0914
v  -10.2844 22.0078 -13.2334
v  -10.0164 22.1593 -13.0844
v  -10.4954 22.2913 -14.4344
v  -10.4564 22.1618 -14.8229
v  -10.1664 22.2208 -14.4169
v  -10.1179 22.1393 -14.8469
v  -10.4654 21.8288 -15.1064
v  -10.5424 21.4453 -15.2909
v  -10.1409 21.7688 -15.2094
v  -10.2489 21.3393 -15.4879
v  -10.7574 20.7758 -13.7574
v  -10.6424 21.2293 -13.6654
v  -9.7119 22.1063 -12.8374
v  -9.4704 21.8828 -12.5844
v  -9.1209 21.8088 -13.0739
v  -9.4254 21.9888 -13.3214
v  -8.5714 21.4553 -13.4764
v  -8.5624 21.0828 -13.3964
v  -7.8759 21.1178 -13.8159
v  -8.0619 21.4328 -14.0664
v  -8.4049 21.6818 -14.3154
v  -8.7729 21.7288 -13.6934
v  -8.9734 21.4823 -12.8409
v  -9.2314 21.0213 -12.9344
v  -9.3719 21.5038 -12.3974
v  -9.7004 21.1863 -12.6114
v  -9.6554 20.7243 -12.9214
v  -9.9239 20.9393 -12.7094
v  -10.1789 20.7463 -12.8074
v  -9.9814 20.4283 -12.9674
v  -10.5189 20.6903 -12.9854
v  -10.4129 20.4493 -13.0904
v  -10.2984 20.1513 -13.1814
v  -9.9659 20.0733 -13.0064
v  -10.5629 20.2488 -13.5144
v  -10.4614 19.8388 -13.5994
v  -10.1734 19.7903 -13.2449
v  -9.8774 19.7448 -13.0139
v  -10.0179 19.3988 -13.2764
v  -9.7539 19.3848 -13.0279
v  -10.2989 19.4013 -13.6169
v  -10.0814 18.9808 -13.5934
v  -9.8294 19.0208 -13.2789
v  -9.5804 19.0388 -13.0484
v  -9.2189 19.2853 -12.6399
v  -9.2229 19.2993 -12.8554
v  -9.0679 19.0003 -12.8364
v  -9.1599 19.0478 -12.5474
v  -9.2924 19.2863 -12.2054
v  -9.3649 19.4698 -12.5549
v  -9.3824 19.5523 -12.8164
v  -9.4339 19.3483 -12.9839
v  -9.5664 19.6588 -12.9699
v  -9.2614 19.0213 -13.0034
v  -8.3709 17.7858 -11.7124
v  -8.6479 18.3528 -11.7829
v  -8.8039 18.2278 -12.0704
v  -8.5434 17.6188 -11.9539
v  -8.2584 16.9053 -11.7869
v  -7.9699 17.1303 -11.6299
v  -7.7049 17.5008 -11.6574
v  -8.1109 18.0538 -11.6284
v  -8.3774 18.5293 -11.6439
v  -8.5989 18.9598 -11.5564
v  -8.7449 19.3658 -11.3934
v  -9.1309 19.2828 -11.6694
v  -8.9109 18.8418 -11.7644
v  -9.0669 18.7543 -12.1239
v  -8.2754 19.1483 -11.5524
v  -8.3959 19.4908 -11.3424
v  -8.0819 18.7833 -11.6754
v  -7.8359 19.1243 -11.8899
v  -8.0004 19.4183 -11.7159
v  -8.1089 19.6958 -11.4744
v  -8.4534 20.7688 -13.3289
v  -9.0014 20.6768 -13.1494
v  -8.7604 20.4823 -13.0614
v  -8.3054 20.5598 -13.2179
v  -7.8209 20.4898 -13.5069
v  -7.8354 20.7748 -13.6604
v  -9.3809 20.5018 -13.0339
v  -9.6184 20.2403 -13.0159
v  -9.3509 20.1293 -12.9049
v  -9.1089 20.3173 -13.0314
v  -8.9494 20.3123 -12.7869
v  -8.8954 20.3553 -12.9099
v  -8.5864 20.4728 -12.9134
v  -8.5274 20.4723 -12.7499
v  -9.6529 19.9578 -12.9879
v  -9.4834 19.8443 -12.8209
v  -9.5714 19.7913 -12.5279
v  -9.4659 19.7583 -12.1004
v  -9.5229 20.2753 -12.0494
v  -9.4084 20.1503 -12.5584
v  -9.0104 20.5753 -12.2199
v  -8.9989 20.3828 -12.5524
v  -8.4909 20.7208 -12.2404
v  -8.5089 20.5278 -12.5379
v  -9.2159 19.7308 -11.5204
v  -9.1949 20.1603 -11.3214
v  -8.7909 19.7583 -11.1109
v  -8.8119 20.1373 -10.8034
v  -9.1544 20.5538 -11.0514
v  -9.0804 20.9363 -10.7934
v  -9.1514 21.0108 -11.1889
v  -9.3294 20.7183 -11.5254
v  -8.8599 20.5153 -10.5859
v  -8.9014 20.7963 -10.5174
v  -7.8794 20.2388 -11.3299
v  -7.9029 20.5448 -10.9854
v  -8.1324 20.2598 -10.8229
v  -8.1284 19.9613 -11.1544
v  -7.9259 19.9958 -11.7189
v  -7.8684 20.3248 -11.9749
v  -7.8324 20.5978 -11.5419
v  -7.8564 20.7613 -11.2264
v  -8.4344 19.8413 -11.0609
v  -8.4299 20.1403 -10.6859
v  -8.0239 20.9058 -11.7009
v  -8.0259 21.0368 -11.1939
v  -8.0359 20.6613 -12.1789
v  -8.4349 21.0153 -11.7649
v  -8.3604 21.2193 -11.2174
v  -8.4804 20.5048 -10.3394
v  -8.1779 20.6443 -10.5529
v  -8.3014 20.9478 -10.4594
v  -8.6294 20.9768 -10.2664
v  -8.9354 20.8928 -11.7429
v  -8.8349 21.1908 -11.2154
v  -8.7794 21.2943 -10.6644
v  -8.3054 21.1698 -10.7284
v  -8.0394 20.8903 -10.8084
v  -3.3139 7.3788 -4.2009
v  -3.1874 7.9608 -4.6964
v  -4.1149 7.7238 -4.7454
v  -4.2114 7.1208 -4.2439
v  -3.1054 8.3343 -4.9509
v  -3.0724 8.6253 -5.1494
v  -4.0234 8.4068 -5.2369
v  -4.0519 8.1073 -5.0209
v  -4.6859 7.9328 -5.1254
v  -4.8054 7.5158 -4.8199
v  -4.6079 8.2618 -5.3689
v  -5.1124 8.2503 -5.4374
v  -5.2099 7.8573 -5.1689
v  -5.3564 7.4028 -4.8364
v  -4.0309 8.7693 -5.5404
v  -3.0859 8.9783 -5.4369
v  -3.1219 9.3273 -5.8174
v  -4.0559 9.1523 -5.8919
v  -4.5844 8.6358 -5.6799
v  -5.0929 8.6763 -5.7054
v  -4.5924 9.0108 -6.0259
v  -5.0834 8.9963 -6.0719
v  -4.0794 9.5243 -6.2424
v  -3.1539 9.6253 -6.2294
v  -3.1374 9.9288 -6.6959
v  -4.0924 9.8943 -6.5854
v  -4.6094 9.3518 -6.3639
v  -4.6444 9.6618 -6.6854
v  -5.1264 9.5283 -6.7309
v  -5.0889 9.2658 -6.4224
v  -2.9779 10.3458 -7.7189
v  -4.2119 10.7548 -7.4689
v  -4.1094 10.4843 -7.1824
v  -2.9619 10.2178 -7.4884
v  -3.0399 10.1348 -7.1519
v  -4.0869 10.2163 -6.9004
v  -4.7039 9.9418 -6.9849
v  -4.8439 10.2203 -7.2999
v  -5.3774 10.0528 -7.3224
v  -5.1974 9.7828 -7.0154
v  -4.9559 6.8923 -4.3084
v  -5.0869 6.1623 -3.6424
v  -5.5309 6.8218 -4.3454
v  -5.8294 6.1213 -3.7219
v  -5.7439 5.3153 -2.9174
v  -5.1549 5.4193 -2.8714
v  -5.7489 4.6943 -2.2294
v  -5.2164 4.7723 -2.1324
v  -6.2009 5.6808 -3.8604
v  -6.0304 5.4068 -4.2509
v  -5.8584 4.7113 -3.4284
v  -6.0654 5.0133 -3.1174
v  -5.7789 4.0963 -2.6564
v  -5.9759 4.3988 -2.4324
v  -5.8044 7.3433 -4.8419
v  -5.8504 6.9068 -4.4484
v  -6.2064 7.1718 -4.8279
v  -6.1184 6.6438 -4.2979
v  -6.3139 6.2823 -4.5134
v  -6.1979 6.0378 -4.9459
v  -6.5164 6.8538 -5.0649
v  -6.4704 6.5668 -5.5109
v  -5.7699 8.3148 -5.5014
v  -6.3304 8.1553 -5.7654
v  -6.2844 7.7048 -5.3169
v  -5.7954 7.8703 -5.1504
v  -6.0139 5.9928 -5.4344
v  -5.7899 5.9513 -5.9094
v  -5.6504 5.2153 -5.0914
v  -5.8099 5.3223 -4.6649
v  -6.3339 6.4768 -6.0029
v  -6.1584 6.5588 -6.6744
v  -5.5434 5.7443 -6.2799
v  -5.6784 6.2853 -7.0119
v  -5.4289 5.0423 -5.4129
v  -6.6359 7.0468 -5.9564
v  -6.6354 7.3933 -5.5874
v  -6.6614 7.8273 -6.0579
v  -6.6869 7.4153 -6.3739
v  -6.5224 6.8508 -6.2554
v  -6.5364 7.0378 -6.6329
v  -5.7684 6.6328 -7.5484
v  -6.2169 6.9288 -7.2839
v  -6.2374 7.2503 -7.7009
v  -5.7594 6.9423 -7.9374
v  -5.7729 8.6863 -5.8304
v  -6.3759 8.4953 -6.1119
v  -5.7994 9.0138 -6.1334
v  -6.4219 8.7783 -6.4014
v  -6.5584 7.2883 -7.0104
v  -6.5974 7.5803 -7.3819
v  -6.7194 7.6993 -6.7189
v  -6.7539 7.9603 -7.0234
v  -6.6584 8.1248 -6.4234
v  -6.6889 8.3793 -6.7119
v  -5.8329 9.3028 -6.4294
v  -6.4624 9.0533 -6.6919
v  -5.8619 9.5543 -6.7274
v  -6.4829 9.3263 -6.9804
v  -6.7299 8.6608 -6.9954
v  -6.7484 8.9568 -7.2779
v  -6.7829 8.5793 -7.5889
v  -6.7829 8.2603 -7.3189
v  -6.6184 7.9088 -7.7219
v  -6.2074 7.6073 -8.0559
v  -6.6224 8.2528 -7.9619
v  -6.2414 8.0693 -8.3759
v  -5.7599 7.2418 -8.3079
v  -5.8064 7.5503 -8.6469
v  -6.7274 9.2538 -7.5514
v  -6.6739 9.5568 -7.8304
v  -6.7064 9.1468 -8.0774
v  -6.7559 8.8878 -7.8174
v  -6.4634 9.5943 -7.2649
v  -6.4399 9.8668 -7.5619
v  -5.8779 9.7723 -7.0404
v  -5.9404 9.9888 -7.3484
v  -6.6479 8.5723 -8.0519
v  -6.5509 8.6743 -8.2844
v  -5.1219 10.5233 -7.6674
v  -5.7499 10.3708 -7.6899
v  -5.4249 10.9253 -8.0434
v  -6.3304 10.6638 -8.1559
v  -5.9089 7.9008 -8.9284
v  -6.0574 8.3173 -9.2159
v  -6.2474 8.4238 -8.6944
v  -6.3384 8.8448 -8.9644
v  -6.0969 10.2113 -7.6609
v  -6.4449 10.1753 -7.8974
v  -6.5124 8.9628 -8.5094
v  -6.5509 9.3738 -8.7839
v  -6.6709 9.4693 -8.3344
v  -6.6964 9.8678 -8.6314
v  -6.6449 9.9003 -8.1269
v  -6.6659 10.3143 -8.4519
v  -5.6249 11.4363 -8.4369
v  -6.3979 11.2013 -8.6099
v  -5.7739 12.0128 -8.8644
v  -6.4819 11.7648 -9.0284
v  -6.2444 8.8233 -9.5774
v  -6.4974 9.4643 -10.0404
v  -6.4654 9.3353 -9.3069
v  -6.6404 9.9488 -9.7419
v  -6.6439 9.8548 -9.1319
v  -6.7689 10.4438 -9.5589
v  -6.7684 10.3513 -8.9899
v  -6.8539 10.9268 -9.4144
v  -6.7189 10.8088 -8.8239
v  -6.7879 11.3763 -9.2414
v  -5.9319 12.6278 -9.3229
v  -6.5769 12.3803 -9.4689
v  -6.1344 13.3938 -9.8834
v  -6.7229 13.1223 -10.0129
v  -6.7669 10.3188 -10.6159
v  -7.0024 11.2868 -11.2574
v  -6.8119 10.7568 -10.2844
v  -7.0139 11.6523 -10.9159
v  -6.8649 11.1823 -10.0794
v  -7.0019 12.0118 -10.6934
v  -6.9389 11.5978 -9.9064
v  -7.0304 12.3718 -10.4954
v  -6.8659 12.0078 -9.7009
v  -6.9789 12.7508 -10.2594
v  -7.5489 13.1648 -12.6599
v  -7.2419 12.2398 -11.9389
v  -7.2604 12.5373 -11.6124
v  -7.5764 13.3908 -12.3439
v  -10.6664 20.5828 -14.3554
v  -10.8604 20.7648 -14.5414
v  -10.8194 20.7158 -14.9044
v  -10.4914 20.2888 -14.8419
v  -10.4509 19.5088 -14.1204
v  -10.2214 19.6263 -14.6349
v  -10.0394 19.1398 -14.5214
v  -10.2159 19.0408 -14.0414
v  -10.5799 19.9958 -14.1249
v  -10.7189 20.9978 -15.2684
v  -10.4754 20.8138 -15.4344
v  -10.6999 20.3828 -13.9614
v  -10.0374 19.7003 -15.6089
v  -10.4459 19.3573 -15.9329
v  -10.3434 19.1758 -15.6779
v  -10.0219 19.6408 -15.2779
v  -10.1449 20.2468 -15.4024
v  -10.0149 20.2133 -15.8309
v  -10.0989 19.7518 -16.0224
v  -10.5414 19.5218 -16.2459
v  -10.1194 19.8283 -16.3759
v  -10.4914 19.5603 -16.5659
v  -9.9744 20.2198 -16.1984
v  -9.9479 20.2398 -16.4764
v  -10.0624 19.9608 -16.7044
v  -10.3824 19.6138 -17.0019
v  -10.5404 17.5953 -17.3539
v  -10.4074 17.3333 -17.2624
v  -11.0184 17.2233 -16.7549
v  -11.1594 17.5298 -16.8519
v  -11.2684 17.8768 -16.9049
v  -10.6529 17.8998 -17.3809
v  -9.9169 18.0813 -17.7419
v  -9.8119 17.8108 -17.7189
v  -9.7124 17.5693 -17.6569
v  -9.3184 15.8098 -16.2559
v  -9.6089 15.5053 -15.6304
v  -9.8709 15.7273 -15.8579
v  -9.4769 16.0838 -16.4574
v  -8.9989 16.4713 -16.9184
v  -8.9259 16.1788 -16.7104
v  -8.8324 15.8663 -16.4279
v  -9.1449 15.5348 -15.9984
v  -9.3484 15.2923 -15.3864
v  -8.9109 15.2533 -15.6584
v  -9.0449 15.0668 -15.0774
v  -8.6759 15.5303 -16.0869
v  -8.5284 15.3173 -15.8254
v  -8.6124 15.0453 -15.4469
v  -8.5924 14.7283 -14.7004
v  -9.7329 15.3923 -15.0419
v  -9.7284 15.4278 -14.5409
v  -10.1069 15.6493 -14.8034
v  -10.0494 15.6458 -15.2869
v  -9.4154 15.1883 -14.7894
v  -9.3659 15.2653 -14.2944
v  -9.6384 15.5668 -14.1799
v  -9.4069 15.7288 -14.0299
v  -9.7779 15.9468 -14.0974
v  -10.0159 15.7558 -14.3729
v  -9.2419 15.4908 -14.0669
v  -9.1634 15.6213 -14.0094
v  -9.0679 14.9898 -14.5004
v  -8.9864 15.1003 -14.0419
v  -8.5969 14.6803 -14.0789
v  -8.5219 14.8028 -13.6889
v  -8.0034 14.0468 -13.4244
v  -8.0339 14.1808 -13.0734
v  -7.9139 14.0003 -13.7909
v  -9.8629 16.5208 -14.2534
v  -9.4339 16.7418 -14.4549
v  -9.8649 17.0148 -14.6429
v  -10.3119 16.8343 -14.4609
v  -10.6189 16.6128 -14.5864
v  -10.2309 16.2608 -14.2899
v  -9.3789 16.1888 -14.1344
v  -8.9209 16.4283 -14.3474
v  -7.2339 12.8823 -11.3884
v  -7.5179 13.7408 -12.1409
v  -7.1704 13.2593 -11.2069
v  -7.4304 14.1433 -11.9739
v  -6.8879 15.5313 -11.0499
v  -7.3124 15.1248 -11.5874
v  -6.9114 14.0433 -10.7899
v  -6.4714 14.5233 -10.4379
v  -5.5174 14.7168 -10.4499
v  -6.0919 15.9578 -11.3554
v  -7.0924 13.6483 -11.0084
v  -7.3534 14.5398 -11.7694
v  -7.4139 16.3663 -11.4744
v  -7.0604 16.8608 -11.5574
v  -7.7934 16.1273 -11.7174
v  -7.9859 14.5148 -12.8764
v  -8.3214 15.1228 -13.6414
v  -7.8489 14.9018 -12.7349
v  -7.7099 15.6568 -14.0769
v  -8.7844 15.4128 -13.9829
v  -8.8069 15.6138 -14.0134
v  -9.0314 15.8468 -14.0394
v  -8.3644 16.0013 -14.3089
v  -8.0379 16.4713 -13.4919
v  -8.3074 17.0383 -13.3184
v  -8.3124 17.0348 -13.7659
v  -8.4054 17.0603 -14.1684
v  -8.5384 16.7513 -14.3369
v  -7.7669 16.5243 -14.1664
v  -8.1274 16.4813 -13.0134
v  -8.2929 17.0768 -12.9289
v  -8.0039 15.8223 -12.9459
v  -7.9579 15.9488 -12.5789
v  -8.1374 16.4338 -12.5559
v  -8.3744 17.0533 -12.5404
v  -8.0609 16.2173 -12.0949
v  -7.7489 15.6013 -12.2049
v  -8.4149 16.9218 -12.1409
v  -7.7519 15.2113 -12.4469
v  -11.8554 21.0248 -12.0329
v  -12.2159 21.1803 -11.8469
v  -12.1369 21.4023 -12.0669
v  -11.9089 21.3653 -12.2264
v  -11.1819 21.7788 -11.2469
v  -11.1909 22.1133 -11.3609
v  -11.6129 22.1213 -11.2194
v  -11.5819 21.7818 -11.1074
v  -11.7544 22.3113 -12.1774
v  -12.0629 22.3058 -11.8974
v  -11.7709 22.4053 -11.7659
v  -11.4984 22.3933 -11.9039
v  -11.9314 21.9998 -12.3284
v  -12.2874 21.9998 -12.0464
v  -11.9474 21.6613 -12.3144
v  -12.2269 21.6558 -12.0484
v  -11.3039 22.3513 -11.6089
v  -11.7104 22.3278 -11.5024
v  -12.1304 22.2108 -11.5314
v  -12.4589 21.9378 -11.6324
v  -12.3009 21.8158 -11.3694
v  -12.0564 21.9953 -11.2359
v  -12.4274 21.5318 -11.7249
v  -12.3069 21.4908 -11.3449
v  -11.9679 21.6468 -11.1479
v  -13.6199 20.1483 -14.5339
v  -13.4309 19.9898 -14.4309
v  -13.5614 20.0073 -14.0759
v  -13.4364 20.2448 -13.8564
v  -13.6594 20.4248 -14.5474
v  -13.3944 20.5618 -14.7749
v  -13.1364 20.8388 -14.8274
v  -8.9874 17.0398 -14.5189
v  -8.6869 17.3223 -14.2129
v  -9.0014 17.7013 -14.3179
v  -9.3084 17.3733 -14.7764
v  -9.9969 18.6143 -13.9729
v  -9.8389 18.6033 -13.5534
v  -9.8374 18.7263 -14.4534
v  -9.5844 18.3693 -14.4164
v  -9.6774 18.2818 -13.9234
v  -9.5689 18.2638 -13.5094
v  -8.6964 17.3518 -13.7349
v  -8.5874 17.4283 -13.3519
v  -8.9464 17.6838 -13.4269
v  -9.0044 17.6723 -13.8199
v  -9.3474 17.9693 -13.8739
v  -9.2714 17.9598 -13.4719
v  -9.3154 18.0223 -14.3614
v  -9.0004 18.6338 -12.4934
v  -8.7884 18.1173 -12.4249
v  -8.9194 18.5788 -12.7974
v  -8.6994 18.0663 -12.8369
v  -8.5459 17.5598 -12.6529
v  -8.7989 17.8268 -13.1179
v  -8.4949 17.5273 -13.0144
v  -9.0819 18.1118 -13.1754
v  -8.9844 18.3383 -13.0004
v  -9.2344 18.4853 -13.0624
v  -9.3589 18.3898 -13.2084
v  -8.6349 17.5478 -12.2834
v  -9.0519 18.6768 -13.0029
v  -9.3729 18.7298 -13.0364
v  -9.6064 18.6913 -13.2524
v  -9.2259 17.4598 -18.0229
v  -9.6154 17.3743 -17.5854
v  -9.3309 17.6573 -18.1079
v  -8.9469 17.8093 -18.4939
v  -8.8534 17.5808 -18.4159
v  -8.7414 17.3798 -18.3429
v  -9.1144 17.2983 -17.9379
v  -9.5094 17.2163 -17.4929
v  -9.9949 19.3668 -15.1374
v  -9.9284 18.9078 -15.0179
v  -10.2594 18.8918 -15.5339
v  -10.2029 18.4958 -15.3854
v  -9.8124 18.4808 -14.9634
v  -9.6414 18.0678 -14.9494
v  -10.1239 18.0633 -15.3079
v  -10.0979 17.6513 -15.1254
v  -9.4844 17.6838 -14.8874
v  -10.0544 17.3093 -14.8699
v  -10.7654 17.8408 -15.0939
v  -10.6679 17.4888 -14.8989
v  -10.8859 18.2218 -15.2624
v  -11.4054 17.9013 -15.4104
v  -11.2039 17.5548 -15.2274
v  -11.0429 17.2443 -15.0244
v  -10.8659 16.9343 -14.8254
v  -10.5539 17.1593 -14.6814
v  -10.0054 16.7848 -16.9389
v  -10.5704 16.5838 -16.4289
v  -10.7264 16.7773 -16.5424
v  -10.1389 16.9523 -17.0474
v  -9.3969 17.0738 -17.3864
v  -9.1939 16.9328 -17.3194
v  -9.8514 16.5948 -16.8104
v  -10.3779 16.3643 -16.2789
v  -11.0824 16.7448 -15.1494
v  -11.1249 16.6078 -15.5754
v  -10.8894 16.3308 -15.3824
v  -10.8349 16.4368 -14.9339
v  -11.2589 17.0218 -15.3279
v  -11.2839 16.8528 -15.7234
v  -10.8759 16.9818 -16.6524
v  -10.2739 17.1263 -17.1589
v  -11.4059 17.3018 -15.5144
v  -11.5859 17.6233 -15.7084
v  -11.5674 17.4113 -16.0194
v  -11.4179 17.1073 -15.8659
v  -10.4064 15.9658 -15.5659
v  -10.5259 15.9763 -15.1039
v  -10.7229 16.2983 -15.8164
v  -10.1324 16.0503 -16.0794
v  -10.9444 16.5418 -15.9889
v  -11.0929 16.7708 -16.1084
v  -10.4584 16.0668 -14.6424
v  -11.2409 16.9948 -16.2294
v  -11.3994 17.2583 -16.3564
v  -4.3619 14.2163 -11.1669
v  -3.6194 13.1488 -12.2479
v  -4.1429 14.2838 -12.9559
v  -4.7834 15.3878 -11.8979
v  -2.4539 12.4718 -12.9089
v  -1.1904 11.8223 -13.5029
v  -1.4759 12.8633 -14.3819
v  -2.8894 13.5693 -13.6759
v  -3.3054 14.4918 -14.3409
v  -4.6129 15.2603 -13.5474
v  -1.6899 13.8063 -15.0804
v  -1.8279 14.5288 -15.5804
v  -3.6199 15.1748 -14.8504
v  -4.9714 15.9438 -14.0229
v  4.1581 9.0783 -15.9459
v  5.6086 8.6018 -16.2329
v  7.2211 7.9783 -16.6784
v  7.4846 9.3373 -17.9039
v  5.7941 9.8373 -17.4429
v  4.3231 10.2203 -17.1124
v  13.7796 5.4043 -18.9479
v  13.6946 5.7163 -18.8749
v  13.6891 5.0953 -19.0334
v  14.5581 6.2888 -20.6519
v  14.6631 6.6263 -20.4529
v  14.4206 6.9363 -20.3529
v  7.7646 6.3528 -17.9784
v  6.3396 6.7563 -17.6564
v  6.4691 8.0308 -18.9199
v  8.0296 7.6353 -19.3244
v  9.7151 7.0163 -19.9434
v  9.2981 5.6988 -18.5219
v  0.6306 8.8728 -15.8784
v  0.3506 10.1033 -16.9199
v  1.8156 9.5053 -17.4094
v  2.0521 8.2403 -16.3874
v  -1.1364 9.7773 -15.0919
v  -1.4619 10.9453 -16.1054
v  -5.8254 11.8763 -12.8414
v  -6.2654 12.9308 -13.5749
v  -5.2709 12.6868 -13.9219
v  -4.9049 11.5978 -13.2224
v  -3.1319 10.8258 -14.0599
v  -3.4829 11.9348 -14.9199
v  -3.7314 12.9113 -15.7249
v  -3.9119 13.6673 -16.3349
v  -1.8479 12.7193 -17.6019
v  -1.6949 11.9463 -16.9754
v  -5.5919 13.6193 -14.7169
v  -5.8239 14.3323 -15.3439
v  -7.2154 13.8953 -14.3584
v  -7.6539 13.9388 -14.1244
v  -8.1049 14.6048 -14.9739
v  -7.5579 14.7413 -15.2204
v  -6.6419 13.8928 -14.3834
v  -6.8609 14.6598 -14.9729
v  -4.5544 15.9418 -18.2244
v  -4.6629 16.1243 -18.4544
v  -2.5559 15.4468 -19.7144
v  -2.4204 15.2603 -19.4684
v  -2.3139 15.0518 -19.2259
v  -4.5444 15.6133 -18.1194
v  -6.5919 15.9543 -17.4134
v  -6.5324 16.3198 -17.3859
v  -6.5619 16.5243 -17.5374
v  -0.6074 14.5908 -20.6079
v  -0.7414 14.8528 -20.8629
v  0.6561 14.4118 -21.7824
v  0.8296 14.1123 -21.4719
v  0.8746 13.9153 -21.2824
v  -0.5639 14.3973 -20.4494
v  9.5686 10.8823 -25.1504
v  9.6361 10.7293 -24.8559
v  7.4966 11.4728 -23.8799
v  7.4146 11.7018 -24.1709
v  5.7231 12.1023 -23.2944
v  5.5831 12.2733 -23.6014
v  5.2326 12.5218 -24.1894
v  7.0911 11.9938 -24.8169
v  9.2866 11.2753 -25.7764
v  6.4786 13.0863 -19.9429
v  6.2866 12.5958 -19.7564
v  8.0051 12.1318 -20.3929
v  8.1466 12.5918 -20.5564
v  8.1416 12.9573 -20.8754
v  6.5336 13.4743 -20.2989
v  5.4066 14.1298 -19.6709
v  5.3366 13.6633 -19.1109
v  5.0091 13.0283 -18.9884
v  -3.7439 15.5798 -15.1629
v  -5.0869 16.2928 -14.3579
v  -1.8739 14.9233 -15.8564
v  -1.8879 15.2413 -16.1054
v  -3.6784 15.9633 -15.2864
v  -5.0714 16.6773 -14.4199
v  -3.7444 17.4608 -16.1624
v  -2.1824 16.6983 -17.3279
v  -2.3234 16.8933 -17.5944
v  -2.5034 17.0643 -17.9979
v  -4.0014 17.6983 -16.7589
v  -3.9079 17.5088 -16.4194
v  -5.2134 18.0553 -15.8119
v  -5.0739 18.1053 -15.4344
v  -4.9689 18.0733 -15.1539
v  -3.3864 16.5808 -15.1904
v  -4.9374 17.1313 -14.4774
v  -1.6019 15.9423 -16.0544
v  -1.6529 16.5038 -16.5009
v  -3.3344 17.1423 -15.4449
v  -4.8099 17.5908 -14.6044
v  -3.5504 17.3543 -15.8549
v  -4.8724 17.8883 -14.8714
v  -1.9989 16.5188 -17.0159
v  -5.2544 16.3303 -12.5719
v  -6.1859 16.9908 -12.0459
v  -5.4739 16.9908 -13.0744
v  -6.2554 17.7948 -12.5984
v  -5.6179 17.4048 -13.3464
v  -5.5429 17.0213 -13.5129
v  -5.7744 17.7538 -13.5879
v  -5.8459 18.0298 -13.9194
v  -6.2349 18.5908 -13.2209
v  -6.2779 18.2948 -12.8894
v  -5.7859 18.3253 -14.1399
v  -5.7494 18.6033 -14.4584
v  -6.2574 19.0233 -13.9814
v  -6.2919 18.7913 -13.5749
v  -7.8404 18.3993 -11.7379
v  -7.5029 17.9713 -11.8214
v  -7.3369 18.4638 -12.0994
v  -7.6339 18.7933 -12.0059
v  -6.9734 17.5018 -11.8979
v  -6.9629 18.1388 -12.2984
v  -8.1844 20.4208 -13.0319
v  -7.7659 20.2703 -13.2259
v  -8.0979 20.3828 -12.7749
v  -7.6224 20.0883 -12.7829
v  -6.8489 18.5948 -12.6274
v  -6.7374 18.9098 -12.9329
v  -7.0864 19.2253 -12.7864
v  -7.2204 18.8763 -12.4784
v  -7.3364 19.8673 -13.1159
v  -7.3319 19.5978 -12.7089
v  -7.2549 19.6753 -12.9344
v  -7.0484 19.4083 -13.0459
v  -7.0714 19.5748 -13.3414
v  -7.4444 19.2548 -12.3439
v  -7.6339 19.5788 -12.2399
v  -7.8534 19.7878 -12.0459
v  -7.7739 20.1998 -12.3459
v  -8.0669 20.4658 -12.5039
v  -6.7099 19.1418 -13.2304
v  -6.7294 19.2913 -13.6224
v  17.0146 9.7603 -24.3099
v  17.2231 10.1948 -24.6719
v  16.8191 10.5838 -24.3069
v  16.5546 10.0143 -23.8119
v  16.1601 9.4033 -23.4554
v  16.8041 9.3323 -24.1294
v  17.1391 9.2578 -24.5169
v  17.4451 9.4748 -24.7164
v  17.6041 9.7868 -24.9854
v  16.6871 9.0038 -24.2369
v  17.1551 9.0068 -24.6659
v  16.3076 8.9608 -23.6769
v  16.2636 8.6323 -23.9739
v  16.6251 8.7078 -24.4274
v  17.0616 8.6958 -24.7939
v  17.5701 9.1463 -24.9259
v  17.4626 8.8143 -25.0919
v  17.7186 9.0323 -25.4249
v  17.7761 9.4108 -25.2154
v  17.5616 9.9798 -25.8724
v  17.5081 10.2423 -25.6104
v  17.6406 10.0618 -25.3109
v  17.7841 9.6628 -25.5639
v  17.7051 9.2728 -25.8239
v  17.4551 9.5818 -26.1939
v  17.2561 8.5093 -25.3409
v  16.9036 8.4343 -25.0329
v  16.6416 8.3508 -25.1719
v  16.8026 8.3598 -25.4794
v  16.8721 8.4258 -25.7599
v  17.4311 8.6623 -25.6544
v  17.3941 8.8563 -25.9964
v  17.1271 9.0678 -26.3319
v  16.8456 8.5398 -26.0469
v  16.7241 8.7273 -26.2534
v  16.1811 8.7108 -26.2314
v  16.0941 8.4328 -25.9474
v  16.1341 8.2728 -25.6744
v  15.3856 8.0998 -25.5394
v  15.3391 8.2858 -25.9244
v  15.4521 8.6933 -26.2754
v  -0.6084 14.0028 -20.3344
v  -0.7414 13.4843 -20.2909
v  -2.5059 14.0438 -19.1939
v  -2.3744 14.5733 -19.1819
v  0.8316 13.5803 -21.1049
v  0.7086 13.1168 -20.9924
v  -4.0649 14.1163 -16.6219
v  -4.2079 14.3928 -16.8059
v  -2.0534 13.4383 -18.0734
v  -1.9654 13.1648 -17.9199
v  -5.9534 14.7543 -15.5889
v  -6.1544 14.9743 -15.7709
v  -6.8749 14.9628 -15.2419
v  -7.1564 15.0708 -15.4169
v  -4.6644 15.1183 -18.1514
v  -6.7324 15.4538 -17.4089
v  -4.7144 14.6758 -17.9939
v  -6.7154 15.0843 -17.0894
v  -7.6814 15.6328 -16.8684
v  -8.1039 15.6923 -16.5749
v  -8.1839 15.9593 -16.9124
v  -7.6829 15.9878 -17.1189
v  -7.5684 15.4328 -16.5324
v  -7.9174 15.4828 -16.1724
v  -4.6539 14.5178 -17.6904
v  -6.5954 14.9883 -16.7614
v  -2.4599 13.7713 -18.8864
v  -2.2979 13.7713 -18.5249
v  -4.5574 14.4643 -17.3824
v  -6.5249 14.9618 -16.4559
v  -6.3779 14.9773 -16.1149
v  -7.3424 15.2523 -15.7459
v  -7.8204 15.2168 -15.6749
v  -7.4404 15.3338 -16.1159
v  -8.2509 15.0548 -15.5394
v  -8.2944 15.4048 -15.9459
v  -7.4009 15.3263 -16.3619
v  -8.4204 15.6798 -16.3469
v  -8.5374 15.9748 -16.6934
v  -4.3929 14.4808 -17.0869
v  -2.1454 13.6883 -18.2584
v  -9.6599 16.3568 -16.6399
v  -9.1159 16.7063 -17.0849
v  -8.9934 17.1558 -17.8374
v  -8.6149 17.1933 -18.2509
v  -8.4659 17.0558 -18.1254
v  -8.8519 17.0408 -17.7639
v  -8.5694 16.2883 -16.9909
v  -8.1499 16.3363 -17.0929
v  -8.5704 16.6003 -17.1929
v  -8.0539 16.6718 -17.3524
v  -7.6294 16.3708 -17.1624
v  -7.5749 16.6003 -17.3204
v  -8.7079 16.8818 -17.5754
v  -8.2494 16.8578 -17.8104
v  -8.1729 16.7798 -17.6079
v  -8.6479 16.7718 -17.3964
v  -8.6744 16.9558 -17.7589
v  -8.3229 16.9493 -17.9974
v  -7.5794 16.7648 -17.6634
v  -7.4469 16.7058 -17.5254
v  -6.6504 16.8868 -18.0939
v  -6.5784 16.6978 -17.8164
v  -8.1169 17.2518 -18.6714
v  -7.9544 17.0733 -18.4874
v  -8.2589 17.4998 -18.7999
v  -7.4319 17.6403 -19.5429
v  -7.2589 17.3628 -19.3559
v  -7.0694 17.1903 -19.1189
v  -7.7144 16.8973 -18.0669
v  -7.8144 16.9773 -18.2764
v  -6.9269 17.1293 -18.8764
v  -6.8119 17.1233 -18.6149
v  -7.6524 16.8278 -17.8534
v  -6.7169 17.0458 -18.3454
v  -5.5904 17.3868 -20.3454
v  -5.8554 17.4223 -20.6544
v  -6.0974 17.6853 -20.8949
v  -4.5614 17.8483 -22.5379
v  -4.2789 17.5333 -22.2969
v  -3.9749 17.4568 -21.9919
v  -2.7914 15.8078 -20.1334
v  -4.8004 16.3653 -18.7959
v  -4.9699 16.6518 -19.2024
v  -3.0744 16.2983 -20.6344
v  -5.1524 16.9353 -19.5739
v  -3.3679 16.8258 -21.1259
v  -5.3134 17.2033 -19.8804
v  -3.6244 17.2533 -21.5334
v  -5.4374 17.3678 -20.1119
v  -3.7859 17.4498 -21.7689
v  -2.8919 17.9043 -23.9914
v  -1.8744 18.1618 -25.4944
v  -1.4564 17.9588 -25.1424
v  -2.5549 17.7018 -23.6959
v  -3.1709 18.3008 -24.2104
v  -2.1789 18.6443 -25.7274
v  -1.0619 15.3608 -21.3769
v  -1.4414 16.0543 -22.0129
v  -0.2319 15.8298 -23.1854
v  0.2381 14.9988 -22.4079
v  -1.7709 16.8428 -22.6489
v  -0.5584 16.8433 -23.9409
v  -2.0749 17.4548 -23.1894
v  -0.8784 17.6113 -24.5964
v  -2.3049 17.6878 -23.4739
v  -1.1519 17.9033 -24.9179
v  3.7961 18.1063 -30.9609
v  4.2636 18.1053 -30.4949
v  2.5541 18.2048 -29.2044
v  2.0646 18.2563 -29.6314
v  1.5896 18.6013 -29.9944
v  3.2856 18.3598 -31.3964
v  5.3666 18.1833 -33.0114
v  5.8981 17.9313 -32.5379
v  6.3531 17.9883 -32.0124
v  4.3721 17.8878 -30.1709
v  2.7566 18.0988 -28.8639
v  6.4116 17.7028 -31.6599
v  6.5606 17.1158 -31.0424
v  4.4376 17.2353 -29.7444
v  2.8311 17.4693 -28.4964
v  0.1516 19.7693 -23.9739
v  -1.5099 19.8903 -22.2894
v  -1.3854 19.4073 -22.0839
v  0.2916 19.1788 -23.8184
v  -1.6229 20.4108 -22.4619
v  0.0266 20.4353 -24.0659
v  -3.2864 20.4978 -20.4884
v  -3.2144 20.0283 -20.2804
v  -3.2494 19.5893 -20.1659
v  -4.4989 20.0248 -18.6089
v  -4.4514 19.6873 -18.4779
v  -4.6059 20.3773 -18.7789
v  -5.5184 20.2828 -17.3894
v  -5.3794 20.0053 -17.2829
v  -5.3084 19.7308 -17.1869
v  -4.0749 18.0308 -17.3099
v  -2.6479 17.4448 -18.6479
v  -2.7604 17.9773 -19.2744
v  -4.1899 18.3833 -17.8689
v  -5.2864 18.6278 -16.7214
v  -5.2169 18.2998 -16.3109
v  -4.4814 19.3908 -18.4384
v  -4.4454 19.0993 -18.3559
v  -3.0809 18.9563 -19.9154
v  -3.1689 19.2843 -20.0374
v  -5.3384 19.4783 -17.1294
v  -5.4099 19.2133 -17.0874
v  -4.3184 18.7603 -18.1824
v  -5.3794 18.9183 -16.9694
v  -2.9269 18.5013 -19.6814
v  -6.8589 20.2723 -15.5494
v  -6.8999 20.1008 -15.2804
v  -6.5339 19.9138 -15.7549
v  -6.4884 20.0798 -15.9019
v  -6.4489 20.2248 -16.1079
v  -6.7244 20.3703 -15.9749
v  -7.0414 20.5833 -15.9349
v  -7.1604 20.5558 -15.4089
v  -7.3309 20.3663 -14.9234
v  -5.7504 18.7178 -14.8899
v  -5.8549 18.5608 -15.3714
v  -6.2969 19.0453 -15.2794
v  -6.1924 19.1643 -14.5514
v  -6.1004 18.6788 -16.0489
v  -5.8884 18.4288 -15.8509
v  -5.9929 20.0253 -16.4109
v  -5.9744 19.8163 -16.3144
v  -6.1189 20.2223 -16.5114
v  -6.5224 19.5608 -14.1549
v  -6.5319 19.5823 -14.6969
v  -6.8529 20.0148 -14.3444
v  -6.9879 19.7963 -13.7974
v  -6.5674 19.5618 -15.0129
v  -6.5149 19.2413 -15.5214
v  -6.5379 19.5208 -15.5334
v  -6.7524 19.7408 -14.9594
v  -7.0704 20.2183 -14.5874
v  -7.5414 20.8098 -14.3644
v  -7.3284 20.5858 -14.0944
v  -7.3124 20.3488 -13.8454
v  -6.5314 19.7413 -15.6094
v  -6.8844 19.9098 -15.0769
v  -7.4119 20.0203 -13.4944
v  -6.0349 19.5933 -16.2534
v  -6.0934 19.3553 -16.1954
v  -6.1614 19.0278 -16.1644
v  -6.3814 20.4093 -16.5819
v  -5.7749 20.5098 -17.5389
v  -6.2194 20.5743 -17.6179
v  -6.7374 20.5248 -16.5969
v  -5.2644 20.6993 -19.3859
v  -4.8914 20.6888 -19.0369
v  -3.6784 20.7098 -20.8909
v  -4.1154 20.7138 -21.3154
v  -5.4949 20.7703 -19.6989
v  -5.6459 20.9738 -19.9539
v  -6.2029 20.7913 -18.8744
v  -6.2844 20.6413 -18.2589
v  -4.3534 20.9118 -21.5899
v  -4.5684 21.1383 -21.8254
v  -1.9864 20.7373 -22.8174
v  -0.3239 20.9788 -24.3849
v  -0.8564 20.9208 -24.8594
v  -2.4739 20.6673 -23.2664
v  -2.7734 20.9093 -23.5104
v  -1.2104 21.0758 -25.0859
v  -1.6699 21.4003 -25.2414
v  -3.1234 21.1938 -23.7119
v  4.7966 21.1773 -31.2879
v  3.2591 20.9563 -30.1809
v  3.6226 20.8068 -29.6614
v  5.2371 21.0168 -30.7859
v  7.0211 21.3043 -32.1229
v  6.4896 21.4588 -32.5639
v  5.4811 21.6743 -32.9624
v  3.9466 21.4638 -31.7374
v  2.5431 21.2368 -30.6524
v  2.9691 18.8243 -31.6769
v  2.8036 19.3668 -31.7394
v  4.7826 19.2993 -33.3239
v  5.0511 18.7723 -33.2179
v  1.3206 19.0338 -30.2249
v  1.1621 19.5018 -30.3044
v  -3.3439 18.6793 -24.3184
v  -4.7029 18.2813 -22.6329
v  -4.8199 18.6883 -22.6994
v  -3.5234 19.0343 -24.4149
v  -2.5394 19.3613 -25.8879
v  -2.3629 19.0248 -25.8219
v  -8.3744 17.7653 -18.8999
v  -7.5614 17.9608 -19.6789
v  -8.4484 18.0408 -18.9749
v  -7.6274 18.2888 -19.7554
v  -6.2684 18.0543 -21.0534
v  -6.3474 18.4503 -21.1149
v  -8.4874 18.3048 -19.0554
v  -7.6514 18.5553 -19.8074
v  -9.0219 18.0773 -18.5999
v  -9.0969 18.3948 -18.8089
v  -8.4624 18.5648 -19.1354
v  -7.6089 18.8308 -19.7794
v  -9.4349 17.9023 -18.2104
v  -9.5729 18.1643 -18.3109
v  -6.3854 18.7768 -21.1369
v  -6.4519 19.0728 -21.1579
v  -5.0914 19.4083 -22.8199
v  -4.9089 19.0668 -22.7299
v  -8.6749 18.8493 -19.2264
v  -8.3659 18.8263 -19.2474
v  -7.9624 19.4318 -20.0219
v  -7.6799 19.1103 -19.8304
v  -6.8239 20.6333 -17.7084
v  -6.9364 20.4743 -17.0984
v  -6.5349 20.8808 -18.6274
v  -6.7739 21.0993 -18.6589
v  -7.1954 20.7773 -17.6004
v  -7.3954 20.5618 -16.9159
v  -7.6134 20.7723 -16.4574
v  -7.6829 20.7193 -16.8354
v  -7.8749 20.8353 -16.7489
v  -7.7239 20.8468 -16.3129
v  -7.5064 20.8438 -16.1024
v  -7.4044 20.7403 -16.4274
v  -7.0964 20.6238 -16.5054
v  -7.2904 20.7463 -15.9744
v  13.2926 18.9288 -36.2644
v  12.9936 18.6053 -35.9869
v  12.5446 18.6668 -36.6234
v  12.9446 18.9653 -36.8209
v  12.0561 19.1023 -36.9789
v  12.5411 19.3223 -37.1159
v  12.9011 19.4603 -37.0869
v  13.2411 19.3298 -36.8534
v  13.4361 19.2038 -36.4599
v  12.9491 20.8313 -36.1274
v  13.2876 20.4583 -36.4099
v  12.9856 20.5653 -36.7549
v  12.5781 20.7453 -36.6904
v  11.9816 20.9498 -36.4529
v  12.5041 21.1148 -35.8009
v  12.7906 20.5268 -35.1859
v  13.1146 20.3608 -35.6214
v  13.3226 20.2788 -35.9584
v  12.3926 20.4278 -36.9684
v  12.3511 20.1018 -37.1429
v  11.7171 20.0668 -36.9819
v  11.7526 20.5343 -36.8019
v  12.9741 20.2958 -36.9579
v  12.9321 20.0498 -37.0799
v  13.4821 19.9248 -36.6579
v  13.4481 20.1443 -36.5714
v  13.4116 19.9868 -35.9254
v  13.4621 19.7103 -35.9609
v  12.9051 19.7528 -37.1189
v  12.3761 19.7228 -37.1864
v  11.8096 19.6033 -37.0254
v  13.4271 19.6718 -36.7774
v  13.5161 19.4483 -36.1974
v  13.3441 19.1708 -35.7424
v  13.0806 18.8983 -35.3639
v  13.2021 19.5338 -35.4469
v  12.9486 19.3623 -34.9889
v  13.1196 19.9128 -35.4344
v  12.8071 19.8893 -34.9909
v  -7.5929 23.0908 -20.0279
v  -7.9379 23.1573 -20.1354
v  -8.4229 22.3968 -18.5949
v  -8.0834 22.3308 -18.4734
v  -7.7989 22.1518 -18.3724
v  -7.2959 22.9228 -19.9269
v  -6.6879 23.7748 -21.7929
v  -6.9744 24.0458 -21.8734
v  -7.3404 24.2048 -21.9919
v  -8.3599 23.0903 -20.1424
v  -8.8164 22.3298 -18.6139
v  -7.8199 24.2003 -22.0404
v  -8.3439 24.0543 -22.1789
v  -8.8234 22.9053 -20.2544
v  -9.2579 22.1448 -18.7434
v  -8.3934 21.6433 -17.3454
v  -8.7124 21.7213 -17.4324
v  -8.8564 21.1633 -16.6324
v  -8.5684 21.0933 -16.5694
v  -8.3044 20.9918 -16.5529
v  -8.1329 21.4723 -17.3029
v  -9.0534 21.6693 -17.4799
v  -9.1279 21.1603 -16.6879
v  -9.4664 21.5293 -17.6364
v  -9.5374 21.0268 -16.7614
v  -7.9344 20.9748 -16.1149
v  -7.7209 20.9973 -15.7809
v  -8.0774 20.9178 -16.6329
v  -8.2234 21.1093 -15.9644
v  -8.0769 21.2438 -15.4369
v  -9.5019 21.0218 -16.1684
v  -9.8649 20.5663 -16.5499
v  -9.9129 20.7423 -16.2004
v  -10.0689 20.8108 -15.9214
v  -9.6154 21.2428 -15.7674
v  -10.2404 20.7858 -15.6549
v  -9.9769 21.3123 -15.6524
v  -7.8989 21.0953 -14.6439
v  -7.6129 20.9458 -15.0949
v  -8.1704 21.5348 -14.8849
v  -7.4499 20.8358 -15.5149
v  -9.8079 21.7613 -15.3024
v  -9.7594 22.1193 -14.8214
v  -9.3119 22.0458 -14.8024
v  -9.5114 21.7528 -15.3794
v  -8.5889 21.1123 -15.9539
v  -8.9319 21.1038 -16.0204
v  -8.9789 21.3593 -15.5959
v  -8.5694 21.4248 -15.5309
v  -9.1259 21.9283 -13.9114
v  -9.5119 22.0923 -14.1209
v  -8.8279 21.9058 -14.5254
v  -9.8524 22.1503 -14.2999
v  -9.0339 21.8113 -15.2739
v  -9.2894 21.6758 -15.4639
v  -9.2674 21.2603 -15.6774
v  -8.6249 21.7468 -15.0854
v  -9.2059 21.0753 -16.0949
v  -9.9919 20.2383 -16.9909
v  -9.9254 20.6418 -17.4024
v  -10.2049 20.2088 -17.9569
v  -10.2224 19.8708 -17.4329
v  -9.9774 18.6423 -18.4304
v  -9.6759 18.8478 -18.9854
v  -9.3959 18.6238 -18.8824
v  -9.7699 18.4033 -18.3739
v  -10.0264 18.3663 -17.6944
v  -10.1154 18.7223 -17.6519
v  -10.2719 19.0978 -18.2199
v  -10.1329 18.9153 -18.5424
v  -10.2914 19.4403 -18.8069
v  -9.9814 19.1453 -19.0014
v  -10.2529 19.4533 -17.8349
v  -10.3729 19.1523 -17.3619
v  -10.3864 19.8228 -18.4309
v  -9.3739 19.0488 -19.5184
v  -8.9524 19.5053 -20.2624
v  -8.5279 19.4718 -20.0379
v  -9.0064 18.8923 -19.3634
v  -9.8324 21.1498 -18.1264
v  -10.0579 20.6818 -18.7054
v  -9.6634 21.7968 -19.2109
v  -9.8124 21.2998 -19.7694
v  -10.1614 20.2668 -19.1524
v  -10.0999 19.8303 -19.4664
v  -9.8719 20.8463 -20.1614
v  -9.7169 20.3703 -20.3694
v  -9.7659 19.4008 -19.5609
v  -9.3929 19.8648 -20.3924
v  -9.2299 22.5428 -20.7069
v  -9.3979 22.0538 -21.2429
v  -8.7529 23.6663 -22.6219
v  -8.9439 23.1648 -23.1264
v  -8.8409 20.7053 -21.7109
v  -8.2944 21.7868 -23.5474
v  -7.7929 21.5183 -23.3519
v  -8.3619 20.4298 -21.5009
v  -9.1594 21.1943 -21.7289
v  -8.6704 22.2608 -23.5794
v  -9.3519 21.6143 -21.5829
v  -8.8489 22.7113 -23.4274
v  -8.2814 25.3423 -24.9894
v  -8.4919 24.8218 -25.4129
v  -7.8219 25.6518 -24.5949
v  -7.4354 27.2978 -26.6744
v  -7.9414 26.9643 -27.0934
v  -8.1089 26.3633 -27.4629
v  -7.8154 23.1088 -25.7959
v  -7.4789 24.2708 -27.8334
v  -6.9139 23.8553 -27.7824
v  -7.2654 22.8063 -25.6519
v  -8.2474 23.6493 -25.7924
v  -7.8684 24.9448 -27.7399
v  -8.4144 24.2528 -25.6519
v  -8.0469 25.6773 -27.6334
v  -5.0009 30.1063 -33.4154
v  -4.4949 31.2508 -34.9734
v  -5.0544 30.7508 -35.2759
v  -5.4409 29.6838 -33.6569
v  -5.9814 28.9173 -32.2704
v  -5.6034 29.3448 -32.0284
v  -5.1059 29.5778 -31.8279
v  -4.4754 30.3558 -33.2029
v  -3.7929 31.4683 -34.7039
v  -5.6469 28.5253 -34.3109
v  -6.0989 27.7628 -32.9564
v  -6.1619 28.3993 -32.6334
v  -5.7394 29.1763 -34.0039
v  -5.3354 30.1218 -35.6149
v  -5.2209 29.4103 -35.9204
v  -5.2399 27.7948 -34.4754
v  -4.7529 28.7028 -36.1599
v  -3.9739 28.3833 -36.0859
v  -4.4834 27.4673 -34.2784
v  -5.0659 26.6248 -32.7909
v  -5.7044 27.0553 -33.0244
v  5.7431 4.0258 -6.3609
v  5.4236 3.6308 -6.3384
v  6.6211 3.1458 -6.3554
v  6.9006 3.5018 -6.4224
v  7.1501 3.8238 -6.5634
v  6.0136 4.3533 -6.5574
v  6.0546 4.3583 -7.2739
v  6.1131 4.4663 -6.9134
v  7.2961 4.0233 -6.8794
v  7.2636 3.9758 -7.2769
v  5.8901 4.1058 -7.5679
v  7.0466 3.6793 -7.5869
v  6.9141 3.5528 -7.9724
v  5.7311 3.8553 -7.9249
v  11.5911 10.6418 -21.5109
v  11.6761 10.9323 -21.7844
v  9.8556 11.5863 -21.0199
v  9.8451 11.3023 -20.7354
v  7.9751 11.7723 -20.1509
v  7.9136 11.2748 -19.7349
v  9.7596 10.8398 -20.3024
v  11.4601 10.2223 -21.0399
v  10.2486 1.1698 -7.9709
v  10.0406 1.3663 -8.3679
v  9.9896 0.8133 -8.0644
v  9.7291 0.9858 -8.3704
v  9.6346 0.2173 -6.5639
v  9.4026 0.1868 -7.0434
v  8.9676 0.3478 -6.3069
v  8.8481 0.2718 -6.7704
v  10.0366 1.4708 -8.6794
v  9.7586 1.2028 -8.6684
v  9.9176 1.4178 -9.3594
v  10.2276 1.6253 -9.3629
v  16.4186 8.4278 -24.6539
v  16.2006 8.2473 -24.9484
v  15.9836 8.2558 -24.1989
v  15.4341 8.2013 -24.4809
v  15.6336 8.0718 -23.8484
v  15.9586 8.4728 -23.5784
v  15.5111 8.1748 -23.0159
v  15.2191 7.8408 -23.2774
v  14.6551 7.9148 -23.3254
v  15.0316 8.1098 -23.9744
v  16.1381 8.1843 -25.3184
v  15.4226 8.0698 -25.0569
v  16.5751 9.3138 -26.4779
v  15.9296 9.5243 -26.3884
v  16.4661 10.4828 -26.5799
v  16.9646 9.9998 -26.3339
v  11.4646 21.1663 -36.1644
v  10.9016 21.4053 -35.8659
v  11.6626 21.4118 -35.0504
v  12.0691 21.3038 -35.4334
v  12.1081 20.8138 -34.3919
v  12.4721 20.6958 -34.7749
v  11.0861 20.6193 -36.6179
v  11.0116 19.9278 -36.6889
v  10.0691 19.7898 -36.6759
v  10.4766 20.7668 -36.6339
v  12.7821 18.6833 -35.0354
v  12.5771 18.4183 -34.7069
v  12.2451 18.1418 -35.3654
v  12.6271 18.4098 -35.6914
v  12.7261 19.1883 -34.5884
v  12.4671 18.9873 -34.1029
v  12.5266 19.8683 -34.5904
v  12.2141 19.8978 -34.2259
v  16.9436 11.0453 -24.9409
v  17.3101 10.5548 -25.1329
v  17.2411 10.6593 -25.6379
v  16.8301 11.3258 -25.7474
v  17.1446 10.4488 -26.0514
v  16.8436 10.9838 -26.3204
v  6.3321 12.8143 -26.1624
v  4.4801 13.2663 -25.3764
v  3.6741 14.5258 -26.7184
v  5.4821 14.1773 -27.6889
v  7.8371 14.0658 -28.5904
v  8.6246 12.4283 -27.0759
v  4.7941 15.7933 -28.9439
v  3.0936 16.0828 -27.8114
v  7.1141 15.7958 -29.9349
v  3.5461 1.0718 -3.4019
v  3.9586 1.6163 -4.5594
v  3.0411 2.4193 -4.3134
v  2.6516 1.8688 -3.2284
v  2.3206 1.3633 -2.1009
v  3.1306 0.5243 -2.2609
v  4.0671 -0.1847 -2.4489
v  4.5186 0.3398 -3.6339
v  5.0546 0.9763 -4.7274
v  4.3021 -0.0392 -5.1709
v  4.8481 -0.3337 -5.1424
v  4.4551 -0.9422 -4.2924
v  3.9191 -0.6447 -4.3369
v  5.3891 -0.5927 -5.0834
v  4.9861 -1.1972 -4.2094
v  6.4406 -1.5627 -2.1944
v  6.1411 -1.9142 -1.2709
v  5.8956 -2.0667 -1.4489
v  6.2521 -1.7037 -2.3779
v  6.6911 -1.2242 -3.4194
v  6.8326 -1.1037 -3.2424
v  7.5491 -0.5117 -4.0134
v  7.4401 -0.6497 -4.1839
v  7.2616 -0.7637 -4.3504
v  7.8076 -0.2652 -5.1829
v  7.9966 -0.1552 -5.0204
v  8.0936 -0.0332 -4.8589
v  8.4681 0.1698 -5.7479
v  8.3101 0.0943 -5.9784
v  8.5316 0.2853 -5.5149
v  8.5431 0.4848 -5.2959
v  7.9991 0.1478 -4.7529
v  8.3086 0.7298 -5.2869
v  7.7461 0.2943 -4.7334
v  7.4501 -0.3092 -3.8949
v  7.2131 -0.1772 -3.8374
v  5.1876 3.3163 -6.2304
v  4.8931 2.8998 -5.9899
v  6.0686 2.4063 -6.0114
v  6.3811 2.8428 -6.2279
v  4.1466 3.8583 -6.1109
v  3.8741 3.5073 -5.8249
v  4.4386 2.2673 -5.4484
v  3.4621 2.9778 -5.2234
v  5.6041 1.7308 -5.5144
v  14.7656 7.1508 -22.2139
v  14.2831 7.1978 -22.2254
v  15.0971 7.3743 -22.0109
v  14.3016 6.0233 -20.8424
v  13.8951 5.9228 -20.9549
v  8.7076 7.3858 -17.2394
v  9.1236 8.8193 -18.4479
v  8.1961 6.0413 -15.7844
v  9.6041 5.6288 -16.1759
v  10.1651 6.8598 -17.7934
v  10.6226 8.1653 -19.1739
v  9.4971 9.9893 -19.5009
v  7.7371 10.4543 -18.9459
v  11.1161 9.3683 -20.2244
v  13.5791 4.8453 -19.1489
v  13.3511 4.5763 -19.3439
v  12.9226 3.6143 -17.2564
v  12.7076 3.2798 -17.4594
v  10.7161 1.9088 -10.9224
v  10.3926 1.7143 -10.9424
v  11.1941 1.8623 -13.0429
v  11.5081 2.2353 -12.9504
v  12.3311 2.7048 -15.1139
v  11.9686 2.3908 -15.2804
v  7.5181 5.1483 -14.0604
v  6.8876 4.6823 -12.2009
v  8.0306 4.0153 -12.4589
v  8.7771 4.5918 -14.4179
v  7.5281 10.9408 -23.6889
v  7.6566 10.5278 -23.4034
v  6.0021 11.2148 -22.7309
v  5.8676 11.6783 -22.9784
v  9.6121 10.2213 -24.6359
v  9.6116 9.7043 -24.3669
v  10.8026 1.6273 -6.8199
v  10.7706 1.5143 -6.4984
v  10.4016 2.0233 -6.7239
v  10.3206 1.9313 -6.3904
v  10.6581 1.3323 -6.2354
v  10.2051 1.7548 -6.1509
v  9.6971 0.5528 -7.9669
v  9.3446 0.6553 -8.1269
v  9.4691 0.3728 -7.7409
v  9.0516 0.4038 -7.8519
v  9.3641 0.2448 -7.4329
v  8.9356 0.2678 -7.4269
v  6.3586 4.3613 -10.4429
v  5.9331 4.0618 -9.1049
v  7.0571 3.5683 -9.0794
v  7.4961 3.8188 -10.5244
v  5.7526 3.9063 -8.3864
v  6.8996 3.5203 -8.3524
v  6.7556 3.1768 -10.8109
v  5.8146 3.4053 -10.8334
v  7.8181 2.8013 -10.8204
v  7.4546 2.1928 -9.4364
v  6.4941 2.5108 -9.5159
v  5.6466 2.7318 -9.6039
v  6.3711 2.1893 -8.9549
v  5.5916 2.4863 -9.0299
v  7.2896 1.9013 -8.8224
v  12.1366 18.4638 -36.3294
v  11.5851 18.9118 -36.6814
v  11.7021 18.3238 -36.0254
v  11.1026 18.7298 -36.3734
v  11.2026 19.4378 -36.7229
v  10.5631 19.2143 -36.5504
v  5.7916 19.6033 -29.5734
v  5.8051 20.1233 -29.7179
v  4.2781 20.0078 -28.5404
v  4.3016 19.4478 -28.3269
v  4.2461 18.8973 -28.1514
v  5.8061 19.1418 -29.3384
v  7.6771 19.4038 -30.6299
v  7.6446 19.8598 -30.8334
v  7.6701 20.4368 -30.9314
v  5.6566 20.8283 -30.0864
v  4.0726 20.7093 -28.9459
v  7.4846 21.1373 -31.3789
v  9.3641 12.8428 -22.4739
v  7.3586 13.2603 -21.9699
v  7.6016 13.2263 -21.6269
v  9.5571 12.7488 -22.1699
v  11.6526 12.1453 -22.9689
v  11.4636 12.2618 -23.2974
v  11.0731 12.5618 -23.9694
v  8.9976 13.1348 -23.0924
v  6.9631 13.4648 -22.5959
v  8.1861 13.7803 -24.3894
v  10.3221 13.4818 -25.2809
v  9.2601 14.4323 -27.0819
v  7.1921 14.7288 -26.0159
v  5.3271 14.9938 -25.2424
v  6.1856 14.0253 -23.8154
v  16.0166 8.8293 -23.2154
v  15.5836 8.4813 -22.7039
v  15.7436 9.1783 -22.9479
v  15.3336 8.7983 -22.4494
v  15.2046 7.6973 -21.7394
v  14.9401 8.0098 -21.5549
v  8.2446 8.8003 -20.6154
v  10.0891 8.2668 -21.2059
v  6.6206 9.2748 -20.0074
v  6.7511 10.2663 -20.8139
v  8.3881 9.6913 -21.6079
v  10.3151 9.1603 -22.2264
v  8.4636 10.2008 -22.0479
v  6.7556 10.6948 -21.3414
v  6.6811 10.8363 -21.6869
v  8.3966 10.4223 -22.3534
v  10.3611 9.7578 -23.0274
v  10.4016 9.5793 -22.7289
v  14.9491 12.3908 -28.8129
v  16.0976 11.7243 -27.3339
v  15.7136 11.3858 -27.3754
v  14.7521 12.1583 -28.9764
v  13.9831 13.0888 -31.3719
v  14.0791 13.6383 -30.8099
v  13.8111 13.8368 -30.3804
v  14.7851 12.5963 -28.5104
v  15.8206 12.0383 -26.9649
v  16.6456 11.3478 -26.6394
v  16.4031 11.6743 -26.2144
v  16.3226 10.9083 -26.8439
v  9.8616 12.7153 -21.8054
v  11.9086 12.1093 -22.5684
v  7.8996 13.1253 -21.2594
v  10.0611 12.4573 -21.4404
v  12.0451 11.8603 -22.1754
v  9.9636 11.9813 -21.2629
v  11.9101 11.4008 -21.9269
v  7.7896 10.3398 -23.1889
v  7.9626 10.3363 -22.9794
v  6.3461 10.9133 -22.2994
v  6.1706 10.9923 -22.5094
v  9.7111 9.4873 -24.0429
v  9.9011 9.5563 -23.7299
v  8.2041 10.4643 -22.7099
v  10.1651 9.7698 -23.4079
v  6.5301 10.8928 -22.0214
v  13.1111 15.8628 -32.0149
v  12.8251 15.1513 -32.8284
v  13.2621 15.5358 -32.5399
v  12.6466 17.2848 -33.7794
v  12.1546 16.9388 -34.0434
v  12.4136 17.6223 -33.2444
v  12.1666 17.7058 -34.8414
v  12.5301 18.0803 -34.3939
v  12.4191 18.5108 -33.8014
v  6.3336 16.0693 -27.5474
v  4.6581 16.2953 -26.4729
v  8.2431 15.8303 -28.8849
v  7.8616 17.7428 -29.8034
v  5.8511 17.5423 -28.5774
v  4.2856 17.5703 -27.3399
v  5.7921 18.5668 -29.0264
v  7.8196 18.9228 -30.1779
v  4.2201 18.3723 -27.8289
v  9.9536 20.9243 -36.7954
v  8.7606 21.4328 -37.0829
v  8.7516 21.6463 -36.1934
v  10.1276 21.5363 -36.1424
v  9.4266 20.1288 -36.8759
v  8.3251 20.7473 -37.5029
v  2.5091 19.7768 -31.8074
v  1.8596 20.4173 -32.0244
v  3.7181 20.3238 -33.6054
v  4.4696 19.6903 -33.3904
v  0.8261 19.8723 -30.4229
v  0.2101 20.4298 -30.6834
v  -3.5114 29.1158 -32.8354
v  -3.5664 29.8313 -32.8539
v  -4.1764 29.0308 -31.4354
v  -4.0654 28.3153 -31.3019
v  -4.0049 27.6423 -31.1594
v  -3.4034 28.4693 -32.7354
v  -2.3964 29.5053 -34.3654
v  -2.5739 30.1198 -34.3899
v  -2.6979 30.8458 -34.3349
v  -3.9449 30.3013 -32.9694
v  -3.1529 31.3678 -34.4379
v  -4.5679 29.5243 -31.5809
v  8.0471 2.9518 -6.4364
v  7.7901 2.6673 -6.3449
v  8.7991 2.2738 -6.1819
v  9.0441 2.4903 -6.3134
v  9.2176 2.6908 -6.4754
v  8.2591 3.2173 -6.5529
v  8.2601 3.4213 -7.5994
v  9.2091 2.9698 -7.5319
v  9.0521 2.9958 -7.9354
v  8.0941 3.3318 -7.9714
v  8.4636 3.5598 -7.1914
v  9.3571 2.9123 -7.1034
v  11.5906 6.3023 -18.3624
v  10.9411 5.1453 -16.6254
v  12.0216 4.7883 -16.9589
v  12.8016 5.9773 -18.6879
v  13.4931 7.2793 -20.0574
v  12.1166 7.5198 -19.8489
v  13.8396 10.8688 -22.6154
v  13.5171 10.3498 -22.4259
v  14.9571 9.8698 -22.9729
v  15.4026 10.4783 -23.1334
v  15.6676 11.0863 -23.6024
v  14.0591 11.4143 -22.9449
v  9.4111 1.1378 -8.6689
v  8.9161 1.2648 -8.6839
v  9.1646 1.6038 -9.3149
v  9.6091 1.4218 -9.3354
v  9.2871 0.9648 -8.4319
v  8.7891 1.0743 -8.4664
v  14.8836 8.2538 -24.8784
v  14.0631 8.7318 -24.6019
v  13.9786 8.7228 -25.0459
v  14.8271 8.2408 -25.3729
v  14.8321 8.2758 -24.3654
v  14.0346 8.6393 -24.1124
v  12.9006 4.5603 -19.4144
v  12.1326 4.7218 -19.3309
v  12.7236 6.0448 -20.8989
v  13.4831 5.9388 -20.9729
v  12.2096 3.3068 -17.5304
v  11.4916 3.5998 -17.4084
v  10.5951 21.5618 -35.3389
v  9.9166 21.4388 -34.7389
v  10.5436 21.3873 -34.0329
v  11.2646 21.4508 -34.6674
v  10.9546 20.8313 -33.4354
v  11.7191 20.8758 -34.0329
v  16.5491 11.3318 -24.7019
v  16.3551 11.5628 -25.4269
v  15.6086 11.9168 -24.8674
v  15.7121 11.5313 -24.2634
v  16.4446 10.8418 -24.0079
v  10.3776 15.9923 -30.0064
v  11.0871 13.8783 -28.5724
v  12.7116 13.8233 -29.6384
v  11.9336 15.9048 -31.1584
v  11.3516 17.8118 -32.3029
v  9.9991 18.0373 -30.9169
v  5.4471 0.0288 -3.7819
v  4.9371 -0.5287 -2.6544
v  5.6986 -0.6382 -2.7994
v  6.2476 0.0078 -3.8014
v  6.8706 0.6848 -4.6739
v  6.0656 0.7528 -4.7239
v  9.0616 1.6863 -5.9104
v  8.5346 1.3968 -5.6989
v  9.4701 1.8848 -6.0929
v  8.4381 2.0543 -6.0324
v  7.9781 1.7358 -5.8004
v  9.7001 2.0833 -6.2449
v  9.8346 2.2568 -6.4319
v  7.4981 2.4083 -6.1954
v  7.1246 2.0383 -5.9354
v  9.9456 2.3653 -6.7199
v  9.9411 2.4238 -7.0939
v  9.3401 2.8223 -6.7499
v  9.7696 2.4943 -7.5284
v  9.6091 2.5758 -7.9599
v  8.4286 3.4468 -6.8044
v  9.6076 2.6298 -8.3234
v  9.8546 2.7883 -9.0564
v  9.3291 3.2443 -8.9404
v  9.0596 3.0398 -8.2474
v  8.0846 3.3273 -8.2829
v  8.3231 3.5508 -8.9664
v  11.6111 3.6753 -15.0774
v  10.8491 3.1883 -12.8074
v  12.5761 4.6683 -17.0934
v  11.1311 3.8463 -14.9374
v  10.3176 3.3113 -12.7379
v  13.4321 5.8608 -18.8129
v  14.1451 7.1013 -20.2389
v  10.1071 4.2138 -14.6814
v  9.3066 3.6298 -12.6034
v  15.3741 9.3558 -22.8199
v  14.9921 8.9473 -22.3284
v  15.6891 9.6293 -23.2369
v  14.6731 9.5838 -22.5964
v  14.3361 9.1563 -22.1209
v  16.1496 10.2168 -23.4979
v  13.3331 10.0698 -22.1024
v  13.0626 9.6098 -21.6839
v  6.8631 0.4028 -6.4584
v  7.5141 0.2023 -6.3169
v  7.0186 -0.2712 -5.5014
v  6.3996 -0.1217 -5.6609
v  7.2631 0.6668 -7.2299
v  7.9381 0.4148 -7.0954
v  7.4641 0.5988 -7.8324
v  8.1536 0.3123 -7.7029
v  7.6546 0.7418 -8.1899
v  8.3521 0.4748 -8.0774
v  8.5966 0.2388 -7.5394
v  8.4066 0.3103 -6.9239
v  8.7531 0.4113 -7.9539
v  7.9896 0.1198 -6.1604
v  7.4866 -0.3277 -5.3504
v  7.8621 1.0203 -8.4219
v  8.5841 0.7693 -8.3134
v  8.0491 1.3458 -8.5324
v  8.1711 1.5448 -8.7419
v  8.3966 1.8763 -9.3564
v  9.0266 0.7123 -8.2029
v  12.2641 8.8813 -23.3479
v  13.8331 8.5203 -23.6964
v  13.5291 8.1598 -23.1334
v  12.0966 8.5613 -22.7974
v  12.3546 9.0338 -23.6524
v  12.3091 9.2388 -24.0834
v  12.1201 9.0953 -24.4739
v  14.5871 8.2503 -23.9229
v  14.2721 8.0418 -23.2389
v  9.6891 3.0868 -15.1534
v  10.7581 2.6678 -15.3099
v  10.1376 2.1838 -13.0519
v  9.2311 2.6558 -12.9434
v  10.3146 4.0283 -17.1579
v  10.8751 5.1843 -18.9534
v  11.4051 6.5018 -20.4544
v  11.4526 2.3983 -15.3629
v  10.7301 1.9233 -13.0829
v  12.1521 9.8643 -25.4109
v  14.2641 9.6143 -26.1669
v  13.9406 8.9863 -25.7169
v  11.9736 9.2873 -25.1079
v  12.2131 10.2533 -25.9924
v  14.5761 10.2263 -26.5864
v  12.2006 10.3748 -26.2264
v  11.8741 10.8053 -26.7854
v  14.1926 10.9613 -27.3274
v  14.5971 10.4903 -26.7899
v  15.7821 10.3603 -26.6009
v  15.8016 10.7428 -26.8474
v  15.3256 11.3018 -27.3909
v  15.3721 9.5943 -26.3044
v  14.8666 8.7508 -26.1764
v  8.8081 17.8088 -32.9519
v  10.5721 17.4718 -34.3484
v  10.6771 16.7573 -33.5384
v  8.9501 17.1403 -32.2154
v  8.6921 18.0303 -33.4839
v  10.5766 17.8438 -34.7739
v  8.2161 17.9328 -34.0764
v  7.6161 18.1063 -34.5969
v  9.5756 18.3298 -35.6974
v  10.1751 18.0638 -35.2489
v  11.1951 18.2073 -35.7729
v  11.6006 17.9958 -35.2479
v  10.5901 18.5573 -36.1554
v  11.6136 17.5483 -34.8384
v  11.6866 16.8183 -33.9689
v  7.1411 18.6263 -34.8834
v  6.6911 19.0828 -35.0899
v  8.4821 19.2508 -36.1749
v  9.0121 18.7933 -35.9839
v  6.3321 19.4938 -35.1249
v  5.5451 20.3258 -35.1754
v  7.0651 20.5008 -36.3289
v  8.0186 19.6433 -36.2649
v  8.9186 19.7868 -36.7969
v  9.4371 19.4548 -36.6009
v  7.8096 20.5223 -36.9289
v  10.0051 19.0313 -36.3889
v  -3.9974 29.7583 -37.7449
v  -3.3354 29.4233 -37.7824
v  -4.4899 30.3398 -37.5474
v  -3.7249 31.1008 -38.8189
v  -3.3939 30.5703 -39.0664
v  -2.8394 30.2243 -39.1694
v  -4.5959 31.0083 -37.2609
v  -3.7279 31.6353 -38.5299
v  -4.3459 31.6443 -36.9364
v  -3.4949 32.1263 -38.2534
v  -3.7104 32.0478 -36.6314
v  -2.9519 32.4613 -37.9944
v  -3.0074 32.1738 -36.3754
v  -2.3559 32.6008 -37.7539
v  -2.4424 32.0188 -36.1384
v  -2.0179 31.5888 -36.0084
v  -1.5374 32.0938 -37.3944
v  -1.8759 32.4958 -37.4989
v  -1.7809 30.9793 -36.0554
v  -1.7534 30.3908 -36.1954
v  -1.3154 31.0613 -37.7014
v  -1.3589 31.5683 -37.5009
v  8.0506 21.4418 -33.9649
v  9.2776 21.4583 -35.0834
v  8.0316 21.5928 -35.4519
v  6.9651 21.8388 -34.2624
v  8.6366 21.3053 -33.5964
v  9.1546 21.1463 -32.9084
v  9.4701 20.6353 -32.3289
v  9.9261 21.5983 -35.6409
v  8.5831 21.6058 -35.9394
v  9.4646 20.0208 -32.2339
v  9.4786 19.4963 -32.0824
v  11.0526 19.5098 -33.1404
v  11.0061 20.1178 -33.3069
v  9.6601 18.9643 -31.6424
v  11.1456 18.8998 -32.8414
v  12.0221 17.6853 -32.9689
v  11.9451 18.7398 -33.4584
v  11.9181 19.3218 -33.6984
v  11.8206 20.0308 -33.8799
v  13.6306 12.2518 -24.3329
v  15.3066 12.1598 -25.3369
v  14.6956 12.2958 -26.1589
v  13.0936 12.3183 -25.1334
v  13.8926 12.1388 -23.9164
v  14.0606 11.8623 -23.4164
v  16.0381 11.8223 -25.9084
v  15.4611 12.1648 -26.6854
v  14.5066 12.6553 -28.2694
v  13.5306 13.8683 -30.1269
v  13.7351 12.6668 -27.7629
v  12.7676 15.9368 -31.6794
v  12.1616 12.7643 -26.6914
v  12.2671 15.1278 -32.6529
v  13.1826 13.0458 -31.1489
v  12.0096 13.0398 -30.7964
v  11.1926 15.0838 -32.3104
v  14.3521 12.0558 -29.0044
v  13.1946 11.7623 -28.8719
v  11.0801 11.9713 -28.1179
v  10.0861 13.4813 -29.8334
v  9.3476 15.4318 -31.2319
v  5.9371 -1.0817 -1.8084
v  5.6856 -1.3452 -0.9044
v  6.3291 -0.5607 -2.7674
v  5.3471 -1.0657 -1.7429
v  5.1506 -1.3012 -0.7924
v  6.8441 -0.0297 -3.7799
v  7.4071 0.4873 -4.7004
v  4.6191 -0.9297 -1.5479
v  3.7816 -0.5662 -1.3224
v  3.6226 -0.8007 -0.3479
v  4.4521 -1.1477 -0.5709
v  6.9861 -0.8512 -4.5359
v  6.5771 -0.8692 -4.7334
v  6.4636 -1.3552 -3.6269
v  6.0996 -1.4467 -3.8584
v  5.5651 -1.3982 -4.0714
v  6.0066 -0.7972 -4.9439
v  6.6456 1.4883 -5.4019
v  7.4551 1.2808 -5.3259
v  7.9746 0.9803 -5.3229
v  14.6351 8.1723 -21.4244
v  14.0096 8.4088 -21.1804
v  12.6666 8.7413 -20.8859
v  11.8406 7.7428 -21.7299
v  13.1836 7.2828 -22.1639
v  13.9236 7.2108 -22.2184
v  8.8256 2.3573 -10.8479
v  9.6551 2.0223 -10.8644
v  10.1036 1.8078 -10.9069
v  10.2691 2.9598 -10.6719
v  9.7391 3.2498 -10.5749
v  8.7151 3.4933 -10.5474
v  14.7706 8.3763 -25.7714
v  13.9131 8.7818 -25.3369
v  12.0011 9.0893 -24.7729
v  -10.7324 18.2258 -17.2949
v  -10.8579 18.5468 -17.2159
v  -11.3679 18.2103 -16.9404
v  -11.3269 18.4638 -17.0484
v  -11.0544 18.6298 -15.4209
v  -11.6829 18.3213 -15.5829
v  -11.2339 19.0683 -15.5864
v  -11.9124 18.7668 -15.7944
v  -11.8864 18.0233 -15.8994
v  -12.1599 18.4533 -16.1149
v  -12.0354 18.1968 -16.4219
v  -11.8099 17.7938 -16.2044
v  -11.9459 19.1523 -16.0809
v  -11.2804 19.3793 -15.9229
v  -11.3004 19.5938 -16.2704
v  -11.7774 19.3993 -16.3009
v  -12.2114 18.8698 -16.3849
v  -11.9214 19.2633 -16.6194
v  -11.8454 18.9858 -16.9094
v  -12.0864 18.5833 -16.6619
v  -11.2499 19.4163 -17.1029
v  -11.3049 19.6308 -16.7149
v  -11.0734 18.9628 -17.2209
v  -11.6444 18.6768 -16.9934
v  -11.8019 18.3483 -16.7839
v  -11.7329 17.9908 -16.6429
v  -11.5739 17.6143 -16.4939
v  -7.5194 20.9358 -17.5279
v  -7.0764 21.3283 -18.6069
v  -7.7779 21.1143 -17.4569
v  -7.3429 21.6923 -18.6459
v  -7.5894 21.9253 -18.3924
v  -7.9584 21.2908 -17.3639
v  -6.5609 23.4593 -21.8749
v  -7.0974 22.6623 -19.9709
v  -6.8779 22.4768 -20.2039
v  -6.4359 23.1518 -22.0414
v  -5.8319 21.2223 -20.1729
v  -6.0694 21.4998 -20.2939
v  -4.8789 21.4828 -22.0734
v  -5.2404 21.8598 -22.2404
v  -6.3589 21.7928 -20.2484
v  -5.6139 22.1873 -22.2339
v  -5.9439 22.5133 -22.1869
v  -6.5669 22.1098 -20.3019
v  -6.5714 22.4573 -20.7264
v  -6.1914 22.8663 -22.2434
v  2.4186 22.2968 -32.0909
v  3.6836 22.3658 -33.4044
v  1.8871 23.5643 -33.6914
v  0.8181 23.3938 -32.3314
v  -0.2924 23.0528 -31.2619
v  1.1561 22.0003 -31.0389
v  -3.2599 28.0583 -32.6469
v  -2.9424 27.5443 -32.6154
v  -1.9379 28.5893 -34.2604
v  -2.2364 29.1473 -34.3094
v  -3.9289 27.2248 -31.0819
v  -3.6919 26.7318 -31.1354
v  -0.3354 24.4033 -32.5284
v  -1.3144 23.9958 -31.4004
v  0.6406 24.7538 -33.9159
v  -0.2889 26.0413 -34.0579
v  -1.2369 25.4708 -32.6089
v  -2.1514 24.9093 -31.4279
v  -1.1979 27.4488 -34.1589
v  -2.1899 26.5978 -32.6234
v  -3.0324 25.8843 -31.3044
v  4.9246 22.6113 -34.7479
v  5.7756 22.5593 -35.9894
v  3.4361 23.8568 -36.5819
v  2.7461 23.6678 -35.2754
v  -1.6164 30.0458 -36.2114
v  -1.3039 29.4233 -36.1734
v  -0.8704 30.0288 -37.8239
v  -1.1809 30.7263 -37.7939
v  -0.5434 28.0673 -36.0449
v  0.4876 26.4843 -35.8094
v  1.1991 26.9133 -37.3094
v  0.0181 28.5788 -37.6534
v  1.4426 25.0393 -35.5719
v  2.1521 25.3838 -36.9624
v  6.2006 22.4738 -36.6544
v  3.7596 23.9653 -37.4349
v  3.7376 23.9118 -37.2399
v  6.1541 22.4813 -36.5519
v  2.5556 25.5983 -37.7724
v  1.7171 27.2363 -38.2129
v  2.7306 25.7063 -38.2984
v  1.9306 27.3683 -38.8799
v  6.1626 22.4343 -37.2484
v  3.7741 23.9923 -38.0904
v  5.7466 22.0508 -37.3699
v  3.2721 23.6753 -38.1599
v  2.4956 25.5348 -38.8709
v  1.6776 27.2273 -39.5384
v  1.9306 25.2733 -38.9164
v  1.0396 26.9403 -39.5774
v  5.4676 22.0408 -37.1379
v  2.9141 23.4693 -38.0344
v  4.8931 21.9713 -36.7039
v  2.3226 23.1613 -37.5879
v  1.4851 24.9998 -38.7304
v  0.9071 24.6783 -38.1229
v  0.0936 26.3578 -38.4509
v  0.6001 26.6983 -39.1834
v  -2.3409 28.7588 -37.6859
v  -3.1159 27.7338 -35.9759
v  -3.5719 28.1528 -36.0794
v  -2.9079 29.2063 -37.8214
v  -2.3559 30.0648 -39.1979
v  -1.7339 29.5493 -39.0854
v  3.5806 21.5728 -35.7244
v  1.2781 22.7618 -36.5849
v  2.0666 21.4408 -34.2354
v  0.2556 22.7323 -34.9634
v  -0.0324 24.2448 -37.0384
v  -0.8229 24.0858 -35.3254
v  -1.4844 25.4738 -35.4589
v  -0.7564 25.8463 -37.2354
v  -1.5184 27.5303 -37.4274
v  -2.3419 26.7583 -35.7284
v  -0.7384 28.2368 -38.6979
v  -4.1289 27.1928 -34.2309
v  -4.7224 26.2818 -32.7019
v  -3.7929 26.7583 -34.1754
v  -4.4059 25.8383 -32.6374
v  0.5026 21.4103 -32.6694
v  -0.9559 22.5573 -33.3624
v  -0.9679 21.1758 -31.3654
v  -2.0754 22.2798 -31.9404
v  -1.8559 23.7078 -33.6784
v  -2.7954 23.2788 -32.2124
v  -3.3554 24.1773 -32.3649
v  -2.5279 24.7868 -33.8534
v  -3.2094 25.8843 -34.0284
v  -3.9214 25.0828 -32.5154
v  -1.7974 21.1428 -30.2459
v  -2.3584 20.9963 -29.4319
v  -3.1659 21.8218 -29.9204
v  -2.7344 22.0498 -30.7914
v  -0.8449 20.4423 -29.6759
v  -1.5239 20.3788 -28.9319
v  -3.3474 22.9178 -31.0974
v  -3.7134 22.6053 -30.2659
v  -4.1369 23.3408 -30.4894
v  -3.8164 23.7203 -31.2749
v  -6.8959 22.5938 -25.5569
v  -7.4529 21.3043 -23.2924
v  -6.4879 23.6323 -27.6414
v  -6.1414 23.2788 -27.5704
v  -6.5864 22.2963 -25.5679
v  -7.0869 21.1503 -23.3614
v  -6.7959 20.2203 -22.3099
v  -7.5289 20.1998 -21.6069
v  -6.5919 20.9888 -23.6174
v  -6.1069 20.9783 -24.2129
v  -6.0049 20.4888 -23.5819
v  -5.7259 20.0773 -23.2244
v  -6.7819 19.6908 -21.5429
v  -6.6389 19.3313 -21.2394
v  -5.3959 19.7303 -22.9794
v  -7.9964 20.2753 -21.3989
v  -5.7054 4.5538 -3.7604
v  -5.5569 4.4173 -4.1209
v  -5.5844 3.5218 -3.1109
v  -5.6114 3.9068 -2.9004
v  -5.2839 4.2918 -4.4239
v  -5.1974 3.4768 -3.4914
v  -5.6324 3.5338 -2.2959
v  -5.8034 3.7268 -2.1094
v  -5.5829 3.2153 -2.4244
v  -5.7074 3.3048 -1.8439
v  -5.6184 3.0163 -1.9904
v  -5.8969 3.4958 -1.7009
v  4.5706 1.5323 -8.2699
v  4.0846 1.5568 -8.2704
v  4.2141 1.6728 -8.7859
v  4.7091 1.7283 -8.6829
v  4.4786 1.6208 -7.6094
v  4.0066 1.7473 -7.6014
v  4.8736 2.1243 -8.8279
v  4.4236 2.1593 -8.9814
v  4.5896 2.6733 -8.9139
v  5.0161 2.5468 -8.8024
v  -0.1414 6.4688 -6.1374
v  0.6601 6.0473 -6.1359
v  0.7491 6.2423 -6.4064
v  -0.0804 6.6933 -6.4184
v  4.5221 11.1788 -21.0069
v  4.2886 11.2058 -21.5049
v  5.2146 11.2163 -21.8094
v  5.4011 11.1513 -21.4439
v  5.5416 11.1113 -21.0434
v  4.6671 11.1608 -20.5454
v  5.5496 10.9153 -20.6944
v  4.5831 10.8888 -20.2824
v  5.4791 10.4243 -20.2834
v  4.4961 10.4508 -19.9344
v  -0.0269 14.3843 -17.1129
v  -0.0384 14.0398 -16.8564
v  1.6556 13.3898 -17.5699
v  1.6806 13.7273 -17.8284
v  -0.0309 13.6538 -16.5489
v  1.6321 13.0148 -17.2524
v  -0.0034 7.0993 -7.7229
v  -0.0189 7.1093 -8.0389
v  0.0921 7.2423 -7.4394
v  1.0081 6.7713 -7.5739
v  0.9146 6.6388 -7.8549
v  0.8901 6.6868 -8.1664
v  -0.2539 20.0123 -29.3789
v  0.1276 19.7283 -29.2054
v  -0.6174 19.8103 -28.4449
v  -0.9719 20.0583 -28.6194
v  -6.0229 28.8313 -31.0894
v  -6.3604 28.3988 -31.2929
v  -6.8169 28.1023 -30.5869
v  -6.4604 28.5973 -30.3764
v  -5.9129 28.8633 -30.1169
v  -5.5519 29.1098 -30.8739
v  -4.9694 29.0728 -30.5724
v  -5.2604 28.8148 -29.7684
v  -4.7759 28.2313 -29.5164
v  -4.5719 28.5093 -30.3984
v  -4.4224 27.7888 -30.2169
v  -4.3349 27.1133 -30.0724
v  -4.5459 27.4703 -29.3139
v  -4.5354 26.7503 -29.2369
v  -4.2744 26.7098 -30.0514
v  -4.5164 26.3468 -29.2904
v  -4.3004 25.9373 -29.3764
v  -4.0524 26.2668 -30.1259
v  3.3571 18.3473 -26.8574
v  3.3486 18.8003 -27.1104
v  2.7686 18.7803 -26.3119
v  2.8196 18.3808 -26.1359
v  2.8406 17.8573 -25.8489
v  3.4126 17.7223 -26.4544
v  5.7941 13.8058 -21.6459
v  4.6261 14.3483 -21.3734
v  4.8641 14.2148 -20.9289
v  6.0356 13.7013 -21.2414
v  5.4261 14.0273 -22.2619
v  4.3126 14.6078 -21.9629
v  6.3571 13.6928 -20.7599
v  5.2381 14.3608 -20.3289
v  -4.7914 22.6558 -24.1534
v  -4.0659 23.0453 -25.7809
v  -4.5929 23.5153 -25.7864
v  -5.2394 23.0318 -24.1174
v  -4.2939 22.2288 -24.1239
v  -3.4354 22.5143 -25.7154
v  -3.6839 21.6883 -23.9454
v  -2.5534 21.8603 -25.5169
v  3.6826 16.6583 -25.6834
v  3.0081 16.9243 -25.1514
v  3.3921 15.9708 -24.1144
v  4.1751 15.5228 -24.6044
v  4.8101 14.5978 -23.3604
v  3.8586 15.1658 -22.9664
v  -0.8854 4.6643 -3.2549
v  -0.1474 4.2808 -3.2404
v  -1.0884 4.1048 -2.2464
v  -0.3979 3.7218 -2.2359
v  4.3511 1.4928 -6.7179
v  3.8411 1.7293 -6.7199
v  4.0421 0.9478 -5.9019
v  3.4656 1.2518 -5.9219
v  2.3716 0.3028 -4.2779
v  2.0356 0.5338 -4.2144
v  2.3171 1.1208 -5.1379
v  2.6666 0.8983 -5.1714
v  2.6541 1.6783 -5.9089
v  3.0236 1.4773 -5.9234
v  3.1021 0.6508 -5.1829
v  2.7846 0.0428 -4.3219
v  3.4206 1.9233 -6.6704
v  3.0321 2.1038 -6.5999
v  3.1396 2.0498 -7.3944
v  3.5571 1.8703 -7.5169
v  2.6296 2.2883 -6.5464
v  2.2931 1.8978 -5.8854
v  2.7511 2.2813 -7.2809
v  3.6901 0.3238 -5.1739
v  3.3341 -0.2912 -4.3409
v  1.9836 1.3593 -5.0894
v  1.7111 0.7738 -4.1434
v  1.3366 -0.1567 -2.1174
v  1.4886 0.2543 -3.0839
v  1.8121 0.0198 -3.1419
v  1.6521 -0.3897 -2.1574
v  2.0311 2.4983 -3.1479
v  1.5796 2.9963 -3.1199
v  1.2731 2.4933 -2.0489
v  1.7416 2.0193 -2.0349
v  2.4041 3.0458 -4.1969
v  1.9316 3.5383 -4.1529
v  1.2026 3.4108 -3.0959
v  0.8326 3.7608 -3.0954
v  0.4836 3.1328 -2.1304
v  0.8651 2.8458 -2.0819
v  1.5161 3.9363 -4.1304
v  1.0986 4.2493 -4.1484
v  0.4016 4.0143 -3.1664
v  0.6456 4.5088 -4.2049
v  0.0876 3.4018 -2.1959
v  1.8061 4.3993 -5.0749
v  1.3521 4.7008 -5.0899
v  2.2736 4.0348 -5.0809
v  2.6031 4.4838 -5.7479
v  2.0856 4.8143 -5.7734
v  1.6066 5.1293 -5.7699
v  0.8796 4.9748 -5.1254
v  1.1061 5.4118 -5.7924
v  3.4246 4.3828 -6.0309
v  2.8396 4.7933 -6.0884
v  3.1601 4.0473 -5.7479
v  2.2916 5.0918 -6.1654
v  2.4931 5.4663 -6.1959
v  1.9311 5.6533 -6.3814
v  1.7826 5.4018 -6.1569
v  2.7936 3.5748 -5.1049
v  5.4361 9.4808 -19.5894
v  4.5356 9.5693 -19.3184
v  5.4261 8.3018 -18.6014
v  4.6266 8.4288 -18.4309
v  1.3896 5.9248 -6.3869
v  1.2791 5.7283 -6.1229
v  5.4056 7.0598 -17.4054
v  5.3676 5.8993 -15.9684
v  4.7441 6.1058 -15.8334
v  4.6961 7.2263 -17.2654
v  4.0721 7.4363 -17.0829
v  3.9376 8.6303 -18.2204
v  4.1911 6.3378 -15.6699
v  3.6651 6.5578 -15.5094
v  3.5076 7.6768 -16.8719
v  3.3371 8.9013 -17.9594
v  1.5541 12.3493 -16.6249
v  -0.0169 12.9588 -15.9804
v  0.0591 12.0838 -15.1544
v  1.4306 11.4363 -15.8014
v  2.9076 7.8683 -16.7014
v  3.1041 6.7253 -15.3824
v  2.6946 9.1143 -17.7579
v  0.1696 11.0798 -14.1744
v  1.3826 10.4328 -14.7594
v  0.2286 10.0803 -13.1234
v  1.3156 9.4453 -13.6269
v  2.1551 10.0158 -15.1384
v  2.2671 11.0408 -16.2199
v  2.0501 9.0323 -13.9369
v  2.6201 8.7458 -14.1394
v  2.7236 9.7303 -15.3994
v  2.8471 10.7808 -16.5149
v  3.2991 9.4453 -15.6589
v  3.1991 8.4718 -14.3329
v  3.4431 10.5338 -16.7939
v  5.2856 4.9293 -14.3059
v  4.7506 5.1883 -14.1799
v  5.2156 4.1618 -12.5474
v  4.7391 4.4243 -12.4624
v  4.2506 5.4658 -14.0389
v  3.7216 5.6598 -13.9389
v  4.2381 4.6658 -12.3999
v  3.6926 4.8248 -12.3794
v  3.1556 5.0163 -12.3319
v  3.1771 5.8298 -13.8484
v  0.2571 9.3313 -11.9919
v  0.1206 8.5638 -10.9349
v  1.0746 7.9723 -11.2714
v  1.2296 8.6798 -12.4384
v  1.9261 8.2718 -12.6929
v  1.7721 7.6048 -11.4644
v  2.2991 7.3003 -11.6149
v  2.4816 7.9878 -12.8519
v  5.0156 11.3648 -22.1204
v  4.8341 11.6848 -22.3989
v  4.0486 11.4313 -21.9819
v  3.8686 11.8823 -22.3589
v  3.0471 7.7208 -13.0019
v  2.8361 7.0258 -11.7449
v  4.7051 12.2233 -22.6404
v  4.5036 12.5993 -23.0434
v  3.7601 12.4738 -22.6229
v  3.6261 12.9438 -22.9199
v  2.9221 12.6713 -22.5034
v  2.9116 11.9983 -22.3474
v  2.1961 12.3788 -21.9739
v  2.2836 12.9688 -22.1049
v  2.3251 13.3998 -22.2449
v  2.9496 13.2188 -22.5989
v  0.1536 7.2998 -7.1114
v  0.1606 7.2418 -6.7804
v  1.0216 6.7918 -6.8434
v  1.0526 6.8523 -7.2134
v  1.5956 12.7653 -21.5179
v  1.7076 13.2593 -21.6499
v  1.7081 13.5893 -21.8754
v  2.6331 1.9933 -8.0364
v  3.0861 1.7483 -8.1169
v  2.0951 2.3428 -8.0564
v  2.0161 2.3323 -8.8149
v  2.5626 1.9023 -8.8554
v  3.0976 1.6673 -8.8864
v  0.0796 7.0253 -6.5229
v  0.8971 6.5393 -6.5909
v  3.5776 1.6058 -8.2084
v  3.6726 1.6213 -8.8604
v  1.3576 3.4113 -9.0864
v  1.2686 2.9843 -8.7939
v  2.1711 2.8138 -9.4124
v  2.7836 2.3883 -9.6034
v  3.0901 3.1368 -9.5899
v  3.6446 2.9323 -9.4589
v  3.3841 2.1848 -9.5354
v  1.2956 2.8133 -8.2659
v  4.2186 3.9068 -10.8824
v  4.2401 3.4448 -9.6924
v  3.7391 3.6478 -9.8054
v  3.6986 4.1033 -10.9249
v  4.7201 3.7268 -10.8444
v  4.7106 3.2283 -9.6074
v  3.9446 2.1548 -9.2584
v  4.1361 2.8003 -9.1619
v  3.1721 4.3108 -10.9454
v  3.2211 3.8538 -9.8909
v  5.0906 2.7483 -9.0254
v  5.1196 2.9923 -9.6009
v  4.6751 2.9203 -9.0939
v  4.2121 3.1028 -9.2509
v  3.7121 3.2613 -9.4659
v  5.1741 3.5233 -10.8599
v  3.1751 3.4508 -9.6119
v  -0.0484 7.1413 -8.3629
v  0.8776 6.7278 -8.4899
v  -0.0664 7.3243 -8.9064
v  0.8596 6.8458 -9.0764
v  0.9016 7.2608 -10.1084
v  -0.0039 7.8408 -9.8399
v  -1.1104 19.3018 -27.9779
v  -0.8884 18.8443 -27.9464
v  -1.4194 18.6453 -27.4594
v  -1.6289 19.1478 -27.4959
v  -1.7364 19.5458 -27.4499
v  -1.2614 19.6758 -27.9439
v  -0.4274 19.4438 -28.4239
v  -0.2189 19.0193 -28.3739
v  -1.3704 18.0758 -26.4969
v  -0.9644 18.0983 -27.1454
v  -0.3909 18.0403 -26.6244
v  -0.8199 18.0233 -26.0309
v  -1.7934 18.5813 -26.8064
v  0.9401 18.4683 -28.7314
v  0.5341 18.9178 -29.0079
v  1.4386 18.3453 -28.3134
v  0.6606 18.3058 -27.7104
v  0.1691 18.5158 -28.1264
v  0.0816 18.1838 -27.1624
v  -0.4499 18.3303 -27.6509
v  0.3281 19.3433 -29.1229
v  -1.9694 19.0858 -26.8584
v  -2.0559 19.4853 -26.8329
v  2.9421 20.6093 -28.2119
v  3.3386 20.1378 -27.5424
v  2.4371 20.6483 -28.9549
v  1.6156 20.7303 -28.3279
v  2.1886 20.7093 -27.5619
v  2.6991 20.2903 -26.7664
v  3.3976 19.4358 -27.2659
v  2.9066 19.5368 -26.3554
v  -0.7849 16.8423 -19.8849
v  -0.6229 16.3343 -19.1734
v  1.2041 15.8703 -20.0584
v  0.9801 16.4073 -20.8514
v  0.7531 17.1078 -21.7874
v  -0.9269 17.5143 -20.6479
v  -0.4594 16.0673 -18.7639
v  -0.2914 15.8623 -18.4624
v  1.5011 15.3263 -19.3644
v  1.3741 15.6053 -19.6464
v  3.8056 14.7723 -21.0134
v  3.1036 15.0143 -20.6249
v  3.3361 14.9508 -20.2404
v  4.0906 14.7898 -20.5879
v  3.5416 15.0333 -21.5504
v  2.8796 15.2743 -21.1119
v  1.9181 16.0148 -21.5399
v  2.2156 15.5023 -20.6744
v  2.5331 15.7783 -22.0209
v  2.1721 16.4853 -23.0944
v  1.5951 16.6983 -22.5839
v  2.4161 15.2528 -20.2264
v  2.5871 15.0613 -19.8974
v  5.9981 10.8888 -18.4269
v  6.1556 11.6883 -19.1484
v  4.7496 12.0773 -18.5664
v  4.5271 11.2333 -18.0194
v  3.1616 15.5568 -22.4974
v  2.7596 16.2798 -23.6009
v  2.4686 11.9878 -17.0394
v  2.6191 12.6913 -17.6379
v  3.0396 11.7343 -17.3719
v  3.2431 12.5058 -17.9109
v  6.2316 12.2068 -19.5134
v  4.8641 12.5943 -18.8519
v  3.9916 12.8203 -18.4214
v  3.8581 12.3213 -18.1964
v  4.1671 13.2643 -18.4894
v  3.5126 13.3983 -18.1819
v  3.3591 12.9663 -18.1274
v  3.6406 11.5128 -17.6654
v  0.1366 11.1658 -17.7894
v  0.0071 11.9828 -18.3979
v  1.5396 11.5203 -18.7764
v  1.6396 10.6483 -18.2174
v  2.7006 13.1088 -17.8894
v  2.7816 13.4798 -18.0634
v  3.8016 9.7598 -19.0674
v  3.7091 10.5928 -19.6764
v  3.1791 10.0313 -18.7944
v  3.0796 10.8738 -19.3824
v  -0.0714 12.4063 -18.7124
v  -0.1489 12.6263 -18.8949
v  1.4576 12.1808 -19.3644
v  1.5036 11.9488 -19.1004
v  2.3691 11.6643 -19.7539
v  2.4126 11.5123 -19.4714
v  3.0346 11.2948 -20.0444
v  3.0546 11.1893 -19.7659
v  2.4396 11.1398 -19.1249
v  2.5311 10.2678 -18.5669
v  2.0736 14.5338 -23.9169
v  2.5941 13.8533 -23.1519
v  2.0321 13.9898 -22.7589
v  1.5501 14.6638 -23.4749
v  1.0266 15.6328 -24.3564
v  1.5141 15.5293 -24.8454
v  2.0111 15.3078 -25.3854
v  2.6106 14.2398 -24.3889
v  3.1831 13.5313 -23.5494
v  3.7446 10.9393 -20.0419
v  3.7906 11.0813 -20.2989
v  1.0141 14.7778 -23.0489
v  1.4636 14.1223 -22.3754
v  0.5091 15.7003 -23.8919
v  4.3316 12.7833 -23.3369
v  4.0096 13.0883 -23.8154
v  3.4736 13.1943 -23.1514
v  2.8596 13.5143 -22.7769
v  2.2576 13.6508 -22.4169
v  3.3516 13.8303 -24.7994
v  2.6896 15.0283 -25.9109
v  -0.0504 15.7008 -18.0694
v  1.7956 15.2108 -18.8729
v  0.2516 15.6488 -17.5584
v  2.0696 15.0598 -18.2744
v  1.6466 13.7843 -22.0639
v  4.5306 13.9873 -18.5639
v  4.5636 14.4823 -19.2529
v  3.8701 14.6733 -18.9419
v  3.8426 14.1358 -18.2559
v  0.2056 15.0593 -17.1999
v  2.0256 14.4703 -17.7779
v  3.1416 14.2463 -18.0189
v  3.1926 14.8583 -18.6259
v  2.8976 14.9798 -19.3454
v  3.6636 14.9448 -19.6379
v  -0.7554 12.9963 -19.9999
v  0.6386 12.5153 -20.7659
v  0.8546 12.1903 -20.2639
v  -0.5439 12.8443 -19.5279
v  4.3946 14.7613 -19.9629
v  3.0541 11.3948 -21.9259
v  3.3486 11.1268 -21.3049
v  2.5696 11.4813 -20.9864
v  2.2876 11.7828 -21.5829
v  -0.3059 12.7938 -19.1659
v  1.1916 12.1873 -19.7784
v  2.1686 11.7818 -20.1724
v  1.8641 11.8623 -20.6679
v  2.8501 11.3708 -20.4589
v  1.5896 12.1538 -21.2264
v  0.4451 18.1428 -26.8239
v  -0.0274 18.0333 -26.3154
v  1.0056 18.2368 -27.3569
v  1.2541 17.7208 -26.9729
v  0.6871 17.6533 -26.4849
v  0.2291 17.6258 -25.9784
v  3.6326 11.0953 -20.7319
v  -0.1859 17.6613 -25.4244
v  -0.4779 17.9813 -25.7749
v  2.2046 16.4558 -26.8749
v  1.9066 17.6878 -27.5664
v  1.5546 16.5928 -26.3029
v  1.0461 16.6818 -25.7639
v  0.6181 16.7658 -25.2269
v  1.7556 18.3203 -27.9254
v  -1.3119 19.0773 -21.9294
v  -1.2544 18.7158 -21.7164
v  0.3546 18.4128 -23.3454
v  0.3566 18.8218 -23.6354
v  -1.1134 18.1558 -21.2809
v  0.4811 17.7633 -22.6999
v  0.1536 16.8103 -24.7169
v  2.4161 17.1248 -24.6229
v  2.2841 17.9703 -25.3079
v  1.7321 18.0723 -24.7989
v  1.8416 17.2678 -24.1119
v  1.2211 18.6398 -24.5799
v  1.1901 18.1818 -24.2829
v  1.7641 18.5458 -25.0674
v  1.7766 18.9473 -25.1774
v  1.2196 19.0393 -24.7134
v  1.2976 17.4343 -23.5844
v  -0.9784 21.6863 -28.2794
v  -0.4314 21.6993 -29.1474
v  -1.6359 22.5808 -29.3434
v  -2.1009 22.5213 -28.4739
v  -2.5144 22.5258 -27.6449
v  -1.4319 21.7688 -27.4329
v  -0.3779 21.2723 -27.1804
v  0.1101 21.1543 -28.0314
v  0.6941 21.0748 -28.8924
v  2.2756 18.4438 -25.5779
v  2.2561 18.8413 -25.7019
v  -1.8699 21.8753 -26.5934
v  -2.9069 22.5583 -26.8134
v  -0.8369 21.4508 -26.3149
v  2.0866 20.7723 -29.4144
v  1.2656 20.8468 -28.6844
v  1.4526 21.0363 -29.7724
v  0.2366 21.7928 -30.0664
v  -1.0629 22.7838 -30.2594
v  -3.6969 19.3583 -24.5084
v  -2.7274 19.6528 -25.9889
v  -3.9679 19.7153 -24.6644
v  -3.0829 20.0093 -26.2149
v  -2.7234 20.9358 -28.7509
v  -3.0339 20.8438 -28.1764
v  -3.7929 21.5913 -28.6529
v  -3.4849 21.7093 -29.2239
v  -1.9334 20.3648 -28.2699
v  -2.2539 20.2833 -27.6919
v  -2.1699 19.8353 -26.8639
v  -1.8654 19.8963 -27.4699
v  -2.5464 20.2213 -27.0924
v  -4.4629 20.1653 -24.9629
v  -4.9809 20.6728 -25.2739
v  -4.4409 21.2563 -27.0729
v  -3.7644 20.5753 -26.6484
v  -3.3109 20.7988 -27.5794
v  -4.0599 21.5273 -28.0534
v  -1.4794 20.0028 -28.0114
v  -5.1369 25.7693 -31.5534
v  -5.5879 25.2563 -30.8509
v  -6.1704 25.7108 -31.0674
v  -5.5734 26.1908 -31.6969
v  -4.7434 25.2158 -31.4864
v  -5.0659 24.6788 -30.7134
v  -5.9459 24.7158 -30.2689
v  -6.1489 24.3433 -29.5979
v  -6.7869 24.6053 -29.8599
v  -6.6119 25.0963 -30.5504
v  -5.3214 24.3388 -29.9949
v  -5.5649 24.0763 -29.3289
v  -4.3079 24.4943 -31.4129
v  -4.5914 24.0293 -30.6204
v  -6.0844 24.2263 -23.9079
v  -5.9794 23.8668 -24.0134
v  -5.5124 24.5218 -25.7359
v  -5.6729 24.8788 -25.6849
v  -5.7064 25.3133 -25.6994
v  -6.1029 24.6243 -23.8504
v  -6.2754 24.1178 -28.8444
v  -5.7929 23.8328 -28.6519
v  -6.8314 24.3078 -29.0609
v  -5.3024 25.3368 -26.8104
v  -5.1129 24.9853 -26.8489
v  -4.8039 25.3193 -27.6849
v  -5.0084 25.6773 -27.6329
v  -5.0084 26.1038 -27.5959
v  -5.3474 25.7713 -26.8259
v  -5.1149 24.0333 -25.7724
v  -5.6629 23.4493 -24.0779
v  -7.2484 25.7228 -24.3679
v  -6.7019 25.5508 -24.2014
v  -6.0589 26.8398 -26.0879
v  -6.7109 27.3073 -26.3129
v  -6.3029 25.1563 -23.9659
v  -5.7459 26.0788 -25.8429
v  -4.5444 25.6273 -28.5459
v  -4.7794 26.0003 -28.4824
v  -4.6844 26.4333 -28.3834
v  -7.3724 27.1818 -30.1424
v  -7.7694 26.7858 -29.5309
v  -7.8924 27.5773 -29.3944
v  -7.3989 27.8703 -30.0104
v  -6.8844 27.5518 -30.7639
v  -6.8399 26.9653 -30.9519
v  -7.2539 26.5163 -30.2804
v  -7.5399 26.0538 -29.6154
v  -7.8924 26.4008 -28.7949
v  -7.6439 25.6528 -28.8694
v  -8.0584 27.1733 -28.6494
v  -6.1464 26.6668 -31.8994
v  -6.6319 26.3033 -31.1024
v  -6.4579 27.3188 -31.8329
v  -7.0334 25.7928 -30.4689
v  -7.2784 25.2713 -29.7984
v  -6.4644 27.8968 -31.5619
v  -3.5819 24.0873 -28.6084
v  -3.2369 24.2738 -29.4879
v  -3.8539 25.1768 -29.4544
v  -4.1399 24.9233 -28.5969
v  -4.3904 24.6953 -27.7239
v  -3.8339 23.9688 -27.7329
v  -7.3634 24.8743 -29.0364
v  -4.6969 24.4288 -26.8819
v  -4.1424 23.8088 -26.8884
v  -2.0119 23.6713 -30.3779
v  -2.5234 23.4363 -29.4454
v  -2.7779 24.5383 -30.3969
v  -2.9204 23.3183 -28.5669
v  -3.2614 23.2588 -27.7254
v  -3.5234 25.4623 -30.2899
v  -5.3674 23.2398 -28.6259
v  -5.6959 22.7953 -27.5539
v  -5.0854 23.5028 -29.2539
v  -4.6594 22.8633 -29.1744
v  -4.9194 22.6438 -28.5534
v  -5.2429 22.2648 -27.5109
v  -3.5974 23.2083 -26.8844
v  -4.8109 23.7563 -29.8884
v  -4.3639 23.1138 -29.7729
v  -5.3709 21.1238 -25.5149
v  -4.8739 21.7938 -27.3509
v  -5.7354 21.5348 -25.6484
v  -4.5299 22.1183 -28.3634
v  -4.2749 22.2563 -28.9739
v  -6.1714 21.9358 -25.6319
v  -3.9729 22.4418 -29.5544
v  2.8601 6.5058 -7.0789
v  2.2771 6.5708 -7.1579
v  2.2136 6.3898 -6.7329
v  2.7781 6.2788 -6.6059
v  2.8321 6.4303 -7.6034
v  2.2646 6.5428 -7.6224
v  1.7221 6.6493 -7.2164
v  1.7056 6.6198 -7.6279
v  1.6651 6.5213 -6.8274
v  2.6481 5.8878 -6.3209
v  2.0916 6.0578 -6.4699
v  1.5341 6.2253 -6.5939
v  1.6081 6.4433 -7.9184
v  2.1831 6.3773 -7.9639
v  2.0656 6.1153 -8.2604
v  1.5036 6.2803 -8.2194
v  1.6196 6.9393 -10.2634
v  1.5431 6.4913 -9.2359
v  2.1276 6.2903 -9.3424
v  2.1846 6.6978 -10.3844
v  2.6191 5.9733 -8.3134
v  2.5446 5.8118 -8.7679
v  2.6421 6.0753 -9.4334
v  2.0426 6.0468 -8.7009
v  2.7366 6.2248 -7.9884
v  1.5201 6.3428 -8.6099
v  2.6901 6.4228 -10.5084
v  0.6586 20.9423 -27.8784
v  0.1866 21.1323 -27.0209
v  0.5856 21.1373 -26.7399
v  1.0286 20.8708 -27.5719
v  2.4356 19.6383 -25.6634
v  1.9256 19.7288 -25.1019
v  2.2056 20.4548 -26.0544
v  1.7276 20.5833 -25.3974
v  0.1066 21.3153 -25.8849
v  0.7036 21.2993 -25.3094
v  1.1406 20.6213 -24.8149
v  1.2406 21.2123 -26.0619
v  -0.2939 21.2838 -26.1479
v  1.6871 20.9853 -26.8254
v  1.3136 19.7813 -24.6409
v  -7.0449 28.5783 -29.7134
v  -7.6009 28.4538 -28.9974
v  -6.7504 28.7858 -28.4899
v  -6.3219 28.8928 -29.3109
v  -7.8329 27.9453 -28.2419
v  -7.1049 28.2743 -27.7784
v  -6.2604 28.1083 -27.4069
v  -5.6154 27.4628 -27.1819
v  -5.1989 27.8383 -27.8314
v  -5.8714 28.5098 -28.1059
v  -5.5214 28.7403 -28.9154
v  -4.8624 28.1143 -28.6069
v  -4.7004 27.1953 -28.4589
v  -5.0459 26.8933 -27.6979
v  -5.3704 26.5848 -26.9629
v  -0.3519 28.6233 -39.3929
v  -0.1124 28.8293 -39.5314
v  -1.3904 29.9988 -39.7574
v  -1.2454 30.4098 -40.1819
v  -2.0684 30.5073 -39.8834
v  -2.5849 30.6268 -39.8679
v  -2.4549 30.8803 -40.2799
v  -1.9514 30.7518 -40.3079
v  -3.1084 30.9648 -39.7459
v  -3.3734 31.4778 -39.4769
v  -3.2029 31.7203 -39.9224
v  -2.9474 31.2193 -40.1609
v  -3.4184 31.9938 -39.2049
v  -3.2489 32.2428 -39.6674
v  -3.2024 32.4823 -38.9194
v  -3.0339 32.7403 -39.3904
v  -2.6509 32.8028 -38.6524
v  -2.5049 33.0933 -39.1264
v  -2.0514 32.9533 -38.3939
v  -1.8844 33.2058 -38.8864
v  -1.5574 32.8233 -38.1324
v  -1.2064 32.4113 -38.0279
v  -0.9779 32.6543 -38.4989
v  -1.3699 33.0618 -38.6289
v  -0.7954 32.1393 -38.6124
v  -1.0009 31.9028 -38.1509
v  -0.9404 31.4248 -38.4024
v  -0.7369 31.6798 -38.8504
v  0.5776 28.9868 -38.5279
v  -0.3519 30.4598 -38.6479
v  0.9051 29.2008 -39.1669
v  -0.0909 30.8638 -39.3339
v  -0.7384 31.1268 -38.5589
v  -0.4999 31.3893 -39.0514
v  0.3946 28.9978 -39.6179
v  -0.4399 30.4933 -39.9829
v  -1.8474 31.1023 -40.7989
v  -2.3349 31.2358 -40.8154
v  -2.1569 31.6433 -41.3469
v  -1.7064 31.4888 -41.3084
v  -1.2474 31.4673 -41.1444
v  -1.3304 31.0533 -40.7159
v  -2.7594 31.5858 -40.7289
v  -2.5029 31.9718 -41.3039
v  -2.9844 32.0708 -40.5614
v  -2.7034 32.4068 -41.2189
v  -2.9914 32.6023 -40.3589
v  -2.6814 32.9168 -41.0839
v  -2.7459 33.0883 -40.1354
v  -2.4319 33.3743 -40.9329
v  -2.2529 33.4063 -39.9409
v  -1.9939 33.6623 -40.8119
v  -1.6824 33.4703 -39.7594
v  -1.4774 33.7313 -40.6759
v  -1.1764 33.3353 -39.5169
v  -0.7414 32.9853 -39.3329
v  -0.6579 33.1738 -40.2909
v  -1.0074 33.5273 -40.4774
v  -2.2354 32.2383 -41.8319
v  -1.9039 31.9788 -41.8459
v  -2.4224 32.6063 -41.7699
v  -2.1624 32.7208 -42.0424
v  -1.9314 32.5518 -42.1594
v  -1.6039 32.3863 -42.1964
v  -2.4174 33.0593 -41.6774
v  -2.0834 33.0543 -42.0604
v  -2.1894 33.4593 -41.5704
v  -2.0054 33.3823 -41.9144
v  -0.5684 32.5003 -39.3544
v  -0.5209 32.0893 -39.4734
v  -0.5124 32.4338 -40.1909
v  -0.4929 32.7918 -40.1924
v  -1.7824 33.7183 -41.4924
v  -1.6639 33.5013 -41.9929
v  -1.2824 33.7918 -41.3914
v  -1.2034 33.5103 -41.9239
v  -1.7254 33.0263 -42.2519
v  -1.3234 32.9743 -42.2729
v  -0.9694 32.8898 -42.1204
v  -0.7279 32.7933 -41.8624
v  -0.8384 32.3093 -41.8014
v  -1.2204 32.3223 -42.0849
v  -0.8269 33.3803 -41.7884
v  -0.5569 33.1468 -41.5854
v  -0.8544 33.5823 -41.2189
v  -0.5584 33.2573 -41.0269
v  -0.7824 31.2068 -40.3739
v  -0.9029 31.5853 -40.7709
v  -0.7194 31.8463 -40.4534
v  -0.4929 31.4693 -39.9299
v  -1.1049 31.8663 -41.5529
v  -1.4809 31.8598 -41.7844
v  -0.6064 32.1198 -40.2744
v  -0.5774 32.3413 -40.9349
v  -0.5954 32.5193 -41.4459
v  -0.4799 32.6623 -41.2129
v  -0.4624 32.6113 -40.7999
v  -0.7299 32.0863 -41.1149
v  -0.8839 31.8533 -41.1929
v  -0.5949 32.7398 -41.6329
v  -0.4709 32.8798 -41.3484
v  -0.4439 32.9113 -40.8579
v  -2.8194 2.2208 -3.4179
v  -2.7479 1.7378 -2.5314
v  -3.6169 1.2953 -2.8184
v  -3.7629 1.8418 -3.6664
v  -4.1834 1.4823 -2.5649
v  -4.3039 2.0758 -3.3789
v  -1.5179 1.9283 -3.2269
v  -1.5459 1.3663 -2.3829
v  -0.3869 -0.0922 -0.6054
v  -0.4104 0.1693 -1.1134
v  0.3351 -0.1617 -1.0064
v  0.3241 -0.4172 -0.5119
v  0.8356 -0.4527 -0.9689
v  0.7931 -0.7087 -0.4829
v  0.3501 0.1028 -1.4954
v  -0.4234 0.4563 -1.6074
v  0.8741 -0.1997 -1.4569
v  3.9626 -1.3982 -3.1659
v  3.5111 -1.1277 -3.2349
v  4.4231 -1.6282 -3.0639
v  3.9336 -1.8522 -1.9739
v  3.5526 -1.6562 -2.0794
v  3.1891 -1.4347 -2.1699
v  2.7456 -1.9212 -0.4779
v  2.8851 -1.7527 -0.9739
v  3.2306 -1.9397 -0.9069
v  3.0971 -2.1022 -0.4334
v  3.5911 -2.1147 -0.8314
v  3.4631 -2.2747 -0.3819
v  4.4246 -2.0357 -1.8769
v  4.9571 -1.8192 -2.9414
v  5.4981 -1.9137 -2.7799
v  4.9641 -2.1702 -1.7704
v  3.3481 -1.8072 -1.3889
v  3.0096 -1.6102 -1.4749
v  3.7041 -1.9882 -1.2944
v  5.9416 -1.8542 -2.5814
v  5.4841 -2.1917 -1.6284
v  5.7256 -2.3302 -0.3124
v  5.4506 -2.4722 -0.4894
v  5.6456 -2.3017 -0.8779
v  5.9206 -2.1582 -0.7009
v  6.1046 -2.0002 -0.5199
v  5.9041 -2.1617 -0.1109
v  5.5246 -2.4917 0.0596
v  5.2581 -2.6467 -0.1194
v  5.6906 -2.3112 0.2761
v  6.1746 -1.7252 -0.3434
v  5.9726 -1.8987 0.1046
v  5.8801 -1.5202 -0.3009
v  5.7341 -1.6567 0.2131
v  5.7506 -2.0657 0.5271
v  5.5336 -1.4832 -0.2444
v  5.4236 -1.5942 0.2831
v  5.0446 -1.4282 -0.1129
v  4.9671 -1.5487 0.4171
v  4.3421 -1.2952 0.1291
v  4.2436 -1.4412 0.6791
v  3.5091 -0.9542 0.3726
v  3.3801 -1.1282 0.9421
v  2.8666 0.1198 -1.1654
v  2.7231 -0.1427 -0.2124
v  2.0761 0.9403 -1.0504
v  1.9221 0.6308 -0.1404
v  2.6191 -0.3237 0.4966
v  1.8091 0.4078 0.5366
v  1.6916 0.1988 1.0856
v  2.4941 -0.5162 1.0631
v  1.2976 1.2403 -0.1554
v  1.4936 1.5908 -1.0189
v  1.0171 2.0623 -1.0549
v  0.7841 1.6788 -0.2289
v  1.1651 1.0018 0.4991
v  0.6501 1.4533 0.4226
v  0.5626 1.3023 0.9816
v  1.0581 0.8118 1.0466
v  -2.5149 4.1853 -0.2104
v  -1.9479 3.7033 -0.3749
v  -1.8614 4.1223 -1.1819
v  -2.3984 4.6408 -0.9814
v  -3.0974 4.9018 -0.9034
v  -3.2424 4.4158 -0.2159
v  -2.6194 3.8108 0.3361
v  -3.3509 4.0643 0.3046
v  -3.4414 3.7718 0.7316
v  -2.7059 3.4943 0.7841
v  -2.0724 3.1333 0.7146
v  -2.0169 3.3883 0.2206
v  -3.9684 4.8583 -0.9989
v  -4.0789 4.3998 -0.4704
v  -4.6099 4.3103 -1.4594
v  -4.7219 3.9478 -0.9754
v  -4.1459 4.0428 -0.0724
v  -4.8359 3.8288 -0.5274
v  -4.9214 3.6343 -0.1849
v  -4.2269 3.7608 0.2941
v  -5.9744 3.9888 -1.9494
v  -5.9999 3.7133 -1.5714
v  -5.9354 3.9628 -1.3609
v  -5.8599 4.2803 -1.7204
v  -5.3249 4.3328 -1.5644
v  -5.4354 4.0378 -1.1404
v  -5.5069 3.8263 -0.8094
v  -5.9549 3.7343 -1.0464
v  -5.9854 3.5673 -0.7359
v  -5.5604 3.6398 -0.5229
v  -6.1039 3.3483 -0.8914
v  -6.0479 3.5113 -1.2229
v  -5.9884 3.2993 -1.3364
v  -6.0964 3.1133 -1.0144
v  1.1896 -0.6947 -0.9729
v  1.1261 -0.9352 -0.4844
v  1.4781 -0.8957 -0.9924
v  1.3956 -1.1207 -0.4979
v  1.9701 -0.6207 -2.1969
v  2.1431 -0.2107 -3.1959
v  2.5261 -0.4712 -3.2364
v  2.3271 -0.8697 -2.2204
v  1.2446 -0.4592 -1.4689
v  1.5491 -0.6777 -1.4959
v  3.0091 -0.7952 -3.2519
v  2.7561 -1.1577 -2.2144
v  2.1956 -1.1147 -1.5369
v  2.6021 -1.3687 -1.5234
v  2.4831 -1.5272 -1.0129
v  2.0901 -1.2937 -1.0249
v  1.7666 -1.0892 -1.0134
v  1.8551 -0.8902 -1.5234
v  0.5901 2.3753 -1.1219
v  0.1936 2.6073 -1.2079
v  -0.0364 2.1853 -0.4039
v  0.3541 1.9718 -0.3109
v  2.3506 -1.7082 -0.5089
v  1.9711 -1.4912 -0.5214
v  1.6656 -1.3002 -0.5134
v  0.2361 1.7683 0.3516
v  -0.1429 1.9823 0.2656
v  -0.2054 1.8573 0.8451
v  0.1611 1.6348 0.9221
v  -0.1939 2.8608 -1.2844
v  -0.6479 3.1833 -1.3209
v  -0.8584 2.7243 -0.5389
v  -0.4204 2.4163 -0.4929
v  -0.5264 2.1778 0.1626
v  -0.9734 2.4303 0.0871
v  -1.0449 2.2223 0.6261
v  -0.5819 2.0373 0.7346
v  -1.2724 3.5858 -1.3139
v  -1.4374 3.1283 -0.5294
v  -1.5069 2.8443 0.0996
v  -1.5379 2.6468 0.6346
v  -2.6699 1.4048 -1.8449
v  -1.5194 0.9633 -1.7674
v  -1.4649 0.1338 -1.8474
v  -2.5884 0.5898 -1.8844
v  -2.5014 0.2653 -1.3189
v  -1.4009 -0.1697 -1.3269
v  -5.2034 2.6188 -2.7864
v  -5.1959 1.9003 -2.2354
v  -5.4914 1.9443 -2.3049
v  -5.5974 2.6088 -2.7159
v  -4.9094 2.4928 -2.9529
v  -4.9079 1.7673 -2.2839
v  -3.3909 0.5858 -1.6039
v  -4.0479 0.4848 -1.5354
v  -4.1059 0.9708 -1.9789
v  -3.4934 0.9093 -2.1659
v  -4.6149 2.3238 -3.1274
v  -4.5824 1.6253 -2.3904
v  -5.1809 1.3978 -1.8784
v  -5.1694 1.0098 -1.6224
v  -5.4574 1.1713 -1.7994
v  -5.4594 1.5043 -2.0159
v  -4.8699 1.2223 -1.8459
v  -4.8389 0.7853 -1.5369
v  -4.5304 1.0763 -1.8684
v  -4.4959 0.5928 -1.4889
v  5.2081 -2.3772 -1.0279
v  4.6881 -2.3127 -1.1309
v  5.0276 -2.5197 -0.6159
v  4.5361 -2.4387 -0.6919
v  3.9046 -2.4517 -0.3254
v  4.0431 -2.2922 -0.7614
v  4.3766 -2.6007 -0.2709
v  4.8461 -2.6937 -0.2259
v  4.1706 -2.1672 -1.2129
v  -5.9114 2.8298 -1.1054
v  -5.8004 3.0728 -1.4509
v  -5.6839 2.7753 -1.5934
v  -5.7699 2.5088 -1.2234
v  -5.7339 1.8168 -1.8884
v  -5.6854 2.1318 -1.9949
v  -5.6874 2.0523 -2.2154
v  -5.6679 1.6593 -2.0059
v  -5.6534 1.3738 -1.7899
v  -5.7559 1.5698 -1.7124
v  -5.6699 2.6438 -2.3839
v  -5.6284 2.5738 -2.0359
v  -5.7044 2.0998 -1.7794
v  -5.7259 1.8928 -1.7764
v  -5.7624 1.7453 -1.6284
v  -5.7484 1.9538 -1.5514
v  -5.6729 2.4198 -1.7129
v  -5.7404 2.2103 -1.4009
v  -0.4564 31.7533 -39.6494
# 3383 vertices

vn -0.8480 -0.4652 -0.2541
vn -0.7350 -0.5719 -0.3643
vn -0.7293 -0.5929 -0.3414
vn -0.8487 -0.4615 -0.2584
vn -0.7629 -0.5133 -0.3931
vn -0.8182 -0.5046 -0.2756
vn -0.8026 -0.5138 -0.3030
vn -0.8193 -0.4899 -0.2979
vn -0.7623 -0.5548 -0.3332
vn -0.8243 -0.4858 -0.2908
vn -0.8205 -0.4894 -0.2955
vn -0.7932 -0.5247 -0.3090
vn -0.7623 -0.5605 -0.3236
vn -0.7416 -0.5751 -0.3453
vn -0.7534 -0.5665 -0.3339
vn -0.3400 -0.8295 -0.4430
vn -0.0768 -0.9634 -0.2568
vn 0.0319 -0.8569 -0.5145
vn -0.3219 -0.8067 -0.4955
vn -0.4107 -0.8005 -0.4364
vn -0.2485 -0.9500 -0.1891
vn 0.0716 -0.8479 -0.5252
vn 0.1373 -0.8679 -0.4773
vn -0.1634 -0.8171 -0.5529
vn -0.2877 -0.8069 -0.5159
vn -0.4513 -0.7469 -0.4883
vn -0.4626 -0.7231 -0.5130
vn -0.5488 -0.6653 -0.5062
vn -0.5415 -0.7112 -0.4483
vn -0.4974 -0.7545 -0.4281
vn -0.3966 -0.7866 -0.4733
vn -0.3165 -0.7945 -0.5183
vn -0.3391 -0.7819 -0.5232
vn -0.3447 -0.7901 -0.5069
vn -0.4070 -0.7477 -0.5246
vn -0.3439 -0.7909 -0.5062
vn -0.4271 -0.7136 -0.5553
vn -0.4955 -0.6634 -0.5607
vn -0.3228 -0.8115 -0.4870
vn -0.3179 -0.8198 -0.4763
vn -0.1448 -0.8483 -0.5094
vn -0.1731 -0.8463 -0.5037
vn -0.1550 -0.8816 -0.4458
vn 0.8817 0.2201 0.4173
vn 0.8796 0.2984 0.3705
vn 0.8443 -0.5322 0.0623
vn 0.8488 -0.5240 0.0712
vn 0.8270 -0.5486 0.1233
vn 0.9420 -0.0236 0.3348
vn 0.4506 0.7305 0.5131
vn 0.1946 0.8651 0.4623
vn 0.2543 0.8998 0.3546
vn 0.7187 0.5814 0.3813
vn 0.6555 0.6196 0.4316
vn 0.6568 0.6299 0.4145
vn 0.6148 0.6597 0.4322
vn 0.5635 0.6886 0.4563
vn 0.7427 0.5563 0.3727
vn 0.5110 0.6891 0.5138
vn 0.3769 0.7478 0.5466
vn 0.2249 0.7778 0.5868
vn 0.4234 0.7156 0.5556
vn 0.3759 0.7405 0.5571
vn 0.3495 0.6453 0.6793
vn 0.3572 0.6589 0.6621
vn 0.5374 0.6687 0.5139
vn 0.5252 0.6208 0.5820
vn 0.4595 0.7385 0.4935
vn 0.3805 0.7829 0.4922
vn 0.7323 0.4738 0.4891
vn 0.7497 0.3351 0.5707
vn 0.6211 0.3926 0.6783
vn 0.6111 0.5419 0.5770
vn -0.2499 0.7801 0.5736
vn -0.1206 0.7930 0.5972
vn -0.3577 0.6999 0.6182
vn -0.4437 0.6722 0.5927
vn -0.4740 0.6702 0.5710
vn -0.3698 0.7509 0.5472
vn -0.4681 -0.5872 -0.6604
vn -0.5157 -0.5007 -0.6952
vn -0.7802 -0.4480 -0.4366
vn -0.7402 -0.5179 -0.4288
vn -0.7373 -0.5830 -0.3414
vn -0.4984 -0.6710 -0.5489
vn -0.2838 -0.6786 -0.6774
vn -0.3272 -0.5795 -0.7464
vn -0.3655 -0.4927 -0.7897
vn -0.4201 -0.7711 -0.4785
vn -0.3233 -0.8586 -0.3978
vn -0.7280 -0.5747 -0.3738
vn -0.6569 -0.6175 -0.4326
vn -0.3846 -0.7018 -0.5996
vn -0.2605 -0.7273 -0.6350
vn -0.2789 -0.6202 -0.7332
vn -0.0972 -0.4773 -0.8733
vn 0.0261 -0.3133 -0.9493
vn -0.1290 -0.5405 -0.8314
vn -0.5363 -0.6166 -0.5763
vn -0.3937 -0.5736 -0.7183
vn -0.8084 -0.5193 -0.2771
vn -0.7975 -0.5531 -0.2410
vn -0.7470 -0.5825 -0.3204
vn -0.7770 -0.5579 -0.2915
vn -0.7560 -0.5704 -0.3210
vn -0.6853 -0.5832 -0.4361
vn -0.8093 -0.5257 -0.2621
vn -0.8210 -0.5014 -0.2731
vn -0.2292 -0.9716 -0.0585
vn -0.3095 -0.9454 0.1020
vn -0.3636 -0.9164 0.1676
vn -0.3606 -0.9229 -0.1348
vn -0.3449 -0.8768 -0.3350
vn -0.2484 -0.5640 -0.7875
vn -0.2631 -0.6068 -0.7501
vn -0.3683 -0.9064 -0.2069
vn -0.0938 -0.2344 -0.9676
vn -0.0090 -0.1024 -0.9947
vn -0.1142 -0.1400 -0.9835
vn -0.1217 -0.1806 -0.9760
vn -0.4012 -0.8827 -0.2445
vn -0.4524 -0.8762 0.1660
vn -0.4891 -0.8621 0.1328
vn -0.4429 -0.8362 -0.3235
vn 0.5922 -0.8056 -0.0158
vn 0.8465 -0.3327 0.4156
vn 0.5016 -0.5334 0.6811
vn 0.2736 -0.9195 0.2823
vn 0.0878 -0.9381 -0.3351
vn -0.0310 -0.9978 -0.0587
vn 0.2414 -0.8073 -0.5385
vn 0.7047 -0.6655 -0.2460
vn 0.9732 -0.1506 0.1736
vn 0.3927 -0.6221 -0.6774
vn 0.5629 -0.4134 -0.7157
vn 0.6714 -0.1082 -0.7331
vn 0.7557 -0.3884 -0.5273
vn 0.8252 0.2556 -0.5037
vn 0.9802 0.0877 -0.1773
vn 0.2264 -0.2201 0.9488
vn 0.5930 -0.3517 0.7243
vn 0.4626 -0.7471 0.4773
vn 0.1455 -0.6175 0.7730
vn 0.3713 -0.0725 0.9257
vn 0.1667 0.2562 0.9521
vn 0.2590 0.1688 0.9510
vn 0.3660 0.2432 0.8983
vn 0.6179 0.3933 0.6808
vn 0.6938 0.1639 0.7013
vn 0.4642 0.3313 0.8214
vn 0.4220 0.1726 0.8900
vn 0.6688 0.3107 0.6754
vn 0.6025 0.5470 0.5812
vn -0.3472 -0.8194 -0.4561
vn -0.2416 -0.8419 -0.4826
vn -0.1662 -0.7125 -0.6817
vn -0.2874 -0.6642 -0.6901
vn -0.3235 -0.6568 -0.6811
vn -0.3676 -0.8189 -0.4409
vn -0.3765 -0.9196 -0.1125
vn -0.3277 -0.9246 -0.1940
vn -0.2163 -0.9424 -0.2553
vn -0.2169 -0.8939 -0.3922
vn -0.2368 -0.9134 -0.3311
vn -0.2282 -0.9158 -0.3305
vn -0.0475 -0.6218 -0.7817
vn -0.1069 -0.6669 -0.7374
vn -0.1790 -0.7357 -0.6532
vn 0.1733 0.1109 0.9786
vn 0.1796 0.1546 0.9715
vn 0.4630 0.6005 0.6519
vn 0.4667 0.5611 0.6836
vn 0.2538 0.7125 0.6541
vn 0.0718 0.2998 0.9513
vn 0.0354 0.0681 0.9970
vn 0.1662 0.1277 0.9778
vn 0.1664 0.1463 0.9751
vn 0.6332 0.7736 0.0255
vn 0.5893 0.8074 0.0294
vn 0.5460 0.7056 -0.4516
vn 0.5990 0.6527 -0.4638
vn 0.4809 0.7722 -0.4153
vn 0.4374 0.8951 0.0870
vn 0.4576 0.6109 -0.6461
vn 0.5414 0.5188 -0.6616
vn 0.6015 0.6755 -0.4265
vn 0.5259 0.6923 -0.4942
vn 0.4882 0.5917 -0.6415
vn 0.5358 0.7679 -0.3510
vn 0.6737 0.5736 0.4659
vn 0.5898 0.6773 0.4397
vn 0.5110 0.5456 0.6642
vn 0.5427 0.7633 0.3504
vn 0.6598 0.7010 0.2708
vn 0.6047 0.7378 0.3001
vn 0.6667 0.7357 0.1194
vn 0.5406 0.8400 0.0465
vn 0.5342 0.7990 -0.2761
vn 0.7091 0.7037 -0.0440
vn 0.7346 0.6567 0.1709
vn 0.6640 0.7096 0.2356
vn -0.5465 -0.5385 -0.6414
vn -0.5304 -0.6211 -0.5770
vn -0.7904 -0.5320 -0.3037
vn -0.8198 -0.4447 -0.3609
vn -0.2967 -0.5608 -0.7730
vn -0.2451 -0.6195 -0.7458
vn -0.2393 -0.5957 -0.7667
vn -0.1769 -0.6220 -0.7627
vn -0.3711 -0.5103 -0.7758
vn -0.4416 -0.5732 -0.6903
vn -0.3333 -0.6524 -0.6807
vn -0.2835 -0.6705 -0.6856
vn -0.4722 -0.6817 -0.5589
vn -0.4424 -0.6996 -0.5611
vn -0.5072 -0.6535 -0.5619
vn -0.5662 -0.6608 -0.4927
vn -0.5368 -0.6974 -0.4748
vn -0.4917 -0.7263 -0.4802
vn -0.4754 -0.7572 -0.4480
vn -0.4398 -0.7762 -0.4518
vn -0.5151 -0.7004 -0.4940
vn -0.4735 -0.7300 -0.4928
vn -0.4526 -0.7772 -0.4371
vn -0.4398 -0.7842 -0.4377
vn 0.4748 0.7829 0.4020
vn 0.9020 0.2335 0.3631
vn 0.9561 -0.1132 0.2704
vn 0.8305 0.2619 0.4917
vn 0.5885 0.5452 0.5971
vn 0.4011 0.8070 0.4335
vn 0.4050 0.8671 0.2901
vn 0.6427 0.6830 0.3470
vn 0.9155 0.1654 0.3667
vn 0.4738 0.7553 0.4528
vn 0.4209 0.7830 0.4580
vn 0.5413 0.7399 0.3993
vn 0.5897 0.6831 0.4308
vn 0.5343 0.6327 0.5605
vn 0.4659 0.7146 0.5218
vn 0.4390 0.7410 0.5082
vn 0.4275 0.7707 0.4725
vn 0.4129 0.7815 0.4677
vn 0.5922 0.6331 0.4984
vn 0.7783 0.5372 0.3251
vn 0.8032 0.5227 0.2856
vn 0.6218 0.6279 0.4681
vn 0.5562 0.6402 0.5299
vn 0.5519 0.6530 0.5187
vn 0.5780 0.6280 0.5212
vn 0.5913 0.6161 0.5204
vn 0.7601 0.5452 0.3536
vn -0.4123 -0.8374 -0.3589
vn -0.3830 -0.8386 -0.3874
vn -0.3884 -0.7510 -0.5340
vn -0.4147 -0.7319 -0.5406
vn -0.4323 -0.7296 -0.5299
vn -0.4435 -0.8235 -0.3539
vn -0.4434 -0.8643 -0.2376
vn -0.3248 -0.9018 -0.2852
vn -0.2392 -0.9078 -0.3446
vn 0.7061 0.5921 0.3885
vn 0.1892 0.5960 0.7804
vn 0.1420 0.6363 0.7582
vn 0.6832 0.6180 0.3890
vn 0.7410 0.5506 0.3844
vn 0.1970 0.5863 0.7858
vn 0.8121 0.4559 -0.3643
vn 0.7447 0.6293 -0.2222
vn 0.6943 0.7045 -0.1470
vn 0.7753 0.5543 -0.3027
vn 0.8346 0.2083 -0.5100
vn 0.9864 0.0458 -0.1579
vn 0.9121 0.4012 -0.0841
vn 0.7958 0.6033 -0.0531
vn -0.0311 -0.4000 -0.9160
vn -0.0329 -0.4345 -0.9001
vn 0.0030 -0.2619 -0.9651
vn -0.1604 -0.4861 -0.8590
vn -0.0865 -0.4679 -0.8795
vn -0.0463 -0.4654 -0.8839
vn 0.7231 0.6695 -0.1697
vn 0.7191 0.6895 0.0869
vn 0.7900 0.5831 -0.1897
vn 0.7934 0.6026 -0.0865
vn 0.5698 0.7869 -0.2371
vn 0.5951 0.8010 0.0654
vn 0.6600 0.6388 0.3955
vn 0.8240 0.5119 0.2429
vn 0.8276 0.5333 0.1751
vn 0.6809 0.6826 0.2655
vn 0.6039 0.7377 0.3019
vn 0.5745 0.6792 0.4567
vn -0.6377 -0.5248 -0.5638
vn -0.5996 -0.5186 -0.6095
vn -0.2287 -0.4749 -0.8498
vn -0.2669 -0.4901 -0.8298
vn -0.8134 -0.4941 -0.3069
vn -0.8001 -0.5092 -0.3172
vn -0.5563 -0.5892 -0.5860
vn -0.2243 -0.5515 -0.8034
vn -0.7885 -0.5353 -0.3029
vn 0.0250 -0.3731 -0.9274
vn 0.0116 -0.4268 -0.9043
vn -0.0548 -0.5125 -0.8569
vn 0.0538 -0.3026 -0.9516
vn -0.0905 -0.5408 -0.8362
vn -0.1856 -0.6398 -0.7458
vn -0.1221 -0.3432 -0.9313
vn -0.2969 -0.6453 -0.7038
vn -0.3704 -0.7651 -0.5268
vn -0.2505 -0.5224 -0.8151
vn -0.4016 -0.7181 -0.5683
vn -0.4445 -0.7607 -0.4731
vn -0.3414 -0.5296 -0.7765
vn -0.3666 -0.7792 -0.5084
vn -0.3733 -0.7493 -0.5470
vn -0.3295 -0.4023 -0.8542
vn -0.2758 -0.0918 -0.9568
vn -0.2679 -0.2126 -0.9397
vn -0.4075 -0.8020 -0.4368
vn -0.3992 -0.8262 -0.3974
vn 0.9035 0.3505 0.2467
vn 0.8576 0.3727 0.3544
vn 0.7953 0.5169 0.3168
vn 0.8094 0.5417 0.2268
vn 0.9771 -0.0749 0.1993
vn 0.9487 -0.1218 0.2917
vn 0.8621 0.3880 0.3259
vn 0.6184 0.7248 0.3037
vn 0.9476 -0.1530 0.2803
vn 0.5495 0.8305 0.0906
vn 0.5307 0.8470 0.0314
vn 0.4944 0.8530 0.1672
vn 0.4392 0.8288 0.3467
vn 0.4747 0.8124 0.3386
vn 0.4880 0.8041 0.3396
vn 0.4470 0.8002 0.3998
vn 0.4193 0.8121 0.4058
vn 0.4483 0.8092 0.3797
vn 0.6970 0.6907 0.1929
vn 0.7993 0.6009 -0.0042
vn 0.6068 0.7795 0.1555
vn 0.6839 0.6242 0.3777
vn 0.0774 0.6899 0.7198
vn 0.0344 0.7055 0.7079
vn 0.6842 0.6342 0.3601
vn 0.6634 -0.7106 0.2345
vn 0.3620 -0.9320 0.0195
vn 0.5571 -0.7752 -0.2979
vn 0.7100 -0.6873 -0.1535
vn 0.7629 -0.6421 -0.0752
vn 0.7388 -0.6003 0.3062
vn 0.5863 -0.5271 0.6151
vn 0.4187 -0.6685 0.6146
vn 0.2512 -0.8795 0.4041
vn -0.9006 0.3553 0.2505
vn -0.8595 0.4974 -0.1175
vn -0.8859 0.3793 -0.2672
vn -0.9897 0.0807 -0.1181
vn -0.9077 -0.3711 0.1959
vn -0.6882 -0.1221 0.7151
vn -0.3941 0.0437 0.9180
vn -0.7867 0.4281 0.4449
vn -0.8331 0.5530 -0.0088
vn -0.7533 0.5101 -0.4151
vn -0.5545 0.4489 -0.7008
vn -0.6282 0.3092 -0.7140
vn -0.8152 0.3068 -0.4912
vn -0.7263 0.5753 -0.3763
vn -0.5622 0.4928 -0.6642
vn 0.5395 -0.6156 -0.5745
vn 0.6635 -0.5651 -0.4903
vn 0.2722 -0.7218 -0.6363
vn -0.0912 -0.4457 -0.8905
vn 0.1679 -0.3176 -0.9332
vn 0.2600 -0.2150 -0.9414
vn 0.7028 -0.6524 0.2837
vn 0.7030 -0.6947 -0.1523
vn 0.2088 -0.9227 -0.3242
vn 0.4217 -0.8933 0.1557
vn 0.4011 -0.7472 0.5300
vn 0.5818 -0.5429 0.6056
vn 0.3878 -0.4519 0.8034
vn -0.1412 -0.0937 0.9855
vn 0.2301 -0.3804 0.8957
vn 0.2911 -0.5984 0.7464
vn 0.0564 -0.1917 0.9798
vn -0.6024 0.4259 0.6751
vn -0.7159 0.6871 0.1241
vn -0.2308 0.4207 0.8774
vn -0.3470 0.8664 0.3591
vn -0.6144 0.7128 -0.3383
vn -0.4706 0.6078 -0.6396
vn -0.3225 0.9276 -0.1884
vn -0.2666 0.7784 -0.5684
vn -0.2829 0.3512 -0.8926
vn -0.2784 0.2755 -0.9201
vn -0.2045 0.5176 -0.8308
vn -0.1277 0.1092 -0.9858
vn 0.0361 -0.1704 -0.9847
vn 0.4876 -0.6456 -0.5877
vn -0.0157 -0.5639 -0.8257
vn -0.0495 -0.9987 -0.0135
vn -0.0947 -0.8613 -0.4992
vn -0.1575 -0.7836 -0.6010
vn -0.1011 -0.9807 -0.1672
vn -0.0853 -0.9258 0.3682
vn 0.0446 -0.8953 0.4432
vn 0.1343 -0.6371 0.7590
vn 0.0268 -0.5744 0.8182
vn 0.1994 -0.1451 0.9691
vn 0.1783 -0.2272 0.9574
vn 0.1554 0.3657 0.9177
vn 0.0950 0.8493 0.5192
vn 0.2665 0.3326 0.9046
vn 0.1678 0.7507 0.6390
vn -0.0076 0.9999 -0.0080
vn -0.1012 0.8794 -0.4653
vn -0.0116 0.9922 0.1240
vn -0.1260 0.8916 -0.4350
vn -0.1468 0.2264 -0.9629
vn -0.1514 0.5932 -0.7907
vn -0.1637 0.5899 -0.7907
vn -0.2142 0.2386 -0.9472
vn -0.1299 -0.3451 -0.9295
vn -0.2264 -0.2740 -0.9347
vn 0.0970 -0.8483 0.5206
vn -0.0440 -0.9525 0.3014
vn 0.0330 -0.9575 0.2867
vn 0.2089 -0.8620 0.4619
vn 0.4180 -0.4861 0.7675
vn 0.3293 -0.4112 0.8500
vn 0.1715 -0.3245 0.9302
vn -0.1916 -0.6544 0.7315
vn -0.3271 -0.8396 0.4337
vn -0.3380 -0.9326 -0.1269
vn -0.6758 -0.4053 -0.6156
vn -0.7986 -0.3818 -0.4652
vn -0.3155 -0.9484 0.0323
vn 0.1517 -0.8631 0.4817
vn 0.0925 -0.9377 0.3349
vn -0.3283 -0.9229 -0.2014
vn -0.5760 -0.4277 -0.6966
vn -0.6036 0.0145 -0.7971
vn -0.3398 0.5643 -0.7524
vn -0.4941 0.5522 -0.6715
vn -0.7135 0.1858 -0.6756
vn -0.5999 -0.0861 -0.7954
vn -0.3905 0.4454 -0.8057
vn -0.1630 0.8425 -0.5134
vn -0.3808 0.7943 -0.4733
vn -0.0992 0.8337 -0.5432
vn 0.0995 0.9765 -0.1910
vn 0.0417 0.9860 -0.1613
vn -0.0742 0.9860 -0.1491
vn 0.3068 0.9185 0.2494
vn 0.2857 0.9269 0.2434
vn 0.3437 0.9063 0.2459
vn 0.5205 0.5304 0.6691
vn 0.4812 0.6257 0.6140
vn 0.5336 0.5895 0.6064
vn 0.5679 0.0152 0.8229
vn 0.4718 -0.5920 0.6534
vn 0.4551 -0.7114 0.5355
vn 0.5843 -0.1641 0.7948
vn 0.5115 0.0371 0.8585
vn 0.2664 -0.8686 0.4178
vn 0.3486 -0.8016 0.4857
vn 0.0106 -0.5850 0.8109
vn -0.0317 -0.9628 0.2683
vn -0.0950 -0.9604 0.2618
vn -0.0096 -0.6068 0.7948
vn 0.0249 -0.0479 0.9985
vn 0.1226 -0.0734 0.9897
vn 0.1169 0.3381 0.9338
vn 0.0251 0.3688 0.9292
vn 0.0534 0.7600 0.6477
vn 0.0511 0.7354 0.6757
vn -0.0516 0.9913 0.1210
vn -0.1295 0.8618 -0.4904
vn -0.0123 0.9968 0.0784
vn -0.0990 0.8363 -0.5393
vn -0.1816 0.5621 -0.8069
vn -0.2671 0.2541 -0.9296
vn -0.1700 0.5471 -0.8196
vn -0.3005 0.2647 -0.9163
vn -0.3558 -0.2226 -0.9077
vn -0.5009 -0.1417 -0.8538
vn -0.5892 -0.6543 -0.4741
vn -0.3669 -0.7193 -0.5900
vn -0.1874 -0.9589 -0.2132
vn -0.3777 -0.9220 -0.0853
vn -0.1177 -0.4632 0.8784
vn -0.0080 0.0388 0.9992
vn -0.4592 -0.8099 0.3650
vn -0.8989 -0.3750 0.2267
vn -0.5834 -0.0538 0.8104
vn -0.2159 0.2698 0.9384
vn -0.8072 0.2257 -0.5454
vn -0.8884 -0.4143 -0.1979
vn -0.6082 0.5321 -0.5890
vn -0.7721 0.5362 -0.3411
vn -0.8947 0.2589 -0.3639
vn -0.9319 -0.2900 0.2178
vn -0.6383 0.7102 0.2969
vn -0.1936 0.9648 0.1782
vn -0.0388 0.8922 0.4500
vn -0.2412 0.5946 0.7670
vn -0.7561 0.5124 0.4071
vn -0.5819 0.7971 -0.1617
vn -0.0075 0.9999 -0.0134
vn 0.0035 0.4483 0.8939
vn 0.0723 0.7962 0.6007
vn -0.4554 0.7661 -0.4535
vn -0.0282 0.9805 -0.1946
vn 0.0944 0.9937 0.0598
vn -0.0102 0.8407 -0.5414
vn 0.1391 0.9829 0.1210
vn 0.0427 0.8709 -0.4896
vn -0.1455 0.5616 -0.8145
vn -0.3707 0.3235 -0.8706
vn -0.1573 0.6424 -0.7501
vn -0.4324 0.3993 -0.8085
vn -0.9875 -0.0872 0.1313
vn -0.9107 0.4029 0.0909
vn 0.3675 0.9262 0.0848
vn 0.6039 0.6663 0.4374
vn 0.5887 0.7630 0.2669
vn 0.3503 0.9358 0.0385
vn 0.6749 0.5071 0.5360
vn 0.5575 0.1418 0.8180
vn 0.7298 0.5105 0.4547
vn 0.6960 0.6972 0.1718
vn 0.4837 0.8713 0.0830
vn 0.5022 0.8318 0.2363
vn 0.7673 0.1064 0.6324
vn 0.4508 -0.4095 0.7932
vn 0.6245 -0.1488 0.7667
vn 0.3332 -0.6554 0.6778
vn 0.2128 -0.3591 0.9087
vn 0.2546 -0.6186 0.7433
vn 0.0164 -0.6613 0.7500
vn -0.0915 -0.2988 0.9499
vn -0.5040 -0.7698 0.3916
vn -0.5919 -0.4696 0.6551
vn -0.6143 -0.3445 0.7099
vn -0.2982 -0.1239 0.9464
vn -0.8878 -0.3134 0.3371
vn -0.8820 -0.3097 0.3551
vn -0.6721 -0.3090 0.6730
vn -0.4020 -0.1500 0.9033
vn -0.6878 -0.3234 0.6498
vn -0.4325 -0.2233 0.8736
vn -0.8398 -0.3729 0.3946
vn -0.8043 -0.4168 0.4235
vn -0.6639 -0.3646 0.6530
vn -0.4099 -0.2536 0.8762
vn -0.8803 -0.4599 -0.1162
vn -0.7821 -0.4670 0.4127
vn -0.8848 -0.3881 0.2578
vn -0.9222 -0.3514 -0.1613
vn -0.9185 -0.3869 0.0816
vn -0.8476 -0.5272 -0.0596
vn -0.8427 -0.4623 0.2758
vn -0.3818 -0.2618 0.8864
vn -0.4572 -0.1616 0.8746
vn -0.3881 -0.2165 0.8958
vn -0.4782 -0.1715 0.8613
vn -0.5864 -0.2661 0.7651
vn -0.8759 -0.3591 0.3224
vn -0.8262 -0.2392 0.5101
vn -0.6893 -0.2308 0.6867
vn -0.2717 0.0016 0.9624
vn 0.1183 0.1592 0.9801
vn 0.0054 0.0056 1.0000
vn -0.0984 -0.1340 0.9861
vn -0.1490 -0.3446 0.9269
vn -0.2376 -0.4984 0.8337
vn -0.7172 -0.3962 0.5733
vn -0.6150 -0.4228 0.6656
vn -0.8868 -0.4182 0.1968
vn 0.3899 -0.2351 0.8903
vn 0.3468 -0.4909 0.7992
vn 0.3921 0.0014 0.9199
vn 0.6851 0.0885 0.7231
vn 0.7544 -0.0979 0.6491
vn 0.7529 -0.3485 0.5583
vn 0.3187 0.4642 0.8264
vn 0.3036 0.1269 0.9443
vn -0.0965 0.7516 0.6525
vn 0.2917 0.7475 0.5968
vn 0.5637 0.5517 0.6147
vn 0.5968 0.4709 0.6497
vn 0.1888 0.0079 0.9820
vn -0.0744 0.0363 0.9966
vn -0.5171 0.6421 0.5660
vn -0.1338 0.6365 0.7595
vn -0.3838 0.9219 -0.0523
vn -0.3398 0.9012 0.2690
vn -0.1214 0.9759 0.1816
vn -0.0587 0.9914 -0.1170
vn -0.2857 0.0904 0.9540
vn -0.9573 0.0798 0.2780
vn -0.9986 -0.0518 0.0093
vn -0.9578 -0.2050 0.2015
vn -0.9518 0.3028 -0.0482
vn -0.7810 0.5912 -0.2012
vn -0.3992 0.7972 -0.4529
vn -0.3658 0.8379 -0.4051
vn -0.0395 0.8456 -0.5323
vn -0.0454 0.9120 -0.4078
vn -0.7798 -0.2937 0.5528
vn -0.8426 -0.2247 0.4894
vn -0.3355 -0.5686 0.7511
vn -0.4853 -0.5447 0.6839
vn -0.8973 -0.1384 0.4192
vn -0.8791 0.2888 0.3793
vn -0.7741 0.6313 0.0477
vn -0.9023 0.4311 -0.0057
vn -0.6475 -0.3843 0.6581
vn -0.7507 -0.0387 0.6595
vn 0.9265 -0.3177 0.2016
vn 0.9140 -0.1183 0.3881
vn 0.6580 -0.4844 0.5765
vn 0.6543 -0.5781 0.4876
vn 0.9578 -0.1782 0.2255
vn 0.9857 0.1659 0.0306
vn 0.9805 0.1672 -0.1036
vn 0.9560 0.2808 0.0853
vn 0.2499 -0.6700 0.6991
vn 0.1636 -0.6806 0.7141
vn 0.6391 0.6998 -0.3192
vn 0.7008 0.7134 0.0031
vn 0.5955 0.7051 -0.3851
vn 0.0370 0.8922 -0.4501
vn 0.2317 0.9575 -0.1719
vn 0.0990 -0.4224 0.9010
vn 0.7279 -0.1357 0.6722
vn 0.6128 0.3713 0.6976
vn -0.1301 0.3263 0.9363
vn -0.3897 0.8106 -0.4371
vn -0.3428 0.9153 -0.2116
vn -0.3325 0.8811 0.3363
vn 0.4924 0.8101 0.3183
vn 0.8351 0.3636 0.4127
vn 0.0053 0.7279 0.6856
vn 0.0592 0.6025 0.7959
vn -0.2410 0.6232 0.7440
vn -0.2716 0.6826 0.6784
vn 0.0820 0.5552 0.8276
vn 0.1065 0.6065 0.7879
vn -0.2606 0.5986 0.7575
vn -0.2461 0.5895 0.7694
vn -0.2125 0.6081 0.7649
vn -0.2088 0.6322 0.7462
vn -0.2178 0.6192 0.7544
vn -0.0650 0.5726 0.8173
vn -0.0676 0.5964 0.7998
vn -0.0990 0.6158 0.7817
vn -0.2735 0.6262 0.7301
vn 0.1406 0.6910 0.7090
vn 0.2040 0.7665 0.6089
vn -0.2715 0.6540 0.7061
vn -0.1814 0.6344 0.7514
vn -0.0524 0.6503 0.7579
vn -0.2029 0.6828 0.7019
vn -0.0902 0.7522 0.6527
vn -0.2484 0.6682 0.7013
vn 0.2756 0.7825 0.5583
vn 0.3705 0.7888 0.4904
vn -0.1963 0.6897 0.6970
vn -0.2699 0.6833 0.6784
vn -0.3141 0.6653 0.6773
vn -0.1198 0.7366 0.6656
vn -0.1116 0.7584 0.6422
vn 0.7011 0.6458 0.3024
vn 0.0273 0.7246 0.6886
vn -0.0077 0.7429 0.6694
vn 0.6351 0.7125 0.2982
vn 0.4991 0.7796 0.3784
vn -0.1134 0.7246 0.6798
vn -0.3159 0.6558 0.6857
vn -0.2880 0.6361 0.7159
vn -0.1550 0.6952 0.7019
vn -0.1406 0.7187 0.6809
vn -0.2034 0.6707 0.7133
vn -0.2088 0.6998 0.6832
vn -0.1171 0.6661 0.7366
vn -0.4434 0.5962 0.6693
vn -0.4833 0.6242 0.6139
vn -0.2301 0.7115 0.6640
vn -0.5581 0.6506 0.5150
vn -0.1897 0.7566 0.6258
vn -0.9746 0.0416 0.2201
vn -0.8716 -0.4377 -0.2209
vn -0.8880 -0.4107 -0.2067
vn -0.9864 0.0329 0.1609
vn -0.8733 -0.4043 -0.2718
vn -0.9996 -0.0008 0.0273
vn -0.1899 0.6038 0.7742
vn -0.1529 0.6422 0.7511
vn -0.5394 0.5354 0.6499
vn -0.5789 0.4535 0.6776
vn -0.9675 -0.0772 0.2410
vn -0.8726 -0.4676 -0.1409
vn -0.9511 0.0226 0.3081
vn -0.9049 -0.4248 -0.0267
vn -0.2563 0.6096 0.7501
vn -0.6458 0.5064 0.5714
vn -0.5963 0.4939 0.6329
vn -0.2129 0.5687 0.7945
vn -0.7666 -0.5930 -0.2464
vn -0.7540 -0.6073 -0.2503
vn -0.8308 -0.4883 -0.2670
vn -0.8400 -0.4747 -0.2626
vn -0.7696 -0.6089 -0.1922
vn -0.7067 -0.6423 -0.2968
vn -0.7827 -0.5611 -0.2693
vn -0.6896 -0.6413 -0.3365
vn -0.8078 -0.5107 -0.2943
vn -0.9668 -0.2557 0.0010
vn -0.9364 0.1537 0.3154
vn -0.9403 0.2284 0.2525
vn -0.9878 -0.1532 -0.0283
vn -0.8705 -0.4644 -0.1630
vn -0.8726 -0.4421 -0.2075
vn -0.6799 -0.6238 -0.3856
vn -0.7234 -0.5918 -0.3558
vn -0.7200 -0.5280 -0.4503
vn -0.7045 -0.5597 -0.4364
vn -0.2928 0.6457 0.7052
vn -0.6918 0.4774 0.5418
vn -0.2612 0.6701 0.6948
vn -0.7122 0.4491 0.5396
vn -0.8821 -0.4104 -0.2313
vn -0.8820 -0.3898 -0.2649
vn -0.9925 -0.1218 -0.0108
vn -0.9934 -0.1143 -0.0020
vn -0.9470 0.2197 0.2342
vn -0.9475 0.1642 0.2742
vn -0.2423 0.7057 0.6658
vn -0.7107 0.4734 0.5203
vn -0.2472 0.7508 0.6126
vn -0.6985 0.5231 0.4884
vn -0.9536 0.1604 0.2548
vn -0.9597 0.1976 0.2000
vn -0.9926 -0.0534 -0.1087
vn -0.9949 -0.0900 -0.0464
vn -0.8706 -0.3315 -0.3637
vn -0.7329 -0.4521 -0.5083
vn -0.8707 -0.2632 -0.4154
vn -0.7967 -0.3893 -0.4623
vn -0.7615 -0.5151 -0.3935
vn -0.8128 -0.4776 -0.3336
vn -0.9567 0.2549 0.1404
vn -0.9582 0.2489 0.1413
vn -0.9784 -0.0320 -0.2041
vn -0.9857 -0.0045 -0.1684
vn -0.6757 0.5670 0.4710
vn -0.6818 0.5442 0.4889
vn -0.2535 0.7652 0.5918
vn -0.2851 0.7171 0.6360
vn -0.9193 -0.1252 -0.3731
vn -0.8752 -0.2153 -0.4332
vn -0.2422 0.6041 0.7592
vn -0.2121 0.6550 0.7252
vn -0.2357 0.5701 0.7870
vn -0.5589 0.5052 0.6576
vn -0.8458 -0.4591 -0.2718
vn -0.8735 -0.4431 -0.2015
vn -0.8689 -0.3680 -0.3309
vn -0.9161 -0.3490 -0.1972
vn -0.3712 0.6422 0.6707
vn -0.7219 0.4561 0.5204
vn -0.9158 -0.2386 -0.3230
vn -0.9481 -0.2649 -0.1758
vn -0.9898 -0.0777 -0.1194
vn -0.9937 -0.1123 -0.0007
vn -0.9578 0.1852 0.2198
vn -0.9282 0.1825 0.3242
vn -0.2463 0.5504 0.7977
vn -0.5796 0.4525 0.6778
vn -0.2571 0.5294 0.8085
vn -0.5901 0.4176 0.6909
vn -0.8965 -0.4249 -0.1254
vn -0.9264 -0.3701 -0.0701
vn -0.9423 -0.3243 -0.0832
vn -0.9656 -0.2595 -0.0136
vn -0.9631 -0.2578 -0.0768
vn -0.9793 -0.1992 -0.0347
vn -0.9924 -0.0971 0.0757
vn -0.9934 -0.0589 0.0980
vn -0.9019 0.1861 0.3898
vn -0.8945 0.1847 0.4072
vn -0.2912 0.5154 0.8059
vn -0.6048 0.4007 0.6882
vn -0.3387 0.4713 0.8144
vn -0.6455 0.3943 0.6541
vn -0.9625 -0.2677 -0.0433
vn -0.9630 -0.2643 -0.0523
vn -0.9854 -0.1608 0.0564
vn -0.9825 -0.1191 0.1434
vn -0.9886 -0.1495 0.0154
vn -0.9865 -0.1044 0.1260
vn -0.9925 -0.0507 0.1113
vn -0.9860 -0.0463 0.1600
vn -0.9017 0.1710 0.3971
vn -0.9216 0.1399 0.3621
vn -0.9075 -0.4187 -0.0340
vn -0.9465 -0.3182 -0.0538
vn -0.9709 -0.1481 0.1880
vn -0.9459 -0.1929 0.2609
vn -0.8975 -0.4397 -0.0341
vn -0.6481 -0.7579 0.0744
vn -0.7225 -0.6298 -0.2853
vn -0.8394 -0.4517 -0.3024
vn -0.9215 -0.3599 -0.1460
vn -0.8653 -0.3828 -0.3237
vn -0.8746 -0.4068 -0.2639
vn -0.8798 -0.4653 -0.0968
vn -0.9502 -0.2955 -0.0987
vn -0.6193 -0.1717 -0.7662
vn -0.6851 -0.2121 -0.6968
vn -0.9679 -0.2505 0.0184
vn -0.9643 0.2406 0.1109
vn -0.3735 0.7461 0.5513
vn -0.5219 0.4672 0.7137
vn -0.9970 -0.0683 -0.0366
vn -0.8793 -0.2940 -0.3748
vn -0.9787 -0.0181 -0.2045
vn -0.8434 0.5028 0.1892
vn -0.2474 0.9176 0.3111
vn -0.7845 0.6099 0.1119
vn -0.3418 0.9397 0.0121
vn -0.9718 0.2228 -0.0776
vn -0.9536 0.3009 -0.0065
vn -0.8487 0.5155 0.1182
vn -0.6708 0.7093 -0.2166
vn -0.4536 -0.3657 -0.8127
vn -0.3875 -0.5299 -0.7544
vn -0.5668 -0.5354 -0.6261
vn -0.6045 -0.4031 -0.6870
vn -0.5614 -0.2789 -0.7792
vn -0.5262 -0.1050 -0.8439
vn -0.6379 -0.2797 -0.7175
vn -0.5364 -0.3534 -0.7664
vn -0.4765 -0.4593 -0.7496
vn -0.2631 -0.7154 -0.6473
vn -0.3835 -0.8424 -0.3786
vn -0.4119 -0.7879 -0.4578
vn -0.2811 -0.6616 -0.6951
vn -0.2742 -0.6111 -0.7426
vn -0.2839 -0.6433 -0.7110
vn -0.2095 -0.7244 -0.6568
vn -0.2474 -0.7836 -0.5699
vn -0.3762 -0.8701 -0.3184
vn -0.2431 -0.8383 -0.4880
vn -0.3986 -0.8798 -0.2591
vn -0.1177 -0.7845 -0.6089
vn -0.0856 -0.7854 -0.6130
vn -0.2463 -0.8372 -0.4883
vn -0.4802 -0.8458 -0.2326
vn -0.5106 -0.8528 -0.1098
vn -0.5733 -0.7817 0.2456
vn -0.6274 -0.7672 0.1334
vn -0.5435 -0.8205 -0.1775
vn -0.4955 -0.8684 -0.0209
vn -0.5530 -0.7014 0.4498
vn -0.4837 -0.5347 0.6929
vn -0.1872 -0.0755 0.9794
vn -0.3350 -0.0678 0.9398
vn -0.6297 -0.5570 0.5415
vn -0.3337 -0.3434 0.8779
vn -0.1086 -0.0690 0.9917
vn -0.5554 -0.8288 0.0680
vn -0.6125 -0.4037 0.6796
vn -0.7050 -0.6973 0.1298
vn -0.8000 -0.1603 0.5781
vn -0.8323 -0.5543 0.0074
vn -0.9050 -0.3054 0.2961
vn -0.6693 -0.7084 -0.2241
vn -0.0631 0.4151 0.9076
vn 0.0044 0.4803 0.8771
vn -0.0187 0.5780 0.8158
vn -0.2161 0.4190 0.8819
vn -0.6616 -0.0321 0.7492
vn -0.5246 -0.0694 0.8485
vn 0.0573 0.3673 0.9283
vn 0.0423 0.3114 0.9493
vn -0.9621 -0.0418 0.2695
vn -0.9114 -0.0315 0.4103
vn -0.9561 0.0313 0.2913
vn -0.9067 0.0002 0.4217
vn -0.4132 0.3153 0.8543
vn -0.8461 -0.0897 0.5254
vn -0.8010 0.1646 0.5756
vn -0.4109 0.3230 0.8526
vn 0.2650 0.5790 0.7711
vn 0.3238 0.5713 0.7541
vn -0.9203 0.1083 0.3758
vn -0.9122 -0.0366 0.4082
vn -0.2826 0.0646 0.9571
vn 0.1638 0.3219 0.9325
vn -0.6680 -0.2970 0.6823
vn -0.8621 0.0052 0.5067
vn -0.4800 0.5202 0.7064
vn -0.9140 0.0646 0.4006
vn -0.7791 0.3327 0.5313
vn -0.3918 0.0678 0.9175
vn 0.0164 0.3276 0.9447
vn 0.1147 0.2877 0.9508
vn -0.0357 0.2916 0.9559
vn -0.9166 -0.3261 -0.2312
vn -0.8950 -0.4435 0.0471
vn -0.7630 -0.6345 0.1230
vn -0.8342 -0.2980 0.4640
vn -0.3832 -0.1562 0.9104
vn -0.8260 -0.3601 0.4336
vn -0.9591 -0.2735 -0.0724
vn -0.9364 -0.3463 -0.0564
vn -0.9797 -0.2004 -0.0029
vn -0.9467 -0.2986 0.1204
vn -0.9308 -0.3573 -0.0768
vn -0.9109 -0.3533 -0.2130
vn -0.8664 -0.4416 0.2333
vn -0.8874 -0.3241 0.3280
vn -0.9264 -0.3609 0.1073
vn -0.9108 -0.1431 0.3873
vn -0.3834 -0.9003 -0.2061
vn -0.6934 -0.7149 -0.0902
vn -0.6673 -0.3280 -0.6687
vn -0.5720 -0.3932 -0.7199
vn 0.3999 0.0884 0.9123
vn 0.3555 0.5481 0.7571
vn 0.0406 0.5793 0.8141
vn 0.1083 0.0939 0.9897
vn -0.2726 0.8192 -0.5046
vn -0.5495 0.8127 -0.1939
vn -0.1222 0.9892 0.0810
vn 0.0500 0.9954 -0.0814
vn -0.5515 0.3228 -0.7692
vn -0.7917 0.3133 -0.5244
vn -0.6386 -0.1331 -0.7579
vn -0.7666 -0.1306 -0.6287
vn 0.1822 0.9197 0.3479
vn -0.0903 0.8880 0.4509
vn -0.5325 0.7679 0.3559
vn -0.9373 0.3301 0.1114
vn -0.7388 0.1867 0.6476
vn -0.4111 0.4409 0.7978
vn -0.9484 -0.3029 -0.0934
vn -0.6798 -0.4282 0.5955
vn -0.3115 -0.1459 0.9390
vn -0.6301 -0.5022 -0.5923
vn -0.1286 -0.9257 -0.3558
vn -0.3701 -0.8379 0.4011
vn -0.0911 -0.5329 0.8413
vn -0.7941 -0.0296 -0.6070
vn -0.4384 -0.0674 -0.8963
vn -0.2774 0.1579 -0.9477
vn -0.4053 0.0669 0.9117
vn -0.6979 -0.5513 0.4571
vn -0.7595 -0.5580 0.3343
vn -0.4687 0.1471 0.8710
vn -0.8172 -0.5749 -0.0411
vn -0.7407 -0.5053 0.4429
vn -0.8580 -0.4926 -0.1453
vn -0.8092 -0.5874 0.0147
vn -0.7270 -0.6865 -0.0127
vn -0.7052 -0.5834 0.4029
vn -0.6623 -0.7302 0.1681
vn -0.6905 -0.6411 0.3350
vn -0.6403 -0.6685 0.3783
vn -0.6988 -0.7138 0.0455
vn -0.6846 -0.7289 0.0107
vn -0.6549 -0.6505 0.3846
vn -0.7627 -0.6247 0.1675
vn -0.9170 -0.3865 -0.0988
vn -0.9346 -0.3541 -0.0348
vn -0.9284 -0.3330 0.1651
vn -0.8991 -0.3443 0.2702
vn -0.9141 -0.3904 -0.1098
vn -0.7122 -0.5087 0.4837
vn -0.8135 -0.5697 0.1168
vn -0.5844 -0.4617 0.6673
vn -0.6089 -0.2916 0.7377
vn -0.4037 -0.2994 0.8645
vn -0.5844 -0.4442 0.6791
vn -0.9575 -0.2855 0.0415
vn -0.5763 -0.2036 0.7914
vn -0.3661 -0.2446 0.8979
vn -0.6292 -0.3979 0.6676
vn -0.5248 -0.5946 -0.6091
vn -0.4181 -0.5780 -0.7008
vn -0.5625 -0.5233 -0.6402
vn -0.5248 -0.4475 -0.7241
vn -0.5254 -0.5005 -0.6881
vn -0.4989 -0.5860 -0.6386
vn -0.4762 -0.6872 -0.5486
vn -0.3517 -0.6834 -0.6397
vn -0.9852 -0.1054 0.1350
vn -0.9447 -0.1548 0.2892
vn -0.5082 0.2486 0.8246
vn -0.4155 0.1617 0.8951
vn -0.8377 -0.2599 0.4802
vn -0.7186 -0.1977 0.6668
vn -0.2883 0.2193 0.9321
vn -0.1391 0.4527 0.8807
vn -0.5596 -0.0294 0.8283
vn -0.0386 0.5671 0.8228
vn -0.1413 0.3915 0.9093
vn -0.1841 0.4566 0.8704
vn -0.1569 0.3048 0.9394
vn -0.5925 0.0224 0.8052
vn -0.6382 0.1027 0.7630
vn -0.6580 0.1162 0.7440
vn -0.6845 0.0510 0.7272
vn -0.2549 0.4433 0.8594
vn -0.2793 -0.6747 -0.6832
vn -0.4170 -0.7095 -0.5681
vn -0.4614 -0.6745 -0.5763
vn -0.2895 -0.6705 -0.6831
vn -0.3045 -0.7160 -0.6282
vn -0.2846 -0.7554 -0.5903
vn -0.2569 -0.6895 -0.6772
vn -0.4121 -0.7177 -0.5613
vn -0.8447 -0.3152 0.4327
vn -0.8072 -0.5901 0.0140
vn -0.7486 -0.6626 0.0252
vn -0.8067 -0.4087 0.4268
vn -0.8746 -0.2307 0.4265
vn -0.8605 -0.5095 -0.0033
vn -0.5150 -0.6228 -0.5890
vn -0.3284 -0.6265 -0.7069
vn -0.8815 -0.2192 0.4182
vn -0.8491 -0.3103 0.4275
vn -0.8800 -0.4749 0.0074
vn -0.8882 -0.4594 0.0043
vn -0.5724 -0.7780 -0.2589
vn -0.6903 -0.7213 0.0558
vn -0.5783 -0.7503 -0.3204
vn -0.4341 -0.7179 -0.5442
vn -0.6232 -0.6991 -0.3506
vn -0.6729 -0.6401 -0.3708
vn -0.7372 -0.5027 0.4515
vn -0.6983 -0.6144 -0.3674
vn -0.7380 -0.5531 -0.3866
vn 0.7696 0.5179 0.3736
vn 0.7665 0.5431 0.3429
vn 0.7823 0.5451 0.3014
vn 0.7535 0.5637 0.3384
vn 0.6003 0.6046 0.5235
vn 0.5769 0.6181 0.5340
vn 0.5809 0.5905 0.5602
vn 0.5927 0.6112 0.5246
vn 0.5719 0.6292 0.5263
vn 0.7840 0.5647 0.2578
vn 0.5693 0.5595 0.6023
vn 0.5434 0.5418 0.6413
vn 0.5583 0.6256 0.5449
vn 0.7939 0.5519 0.2551
vn 0.4174 0.6693 0.6147
vn 0.3967 0.6512 0.6469
vn 0.4526 0.5790 0.6782
vn 0.3990 0.5669 0.7208
vn 0.3555 0.6063 0.7113
vn 0.3914 0.5968 0.7005
vn 0.9125 -0.1203 0.3910
vn 0.6890 0.3486 0.6354
vn 0.9131 -0.3812 0.1444
vn 0.8576 -0.5143 -0.0066
vn 0.9093 -0.0209 0.4157
vn 0.6415 0.4157 0.6447
vn -0.4116 -0.6519 -0.6368
vn -0.3655 -0.6768 -0.6390
vn -0.3543 -0.6172 -0.7025
vn -0.4164 -0.6160 -0.6687
vn -0.4166 -0.6004 -0.6826
vn -0.4330 -0.6457 -0.6289
vn -0.5227 -0.6380 -0.5655
vn -0.4982 -0.6107 -0.6155
vn -0.4891 -0.5800 -0.6515
vn -0.4960 -0.6418 -0.5848
vn -0.5723 -0.6289 -0.5263
vn -0.5680 -0.6140 -0.5480
vn -0.3620 -0.5663 -0.7404
vn -0.3018 -0.6561 -0.6917
vn -0.4806 -0.6255 -0.6147
vn -0.5024 -0.5555 -0.6626
vn -0.5519 -0.6144 -0.5638
vn -0.5808 -0.5998 -0.5504
vn -0.5789 -0.5985 -0.5538
vn -0.5699 -0.5861 -0.5760
vn -0.5544 -0.5814 -0.5956
vn -0.5622 -0.5960 -0.5734
vn -0.4558 -0.6626 -0.5943
vn -0.4738 -0.6046 -0.6403
vn -0.1640 -0.7314 -0.6619
vn -0.4837 -0.7640 -0.4269
vn -0.2723 -0.8191 -0.5049
vn 0.0521 -0.7035 -0.7088
vn -0.2261 -0.6733 -0.7040
vn -0.1228 -0.6618 -0.7395
vn -0.4654 -0.5644 -0.6818
vn -0.4269 -0.7988 -0.4239
vn -0.4823 -0.7911 -0.3761
vn -0.4833 -0.7742 -0.4088
vn -0.5411 -0.4208 -0.7282
vn -0.4199 -0.0860 -0.9035
vn -0.2904 0.0785 -0.9537
vn -0.3312 -0.2668 -0.9051
vn -0.3093 -0.7139 -0.6282
vn -0.5550 -0.6602 -0.5060
vn -0.5251 -0.7351 -0.4288
vn -0.5252 -0.7515 -0.3992
vn -0.5548 -0.6850 -0.4721
vn -0.5808 -0.4951 -0.6462
vn -0.5780 -0.3992 -0.7117
vn -0.3844 -0.8483 -0.3643
vn -0.4233 -0.6464 -0.6349
vn -0.4904 -0.5704 -0.6589
vn -0.4225 -0.8357 -0.3508
vn -0.4303 -0.7641 -0.4806
vn -0.3788 -0.8925 -0.2447
vn -0.3908 -0.8899 -0.2353
vn -0.3638 -0.8832 -0.2959
vn -0.3924 -0.8210 -0.4146
vn 0.5319 0.3445 0.7736
vn 0.4988 0.2603 0.8267
vn 0.3928 0.3549 0.8484
vn 0.4253 0.4154 0.8041
vn 0.3907 0.7837 0.4829
vn 0.5220 0.7227 0.4530
vn 0.5748 0.7254 0.3787
vn 0.6073 0.2805 0.7433
vn 0.5047 0.0104 0.8632
vn 0.5586 0.4216 0.7143
vn 0.7870 0.3329 0.5195
vn 0.5240 0.5361 0.6619
vn 0.4966 0.1634 0.8525
vn 0.4488 -0.0593 0.8917
vn 0.7122 -0.0264 0.7014
vn 0.4196 0.9076 -0.0117
vn 0.5380 0.8129 0.2231
vn 0.5124 0.8300 0.2203
vn 0.5183 0.8184 0.2483
vn 0.5315 0.7777 0.3358
vn 0.4401 0.8913 0.1088
vn 0.4451 0.8953 0.0193
vn 0.4492 0.8746 -0.1826
vn 0.5820 0.8071 0.0994
vn 0.4755 0.0237 0.8794
vn 0.6174 0.0585 0.7845
vn 0.5225 0.1764 0.8342
vn 0.4753 0.8390 0.2649
vn 0.5639 0.6463 0.5141
vn 0.5998 0.3715 0.7087
vn 0.4846 0.8651 0.1297
vn 0.6363 0.6562 0.4056
vn 0.4238 0.9055 0.0203
vn 0.7860 0.5292 0.3196
vn 0.5618 0.4951 0.6628
vn 0.8595 0.4655 0.2111
vn 0.6702 0.4477 0.5920
vn 0.8446 0.4339 0.3136
vn 0.9586 0.2325 0.1644
vn 0.8089 0.5016 0.3066
vn 0.7999 0.4094 0.4387
vn 0.7969 0.4930 0.3490
vn 0.7248 0.3972 0.5629
vn 0.7357 0.4062 0.5420
vn 0.7346 0.5871 0.3401
vn 0.7635 0.5370 0.3588
vn 0.7864 0.5479 0.2852
vn 0.3997 0.1572 0.9031
vn 0.4312 0.2427 0.8690
vn 0.6046 0.3176 0.7305
vn 0.6338 0.2347 0.7371
vn 0.4190 0.4179 0.8061
vn 0.5680 0.3843 0.7278
vn 0.3117 0.9189 0.2416
vn 0.5930 0.7578 0.2722
vn 0.3870 0.9194 -0.0705
vn 0.7177 0.6652 0.2060
vn 0.5851 0.4209 0.6932
vn 0.6378 0.5000 0.5858
vn 0.7213 0.4120 0.5567
vn 0.6704 0.3427 0.6581
vn 0.7465 0.6339 0.2025
vn 0.7589 0.4513 0.4695
vn 0.7360 0.5682 0.3679
vn 0.7518 0.5439 0.3729
vn 0.7434 0.6014 0.2926
vn 0.7459 0.2480 0.6182
vn 0.7868 0.2742 0.5530
vn 0.8883 0.1093 0.4460
vn 0.8902 0.4445 0.1000
vn 0.4826 0.7786 -0.4012
vn 0.7063 0.6157 0.3494
vn 0.7146 0.5921 0.3725
vn 0.7361 0.0487 0.6751
vn 0.7794 0.2962 0.5521
vn 0.7512 0.3465 0.5618
vn 0.7056 0.1036 0.7010
vn 0.6794 0.0714 0.7302
vn 0.7260 -0.2222 0.6508
vn 0.6637 -0.2805 0.6934
vn 0.7300 -0.0473 0.6819
vn 0.8508 0.2280 0.4735
vn 0.6865 -0.4660 0.5582
vn 0.6068 -0.4139 0.6785
vn 0.7932 -0.3011 0.5293
vn 0.7104 -0.5893 0.3848
vn 0.5847 -0.6220 0.5208
vn 0.5394 -0.6119 0.5784
vn 0.7578 -0.3112 0.5735
vn 0.6974 -0.5926 0.4031
vn 0.9118 -0.4101 0.0191
vn 0.9648 -0.0322 0.2609
vn 0.8023 0.3613 -0.4752
vn 0.8459 0.4937 -0.2017
vn 0.9063 0.3976 0.1433
vn 0.9774 0.1648 -0.1327
vn 0.8930 -0.1818 -0.4117
vn 0.6442 0.0921 -0.7593
vn 0.5395 -0.8339 0.1164
vn 0.3702 -0.8714 0.3218
vn 0.2616 -0.9519 0.1595
vn 0.2650 -0.9627 -0.0551
vn 0.2917 -0.9073 -0.3029
vn 0.6683 -0.7081 -0.2279
vn 0.6378 -0.5261 -0.5625
vn 0.3984 -0.2848 -0.8719
vn 0.2627 -0.7886 -0.5559
vn 0.1138 -0.5578 -0.8222
vn -0.0055 -0.5123 -0.8588
vn 0.0914 -0.7905 -0.6057
vn 0.1583 -0.9136 -0.3746
vn -0.0630 -0.9673 -0.2457
vn -0.0805 -0.7943 -0.6021
vn -0.0620 -0.3954 -0.9164
vn -0.5126 -0.0680 -0.8559
vn -0.5262 -0.1806 -0.8310
vn -0.5555 -0.2986 -0.7760
vn -0.4759 0.0512 -0.8780
vn -0.5434 -0.2003 -0.8152
vn -0.5124 -0.1532 -0.8450
vn -0.5603 -0.6044 -0.5664
vn -0.4671 -0.8237 -0.3215
vn -0.5731 -0.5847 -0.5741
vn -0.5572 -0.5571 -0.6158
vn -0.4586 -0.6687 -0.5852
vn -0.2850 -0.9340 -0.2153
vn -0.1170 -0.7898 -0.6020
vn -0.0341 -0.8461 -0.5320
vn -0.4038 -0.0484 -0.9136
vn -0.4095 -0.2986 -0.8620
vn -0.4610 -0.5993 -0.6545
vn -0.4358 -0.8024 -0.4077
vn -0.4484 -0.7022 -0.5531
vn -0.3600 -0.8270 -0.4318
vn -0.3506 -0.6072 -0.7130
vn -0.3144 -0.3029 -0.8997
vn -0.4258 -0.8759 -0.2268
vn -0.2345 -0.8981 -0.3721
vn -0.3516 -0.9129 -0.2074
vn -0.3418 -0.9369 -0.0734
vn -0.4683 -0.8615 -0.1960
vn -0.3686 -0.9282 0.0502
vn -0.2445 -0.9685 0.0464
vn -0.2744 -0.9603 0.0507
vn -0.1835 -0.9796 0.0822
vn -0.1659 -0.9459 -0.2788
vn -0.0007 -0.8150 -0.5794
vn -0.2963 -0.9401 -0.1685
vn -0.0523 -0.7673 -0.6392
vn -0.0584 -0.8160 -0.5751
vn -0.4416 -0.8948 -0.0652
vn -0.2192 -0.8125 -0.5402
vn -0.3407 -0.7168 -0.6084
vn -0.2682 -0.9623 0.0454
vn -0.5170 -0.8073 -0.2844
vn -0.2620 -0.6693 -0.6953
vn -0.2216 -0.7004 -0.6785
vn -0.4233 -0.7630 -0.4885
vn -0.4218 -0.7278 -0.5408
vn -0.3217 -0.8360 -0.4445
vn -0.3781 -0.8082 -0.4515
vn -0.2918 -0.5657 -0.7713
vn -0.1726 -0.4622 -0.8698
vn -0.2064 -0.6684 -0.7146
vn -0.0990 -0.7956 -0.5977
vn -0.1547 -0.3287 -0.9317
vn -0.1143 -0.7234 -0.6810
vn -0.2833 -0.8604 -0.4236
vn -0.1603 -0.9257 -0.3426
vn -0.1155 -0.9339 -0.3384
vn -0.2195 -0.8307 -0.5116
vn -0.3277 -0.8514 -0.4095
vn -0.2198 -0.8973 -0.3827
vn -0.0397 -0.9341 -0.3547
vn -0.0736 -0.8855 -0.4587
vn -0.2535 -0.8459 -0.4692
vn -0.2947 -0.8219 -0.4875
vn -0.3808 -0.7146 -0.5868
vn -0.2102 -0.8753 -0.4356
vn -0.4920 -0.5525 -0.6728
vn -0.5150 -0.5968 -0.6153
vn -0.3488 -0.7874 -0.5082
vn -0.1366 -0.9321 -0.3355
vn -0.0266 -0.9453 -0.3251
vn -0.0725 -0.9404 -0.3321
vn 0.0089 -0.9881 -0.1535
vn -0.0286 -0.9841 -0.1752
vn -0.0284 -0.9481 -0.3167
vn -0.1670 -0.9146 -0.3683
vn -0.0194 -0.9954 -0.0942
vn -0.2373 -0.9307 -0.2782
vn -0.5130 -0.6734 -0.5324
vn -0.5498 -0.5862 -0.5951
vn -0.2563 -0.9033 -0.3440
vn -0.0169 -0.9933 -0.1141
vn -0.4936 -0.7600 -0.4227
vn -0.4261 -0.8096 -0.4038
vn -0.4187 -0.8125 -0.4056
vn -0.4913 -0.7394 -0.4604
vn -0.4123 -0.7978 -0.4399
vn -0.4762 -0.7293 -0.4913
vn -0.3535 -0.8208 -0.4488
vn -0.4188 -0.7809 -0.4635
vn -0.1626 -0.9476 -0.2751
vn -0.1822 -0.9480 -0.2609
vn -0.3753 -0.8089 -0.4526
vn -0.4504 -0.8269 -0.3367
vn -0.1389 -0.9648 -0.2235
vn -0.0896 -0.9680 -0.2346
vn -0.5973 -0.5662 -0.5680
vn -0.7206 -0.5596 -0.4094
vn -0.5271 -0.7308 -0.4337
vn -0.5429 -0.6879 -0.4817
vn -0.5758 -0.6595 -0.4832
vn -0.5349 -0.7404 -0.4072
vn -0.5274 -0.6720 -0.5199
vn -0.5721 -0.6317 -0.5231
vn -0.4318 -0.7727 -0.4652
vn -0.4752 -0.7478 -0.4637
vn -0.1633 -0.9489 -0.2702
vn -0.2287 -0.9276 -0.2955
vn -0.1566 -0.9823 -0.1026
vn -0.2183 -0.9547 -0.2022
vn -0.1766 -0.9808 -0.0832
vn -0.2556 -0.9541 -0.1563
vn -0.5074 -0.7546 -0.4161
vn -0.3968 -0.8174 -0.4177
vn -0.4107 -0.7824 -0.4682
vn -0.1022 -0.9913 -0.0835
vn -0.1580 -0.9568 -0.2440
vn -0.4568 -0.6961 -0.5539
vn -0.4699 -0.7769 -0.4191
vn -0.3666 -0.7375 -0.5671
vn -0.3655 -0.6766 -0.6393
vn -0.5288 -0.5027 -0.6839
vn -0.6332 -0.4576 -0.6243
vn 0.5900 0.2761 0.7588
vn 0.6923 0.3832 0.6115
vn 0.6832 0.4213 0.5965
vn 0.6600 0.3354 0.6722
vn 0.5589 0.6397 0.5276
vn 0.5176 0.4634 0.7193
vn 0.5534 0.7116 0.4329
vn 0.7415 0.2582 0.6192
vn 0.7440 0.2726 0.6100
vn 0.7520 0.3901 0.5314
vn 0.8037 0.1738 0.5691
vn 0.6096 0.6356 0.4737
vn 0.5973 0.6701 0.4406
vn 0.7331 0.4588 0.5020
vn 0.8074 0.2028 0.5540
vn 0.5710 0.7372 0.3613
vn 0.5699 0.7198 0.3963
vn 0.5917 0.6352 0.4964
vn 0.6139 0.6694 0.4184
vn 0.5743 0.6548 0.4913
vn 0.4964 0.7533 0.4315
vn 0.7987 0.1335 0.5867
vn 0.7430 0.3810 0.5503
vn 0.6720 0.4586 0.5814
vn 0.7054 0.4081 0.5795
vn 0.8007 -0.0317 0.5982
vn 0.7853 0.1155 0.6082
vn 0.6644 0.5576 0.4977
vn 0.7018 0.4538 0.5491
vn 0.6254 0.5587 0.5447
vn 0.7190 0.5774 0.3869
vn 0.7489 0.5031 0.4313
vn 0.7559 0.3726 0.5383
vn 0.6774 0.4772 0.5599
vn 0.5796 0.6670 0.4681
vn 0.5735 0.7495 0.3308
vn 0.5519 0.8184 0.1602
vn 0.7086 0.6422 0.2923
vn 0.7883 0.6070 0.1008
vn 0.6591 0.7478 -0.0798
vn 0.5976 0.7495 -0.2850
vn 0.7332 0.6478 -0.2069
vn 0.7742 0.6325 0.0246
vn 0.7401 0.5761 0.3470
vn 0.6276 0.7765 0.0559
vn 0.6903 0.4859 0.5362
vn 0.7514 0.1615 0.6398
vn 0.5541 0.7138 0.4284
vn 0.7604 0.5818 0.2887
vn 0.7718 0.6273 -0.1040
vn 0.7722 0.6274 0.1000
vn 0.7008 0.5494 0.4550
vn 0.7886 0.6072 -0.0969
vn 0.9270 0.3537 0.1251
vn 0.9296 0.1472 0.3379
vn 0.7503 0.6609 -0.0170
vn 0.7316 0.6628 -0.1596
vn 0.7224 0.6901 0.0449
vn 0.7131 0.6605 0.2350
vn 0.6870 0.5000 0.5273
vn 0.8412 0.2971 0.4518
vn 0.7661 0.6171 0.1796
vn 0.6800 0.6119 0.4040
vn 0.7701 -0.0146 0.6378
vn 0.7942 -0.0371 0.6065
vn 0.7964 0.1365 0.5891
vn 0.3807 0.8770 0.2932
vn 0.3026 0.9138 0.2709
vn 0.0836 0.9867 0.1396
vn 0.2432 0.9679 0.0638
vn 0.0598 0.9942 0.0893
vn 0.2278 0.9462 0.2298
vn 0.1476 0.9827 0.1117
vn 0.1984 0.9673 0.1577
vn 0.3160 0.9148 0.2516
vn 0.5071 0.7754 0.3763
vn 0.4274 0.8429 0.3270
vn 0.2027 0.9583 0.2013
vn 0.4274 0.8414 0.3306
vn 0.4953 0.7831 0.3760
vn 0.1510 0.9695 0.1933
vn 0.1357 0.9040 0.4053
vn -0.0208 0.9785 0.2050
vn 0.1391 0.9734 0.1819
vn 0.3943 0.8262 0.4024
vn 0.2917 0.8770 0.3817
vn 0.3765 0.8436 0.3829
vn 0.4436 0.7927 0.4181
vn 0.0850 0.9498 0.3012
vn 0.0747 0.9475 0.3109
vn 0.0160 0.9804 0.1963
vn 0.0373 0.9667 0.2531
vn 0.0876 0.9774 0.1923
vn 0.1120 0.9619 0.2493
vn 0.1692 0.9214 0.3498
vn 0.2152 0.8873 0.4079
vn 0.2082 0.8600 0.4658
vn -0.5736 -0.4906 -0.6560
vn -0.6040 -0.4008 -0.6889
vn -0.5822 -0.4941 -0.6457
vn -0.5670 -0.4988 -0.6556
vn -0.6522 -0.4863 -0.5816
vn -0.6324 -0.5096 -0.5835
vn -0.6628 -0.4735 -0.5802
vn -0.6671 -0.3350 -0.6654
vn -0.7043 -0.2689 -0.6570
vn -0.6658 -0.4923 -0.5607
vn -0.6892 -0.5305 -0.4936
vn -0.7632 -0.4527 -0.4611
vn -0.5532 -0.4290 -0.7141
vn -0.6134 -0.4030 -0.6792
vn -0.5712 -0.3404 -0.7469
vn -0.6553 -0.2487 -0.7132
vn -0.6465 -0.3906 -0.6553
vn -0.6943 -0.1902 -0.6941
vn -0.5282 -0.2915 -0.7975
vn -0.6826 -0.0166 -0.7306
vn -0.4731 -0.4920 -0.7308
vn -0.3401 -0.6069 -0.7184
vn -0.4418 -0.2693 -0.8558
vn -0.6740 -0.0698 -0.7355
vn -0.5784 -0.5055 -0.6402
vn -0.5531 -0.5874 -0.5908
vn -0.7117 -0.1619 -0.6836
vn -0.6621 -0.4092 -0.6278
vn -0.5849 -0.6131 -0.5310
vn -0.6952 -0.3639 -0.6199
vn -0.0268 -0.6785 -0.7341
vn -0.3173 -0.4642 -0.8270
vn -0.2631 -0.7785 -0.5698
vn -0.5319 -0.5234 -0.6656
vn 0.2899 0.9068 0.3060
vn 0.1179 0.9889 0.0904
vn 0.5123 0.7785 0.3626
vn 0.5838 0.6921 0.4244
vn 0.4444 0.8026 0.3978
vn 0.3604 0.9321 0.0353
vn 0.2674 0.9365 -0.2268
vn 0.5061 0.8592 0.0749
vn 0.5132 0.8469 0.1393
vn 0.3079 0.9239 -0.2273
vn 0.3788 0.9077 -0.1808
vn 0.2937 0.9313 -0.2153
vn 0.2737 0.9530 -0.1296
vn 0.5143 0.8576 -0.0016
vn 0.7481 -0.6488 -0.1391
vn 0.5791 -0.8122 -0.0707
vn 0.1640 -0.8073 -0.5669
vn 0.3824 -0.6551 -0.6517
vn -0.1957 -0.4732 -0.8590
vn 0.0492 -0.3600 -0.9317
vn 0.3310 -0.2322 -0.9146
vn 0.6229 -0.3545 -0.6973
vn 0.8693 -0.4234 -0.2550
vn 0.5987 0.8008 -0.0160
vn 0.7861 0.6049 -0.1269
vn 0.4426 0.6842 -0.5797
vn 0.1565 0.7936 -0.5880
vn 0.0310 0.8222 -0.5684
vn 0.4566 0.8896 -0.0058
vn 0.7777 0.4535 0.4354
vn 0.7923 0.4358 0.4269
vn 0.8604 0.4324 0.2698
vn -0.0171 0.5472 -0.8368
vn -0.0771 0.2942 -0.9526
vn -0.3000 0.1720 -0.9383
vn -0.1485 0.5294 -0.8353
vn 0.4047 0.4463 -0.7982
vn 0.3603 0.2431 -0.9006
vn 0.9081 0.1677 -0.3838
vn 0.8913 0.3635 -0.2710
vn 0.9248 0.2027 0.3221
vn 0.9527 0.0800 0.2931
vn 0.3338 -0.0029 -0.9426
vn -0.0789 -0.0296 -0.9964
vn -0.3409 -0.1160 -0.9329
vn 0.8080 -0.0597 -0.5861
vn 0.9888 -0.1331 0.0668
vn 0.9020 -0.2945 0.3156
vn 0.8190 -0.4407 0.3674
vn 0.8622 0.0559 0.5035
vn 0.8572 0.0205 0.5146
vn 0.8216 0.1833 0.5398
vn 0.8022 0.1973 0.5635
vn 0.1717 0.8617 0.4775
vn -0.0520 0.8894 0.4542
vn -0.0846 0.8897 0.4487
vn 0.1579 0.8477 0.5064
vn 0.4928 0.6872 0.5338
vn 0.5484 0.6792 0.4878
vn 0.7404 0.5033 0.4455
vn 0.3751 0.7741 0.5099
vn 0.0773 0.8553 0.5123
vn -0.2843 0.8745 0.3929
vn -0.3145 0.8660 0.3887
vn -0.1989 0.8599 0.4701
vn -0.5852 0.7441 0.3222
vn -0.5966 0.7626 0.2498
vn -0.6182 0.7405 0.2636
vn 0.2116 0.7886 0.5774
vn -0.0774 0.8466 0.5266
vn 0.0161 0.9330 0.3595
vn 0.2262 0.9231 0.3109
vn 0.3174 0.9301 0.1850
vn 0.5299 0.6472 0.5480
vn -0.3177 0.8276 0.4628
vn -0.2124 0.9270 0.3092
vn -0.6504 0.6895 0.3186
vn -0.6359 0.7483 0.1887
vn 0.3065 0.9223 -0.2355
vn 0.4232 0.8945 -0.1440
vn 0.4250 0.8897 0.1667
vn 0.2049 0.9268 -0.3148
vn 0.4943 0.8415 -0.2179
vn -0.3919 0.8790 -0.2715
vn -0.9046 0.4238 -0.0464
vn -0.7729 0.4743 -0.4215
vn -0.7623 0.2713 -0.5877
vn -0.1286 0.6946 -0.7078
vn -0.7816 -0.0182 -0.6235
vn -0.3334 0.5249 -0.7831
vn 0.7296 0.6838 -0.0070
vn 0.6669 0.7401 0.0868
vn 0.6635 0.7316 -0.1568
vn 0.6028 0.7970 0.0377
vn -0.1762 0.7190 -0.6723
vn 0.1025 0.9346 -0.3405
vn 0.2243 0.9494 -0.2198
vn -0.0589 0.7554 -0.6526
vn 0.0277 0.9332 -0.3582
vn -0.0101 0.9727 -0.2319
vn 0.0286 0.6960 -0.7175
vn 0.2296 0.8029 -0.5501
vn 0.3609 0.9231 0.1328
vn 0.2030 0.9747 0.0934
vn 0.3821 0.9241 -0.0092
vn 0.1079 0.9867 0.1213
vn 0.1984 0.8312 -0.5193
vn 0.0875 0.6402 -0.7632
vn 0.0631 0.7264 -0.6844
vn 0.4100 0.8603 -0.3030
vn -0.0745 0.9827 -0.1697
vn -0.9252 0.3567 0.1294
vn -0.8897 0.4219 0.1745
vn -0.9485 0.2882 0.1314
vn -0.9577 0.2876 0.0052
vn -0.7159 -0.5914 -0.3712
vn -0.4987 -0.6928 -0.5208
vn -0.3764 -0.7071 -0.5987
vn -0.6108 -0.6067 -0.5088
vn -0.7509 -0.1688 -0.6385
vn -0.8561 -0.1411 -0.4972
vn -0.9537 -0.3007 -0.0045
vn -0.7932 -0.5180 -0.3201
vn -0.9155 -0.2518 -0.3138
vn -0.6696 -0.5480 -0.5013
vn -0.9996 -0.0161 0.0222
vn -0.6859 0.1707 -0.7074
vn -0.9955 0.0946 0.0011
vn -0.2992 -0.7386 -0.6041
vn -0.1220 -0.8132 -0.5691
vn 0.0548 -0.8439 -0.5337
vn 0.0015 -0.7807 -0.6249
vn -0.8742 0.4617 0.1503
vn -0.9395 0.3426 0.0021
vn -0.8603 0.5048 0.0716
vn -0.9482 0.3042 -0.0920
vn -0.9696 0.1757 -0.1702
vn -0.8813 -0.2167 -0.4200
vn -0.9549 0.0729 -0.2880
vn -0.8162 -0.2730 -0.5091
vn -0.6174 -0.5520 -0.5605
vn -0.5431 -0.5810 -0.6062
vn -0.8560 0.5144 0.0518
vn -0.9614 0.2371 -0.1397
vn -0.8713 0.4791 0.1064
vn -0.9805 0.1552 -0.1202
vn -0.4735 -0.6673 -0.5750
vn -0.4657 -0.7115 -0.5262
vn -0.3050 -0.7867 -0.5367
vn -0.2074 -0.7905 -0.5762
vn -0.7969 -0.3691 -0.4783
vn -0.8014 -0.4136 -0.4321
vn -0.9366 -0.0919 -0.3382
vn -0.9424 -0.1395 -0.3040
vn -0.8502 0.4866 0.2012
vn -0.9859 0.1474 -0.0797
vn -0.5251 0.7340 0.4307
vn -0.4988 0.7302 0.4669
vn -0.8643 0.4450 0.2343
vn -0.9946 0.0881 -0.0548
vn -0.5253 -0.6969 -0.4882
vn -0.6961 -0.5977 -0.3978
vn -0.3952 -0.8179 -0.4182
vn -0.3204 -0.8074 -0.4955
vn -0.8405 -0.3753 -0.3907
vn -0.8964 -0.2896 -0.3355
vn -0.9576 -0.1151 -0.2641
vn -0.9616 -0.1209 -0.2464
vn -0.6235 0.7430 0.2433
vn -0.5584 0.7893 0.2553
vn -0.8222 0.5661 0.0594
vn -0.8085 0.5832 0.0782
vn -0.8533 0.5206 -0.0278
vn -0.6361 0.7601 0.1326
vn -0.3028 0.8932 0.3325
vn -0.3176 0.8487 0.4229
vn -0.2155 0.8892 0.4037
vn -0.9098 -0.1839 -0.3721
vn -0.9058 -0.1871 -0.3801
vn -0.9592 0.2141 -0.1845
vn -0.9582 0.2476 -0.1432
vn -0.9548 0.2243 -0.1953
vn -0.8902 -0.1865 -0.4157
vn -0.5655 -0.6470 -0.5115
vn -0.5646 -0.6047 -0.5617
vn -0.3437 -0.7582 -0.5541
vn -0.3606 -0.7704 -0.5258
vn -0.4443 -0.7226 -0.5296
vn -0.5898 -0.6378 -0.4954
vn 0.1437 0.1973 0.9698
vn 0.0912 0.1274 0.9877
vn 0.0943 0.2150 0.9720
vn 0.1185 0.2228 0.9676
vn 0.2529 0.5468 0.7981
vn 0.3348 0.6413 0.6904
vn 0.3308 0.7781 -0.5340
vn 0.4023 0.9141 0.0503
vn 0.3603 0.8914 0.2751
vn 0.2735 0.8447 -0.4601
vn 0.3064 0.6895 -0.6563
vn 0.2126 0.7990 -0.5625
vn 0.2412 0.9413 -0.2360
vn 0.3639 0.8867 -0.2853
vn 0.4727 0.5525 0.6866
vn 0.4184 0.3424 0.8413
vn 0.4591 0.4936 0.7386
vn 0.4466 0.5930 0.6699
vn 0.3881 0.5276 0.7556
vn 0.3785 0.5759 0.7246
vn 0.4345 0.5534 0.7106
vn 0.4940 0.5290 0.6900
vn 0.7552 -0.1331 -0.6418
vn 0.8344 -0.3724 -0.4064
vn 0.4836 -0.4877 -0.7268
vn 0.3675 -0.6711 -0.6439
vn -0.0318 -0.9180 0.3953
vn -0.1500 -0.9887 -0.0066
vn 0.2447 -0.9302 0.2735
vn -0.0211 -0.9998 0.0021
vn 0.8355 -0.5479 -0.0419
vn 0.4474 -0.8223 -0.3517
vn 0.2793 -0.9471 -0.1579
vn 0.7451 -0.6598 0.0978
vn 0.4718 -0.8180 0.3290
vn 0.2848 -0.9445 0.1635
vn 0.4658 -0.8753 0.1301
vn -0.0020 -0.9998 -0.0219
vn 0.3929 -0.9186 -0.0426
vn 0.7428 -0.5944 0.3081
vn 0.8181 -0.5578 0.1397
vn 0.3623 -0.8961 -0.2565
vn -0.2347 -0.8404 -0.4885
vn -0.1561 -0.9369 -0.3128
vn 0.2119 -0.9761 -0.0484
vn -0.0456 -0.9948 0.0907
vn 0.0151 -0.0706 -0.9974
vn -0.0716 -0.1547 -0.9854
vn 0.3936 -0.2348 -0.8888
vn 0.4095 0.1258 -0.9036
vn 0.0481 0.8460 -0.5310
vn 0.2108 0.8859 -0.4131
vn 0.3432 0.9315 0.1207
vn 0.3726 0.9275 0.0291
vn 0.6534 0.5289 0.5416
vn 0.7346 0.4926 0.4666
vn -0.0672 0.4520 -0.8895
vn -0.2034 -0.0012 -0.9791
vn 0.0703 -0.2046 -0.9763
vn 0.2366 0.3598 -0.9025
vn 0.8253 -0.4984 0.2655
vn 0.9368 -0.3470 0.0452
vn 0.4546 -0.8260 -0.3332
vn 0.4692 -0.8804 -0.0692
vn 0.8728 0.0095 0.4879
vn 0.8453 0.1527 0.5120
vn 0.7736 0.2053 0.5994
vn 0.7197 0.2348 0.6534
vn 0.7480 0.6004 0.2828
vn 0.8337 0.4997 0.2350
vn 0.8486 0.5016 -0.1680
vn 0.7347 0.6776 -0.0316
vn 0.7442 0.2894 -0.6020
vn 0.8356 0.2150 -0.5056
vn -0.3389 -0.8295 -0.4440
vn -0.4560 -0.8147 -0.3582
vn -0.5478 -0.6829 -0.4833
vn -0.3525 -0.7272 -0.5890
vn -0.3917 -0.6954 -0.6025
vn -0.3863 -0.7716 -0.5055
vn -0.4383 -0.5965 -0.6724
vn -0.6288 -0.5138 -0.5836
vn -0.3569 -0.6571 -0.6640
vn 0.6095 0.6075 0.5094
vn 0.5506 0.5850 0.5955
vn 0.6254 0.5499 0.5536
vn 0.6491 0.5808 0.4913
vn 0.6911 0.5816 0.4291
vn 0.6358 0.6306 0.4451
vn 0.5155 0.7288 0.4507
vn 0.4635 0.6985 0.5452
vn 0.3087 0.6639 0.6811
vn -0.3416 -0.6418 -0.6866
vn -0.2859 -0.6736 -0.6816
vn -0.3232 -0.7604 -0.5633
vn -0.3910 -0.7203 -0.5730
vn -0.1810 -0.7268 -0.6626
vn -0.2280 -0.8108 -0.5391
vn 0.6965 -0.7163 -0.0438
vn 0.6419 -0.7628 -0.0788
vn 0.4842 -0.8637 -0.1399
vn 0.5790 -0.8073 -0.1137
vn 0.6008 -0.7963 -0.0708
vn 0.6911 -0.7224 0.0203
vn 0.8588 -0.3525 0.3718
vn 0.6550 -0.7555 0.0146
vn 0.5045 -0.8491 -0.1562
vn 0.4364 -0.8789 -0.1925
vn 0.6364 -0.7712 0.0183
vn 0.8274 -0.3940 0.4002
vn 0.5534 -0.8274 0.0955
vn 0.2610 -0.9544 -0.1449
vn 0.7161 -0.6324 0.2953
vn 0.6908 -0.0739 0.7192
vn 0.6208 0.3255 0.7132
vn 0.3412 0.4436 0.8288
vn 0.4017 0.5949 0.6963
vn 0.7073 0.3614 0.6075
vn 0.4628 0.6901 0.5564
vn 0.1826 0.3034 0.9352
vn 0.2816 0.4173 0.8640
vn 0.1339 0.4647 0.8753
vn 0.1149 0.3467 0.9309
vn 0.3264 0.3534 0.8767
vn 0.4173 0.4318 0.7996
vn 0.4093 0.5148 0.7533
vn 0.5440 0.5026 0.6719
vn 0.1758 0.5766 0.7979
vn 0.3172 -0.8249 -0.4679
vn -0.0521 -0.7653 -0.6415
vn 0.8239 -0.5604 -0.0841
vn 0.5696 -0.7387 -0.3603
vn 0.1896 -0.7710 -0.6079
vn 0.4515 0.5521 0.7010
vn 0.4633 0.5130 0.7226
vn 0.4595 0.6355 0.6204
vn 0.4097 0.6744 0.6143
vn 0.4823 0.5757 0.6602
vn 0.5236 0.4895 0.6973
vn 0.4461 0.5240 0.7256
vn 0.3795 0.5846 0.7171
vn 0.5020 0.4623 0.7310
vn 0.8538 -0.5178 -0.0532
vn 0.5065 -0.7599 -0.4074
vn 0.8957 -0.4433 0.0358
vn 0.4858 -0.8231 -0.2942
vn 0.7329 -0.6606 0.1631
vn 0.1048 -0.9916 -0.0752
vn 0.3518 -0.9358 -0.0242
vn 0.8475 -0.4844 0.2171
vn 0.8163 -0.5682 0.1040
vn 0.3689 -0.9152 -0.1625
vn 0.5453 0.7019 0.4583
vn 0.5694 0.7526 0.3307
vn 0.4103 0.8658 0.2865
vn 0.3837 0.7871 0.4830
vn -0.4996 -0.4630 -0.7322
vn -0.5038 -0.6912 -0.5182
vn -0.4689 -0.6614 -0.5854
vn -0.4601 -0.5545 -0.6935
vn -0.4203 -0.3872 -0.8206
vn -0.4387 -0.6408 -0.6300
vn 0.8545 0.5177 0.0425
vn 0.8288 0.3782 0.4124
vn 0.6615 0.7325 0.1606
vn 0.5395 0.6524 0.5323
vn 0.7078 0.1681 0.6861
vn 0.3673 0.4841 0.7942
vn 0.1556 -0.7221 -0.6740
vn 0.0789 -0.7310 -0.6778
vn 0.0185 -0.8581 -0.5131
vn 0.0926 -0.8657 -0.4920
vn -0.0779 -0.9615 -0.2636
vn -0.0044 -0.9917 -0.1282
vn 0.4697 0.8203 0.3263
vn 0.3986 0.8661 0.3016
vn 0.2326 0.9507 0.2049
vn 0.3283 0.9233 0.1992
vn 0.3723 0.9089 0.1879
vn 0.2605 0.9650 0.0299
vn -0.2526 -0.8824 -0.3969
vn -0.1970 -0.9004 -0.3878
vn -0.3464 -0.8678 -0.3564
vn -0.2495 -0.8445 -0.4739
vn -0.2194 -0.8443 -0.4890
vn -0.2990 -0.8466 -0.4403
vn -0.2168 -0.7612 -0.6112
vn -0.3027 -0.8121 -0.4989
vn -0.2008 -0.7640 -0.6132
vn 0.0270 -0.8818 -0.4709
vn -0.2804 -0.5514 -0.7857
vn -0.0083 -0.8680 -0.4965
vn -0.1607 -0.6179 -0.7696
vn -0.3095 -0.2080 -0.9279
vn -0.1110 -0.3571 -0.9274
vn 0.5420 0.3107 0.7809
vn 0.5127 0.3500 0.7840
vn 0.5706 0.4535 0.6847
vn 0.6609 0.2410 0.7108
vn 0.6400 0.2796 0.7157
vn 0.4851 0.4147 0.7699
vn 0.4706 0.5404 0.6975
vn 0.5524 0.2449 0.7968
vn 0.5175 0.3457 0.7827
vn 0.2612 0.8022 0.5369
vn 0.2609 0.8437 0.4692
vn 0.2714 0.8423 0.4656
vn 0.2950 0.9395 0.1739
vn 0.2566 0.9653 0.0484
vn 0.2641 0.9641 -0.0279
vn 0.2503 0.9680 0.0176
vn 0.1872 0.9777 0.0947
vn 0.2513 0.9457 0.2063
vn 0.3475 0.9000 0.2631
vn 0.2841 0.9156 0.2844
vn 0.2838 0.9389 0.1949
vn 0.2441 0.9120 0.3296
vn 0.4033 0.8709 0.2810
vn 0.4034 0.8539 0.3288
vn 0.3164 0.8482 0.4249
vn 0.4371 0.7946 0.4214
vn 0.3294 0.8954 0.2996
vn 0.8223 -0.2080 0.5296
vn 0.8853 -0.1417 0.4428
vn 0.6369 0.3027 0.7091
vn 0.6395 0.3532 0.6828
vn 0.9295 -0.0427 0.3662
vn 0.6575 0.4039 0.6360
vn -0.4360 -0.6166 -0.6556
vn -0.3920 -0.6212 -0.6785
vn -0.3858 -0.5733 -0.7228
vn -0.4436 -0.6183 -0.6488
vn -0.4377 -0.6014 -0.6684
vn -0.4092 -0.6513 -0.6390
vn -0.4171 -0.6899 -0.5916
vn -0.4257 -0.7914 -0.4386
vn -0.3143 -0.9350 -0.1642
vn -0.3510 -0.9094 -0.2230
vn -0.3550 -0.9163 -0.1854
vn -0.4282 -0.7387 -0.5205
vn 0.8941 0.2208 -0.3896
vn 0.7858 0.2295 -0.5743
vn 0.3483 -0.5896 -0.7287
vn 0.5697 -0.6040 -0.5573
vn 0.5558 -0.5274 -0.6426
vn 0.9341 0.3494 -0.0728
vn 0.6543 0.6817 0.3274
vn 0.5661 0.8212 0.0718
vn 0.5290 0.8481 -0.0292
vn 0.8734 0.2932 -0.3888
vn 0.6243 0.7811 -0.0111
vn 0.4827 -0.3741 -0.7918
vn 0.2990 0.9411 0.1579
vn 0.2702 0.9325 0.2395
vn 0.3048 0.9452 0.1172
vn 0.3955 0.5979 0.6972
vn 0.4109 0.6203 0.6681
vn 0.4097 0.3202 0.8542
vn 0.3820 0.2207 0.8974
vn -0.4112 -0.9070 -0.0907
vn -0.1918 -0.9165 0.3510
vn -0.2965 -0.9549 0.0138
vn -0.4059 -0.8758 -0.2612
vn -0.3089 -0.9483 -0.0724
vn -0.1015 -0.8960 0.4324
vn -0.1867 -0.9429 0.2758
vn -0.1477 -0.9273 0.3440
vn -0.2447 -0.9689 0.0358
vn 0.8060 0.5205 0.2818
vn 0.2371 -0.4751 -0.8474
vn 0.9117 0.1030 -0.3977
vn 0.9602 -0.0109 -0.2792
vn 0.3550 -0.5964 -0.7200
vn 0.7850 0.4447 0.4313
vn 0.5300 -0.6152 -0.5837
vn 0.9836 -0.1306 -0.1248
vn 0.8729 0.2258 0.4325
vn 0.4543 0.6921 0.5609
vn 0.5430 0.6430 0.5401
vn 0.4244 0.6409 0.6396
vn 0.4155 0.3792 0.8268
vn 0.4988 0.4805 0.7214
vn 0.5959 0.5129 0.6179
vn 0.4764 0.3874 0.7893
vn 0.4207 0.5214 0.7424
vn 0.6152 0.4089 0.6740
vn 0.3035 0.3552 -0.8841
vn 0.4184 0.6370 -0.6475
vn 0.2103 0.9755 -0.0642
vn 0.2019 0.8684 -0.4529
vn 0.2280 -0.2287 -0.9464
vn 0.0546 -0.2235 -0.9732
vn -0.5303 -0.6099 -0.5889
vn -0.4382 -0.7547 -0.4883
vn -0.4243 -0.7646 -0.4852
vn -0.5191 -0.6276 -0.5802
vn -0.5114 -0.7102 -0.4838
vn -0.3952 -0.8069 -0.4389
vn 0.8415 0.1606 0.5159
vn 0.7269 0.3470 0.5926
vn 0.7552 0.4174 0.5054
vn 0.8831 0.2019 0.4235
vn 0.8802 0.2114 0.4250
vn 0.7812 0.2962 0.5495
vn 0.7735 0.3304 0.5409
vn 0.8421 0.1647 0.5136
vn 0.7212 0.3783 0.5803
vn 0.2078 0.7704 0.6027
vn 0.2564 0.7919 0.5542
vn 0.2463 0.8163 0.5225
vn 0.0771 0.3089 0.9480
vn 0.0627 0.3465 0.9359
vn 0.0924 0.4435 0.8915
vn 0.1591 0.4580 0.8746
vn 0.3416 0.6158 0.7100
vn 0.2013 0.4949 0.8453
vn 0.3138 0.8594 -0.4036
vn 0.5688 0.8090 -0.1485
vn 0.4842 0.8747 -0.0230
vn 0.2442 0.9544 -0.1719
vn 0.4648 0.8811 -0.0875
vn 0.6097 0.7901 0.0642
vn 0.4321 0.6325 0.6429
vn 0.4311 0.6956 0.5747
vn 0.3552 0.7353 0.5772
vn 0.2950 0.6803 0.6710
vn 0.2997 0.6026 0.7396
vn 0.3880 0.5577 0.7337
vn 0.3807 0.2253 0.8968
vn 0.4187 0.3305 0.8459
vn 0.3992 0.2938 0.8685
vn 0.4168 0.2183 0.8824
vn 0.4710 0.5726 0.6711
vn 0.3847 0.5374 0.7504
vn -0.0291 -0.8476 -0.5299
vn -0.1964 -0.7636 -0.6151
vn -0.3091 -0.8461 -0.4342
vn -0.1929 -0.9164 -0.3506
vn 0.0000 -0.7279 -0.6857
vn -0.0792 -0.6019 -0.7947
vn -0.3541 -0.9323 0.0734
vn -0.3691 -0.9289 -0.0285
vn -0.3602 -0.9328 -0.0108
vn -0.3940 -0.9144 -0.0933
vn -0.3326 -0.9300 -0.1563
vn -0.3897 -0.8692 -0.3043
vn -0.0510 -0.7820 -0.6212
vn -0.3365 -0.6984 -0.6317
vn -0.3025 -0.6445 -0.7022
vn -0.0742 -0.7169 -0.6932
vn -0.1810 -0.8460 -0.5015
vn -0.3944 -0.7553 -0.5233
vn 0.0876 0.9962 -0.0033
vn -0.0399 0.9911 0.1267
vn 0.1616 0.9286 0.3342
vn 0.2562 0.9288 0.2678
vn 0.4788 0.5303 0.6997
vn 0.5571 0.5478 0.6241
vn 0.5880 0.7284 0.3517
vn 0.5236 0.8393 0.1462
vn 0.4107 0.8632 0.2937
vn 0.4202 0.7665 0.4857
vn 0.6149 0.4812 0.6248
vn 0.4383 0.5271 0.7280
vn 0.4165 0.7830 0.4621
vn 0.3451 0.7634 0.5460
vn 0.4777 0.5771 0.6624
vn 0.6212 0.5224 0.5841
vn 0.5213 0.5281 0.6703
vn 0.1884 0.7879 0.5862
vn 0.3169 0.8269 0.4645
vn 0.0464 0.8792 0.4742
vn 0.0203 0.8217 0.5696
vn 0.1406 0.7100 0.6900
vn 0.0767 0.7154 0.6944
vn 0.1851 0.4059 0.8950
vn 0.1604 0.4607 0.8729
vn 0.1651 0.4159 0.8943
vn 0.0774 0.4843 0.8715
vn 0.1254 0.5425 0.8306
vn 0.2454 0.5207 0.8177
vn 0.4129 0.6596 0.6281
vn 0.0949 0.4558 0.8850
vn 0.1152 0.5593 0.8209
vn 0.5737 0.7716 0.2747
vn 0.6543 0.7560 -0.0192
vn 0.5314 0.7587 0.3768
vn 0.6795 0.7214 -0.1336
vn 0.6769 0.7358 -0.0177
vn 0.4040 0.7546 0.5171
vn 0.6829 0.6873 0.2474
vn 0.7267 0.6254 0.2842
vn 0.4681 0.8471 0.2517
vn 0.4399 0.8590 0.2618
vn 0.1845 0.9730 0.1390
vn 0.1670 0.9621 0.2155
vn 0.3938 0.8126 0.4297
vn 0.2794 0.9255 0.2557
vn 0.3678 0.7126 0.5975
vn 0.4001 0.8086 0.4315
vn 0.3020 0.9207 0.2472
vn 0.3766 0.6226 0.6859
vn 0.4739 0.5341 0.7001
vn 0.3707 0.8060 0.4615
vn 0.3083 0.9175 0.2515
vn 0.4516 0.5143 0.7290
vn 0.4439 0.5341 0.7196
vn 0.4750 0.2829 0.8333
vn 0.4299 0.5171 0.7401
vn 0.4348 0.5530 0.7108
vn 0.5566 0.1930 0.8081
vn 0.4330 0.5037 0.7475
vn 0.4239 0.5090 0.7492
vn -0.1692 -0.8578 -0.4853
vn -0.1018 -0.8942 -0.4359
vn 0.0129 -0.8368 -0.5474
vn -0.0463 -0.7728 -0.6329
vn -0.2656 -0.9385 -0.2208
vn -0.2408 -0.9594 -0.1466
vn -0.3257 -0.9107 -0.2539
vn -0.2154 -0.9532 -0.2124
vn -0.1899 -0.7323 -0.6539
vn -0.0604 -0.7787 -0.6245
vn -0.0144 -0.9923 -0.1230
vn -0.0922 -0.9896 -0.1108
vn 0.0917 -0.8332 -0.5454
vn 0.0337 -0.9432 -0.3305
vn 0.1989 -0.8931 -0.4035
vn -0.0466 -0.4568 -0.8883
vn 0.0307 -0.5523 -0.8331
vn -0.1014 -0.5038 -0.8579
vn -0.2254 -0.7430 -0.6302
vn -0.2725 -0.8424 -0.4648
vn 0.0580 -0.6761 -0.7346
vn -0.3799 -0.7587 -0.5293
vn -0.3289 -0.8070 -0.4906
vn -0.2632 -0.7163 -0.6462
vn -0.4032 -0.6940 -0.5965
vn -0.3585 -0.8275 -0.4322
vn -0.2576 -0.9655 0.0374
vn -0.1414 -0.9634 0.2278
vn -0.3918 -0.8424 -0.3699
vn -0.3086 -0.7696 -0.5591
vn -0.4126 -0.8286 -0.3784
vn -0.3742 -0.8395 -0.3939
vn -0.4314 -0.8737 -0.2247
vn -0.4721 -0.8536 -0.2202
vn -0.3856 -0.7508 -0.5363
vn -0.4067 -0.6633 -0.6283
vn -0.4123 -0.5948 -0.6901
vn -0.1715 -0.9186 -0.3560
vn -0.2624 -0.9423 -0.2077
vn -0.3434 -0.5699 -0.7465
vn -0.2687 -0.4137 -0.8699
vn -0.4304 -0.5901 -0.6830
vn -0.3188 -0.6329 -0.7056
vn -0.2832 -0.8108 -0.5123
vn -0.0869 -0.5468 -0.8327
vn -0.2084 -0.8446 -0.4931
vn -0.2355 -0.8331 -0.5005
vn 0.0551 -0.8139 -0.5784
vn 0.0057 -0.6639 -0.7478
vn 0.0518 -0.4214 -0.9054
vn 0.1328 -0.5769 -0.8060
vn 0.1781 -0.7472 -0.6403
vn -0.1138 -0.2235 -0.9680
vn -0.3037 -0.3960 -0.8666
vn -0.3660 -0.8135 -0.4520
vn -0.3708 -0.7196 -0.5871
vn -0.4047 -0.6611 -0.6318
vn -0.4616 -0.6340 -0.6205
vn -0.1360 -0.9803 -0.1430
vn -0.2401 -0.8419 -0.4833
vn 0.0010 -0.9965 -0.0837
vn -0.2413 -0.8624 -0.4450
vn -0.1526 -0.8105 -0.5655
vn -0.1156 -0.9266 -0.3579
vn -0.0652 -0.8682 -0.4918
vn 0.0133 -0.8426 -0.5384
vn -0.1207 -0.7018 -0.7020
vn -0.0324 -0.7183 -0.6950
vn -0.1053 -0.7026 -0.7038
vn -0.3978 -0.6762 -0.6201
vn -0.4736 -0.5972 -0.6473
vn -0.3079 -0.6235 -0.7187
vn -0.2432 -0.6576 -0.7130
vn -0.5316 -0.5393 -0.6531
vn -0.4503 -0.6669 -0.5937
vn -0.4362 -0.6389 -0.6337
vn -0.3886 -0.5865 -0.7107
vn -0.0939 -0.5825 -0.8074
vn -0.0439 -0.5089 -0.8597
vn -0.4056 -0.6686 -0.6233
vn -0.1190 -0.5218 -0.8447
vn -0.5581 -0.5533 -0.6184
vn -0.4083 -0.7040 -0.5811
vn -0.8264 -0.1662 -0.5380
vn -0.8636 -0.0432 -0.5024
vn -0.6783 -0.4613 -0.5719
vn -0.4106 -0.7090 -0.5734
vn -0.9000 0.2710 -0.3414
vn -0.8732 0.3670 -0.3206
vn -0.7381 0.6676 -0.0974
vn -0.7124 0.6971 -0.0813
vn -0.4122 0.9018 0.1298
vn -0.4279 0.8898 0.1585
vn -0.0882 0.9489 0.3030
vn -0.1606 0.9332 0.3216
vn 0.3305 0.8325 0.4446
vn 0.7302 0.5028 0.4626
vn 0.7425 0.4314 0.5124
vn 0.3079 0.8176 0.4866
vn 0.9131 0.1253 0.3881
vn 0.9098 0.1553 0.3848
vn 0.9084 0.0799 0.4103
vn 0.9069 0.0737 0.4148
vn 0.1861 0.9702 0.1551
vn 0.0023 0.9898 0.1423
vn 0.2228 0.9596 0.1716
vn 0.2846 0.9330 0.2203
vn 0.0843 0.9847 0.1524
vn 0.2152 0.9115 0.3505
vn 0.5120 0.4781 0.7136
vn 0.0242 0.9986 0.0471
vn 0.1231 0.9683 0.2173
vn 0.5714 0.1818 0.8003
vn 0.5330 0.4468 0.7185
vn 0.5530 0.3361 0.7623
vn 0.5670 0.2171 0.7946
vn 0.5078 0.6280 0.5898
vn 0.5798 0.4408 0.6853
vn 0.5937 0.5147 0.6186
vn 0.6248 0.3635 0.6910
vn 0.6248 0.2988 0.7213
vn 0.6331 0.2358 0.7373
vn 0.0879 0.9878 0.1285
vn 0.3038 0.9431 0.1352
vn 0.1606 0.9830 0.0894
vn 0.1177 0.9851 0.1258
vn 0.2213 0.9313 0.2892
vn 0.3445 0.7875 0.5110
vn 0.4659 0.8781 0.1086
vn 0.3241 0.9425 0.0818
vn 0.2968 0.9178 0.2637
vn 0.4005 0.7593 0.5129
vn 0.2246 0.9362 0.2705
vn 0.5263 0.6134 0.5888
vn 0.3138 0.9198 0.2355
vn -0.2089 -0.6251 -0.7521
vn -0.1328 -0.7803 -0.6111
vn -0.2931 -0.7552 -0.5863
vn -0.3505 -0.6308 -0.6923
vn 0.1939 -0.8528 -0.4850
vn -0.0384 -0.8708 -0.4901
vn -0.3246 -0.8080 -0.4917
vn -0.4477 -0.7036 -0.5518
vn -0.4988 -0.5856 -0.6390
vn -0.0059 0.9313 0.3642
vn 0.0864 0.9605 0.2645
vn -0.0841 0.8846 0.4587
vn 0.1658 0.9234 0.3462
vn 0.2066 0.9476 0.2435
vn 0.2032 0.8146 0.5432
vn 0.3472 0.6333 0.6917
vn 0.3566 0.8727 0.3336
vn 0.5273 0.7822 0.3319
vn 0.5169 0.8129 0.2684
vn 0.3556 0.9001 0.2519
vn 0.3357 -0.8799 -0.3362
vn 0.1773 -0.8437 -0.5066
vn 0.4764 -0.8549 -0.2054
vn 0.2408 -0.8963 -0.3723
vn -0.0387 -0.8721 -0.4877
vn 0.0116 -0.7858 -0.6183
vn 0.0862 0.6425 0.7615
vn 0.2009 0.6121 0.7648
vn 0.2870 0.5231 0.8025
vn 0.5094 0.5404 0.6697
vn 0.4080 0.5856 0.7004
vn 0.3912 0.5179 0.7607
vn -0.4143 -0.6214 -0.6650
vn -0.2658 -0.6597 -0.7030
vn -0.0866 -0.7152 -0.6936
vn -0.3818 -0.8747 -0.2985
vn -0.4059 -0.8749 -0.2643
vn -0.3732 -0.8992 -0.2286
vn 0.5201 0.8212 0.2348
vn 0.3886 0.9099 0.1455
vn 0.2560 0.9619 0.0960
vn -0.4106 -0.7811 -0.4704
vn -0.3958 -0.8732 -0.2844
vn -0.2292 -0.9525 -0.2005
vn -0.5258 0.0250 -0.8503
vn -0.3964 -0.0405 -0.9172
vn -0.4349 -0.2746 -0.8576
vn -0.3051 -0.2723 -0.9126
vn -0.1636 0.2923 0.9422
vn -0.5718 0.0159 0.8202
vn -0.1958 0.5110 0.8370
vn -0.6529 0.2363 0.7196
vn -0.8382 -0.3592 0.4103
vn -0.9469 -0.1716 0.2720
vn -0.8472 -0.4538 -0.2761
vn -0.8412 -0.5352 -0.0769
vn -0.6725 0.5771 0.4634
vn -0.1708 0.7778 0.6048
vn -0.1542 0.9389 0.3078
vn -0.5528 0.8052 0.2148
vn -0.9730 0.2270 -0.0417
vn -0.7246 0.6170 -0.3071
vn -0.6253 0.1843 -0.7583
vn -0.8155 -0.1847 -0.5485
vn -0.2890 0.5946 -0.7503
vn -0.1945 0.9492 -0.2473
vn -0.2745 -0.0045 -0.9616
vn -0.4287 -0.1701 -0.8873
vn -0.5448 -0.3633 -0.7558
vn -0.6298 -0.4610 -0.6251
vn -0.7163 -0.5125 -0.4736
vn 0.5433 0.7175 0.4360
vn 0.6356 0.6196 0.4606
vn 0.6725 0.5936 0.4421
vn 0.7523 0.4690 0.4627
vn 0.7348 0.4682 0.4908
vn 0.7131 0.5305 0.4582
vn 0.9075 0.2531 0.3353
vn 0.7740 0.4544 0.4409
vn 0.7748 0.4657 0.4275
vn 0.8805 0.3451 0.3250
vn 0.5685 0.7191 0.3996
vn 0.6372 0.6546 0.4069
vn 0.5453 0.7380 0.3975
vn 0.5850 0.7027 0.4050
vn 0.6973 0.5830 0.4169
vn 0.6401 0.6552 0.4013
vn 0.7067 0.5937 0.3848
vn 0.7405 0.5237 0.4213
vn 0.7581 0.5294 0.3808
vn 0.7708 0.5220 0.3652
vn 0.3703 0.7748 0.5124
vn 0.3395 0.8447 0.4139
vn 0.5247 0.7377 0.4248
vn 0.4520 0.6858 0.5704
vn 0.4549 0.6612 0.5965
vn 0.3560 0.7392 0.5717
vn 0.7047 0.4059 0.5820
vn 0.6465 0.4577 0.6104
vn 0.6953 0.4550 0.5563
vn 0.7152 0.4179 0.5602
vn 0.8367 0.2869 0.4665
vn 0.7534 0.3836 0.5341
vn 0.5318 0.5876 0.6098
vn 0.5353 0.5811 0.6130
vn 0.6165 0.6175 0.4885
vn 0.6703 0.5183 0.5311
vn 0.5769 0.5164 0.6328
vn 0.5936 0.5145 0.6187
vn 0.6782 0.4901 0.5476
vn 0.6104 0.4744 0.6343
vn 0.6649 0.4532 0.5937
vn 0.3181 0.8913 0.3230
vn 0.3940 0.9007 0.1830
vn 0.5316 0.7747 0.3424
vn 0.5085 0.7700 0.3855
vn 0.8303 0.3725 0.4146
vn 0.7821 0.4566 0.4241
vn 0.7511 0.4150 0.5135
vn 0.8243 0.2847 0.4894
vn 0.7367 0.5149 0.4384
vn 0.7075 0.5330 0.4642
vn 0.6725 0.5381 0.5082
vn 0.6827 0.5167 0.5166
vn 0.6514 0.6118 0.4487
vn 0.6604 0.5864 0.4691
vn 0.4133 0.9105 0.0127
vn 0.6619 0.7309 0.1661
vn 0.5592 0.7719 0.3025
vn 0.4008 0.9053 0.1409
vn 0.7075 0.5606 0.4303
vn 0.7148 0.5267 0.4601
vn 0.8692 0.4933 -0.0347
vn 0.8873 0.4596 -0.0371
vn 0.4025 0.6472 -0.6474
vn 0.6674 0.3121 -0.6762
vn -0.1389 -0.4416 -0.8864
vn 0.0989 -0.3778 -0.9206
vn 0.5830 0.0138 -0.8123
vn 0.5531 0.1095 -0.8259
vn 0.0148 -0.3589 -0.9333
vn -0.1728 -0.2862 -0.9425
vn -0.3596 -0.7577 -0.5446
vn -0.1203 -0.6016 -0.7897
vn -0.2807 -0.7626 -0.5828
vn -0.2613 -0.7029 -0.6615
vn -0.3152 -0.4749 -0.8217
vn -0.5088 -0.5126 -0.6917
vn -0.6424 -0.4165 -0.6433
vn -0.5418 -0.4296 -0.7225
vn -0.5037 -0.6255 -0.5958
vn -0.5459 -0.6252 -0.5577
vn -0.4482 -0.7019 -0.5536
vn -0.4101 -0.7056 -0.5778
vn -0.3493 -0.7220 -0.5973
vn -0.4840 -0.6217 -0.6158
vn -0.2883 -0.8079 -0.5140
vn -0.4284 -0.7534 -0.4988
vn -0.3870 -0.8271 -0.4076
vn -0.5380 -0.7349 -0.4129
vn -0.6528 -0.5268 -0.5443
vn -0.6995 -0.5316 -0.4776
vn -0.7135 -0.4769 -0.5132
vn -0.7164 -0.4226 -0.5551
vn -0.6487 -0.4655 -0.6021
vn -0.6373 -0.5492 -0.5405
vn -0.6190 -0.4828 -0.6195
vn -0.5459 -0.6330 -0.5489
vn -0.5853 -0.6050 -0.5398
vn -0.6234 -0.5429 -0.5627
vn -0.6611 -0.5302 -0.5308
vn -0.3767 -0.8073 -0.4542
vn -0.5055 -0.6956 -0.5104
vn -0.4016 -0.8041 -0.4383
vn -0.5507 -0.6688 -0.4994
vn -0.6284 -0.5534 -0.5467
vn -0.6445 -0.5476 -0.5337
vn -0.6702 -0.5099 -0.5393
vn -0.6545 -0.4851 -0.5800
vn -0.6340 -0.5091 -0.5821
vn -0.6734 -0.5079 -0.5372
vn -0.4481 -0.7961 -0.4068
vn -0.4622 -0.7973 -0.3882
vn -0.5779 -0.6974 -0.4239
vn -0.5562 -0.6911 -0.4615
vn -0.3825 -0.8445 -0.3748
vn -0.3791 -0.8564 -0.3505
vn -0.6542 -0.5637 -0.5042
vn -0.6735 -0.5898 -0.4456
vn -0.6971 -0.5436 -0.4676
vn -0.6779 -0.5201 -0.5195
vn -0.4805 -0.7295 -0.4868
vn -0.3892 -0.7540 -0.5291
vn -0.4264 -0.7782 -0.4610
vn -0.6198 -0.6302 -0.4678
vn -0.6218 -0.6398 -0.4516
vn -0.4556 -0.7320 -0.5065
vn -0.4897 -0.7187 -0.4936
vn -0.4114 -0.7600 -0.5032
vn -0.5281 -0.7032 -0.4759
vn -0.5870 -0.6837 -0.4336
vn -0.5477 -0.7091 -0.4440
vn -0.4985 -0.7482 -0.4379
vn -0.5009 -0.7002 -0.5088
vn -0.5538 -0.6341 -0.5396
vn -0.4943 -0.7393 -0.4572
vn -0.2348 -0.8103 -0.5369
vn -0.9029 -0.3687 -0.2210
vn -0.8157 -0.4666 -0.3420
vn -0.8941 -0.3022 -0.3306
vn -0.9610 -0.2430 -0.1324
vn -0.7681 -0.5376 -0.3478
vn -0.6826 -0.5303 -0.5029
vn -0.9385 -0.2657 -0.2203
vn -0.8500 -0.3947 -0.3489
vn -0.9977 -0.0171 -0.0654
vn -0.8848 -0.3024 -0.3546
vn -0.9883 -0.0464 -0.1451
vn -0.8498 -0.3576 -0.3873
vn -0.1108 -0.9799 -0.1661
vn -0.0602 -0.9980 0.0209
vn 0.1917 -0.8006 -0.5677
vn 0.1127 -0.6803 -0.7242
vn -0.2864 -0.9580 -0.0147
vn -0.2443 -0.9649 0.0966
vn 0.1917 -0.1993 -0.9610
vn 0.3905 -0.2405 -0.8886
vn 0.2372 -0.3448 -0.9082
vn -0.0170 -0.4066 -0.9134
vn 0.3411 0.6776 0.6515
vn 0.3374 0.6532 0.6779
vn 0.2900 0.5826 0.7592
vn 0.3206 0.4245 0.8468
vn 0.0082 -0.9981 -0.0613
vn -0.0168 -0.9725 -0.2324
vn -0.2086 -0.9630 -0.1708
vn -0.1708 -0.9835 -0.0588
vn -0.2569 -0.9359 -0.2411
vn -0.1371 -0.8963 -0.4218
vn -0.3538 -0.7101 -0.6087
vn -0.2455 -0.6196 -0.7456
vn -0.3339 -0.5624 -0.7565
vn -0.3083 -0.5723 -0.7599
vn 0.5026 0.2445 0.8292
vn 0.5412 0.5105 0.6682
vn 0.4500 0.5311 0.7179
vn 0.3527 0.2031 0.9134
vn 0.5425 0.5355 0.6473
vn 0.4836 0.5511 0.6800
vn 0.4558 0.8506 -0.2620
vn 0.4960 0.8679 0.0264
vn 0.4204 0.8235 -0.3809
vn 0.2964 0.8817 -0.3672
vn 0.3788 0.8925 -0.2448
vn 0.4906 0.8667 0.0904
vn -0.4374 -0.8195 -0.3704
vn -0.5790 -0.6527 -0.4886
vn -0.4976 -0.6078 -0.6189
vn -0.3693 -0.8316 -0.4149
vn -0.6522 0.7580 0.0059
vn -0.8410 0.4983 -0.2106
vn -0.7663 0.4617 -0.4468
vn -0.5413 0.8062 -0.2389
vn -0.2189 0.9754 0.0274
vn -0.3274 0.9166 0.2294
vn 0.2916 0.8480 0.4425
vn 0.3740 0.8870 0.2709
vn 0.8164 0.5210 0.2492
vn 0.7824 0.4521 0.4283
vn 0.9177 0.2372 0.3188
vn 0.9385 0.1546 0.3087
vn 0.9611 0.1790 0.2104
vn 0.9724 0.0358 0.2305
vn 0.8894 0.2408 0.3885
vn 0.9251 0.1670 0.3409
vn 0.8141 0.3958 0.4250
vn 0.8072 0.3823 0.4497
vn 0.7186 0.3849 0.5792
vn 0.7775 0.1948 0.5980
vn 0.7933 0.1139 0.5981
vn 0.7271 0.3532 0.5887
vn 0.6795 0.4509 0.5787
vn 0.6825 0.4811 0.5502
vn 0.3839 0.9217 0.0564
vn 0.4830 0.8751 0.0313
vn 0.4191 0.8907 -0.1758
vn 0.3470 0.9308 -0.1146
vn 0.4277 0.8928 0.1410
vn 0.5196 0.8396 0.1587
vn 0.4232 0.9060 0.0074
vn 0.4189 0.9013 -0.1103
vn 0.5892 0.6869 0.4255
vn 0.5940 0.6940 0.4068
vn 0.6225 0.6505 0.4351
vn 0.6340 0.6497 0.4194
vn 0.5527 0.7184 0.4223
vn 0.5464 0.7501 0.3725
vn 0.5087 0.7514 0.4202
vn 0.4307 0.8305 0.3531
vn 0.6285 0.6117 0.4805
vn 0.6272 0.6108 0.4832
vn 0.6121 0.7143 0.3393
vn 0.5858 0.7264 0.3594
vn 0.5064 0.8267 0.2451
vn 0.5809 0.7775 0.2409
vn 0.4679 0.7387 0.4851
vn 0.3633 0.7886 0.4962
vn 0.5029 0.7143 0.4867
vn 0.4137 0.7358 0.5362
vn -0.3596 -0.8455 -0.3948
vn -0.3977 -0.8535 -0.3368
vn -0.3338 -0.6738 -0.6592
vn -0.3454 -0.6782 -0.6486
vn -0.5195 -0.6780 -0.5200
vn -0.5654 -0.6542 -0.5024
vn -0.4935 -0.6267 -0.6030
vn -0.4274 -0.6458 -0.6326
vn -0.4103 -0.6507 -0.6389
vn -0.3697 -0.6651 -0.6488
vn -0.3707 -0.6602 -0.6532
vn -0.4606 -0.6975 -0.5490
vn -0.4304 -0.8442 -0.3194
vn -0.4458 -0.8254 -0.3464
vn -0.4015 -0.8952 0.1934
vn -0.2886 -0.9416 0.1736
vn -0.4309 -0.8237 -0.3686
vn -0.4456 -0.6622 -0.6024
vn -0.4537 -0.8779 0.1530
vn -0.3627 -0.6448 -0.6728
vn -0.4327 -0.6976 -0.5710
vn -0.5282 -0.6208 -0.5793
vn -0.5761 -0.6469 -0.4996
vn -0.5573 -0.7236 -0.4073
vn -0.5722 -0.6998 -0.4275
vn -0.5731 -0.7023 -0.4222
vn -0.5728 -0.7160 -0.3991
vn 0.6548 0.5818 0.4825
vn 0.6457 0.5735 0.5042
vn 0.5903 0.6618 0.4622
vn 0.6615 0.6108 0.4351
vn 0.6323 0.5481 0.5475
vn 0.6157 0.5823 0.5309
vn 0.6038 0.5954 0.5300
vn 0.4725 0.6988 0.5370
vn 0.4319 0.7051 0.5624
vn 0.5062 0.6913 0.5156
vn 0.5604 0.6600 0.5003
vn 0.4502 0.7539 0.4786
vn 0.3547 0.7822 0.5122
vn 0.3733 0.7931 0.4814
vn 0.4062 0.7151 0.5689
vn 0.4787 0.6857 0.5483
vn 0.4230 0.7290 0.5381
vn 0.5256 0.6116 0.5913
vn 0.3896 0.6107 0.6894
vn 0.4134 0.6657 0.6212
vn 0.4085 0.6613 0.6291
vn 0.3703 0.7516 0.5459
vn 0.3323 0.6623 0.6716
vn 0.3236 0.4167 0.8495
vn 0.1847 0.3981 0.8986
vn 0.4348 0.4785 0.7629
vn 0.1646 0.4577 0.8737
vn -0.1309 0.2199 0.9667
vn 0.0701 0.3734 0.9250
vn 0.3800 0.5904 0.7121
vn 0.5645 0.5386 0.6255
vn -0.3249 -0.5768 -0.7495
vn -0.3383 -0.5745 -0.7453
vn -0.3211 -0.6297 -0.7074
vn -0.3235 -0.6348 -0.7017
vn 0.2453 0.5599 0.7914
vn 0.3641 0.6322 0.6839
vn -0.3462 -0.6909 -0.6347
vn -0.3820 -0.7546 -0.5335
vn -0.4159 -0.7562 -0.5052
vn -0.3497 -0.7044 -0.6177
vn -0.4467 -0.6825 -0.5785
vn -0.4579 -0.6027 -0.6534
vn -0.4544 -0.7567 -0.4701
vn -0.4048 -0.7706 -0.4922
vn -0.4456 -0.6750 -0.5881
vn -0.4723 -0.5921 -0.6530
vn 0.5098 0.5411 0.6688
vn 0.5507 0.5582 0.6206
vn 0.5700 0.5988 0.5625
vn 0.5567 0.5597 0.6138
vn -0.4417 -0.6669 -0.6001
vn -0.4043 -0.7630 -0.5044
vn -0.4630 -0.5873 -0.6639
vn 0.5880 0.5995 0.5431
vn 0.5865 0.5841 0.5610
vn 0.6040 0.6246 0.4951
vn 0.5854 0.6295 0.5109
vn 0.5710 0.5931 0.5676
vn 0.5578 0.5303 0.6385
vn 0.5491 0.6564 0.5173
vn 0.5133 0.6853 0.5167
vn 0.5559 0.6076 0.5673
vn 0.5501 0.5315 0.6442
vn 0.5137 0.6329 0.5792
vn 0.4872 0.7101 0.5083
vn 0.4927 0.5580 0.6677
vn -0.4165 -0.8126 -0.4078
vn -0.4970 -0.7735 -0.3932
vn -0.3696 -0.8537 -0.3669
vn -0.4611 -0.8060 -0.3711
vn -0.4521 -0.7883 -0.4173
vn -0.3580 -0.8183 -0.4497
vn -0.3607 -0.8384 -0.4085
vn -0.3070 -0.8481 -0.4319
vn -0.3740 -0.8186 -0.4359
vn -0.3892 -0.8058 -0.4464
vn 0.5895 0.6546 0.4733
vn 0.5603 0.6451 0.5195
vn 0.5448 0.6796 0.4912
vn 0.5897 0.6637 0.4602
vn 0.5391 0.6994 0.4693
vn 0.5229 0.7197 0.4566
vn 0.5146 0.7340 0.4432
vn 0.4920 0.7253 0.4816
vn -0.2753 -0.8424 -0.4633
vn -0.2935 -0.5911 -0.7513
vn -0.0769 -0.8095 -0.5820
vn -0.0960 -0.5347 -0.8396
vn 0.4607 0.7456 0.4816
vn 0.4592 0.7600 0.4599
vn -0.3044 -0.6097 -0.7318
vn -0.3619 -0.8089 -0.4635
vn -0.2028 -0.5027 -0.8403
vn -0.4182 -0.6431 -0.6415
vn -0.4337 -0.2034 -0.8778
vn -0.3556 -0.4276 -0.8311
vn -0.6140 -0.2890 -0.7345
vn -0.6014 -0.1300 -0.7883
vn -0.5665 -0.4115 -0.7139
vn -0.5622 -0.3768 -0.7362
vn 0.4803 0.8762 -0.0395
vn 0.4787 0.7780 0.4068
vn 0.3958 0.7793 0.4859
vn 0.3825 0.9236 -0.0256
vn -0.6055 -0.1935 -0.7720
vn -0.6113 -0.2414 -0.7537
vn -0.5731 -0.5570 -0.6010
vn -0.4687 -0.8454 0.2562
vn -0.3300 -0.9127 0.2408
vn -0.5414 -0.8164 0.2009
vn -0.6008 -0.7421 -0.2972
vn -0.5066 -0.8266 -0.2451
vn -0.2418 -0.9210 -0.3056
vn 0.3714 0.4162 0.8300
vn 0.2826 0.4936 0.8225
vn -0.1519 -0.9750 0.1619
vn 0.0506 -0.9083 -0.4153
vn -0.3146 -0.2540 -0.9146
vn -0.4745 -0.6913 -0.5450
vn -0.4441 -0.2647 -0.8560
vn -0.2584 -0.3642 -0.8947
vn 0.0077 -0.0193 -0.9998
vn 0.3366 -0.0682 -0.9392
vn 0.1491 -0.4320 -0.8895
vn -0.4919 -0.8699 0.0370
vn -0.3009 -0.8765 -0.3758
vn -0.2186 -0.8307 -0.5119
vn -0.1901 -0.7932 -0.5786
vn -0.3068 -0.8676 -0.3913
vn -0.3513 -0.8677 -0.3516
vn -0.3518 -0.8201 -0.4514
vn 0.4156 -0.3455 -0.8414
vn 0.4091 -0.2159 -0.8866
vn -0.3431 -0.8543 -0.3904
vn -0.2829 -0.7520 -0.5954
vn -0.2855 -0.7706 -0.5698
vn -0.3925 -0.8203 -0.4160
vn -0.0986 -0.7241 -0.6826
vn 0.1008 -0.5934 -0.7986
vn 0.1317 -0.4267 -0.8948
vn -0.2859 -0.8912 -0.3522
vn -0.0845 -0.3543 -0.9313
vn 0.5077 0.8493 0.1446
vn 0.4806 0.8671 0.1309
vn 0.5206 0.7801 0.3469
vn 0.4972 0.8219 0.2779
vn 0.5169 0.7414 0.4280
vn 0.5410 0.7065 0.4564
vn -0.5666 -0.2501 -0.7851
vn -0.4309 -0.4911 -0.7570
vn -0.5955 -0.5340 -0.6002
vn -0.7467 -0.2475 -0.6175
vn -0.7840 -0.2494 -0.5684
vn -0.5961 -0.3822 -0.7061
vn -0.5733 -0.3570 -0.7375
vn -0.5013 -0.5135 -0.6964
vn -0.3884 -0.9037 -0.1800
vn -0.2489 -0.8915 -0.3786
vn 0.0286 -0.9936 -0.1092
vn -0.0678 -0.9948 -0.0766
vn -0.7505 -0.5497 -0.3670
vn -0.3474 -0.8937 -0.2839
vn -0.5974 -0.6132 -0.5167
vn -0.1139 -0.9912 -0.0673
vn -0.0883 -0.9729 -0.2136
vn -0.3007 -0.8309 -0.4681
vn 0.0399 -0.9688 -0.2447
vn -0.1538 -0.8263 -0.5419
vn -0.6668 -0.4613 -0.5853
vn -0.8728 -0.2549 -0.4163
vn -0.8433 -0.2723 -0.4634
vn 0.2372 0.9426 0.2350
vn 0.6312 0.6119 0.4765
vn 0.0564 0.9911 0.1202
vn 0.1693 0.9853 0.0228
vn 0.3021 0.9530 0.0231
vn 0.6772 0.6631 0.3188
vn 0.7960 0.2085 0.5682
vn 0.8408 0.1820 0.5098
vn 0.4887 0.7316 0.4752
vn 0.4699 0.7950 0.3837
vn 0.4549 0.8063 0.3782
vn 0.5053 0.7613 0.4063
vn 0.5667 0.7308 0.3806
vn 0.5248 0.6814 0.5102
vn 0.4643 0.8230 0.3274
vn 0.4301 0.8721 0.2334
vn 0.3909 0.8767 0.2804
vn 0.4625 0.7833 0.4154
vn 0.3851 0.9229 0.0008
vn 0.3692 0.9176 0.1470
vn 0.1749 0.9844 -0.0212
vn 0.3294 0.9302 -0.1619
vn 0.5085 0.8345 0.2122
vn 0.4764 0.8380 0.2659
vn 0.5513 0.7753 0.3082
vn 0.4840 0.8228 0.2978
vn 0.5228 0.7992 0.2965
vn 0.5649 0.7505 0.3430
vn 0.6012 0.7316 0.3214
vn 0.4364 0.8519 0.2894
vn 0.2881 0.9456 0.1511
vn 0.3714 0.5734 0.7303
vn 0.4181 0.5183 0.7460
vn 0.4322 0.3945 0.8109
vn 0.3928 0.5021 0.7705
vn 0.5537 0.7878 0.2697
vn 0.5849 0.7384 0.3356
vn 0.5414 0.4896 0.6835
vn 0.4585 0.4511 0.7657
vn 0.5430 0.4551 0.7057
vn 0.4625 0.3586 0.8109
vn 0.4596 0.4354 0.7740
vn 0.4806 0.2251 0.8476
vn 0.4448 0.1250 0.8869
vn 0.4556 0.3338 0.8252
vn 0.4376 -0.0663 0.8967
vn 0.3068 -0.0413 0.9509
vn 0.3782 0.1805 0.9080
vn 0.4821 0.4632 0.7437
vn -0.4604 -0.5929 -0.6607
vn -0.4347 -0.5862 -0.6837
vn -0.4388 -0.5534 -0.7080
vn -0.4570 -0.5453 -0.7027
vn 0.3708 0.3790 0.8479
vn 0.2376 0.0877 0.9674
vn -0.4561 -0.5587 -0.6927
vn -0.4388 -0.6037 -0.6656
vn -0.4860 -0.5490 -0.6799
vn -0.5154 -0.6029 -0.6090
vn -0.4328 -0.6283 -0.6465
vn -0.4577 -0.7809 -0.4252
vn -0.4136 -0.8833 -0.2207
vn -0.4579 -0.6442 -0.6127
vn -0.5268 -0.8324 -0.1717
vn -0.5383 -0.6922 -0.4807
vn -0.4419 -0.8859 -0.1413
vn -0.5148 -0.7434 -0.4271
vn -0.5080 -0.5631 -0.6518
vn -0.4784 -0.5354 -0.6961
vn -0.5867 -0.7295 -0.3516
vn -0.5310 -0.7791 -0.3333
vn -0.4738 -0.7687 -0.4296
vn -0.5176 -0.7403 -0.4290
vn -0.5752 -0.6582 -0.4857
vn -0.6428 -0.6488 -0.4072
vn -0.6434 -0.6378 -0.4234
vn -0.6125 -0.7259 -0.3129
vn -0.5584 -0.7863 -0.2644
vn -0.3572 -0.7275 -0.5858
vn -0.1855 -0.9395 -0.2879
vn -0.5262 -0.7382 -0.4221
vn -0.5233 -0.7398 -0.4230
vn -0.5654 -0.6541 -0.5025
vn -0.4300 -0.8596 -0.2761
vn -0.4910 -0.8348 -0.2491
vn -0.5246 -0.7660 -0.3714
vn -0.5531 -0.6853 -0.4737
vn -0.4909 -0.6851 -0.5382
vn -0.5715 -0.7568 -0.3173
vn -0.6430 -0.6312 -0.4337
vn 0.3430 0.9391 0.0222
vn 0.2767 0.9581 0.0736
vn 0.4784 0.7938 0.3755
vn 0.3443 0.8277 0.4432
vn -0.5312 -0.6951 -0.4844
vn 0.5265 0.3246 0.7858
vn 0.4695 0.7907 0.3928
vn 0.3721 0.8397 0.3955
vn 0.4184 0.3388 0.8427
vn 0.4848 0.1809 0.8557
vn 0.3015 0.2237 0.9269
vn 0.2914 0.2827 0.9139
vn 0.3267 0.8630 0.3853
vn 0.1913 0.9782 0.0813
vn 0.1955 0.9728 0.1241
vn -0.5333 -0.7219 -0.4409
vn -0.5423 -0.5930 -0.5952
vn -0.3977 -0.9149 -0.0694
vn -0.4107 -0.9118 0.0020
vn 0.3790 0.9250 0.0287
vn -0.2978 -0.7938 -0.5303
vn -0.1897 -0.9688 -0.1594
vn -0.4768 -0.8772 -0.0561
vn -0.5742 -0.7027 -0.4200
vn -0.4273 -0.9014 -0.0697
vn -0.2844 -0.9473 0.1476
vn -0.4472 -0.8926 0.0573
vn -0.4279 -0.9022 -0.0543
vn -0.4205 -0.9066 0.0364
vn -0.5656 -0.6506 -0.5069
vn -0.2170 -0.8853 -0.4112
vn -0.2433 -0.9131 -0.3272
vn -0.2634 -0.8768 -0.4022
vn -0.5280 -0.5917 -0.6092
vn -0.5167 -0.6260 -0.5840
vn -0.5544 -0.6915 -0.4631
vn -0.1057 -0.9944 -0.0074
vn -0.5269 -0.7384 -0.4210
vn -0.2604 -0.9279 -0.2667
vn -0.6635 -0.5211 -0.5368
vn -0.6132 -0.5118 -0.6017
vn -0.6130 -0.5702 -0.5469
vn -0.6408 -0.6114 -0.4643
vn -0.6284 -0.6290 -0.4576
vn -0.3662 -0.8535 -0.3708
vn 0.6701 0.4416 0.5966
vn 0.6432 0.5169 0.5649
vn 0.6863 0.4985 0.5295
vn 0.7014 0.4111 0.5822
vn 0.5808 0.6270 0.5191
vn 0.6261 0.6612 0.4133
vn -0.5919 -0.6242 -0.5099
vn 0.6149 0.6275 0.4776
vn 0.6640 0.4521 0.5955
vn 0.6524 0.4496 0.6101
vn 0.6073 0.6457 0.4630
vn 0.6911 0.3011 0.6571
vn 0.6889 0.4575 0.5623
vn 0.6802 0.2633 0.6841
vn 0.6870 -0.0057 0.7266
vn 0.6693 0.0296 0.7424
vn 0.6452 0.6407 0.4163
vn 0.4688 0.8518 0.2338
vn 0.4527 0.8203 0.3494
vn 0.5477 0.7248 0.4179
vn 0.5824 0.7484 0.3174
vn 0.5880 0.7651 0.2623
vn 0.4704 0.8699 0.1482
vn 0.3362 0.9412 0.0339
vn 0.3712 0.9208 0.1197
vn 0.3718 0.8978 0.2361
vn 0.7064 0.2993 0.6414
vn 0.7453 0.0366 0.6657
vn 0.4296 0.8773 0.2141
vn 0.5753 0.7667 0.2850
vn 0.3157 0.9337 0.1688
vn 0.1482 0.9546 0.2584
vn 0.2648 0.9536 0.1431
vn 0.3003 0.8747 0.3804
vn 0.4306 0.7732 0.4656
vn 0.5071 0.6913 0.5148
vn -0.6258 -0.5821 -0.5192
vn -0.5843 -0.6598 -0.4724
vn -0.5259 -0.7244 -0.4458
vn -0.4511 -0.7833 -0.4277
vn -0.4737 -0.8054 -0.3562
vn -0.4773 -0.8126 -0.3345
vn -0.5729 -0.7171 -0.3970
vn -0.5782 -0.6983 -0.4219
vn -0.4398 -0.8363 -0.3275
vn -0.4645 -0.8122 -0.3529
vn -0.6833 -0.5518 -0.4782
vn -0.6745 -0.5572 -0.4843
vn -0.4688 -0.7944 -0.3862
vn -0.4851 -0.7771 -0.4009
vn -0.5372 -0.7389 -0.4066
vn -0.5477 -0.7280 -0.4123
vn -0.4592 -0.7907 -0.4050
vn -0.4722 -0.8084 -0.3514
vn -0.5703 -0.7298 -0.3769
vn -0.5365 -0.6790 -0.5011
vn -0.5177 -0.5965 -0.6133
vn -0.3313 -0.6103 -0.7195
vn -0.3897 -0.5039 -0.7708
vn -0.4360 -0.6633 -0.6082
vn -0.6422 -0.5111 -0.5713
vn -0.5427 -0.5946 -0.5933
vn -0.2220 -0.7609 -0.6097
vn -0.2160 -0.8848 -0.4129
vn -0.4858 -0.7371 -0.4698
vn -0.4439 -0.5503 -0.7072
vn -0.4604 -0.7411 -0.4888
vn -0.4621 -0.7697 -0.4404
vn -0.6765 -0.5052 -0.5358
vn -0.6669 -0.5568 -0.4953
vn 0.9529 0.1094 0.2827
vn 0.8634 0.3557 0.3578
vn 0.7996 0.4370 0.4118
vn 0.9179 0.2114 0.3358
vn 0.9408 0.1119 0.3200
vn 0.9122 0.2222 0.3444
vn -0.2626 -0.8950 -0.3607
vn -0.5330 -0.7065 -0.4655
vn -0.4522 -0.8237 -0.3420
vn 0.8805 0.2508 0.4022
vn 0.7746 0.4441 0.4503
vn 0.7950 0.4363 0.4215
vn 0.8994 0.2051 0.3860
vn 0.9278 0.0164 0.3727
vn 0.9239 0.0913 0.3717
vn 0.6790 0.5872 0.4407
vn 0.7111 0.5732 0.4071
vn -0.1020 0.8243 0.5569
vn 0.2712 0.7835 0.5591
vn 0.5335 0.6129 0.5829
vn 0.0201 0.7972 0.6033
vn 0.6558 0.5826 0.4801
vn 0.8394 0.3101 0.4463
vn 0.8079 0.4358 0.3966
vn 0.9342 0.1114 0.3388
vn 0.9542 -0.0775 0.2889
vn -0.8214 0.0249 -0.5699
vn -0.9013 -0.1373 -0.4109
vn -0.9198 0.1857 -0.3458
vn -0.7752 0.3308 -0.5381
vn -0.8475 0.1581 -0.5067
vn -0.8501 -0.0411 -0.5250
vn -0.8374 -0.1011 -0.5372
vn -0.8989 -0.2229 -0.3773
vn -0.9478 -0.2092 -0.2408
vn -0.9209 -0.2602 -0.2902
vn -0.9936 0.0640 -0.0928
vn -0.6444 -0.5543 -0.5267
vn -0.6857 -0.3136 -0.6569
vn -0.9120 -0.1259 -0.3903
vn -0.7558 -0.2482 -0.6060
vn -0.8367 -0.3604 -0.4123
vn -0.9309 0.2206 -0.2910
vn 0.7442 0.5656 0.3554
vn 0.7059 0.5498 0.4466
vn 0.7758 0.4617 0.4302
vn 0.7863 0.4877 0.3794
vn 0.7476 0.5346 0.3941
vn 0.7416 0.5798 0.3374
vn -0.8243 -0.4627 -0.3262
vn 0.6969 0.5623 0.4452
vn 0.6813 0.6116 0.4022
vn 0.5869 0.6095 0.5329
vn 0.6359 0.6350 0.4387
vn 0.6558 0.5355 0.5322
vn 0.6671 0.6553 0.3543
vn 0.6891 0.6546 0.3109
vn 0.7372 0.4620 0.4931
vn -0.6824 -0.5431 -0.4892
vn -0.6597 -0.6076 -0.4423
vn -0.6615 -0.5513 -0.5085
vn -0.6593 -0.5473 -0.5155
vn -0.6653 -0.5948 -0.4511
vn -0.6523 -0.6259 -0.4276
vn 0.6628 0.6654 0.3434
vn -0.6634 -0.5905 -0.4596
vn -0.6928 -0.5500 -0.4664
vn -0.5909 -0.6928 -0.4133
vn -0.6141 -0.6685 -0.4196
vn -0.6177 -0.6662 -0.4179
vn -0.6318 -0.6560 -0.4128
vn -0.6303 -0.6194 -0.4681
vn -0.6248 -0.6508 -0.4314
vn -0.6589 -0.5963 -0.4585
vn 0.2030 0.9691 0.1402
vn 0.1266 0.9801 0.1529
vn 0.0422 0.7884 0.6137
vn 0.0639 0.7707 0.6340
vn 0.2851 0.8981 -0.3349
vn 0.1724 0.9459 -0.2747
vn 0.1894 0.9754 0.1130
vn 0.1417 0.9377 -0.3172
vn 0.1687 0.7893 0.5903
vn -0.0724 0.4546 0.8878
vn -0.0406 0.4697 0.8819
vn 0.1131 0.5597 0.8210
vn 0.1361 0.8294 -0.5418
vn 0.1254 0.8084 -0.5751
vn 0.2266 0.8897 -0.3963
vn 0.3556 0.9220 -0.1531
vn 0.4382 0.7878 0.4329
vn 0.4416 0.8379 0.3208
vn 0.3965 0.8395 0.3716
vn 0.4729 0.7930 0.3841
vn 0.3551 0.7929 -0.4952
vn 0.4635 0.8859 0.0204
vn 0.4602 0.8174 0.3465
vn 0.4201 0.9053 0.0637
vn 0.3036 0.7532 -0.5835
vn 0.4774 0.8662 0.1474
vn 0.4917 0.7909 0.3642
vn 0.2900 0.9567 0.0250
vn 0.2010 0.9757 -0.0867
vn 0.1000 0.9755 -0.1960
vn 0.1742 0.9755 -0.1343
vn 0.7879 0.1262 0.6028
vn 0.6810 0.1030 0.7250
vn 0.6940 0.6344 0.3405
vn 0.6510 0.5752 0.4954
vn -0.0567 0.9984 0.0070
vn 0.2372 0.9202 0.3115
vn 0.5359 0.5023 0.6786
vn 0.3627 0.9307 0.0467
vn 0.0970 0.9927 0.0718
vn 0.3641 0.9289 -0.0679
vn 0.6017 0.1125 0.7908
vn -0.5205 0.7913 -0.3209
vn -0.6984 0.7124 -0.0686
vn -0.1916 0.9394 0.2842
vn -0.1210 0.9926 -0.0081
vn -0.8204 0.5247 0.2270
vn -0.3478 0.7917 0.5023
vn 0.1498 0.7774 0.6109
vn 0.6090 0.5057 0.6110
vn 0.6740 0.4733 0.5673
vn 0.2735 0.8238 0.4965
vn 0.3771 0.8876 0.2644
vn 0.7849 0.5226 0.3329
vn 0.9338 0.1306 0.3331
vn 0.8612 0.1731 0.4779
vn 0.8552 0.2391 0.4599
vn -0.4584 -0.4101 -0.7885
vn -0.1779 -0.2539 -0.9507
vn -0.4105 -0.6047 -0.6825
vn -0.0291 -0.5597 -0.8282
vn -0.2827 -0.7559 -0.5905
vn -0.3841 -0.7210 -0.5767
vn -0.3992 -0.7196 -0.5682
vn -0.2060 -0.7774 -0.5944
vn -0.7200 -0.4340 -0.5416
vn -0.9018 -0.0530 -0.4288
vn -0.9210 -0.0814 -0.3809
vn -0.7277 -0.4348 -0.5305
vn -0.9265 0.2942 -0.2344
vn -0.9431 0.2635 -0.2026
vn -0.7551 0.6538 0.0477
vn -0.7685 0.6376 0.0539
vn -0.4735 0.8329 0.2866
vn -0.4529 0.8525 0.2611
vn -0.1709 0.8952 0.4115
vn -0.1013 0.9348 0.3405
vn 0.2827 0.7958 0.5355
vn 0.7108 0.4178 0.5658
vn 0.7402 0.4598 0.4906
vn 0.3125 0.8409 0.4419
vn 0.9135 0.0849 0.3979
vn 0.8842 0.0566 0.4637
vn 0.8719 0.0794 0.4833
vn 0.8891 0.1270 0.4397
vn 0.6674 0.4858 0.5644
vn 0.7097 0.4050 0.5765
vn 0.8403 0.5216 -0.1477
vn 0.9115 0.4111 -0.0108
vn 0.7681 0.3049 0.5631
vn 0.8587 0.3412 0.3824
vn 0.2664 0.0832 -0.9603
vn 0.5767 -0.0476 -0.8156
vn -0.0707 -0.7836 -0.6173
vn -0.4055 -0.6853 -0.6049
vn -0.4028 -0.6634 -0.6306
vn -0.0002 -0.7880 -0.6157
vn 0.4147 -0.7235 -0.5518
vn 0.2786 -0.6709 -0.6873
vn -0.7357 -0.4082 -0.5405
vn -0.7190 -0.4014 -0.5673
vn -0.9136 -0.0710 -0.4004
vn -0.8899 -0.0669 -0.4512
vn -0.9240 0.3082 -0.2265
vn -0.8975 0.3383 -0.2830
vn -0.7358 0.6771 -0.0087
vn -0.7038 0.7040 -0.0953
vn -0.3864 0.9029 0.1884
vn -0.3610 0.9304 0.0634
vn -0.0254 0.9633 0.2673
vn 0.0721 0.9802 0.1845
vn 0.3425 0.8962 0.2820
vn 0.7531 0.5827 0.3053
vn 0.7730 0.6051 0.1903
vn 0.4653 0.8566 0.2230
vn -0.6060 -0.4052 -0.6845
vn -0.2787 -0.6248 -0.7293
vn -0.8109 -0.0710 -0.5809
vn -0.6141 -0.0224 -0.7889
vn -0.3841 -0.2194 -0.8968
vn -0.0406 -0.3812 -0.9236
vn -0.8253 0.3292 -0.4589
vn -0.5746 0.2687 -0.7730
vn -0.6362 0.7086 -0.3051
vn -0.5042 0.6118 -0.6095
vn 0.9544 0.1739 0.2426
vn 0.9850 0.0959 0.1435
vn 0.9891 -0.1469 0.0094
vn 0.9738 0.1932 0.1198
vn -0.2707 0.9340 -0.2333
vn -0.1329 0.7290 -0.6715
vn 0.1814 0.9711 -0.1549
vn 0.2686 0.7159 -0.6444
vn -0.2176 0.2201 -0.9509
vn 0.2081 0.1598 -0.9650
vn 0.5607 0.0527 -0.8263
vn 0.7791 -0.0767 -0.6222
vn 0.6939 -0.4598 -0.5541
vn 0.3560 -0.4492 -0.8194
vn 0.6197 0.5738 -0.5355
vn 0.8716 0.3242 -0.3677
vn 0.5877 0.8088 -0.0189
vn 0.8457 0.5318 0.0449
vn 0.7066 -0.2666 -0.6555
vn 0.7869 -0.4652 -0.4054
vn 0.9210 -0.2431 -0.3044
vn 0.9429 0.0678 -0.3261
vn 0.5220 -0.6784 -0.5170
vn 0.1510 -0.7289 -0.6678
vn 0.9690 -0.1931 -0.1539
vn 0.9137 -0.3862 -0.1268
vn 0.8805 -0.3623 -0.3057
vn 0.9568 -0.2445 -0.1574
vn 0.9804 -0.1958 -0.0217
vn 0.8539 -0.4558 -0.2512
vn 0.7613 -0.5102 -0.4000
vn 0.8569 -0.2393 -0.4566
vn 0.9813 0.0137 -0.1918
vn 0.9854 0.1655 0.0412
vn 0.1911 -0.8554 -0.4814
vn 0.1978 -0.8499 -0.4885
vn 0.0140 -0.8508 -0.5253
vn -0.0834 -0.8479 -0.5236
vn -0.4601 -0.7131 -0.5290
vn -0.6556 -0.6537 -0.3780
vn -0.2143 -0.8214 -0.5286
vn -0.2578 -0.8146 -0.5197
vn -0.3189 -0.8546 -0.4097
vn -0.3080 -0.8387 -0.4491
vn -0.3719 -0.8175 -0.4398
vn -0.3969 -0.8171 -0.4181
vn -0.4769 -0.7655 -0.4320
vn -0.4891 -0.7617 -0.4249
vn -0.3682 -0.8071 -0.4615
vn -0.3068 -0.8143 -0.4928
vn -0.4780 -0.7646 -0.4324
vn -0.3737 -0.8282 -0.4176
vn -0.4495 -0.7819 -0.4320
vn -0.2874 -0.8748 -0.3901
vn -0.3246 -0.8935 -0.3104
vn -0.3934 -0.8581 -0.3301
vn -0.4512 -0.8191 -0.3542
vn -0.3853 -0.8145 -0.4337
vn -0.4077 -0.8359 -0.3674
vn -0.3677 -0.8573 -0.3604
vn -0.3504 -0.8288 -0.4363
vn -0.3199 -0.8754 -0.3625
vn -0.3104 -0.8415 -0.4422
vn -0.2346 -0.9272 -0.2919
vn -0.1568 -0.9220 -0.3540
vn 0.0787 -0.9529 -0.2930
vn -0.0814 -0.9595 -0.2697
vn -0.3873 -0.8648 -0.3195
vn -0.4308 -0.8385 -0.3336
vn -0.3302 -0.8922 -0.3081
vn 0.3753 -0.9049 -0.2006
vn 0.1956 -0.9555 -0.2210
vn 0.5914 -0.8053 -0.0403
vn 0.3728 -0.9054 -0.2032
vn 0.4065 -0.8957 -0.1800
vn 0.6031 -0.7935 -0.0817
vn 0.8166 -0.5680 0.1027
vn 0.7838 -0.6000 0.1599
vn 0.6169 -0.7869 -0.0142
vn 0.4031 -0.8834 -0.2388
vn 0.7775 -0.6028 0.1795
vn 0.8919 0.2117 0.3997
vn 0.9034 0.0602 0.4245
vn 0.3769 0.8565 0.3527
vn 0.5312 0.7494 0.3951
vn 0.9200 -0.0868 0.3823
vn 0.1609 0.9567 0.2425
vn 0.2234 0.9318 0.2860
vn 0.2169 0.9483 0.2316
vn 0.2112 0.9350 0.2850
vn 0.3444 0.8998 0.2679
vn 0.3308 0.8743 0.3552
vn 0.5053 0.8068 0.3062
vn 0.4901 0.7755 0.3980
vn 0.6461 0.6792 0.3482
vn 0.6299 0.7213 0.2880
vn 0.6887 0.6187 0.3780
vn 0.6625 0.6703 0.3343
vn 0.6064 0.7244 0.3279
vn 0.6369 0.6844 0.3549
vn 0.6336 0.6881 0.3535
vn 0.6020 0.7046 0.3757
vn 0.6135 0.6904 0.3835
vn 0.6484 0.6327 0.4233
vn 0.5417 0.7014 0.4632
vn 0.5230 0.7477 0.4091
vn 0.6156 0.7027 0.3568
vn 0.5687 0.7536 0.3298
vn 0.6254 0.7328 0.2681
vn 0.6482 0.6822 0.3383
vn 0.4748 0.7019 0.5309
vn 0.6759 0.6032 0.4235
vn 0.6718 0.6166 0.4105
vn 0.5600 0.6742 0.4815
vn 0.1154 0.8004 0.5882
vn 0.0228 0.8062 0.5911
vn 0.4196 0.7155 0.5586
vn -0.0162 0.8255 0.5642
vn -0.0340 0.7842 0.6196
vn 0.3532 0.7386 0.5742
vn 0.5682 0.7062 0.4224
vn 0.6368 0.6457 0.4214
vn -0.4510 0.7331 0.5091
vn -0.4469 0.7360 0.5085
vn -0.4429 0.7276 0.5238
vn -0.3772 0.8561 0.3532
vn -0.3805 0.7613 0.5250
vn -0.3700 0.8731 0.3174
vn -0.3516 0.8366 0.4201
vn -0.3658 0.7827 0.5036
vn -0.9924 -0.0619 -0.1068
vn -0.9910 -0.0203 -0.1326
vn -0.7459 0.5739 0.3381
vn -0.6677 0.6150 0.4195
vn -0.1581 0.8008 0.5777
vn -0.1944 0.8307 0.5216
vn -0.2568 0.8523 0.4556
vn -0.7248 0.6181 0.3043
vn -0.6772 0.6763 0.2899
vn -0.2942 0.8269 0.4793
vn -0.9725 0.2293 -0.0410
vn -0.9888 0.1084 -0.1022
vn -0.8794 -0.2761 -0.3879
vn -0.9277 -0.1804 -0.3270
vn -0.5280 -0.7387 -0.4190
vn -0.5216 -0.7395 -0.4255
vn -0.5351 -0.7390 -0.4093
vn -0.5240 -0.7372 -0.4265
vn -0.5553 -0.7320 -0.3947
vn -0.5515 -0.7185 -0.4239
vn -0.5240 -0.7355 -0.4295
vn -0.5262 -0.7566 -0.3882
vn -0.5431 -0.7313 -0.4125
vn -0.5529 -0.7317 -0.3988
vn -0.4941 -0.7536 -0.4336
vn -0.4896 -0.7867 -0.3761
vn -0.5034 -0.7790 -0.3738
vn -0.4679 -0.8098 -0.3540
vn -0.4460 -0.8107 -0.3793
vn -0.4812 -0.7836 -0.3928
vn -0.5157 -0.7564 -0.4024
vn -0.5345 -0.7511 -0.3875
vn 0.4166 0.7652 0.4908
vn 0.3737 0.7667 0.5220
vn 0.3691 0.8268 0.4245
vn 0.4147 0.8114 0.4120
vn -0.4210 -0.7945 -0.4377
vn -0.4614 -0.7709 -0.4391
vn -0.5048 -0.7469 -0.4329
vn 0.4802 0.8245 0.2994
vn 0.3932 0.8744 0.2842
vn 0.4164 0.8871 0.1991
vn 0.5405 0.8121 0.2197
vn 0.4206 0.7264 0.5435
vn 0.4602 0.7057 0.5387
vn 0.4935 0.7226 0.4841
vn 0.4202 0.7806 0.4626
vn 0.3827 0.8652 0.3239
vn 0.5065 0.7704 0.3872
vn 0.4846 0.8150 0.3178
vn 0.3220 0.9164 0.2377
vn 0.5688 0.6628 0.4871
vn 0.6225 0.6450 0.4433
vn 0.6371 0.6838 0.3557
vn 0.6266 0.7177 0.3037
vn 0.1819 -0.8531 -0.4890
vn -0.2973 -0.8142 -0.4986
vn -0.3160 -0.8267 -0.4655
vn 0.1582 -0.8456 -0.5099
vn 0.1397 -0.8382 -0.5271
vn -0.3119 -0.8480 -0.4284
vn -0.3990 -0.5122 -0.7606
vn -0.1514 -0.5969 -0.7879
vn -0.2737 -0.5050 -0.8186
vn -0.7038 -0.3229 -0.6327
vn -0.6111 -0.5288 -0.5890
vn -0.4320 -0.5970 -0.6760
vn 0.3092 -0.7821 -0.5411
vn -0.0186 -0.6628 -0.7486
vn -0.2492 -0.7255 -0.6415
vn 0.1524 -0.8309 -0.5351
vn -0.6775 -0.5617 -0.4748
vn -0.4708 -0.6294 -0.6182
vn -0.0390 -0.5781 -0.8151
vn 0.0019 -0.5408 -0.8412
vn -0.1873 -0.5503 -0.8137
vn -0.1428 -0.5663 -0.8117
vn -0.2849 -0.5965 -0.7504
vn -0.1738 -0.5358 -0.8263
vn -0.3318 -0.6353 -0.6974
vn -0.2114 -0.5489 -0.8087
vn 0.0941 -0.9591 -0.2669
vn -0.1420 -0.9440 -0.2977
vn 0.0571 -0.9395 -0.3378
vn -0.1605 -0.9150 -0.3702
vn -0.2535 -0.8555 -0.4515
vn -0.2569 -0.8937 -0.3677
vn -0.1777 -0.8662 -0.4670
vn 0.0446 -0.9015 -0.4305
vn -0.2583 -0.9173 -0.3029
vn -0.8564 -0.2907 -0.4268
vn -0.8611 -0.3027 -0.4086
vn -0.9622 -0.0937 -0.2559
vn -0.9466 -0.0956 -0.3079
vn -0.9859 -0.0121 -0.1669
vn -0.9905 0.1264 -0.0540
vn -0.8581 -0.1429 -0.4931
vn -0.7281 -0.3894 -0.5642
vn -0.7056 -0.4162 -0.5735
vn -0.9574 -0.1361 -0.2546
vn -0.9943 -0.0084 -0.1067
vn -0.9985 0.0540 0.0014
vn -0.9892 0.1145 -0.0920
vn -0.9897 0.1279 -0.0637
vn -0.9898 0.0673 -0.1253
vn -0.9831 0.1122 -0.1448
vn -0.9884 0.0694 -0.1351
vn -0.9792 0.0780 -0.1875
vn 0.9974 0.0657 -0.0283
vn -0.3573 -0.5542 0.7518
# 3384 vertex normals

vt 0.7147 0.7494 0.0000
vt 0.7085 0.7494 0.0000
vt 0.7100 0.7324 0.0000
vt 0.7167 0.7327 0.0000
vt 0.7211 0.7324 0.0000
vt 0.7197 0.7491 0.0000
vt 0.7179 0.7654 0.0000
vt 0.7128 0.7656 0.0000
vt 0.7065 0.7654 0.0000
vt 0.7073 0.7908 0.0000
vt 0.7100 0.7796 0.0000
vt 0.7158 0.7803 0.0000
vt 0.7138 0.7924 0.0000
vt 0.7000 0.7884 0.0000
vt 0.7033 0.7784 0.0000
vt 0.6438 0.9638 0.0000
vt 0.6283 0.9630 0.0000
vt 0.6291 0.9522 0.0000
vt 0.6443 0.9534 0.0000
vt 0.5855 0.7801 0.0000
vt 0.5895 0.7896 0.0000
vt 0.5766 0.7929 0.0000
vt 0.5735 0.7833 0.0000
vt 0.5662 0.7946 0.0000
vt 0.5640 0.7847 0.0000
vt 0.6431 0.9723 0.0000
vt 0.6286 0.9727 0.0000
vt 0.6291 0.9392 0.0000
vt 0.6282 0.9242 0.0000
vt 0.6418 0.9259 0.0000
vt 0.6433 0.9400 0.0000
vt 0.6164 0.7693 0.0000
vt 0.6204 0.7771 0.0000
vt 0.6046 0.7839 0.0000
vt 0.6004 0.7753 0.0000
vt 0.6316 0.7127 0.0000
vt 0.6155 0.7144 0.0000
vt 0.6156 0.7051 0.0000
vt 0.6318 0.7039 0.0000
vt 0.5735 0.9044 0.0000
vt 0.5755 0.8915 0.0000
vt 0.5829 0.8918 0.0000
vt 0.5808 0.9042 0.0000
vt 0.5938 0.8931 0.0000
vt 0.5921 0.9049 0.0000
vt 0.5901 0.9187 0.0000
vt 0.5781 0.9182 0.0000
vt 0.5755 0.9317 0.0000
vt 0.5728 0.9443 0.0000
vt 0.5634 0.9433 0.0000
vt 0.5671 0.9319 0.0000
vt 0.5999 0.7067 0.0000
vt 0.5998 0.7166 0.0000
vt 0.5887 0.9328 0.0000
vt 0.5872 0.9463 0.0000
vt 0.6083 0.9348 0.0000
vt 0.6087 0.9205 0.0000
vt 0.6075 0.9483 0.0000
vt 0.0318 0.1166 0.0000
vt 0.0202 0.1223 0.0000
vt 0.0191 0.1184 0.0000
vt 0.0311 0.1126 0.0000
vt 0.0454 0.1065 0.0000
vt 0.0455 0.1104 0.0000
vt 0.0464 0.1141 0.0000
vt 0.0954 0.3320 0.0000
vt 0.1079 0.3315 0.0000
vt 0.1065 0.3354 0.0000
vt 0.0938 0.3355 0.0000
vt 0.1122 0.3451 0.0000
vt 0.1272 0.3399 0.0000
vt 0.1304 0.3474 0.0000
vt 0.1153 0.3523 0.0000
vt 0.6165 0.1591 0.0000
vt 0.6011 0.1623 0.0000
vt 0.5992 0.1512 0.0000
vt 0.6147 0.1484 0.0000
vt 0.6759 0.9722 0.0000
vt 0.6705 0.9575 0.0000
vt 0.6795 0.9558 0.0000
vt 0.6832 0.9706 0.0000
vt 0.6143 0.1376 0.0000
vt 0.6296 0.1355 0.0000
vt 0.6304 0.1456 0.0000
vt 0.5905 0.1777 0.0000
vt 0.5939 0.1886 0.0000
vt 0.5832 0.1909 0.0000
vt 0.5799 0.1798 0.0000
vt 0.5874 0.1654 0.0000
vt 0.5765 0.1677 0.0000
vt 0.5007 0.3939 0.0000
vt 0.4883 0.3955 0.0000
vt 0.4906 0.3844 0.0000
vt 0.5031 0.3834 0.0000
vt 0.4996 0.4043 0.0000
vt 0.4870 0.4060 0.0000
vt 0.6660 0.9442 0.0000
vt 0.6649 0.9335 0.0000
vt 0.6760 0.9322 0.0000
vt 0.6762 0.9426 0.0000
vt 0.5854 0.1536 0.0000
vt 0.5747 0.1553 0.0000
vt 0.6747 0.3182 0.0000
vt 0.6624 0.3193 0.0000
vt 0.6620 0.3074 0.0000
vt 0.6730 0.3071 0.0000
vt 0.6640 0.1001 0.0000
vt 0.6777 0.0957 0.0000
vt 0.6786 0.1087 0.0000
vt 0.6643 0.1129 0.0000
vt 0.6863 0.3171 0.0000
vt 0.6849 0.3291 0.0000
vt 0.6721 0.3302 0.0000
vt 0.6590 0.3310 0.0000
vt 0.4789 0.8732 0.0000
vt 0.4916 0.8601 0.0000
vt 0.4951 0.8664 0.0000
vt 0.4824 0.8778 0.0000
vt 0.4695 0.8896 0.0000
vt 0.4656 0.8861 0.0000
vt 0.4622 0.8818 0.0000
vt 0.4758 0.8684 0.0000
vt 0.2604 0.6404 0.0000
vt 0.2447 0.6329 0.0000
vt 0.2503 0.6292 0.0000
vt 0.2647 0.6368 0.0000
vt 0.6422 0.9786 0.0000
vt 0.6283 0.9789 0.0000
vt 0.5586 0.7957 0.0000
vt 0.5570 0.7855 0.0000
vt 0.5524 0.7965 0.0000
vt 0.5515 0.7860 0.0000
vt 0.6410 0.9833 0.0000
vt 0.6275 0.9830 0.0000
vt 0.1711 0.6031 0.0000
vt 0.1731 0.6071 0.0000
vt 0.1608 0.6133 0.0000
vt 0.1583 0.6091 0.0000
vt 0.6262 0.9865 0.0000
vt 0.6394 0.9879 0.0000
vt 0.5457 0.7867 0.0000
vt 0.5461 0.7972 0.0000
vt 0.5408 0.7984 0.0000
vt 0.5410 0.7882 0.0000
vt 0.7052 0.7984 0.0000
vt 0.7033 0.8043 0.0000
vt 0.6959 0.8016 0.0000
vt 0.6978 0.7957 0.0000
vt 0.7122 0.8005 0.0000
vt 0.7109 0.8065 0.0000
vt 0.5479 0.8077 0.0000
vt 0.5425 0.8094 0.0000
vt 0.7013 0.8103 0.0000
vt 0.6944 0.8077 0.0000
vt 0.7095 0.8124 0.0000
vt 0.7087 0.8183 0.0000
vt 0.7001 0.8158 0.0000
vt 0.6065 0.9613 0.0000
vt 0.6076 0.9728 0.0000
vt 0.5856 0.9709 0.0000
vt 0.5851 0.9590 0.0000
vt 0.6080 0.9800 0.0000
vt 0.6076 0.9840 0.0000
vt 0.5868 0.9842 0.0000
vt 0.5867 0.9792 0.0000
vt 0.1400 0.6186 0.0000
vt 0.1375 0.6149 0.0000
vt 0.1568 0.6059 0.0000
vt 0.1429 0.6226 0.0000
vt 0.1236 0.6325 0.0000
vt 0.1204 0.6282 0.0000
vt 0.1172 0.6241 0.0000
vt 0.5698 0.9556 0.0000
vt 0.5692 0.9665 0.0000
vt 0.5583 0.9628 0.0000
vt 0.5596 0.9529 0.0000
vt 0.0330 0.2456 0.0000
vt 0.0234 0.2498 0.0000
vt 0.0221 0.2434 0.0000
vt 0.0312 0.2398 0.0000
vt 0.4530 0.9639 0.0000
vt 0.4441 0.9588 0.0000
vt 0.4485 0.9551 0.0000
vt 0.4537 0.9596 0.0000
vt 0.4515 0.9669 0.0000
vt 0.4423 0.9621 0.0000
vt 0.9106 0.9907 0.0000
vt 0.9203 0.9896 0.0000
vt 0.9212 0.9937 0.0000
vt 0.9114 0.9946 0.0000
vt 0.5285 0.0548 0.0000
vt 0.5288 0.0512 0.0000
vt 0.5339 0.0484 0.0000
vt 0.9104 0.9867 0.0000
vt 0.9110 0.9820 0.0000
vt 0.9177 0.9807 0.0000
vt 0.9192 0.9855 0.0000
vt 0.4498 0.9690 0.0000
vt 0.4415 0.9650 0.0000
vt 0.0702 0.7827 0.0000
vt 0.0675 0.7734 0.0000
vt 0.0714 0.7733 0.0000
vt 0.0316 0.6908 0.0000
vt 0.0368 0.6826 0.0000
vt 0.0421 0.6877 0.0000
vt 0.0359 0.6946 0.0000
vt 0.0446 0.6954 0.0000
vt 0.0387 0.7001 0.0000
vt 0.0322 0.7054 0.0000
vt 0.0291 0.7013 0.0000
vt 0.6765 0.9261 0.0000
vt 0.6651 0.9269 0.0000
vt 0.5694 0.1684 0.0000
vt 0.5684 0.1558 0.0000
vt 0.0423 0.8741 0.0000
vt 0.0388 0.8629 0.0000
vt 0.0447 0.8630 0.0000
vt 0.6666 0.9225 0.0000
vt 0.6767 0.9214 0.0000
vt 0.5726 0.6587 0.0000
vt 0.5730 0.6498 0.0000
vt 0.5866 0.6495 0.0000
vt 0.5863 0.6574 0.0000
vt 0.5861 0.6653 0.0000
vt 0.5723 0.6671 0.0000
vt 0.5212 0.9543 0.0000
vt 0.5198 0.9666 0.0000
vt 0.5107 0.9659 0.0000
vt 0.5131 0.9537 0.0000
vt 0.5000 0.9640 0.0000
vt 0.5043 0.9529 0.0000
vt 0.5088 0.9742 0.0000
vt 0.4975 0.9718 0.0000
vt 0.5186 0.9755 0.0000
vt 0.5165 0.9805 0.0000
vt 0.5065 0.9789 0.0000
vt 0.4952 0.9766 0.0000
vt 0.0493 0.7914 0.0000
vt 0.0474 0.7782 0.0000
vt 0.0533 0.7772 0.0000
vt 0.0566 0.7911 0.0000
vt 0.0577 0.8033 0.0000
vt 0.0510 0.8026 0.0000
vt 0.0439 0.8020 0.0000
vt 0.0417 0.7920 0.0000
vt 0.0402 0.7796 0.0000
vt 0.5719 0.2350 0.0000
vt 0.5784 0.2483 0.0000
vt 0.5745 0.2506 0.0000
vt 0.5673 0.2380 0.0000
vt 0.8029 0.5227 0.0000
vt 0.8014 0.5130 0.0000
vt 0.8091 0.5138 0.0000
vt 0.8100 0.5240 0.0000
vt 0.8165 0.5125 0.0000
vt 0.8172 0.5226 0.0000
vt 0.5792 0.2324 0.0000
vt 0.5836 0.2461 0.0000
vt 0.2552 0.0425 0.0000
vt 0.2428 0.0429 0.0000
vt 0.2427 0.0363 0.0000
vt 0.2550 0.0361 0.0000
vt 0.2428 0.0492 0.0000
vt 0.2553 0.0491 0.0000
vt 0.2280 0.0489 0.0000
vt 0.2282 0.0433 0.0000
vt 0.2281 0.0369 0.0000
vt 0.6667 0.9177 0.0000
vt 0.6763 0.9157 0.0000
vt 0.0468 0.8746 0.0000
vt 0.0487 0.8638 0.0000
vt 0.0500 0.8760 0.0000
vt 0.5598 0.1551 0.0000
vt 0.5617 0.1675 0.0000
vt 0.5573 0.1676 0.0000
vt 0.5549 0.1547 0.0000
vt 0.6658 0.9129 0.0000
vt 0.6748 0.9096 0.0000
vt 0.8119 0.4431 0.0000
vt 0.8097 0.4544 0.0000
vt 0.8053 0.4535 0.0000
vt 0.8069 0.4425 0.0000
vt 0.6612 0.9043 0.0000
vt 0.6698 0.8983 0.0000
vt 0.6728 0.9039 0.0000
vt 0.6641 0.9084 0.0000
vt 0.8162 0.4440 0.0000
vt 0.8138 0.4550 0.0000
vt 0.5037 0.8472 0.0000
vt 0.5158 0.8353 0.0000
vt 0.5188 0.8441 0.0000
vt 0.5075 0.8550 0.0000
vt 0.2361 0.6206 0.0000
vt 0.2291 0.6247 0.0000
vt 0.5006 0.8398 0.0000
vt 0.5137 0.8267 0.0000
vt 0.2231 0.6295 0.0000
vt 0.2075 0.6241 0.0000
vt 0.2146 0.6192 0.0000
vt 0.2398 0.6371 0.0000
vt 0.2285 0.6432 0.0000
vt 0.2120 0.6364 0.0000
vt 0.1960 0.6307 0.0000
vt 0.4891 0.7985 0.0000
vt 0.5061 0.7860 0.0000
vt 0.5104 0.8078 0.0000
vt 0.4953 0.8220 0.0000
vt 0.4801 0.8369 0.0000
vt 0.4716 0.8117 0.0000
vt 0.4612 0.7811 0.0000
vt 0.4809 0.7700 0.0000
vt 0.5001 0.7600 0.0000
vt 0.6229 0.5255 0.0000
vt 0.6411 0.5308 0.0000
vt 0.6378 0.5518 0.0000
vt 0.6212 0.5488 0.0000
vt 0.6043 0.5463 0.0000
vt 0.6043 0.5210 0.0000
vt 0.6053 0.5013 0.0000
vt 0.6248 0.5073 0.0000
vt 0.6433 0.5146 0.0000
vt 0.0755 0.7182 0.0000
vt 0.0698 0.7172 0.0000
vt 0.0738 0.6870 0.0000
vt 0.8643 0.2367 0.0000
vt 0.8605 0.2369 0.0000
vt 0.8735 0.2093 0.0000
vt 0.6980 0.6271 0.0000
vt 0.7291 0.6177 0.0000
vt 0.7288 0.6213 0.0000
vt 0.6986 0.6303 0.0000
vt 0.0699 0.7482 0.0000
vt 0.7229 0.5348 0.0000
vt 0.7427 0.5288 0.0000
vt 0.7416 0.5451 0.0000
vt 0.7187 0.5526 0.0000
vt 0.4959 0.2911 0.0000
vt 0.4717 0.2995 0.0000
vt 0.4700 0.2765 0.0000
vt 0.4925 0.2702 0.0000
vt 0.7022 0.5394 0.0000
vt 0.7056 0.5206 0.0000
vt 0.7248 0.5179 0.0000
vt 0.7429 0.5140 0.0000
vt 0.4843 0.1600 0.0000
vt 0.4844 0.1424 0.0000
vt 0.4989 0.1449 0.0000
vt 0.5002 0.1612 0.0000
vt 0.5018 0.1767 0.0000
vt 0.4849 0.1768 0.0000
vt 0.4673 0.1752 0.0000
vt 0.4675 0.1567 0.0000
vt 0.4686 0.1378 0.0000
vt 0.6363 0.4417 0.0000
vt 0.6333 0.4570 0.0000
vt 0.6123 0.4460 0.0000
vt 0.6153 0.4285 0.0000
vt 0.6174 0.4087 0.0000
vt 0.6397 0.4241 0.0000
vt 0.6652 0.4388 0.0000
vt 0.6610 0.4542 0.0000
vt 0.6562 0.4681 0.0000
vt 0.4863 0.1213 0.0000
vt 0.4880 0.1019 0.0000
vt 0.4985 0.1065 0.0000
vt 0.4986 0.1248 0.0000
vt 0.6723 0.8550 0.0000
vt 0.6531 0.8589 0.0000
vt 0.6518 0.8444 0.0000
vt 0.6720 0.8425 0.0000
vt 0.6523 0.8283 0.0000
vt 0.6727 0.8279 0.0000
vt 0.4720 0.1161 0.0000
vt 0.4753 0.0963 0.0000
vt 0.9195 0.9732 0.0000
vt 0.9234 0.9709 0.0000
vt 0.9273 0.9758 0.0000
vt 0.9231 0.9786 0.0000
vt 0.9156 0.9749 0.0000
vt 0.9125 0.9681 0.0000
vt 0.9161 0.9669 0.0000
vt 0.9199 0.9655 0.0000
vt 0.0415 0.6658 0.0000
vt 0.0300 0.6709 0.0000
vt 0.0292 0.6666 0.0000
vt 0.0400 0.6613 0.0000
vt 0.0495 0.6566 0.0000
vt 0.0514 0.6613 0.0000
vt 0.0537 0.6659 0.0000
vt 0.0433 0.6702 0.0000
vt 0.0317 0.6759 0.0000
vt 0.6561 0.9013 0.0000
vt 0.6515 0.8980 0.0000
vt 0.6594 0.8905 0.0000
vt 0.6650 0.8931 0.0000
vt 0.8011 0.4421 0.0000
vt 0.8009 0.4523 0.0000
vt 0.7960 0.4527 0.0000
vt 0.7955 0.4424 0.0000
vt 0.6444 0.8775 0.0000
vt 0.6546 0.8727 0.0000
vt 0.6561 0.8832 0.0000
vt 0.6474 0.8892 0.0000
vt 0.5279 0.1625 0.0000
vt 0.5322 0.1755 0.0000
vt 0.5187 0.1763 0.0000
vt 0.5157 0.1621 0.0000
vt 0.5127 0.1471 0.0000
vt 0.1970 0.6033 0.0000
vt 0.2022 0.6062 0.0000
vt 0.1907 0.6087 0.0000
vt 0.1855 0.6059 0.0000
vt 0.5376 0.8003 0.0000
vt 0.5386 0.8119 0.0000
vt 0.7005 0.8204 0.0000
vt 0.7092 0.8239 0.0000
vt 0.7106 0.8307 0.0000
vt 0.7025 0.8267 0.0000
vt 0.5262 0.8248 0.0000
vt 0.5252 0.8146 0.0000
vt 0.2012 0.6139 0.0000
vt 0.2112 0.6104 0.0000
vt 0.7054 0.8371 0.0000
vt 0.7125 0.8399 0.0000
vt 0.5279 0.8352 0.0000
vt 0.1759 0.6106 0.0000
vt 0.1819 0.6143 0.0000
vt 0.1710 0.6225 0.0000
vt 0.1644 0.6177 0.0000
vt 0.1832 0.6035 0.0000
vt 0.1933 0.6192 0.0000
vt 0.1819 0.6265 0.0000
vt 0.1464 0.6270 0.0000
vt 0.1521 0.6314 0.0000
vt 0.1303 0.6382 0.0000
vt 0.1262 0.6356 0.0000
vt 0.5214 0.7747 0.0000
vt 0.5179 0.7509 0.0000
vt 0.6533 0.5545 0.0000
vt 0.6656 0.5564 0.0000
vt 0.6601 0.5757 0.0000
vt 0.6491 0.5754 0.0000
vt 0.5335 0.7663 0.0000
vt 0.5336 0.7854 0.0000
vt 0.5235 0.7952 0.0000
vt 0.0292 0.2296 0.0000
vt 0.0240 0.2181 0.0000
vt 0.0463 0.2182 0.0000
vt 0.0496 0.2315 0.0000
vt 0.5347 0.7240 0.0000
vt 0.5283 0.7268 0.0000
vt 0.5249 0.7130 0.0000
vt 0.5307 0.7103 0.0000
vt 0.0966 0.6494 0.0000
vt 0.0945 0.6458 0.0000
vt 0.1075 0.6407 0.0000
vt 0.1098 0.6438 0.0000
vt 0.6713 0.5576 0.0000
vt 0.6706 0.5389 0.0000
vt 0.6756 0.5407 0.0000
vt 0.6576 0.5355 0.0000
vt 0.6600 0.5208 0.0000
vt 0.6734 0.5250 0.0000
vt 0.9132 0.9621 0.0000
vt 0.9074 0.9537 0.0000
vt 0.9106 0.9523 0.0000
vt 0.9167 0.9610 0.0000
vt 0.9099 0.9637 0.0000
vt 0.9045 0.9558 0.0000
vt 0.7568 0.6136 0.0000
vt 0.7577 0.6103 0.0000
vt 0.8984 0.9344 0.0000
vt 0.8956 0.9359 0.0000
vt 0.8922 0.9382 0.0000
vt 0.8765 0.9152 0.0000
vt 0.8793 0.9125 0.0000
vt 0.7870 0.5179 0.0000
vt 0.7850 0.5078 0.0000
vt 0.7915 0.5089 0.0000
vt 0.7935 0.5181 0.0000
vt 0.7956 0.5297 0.0000
vt 0.7892 0.5300 0.0000
vt 0.7794 0.5322 0.0000
vt 0.7772 0.5195 0.0000
vt 0.7755 0.5092 0.0000
vt 0.7627 0.5377 0.0000
vt 0.7615 0.5231 0.0000
vt 0.7603 0.5107 0.0000
vt 0.5338 0.1625 0.0000
vt 0.5285 0.1495 0.0000
vt 0.5313 0.1488 0.0000
vt 0.7919 0.4525 0.0000
vt 0.7919 0.4426 0.0000
vt 0.7852 0.4517 0.0000
vt 0.7865 0.4415 0.0000
vt 0.6571 0.8882 0.0000
vt 0.6495 0.8948 0.0000
vt 0.6727 0.8667 0.0000
vt 0.0417 0.4123 0.0000
vt 0.0463 0.3945 0.0000
vt 0.0532 0.3972 0.0000
vt 0.0501 0.4151 0.0000
vt 0.0593 0.3997 0.0000
vt 0.0570 0.4174 0.0000
vt 0.6731 0.8761 0.0000
vt 0.3260 0.4148 0.0000
vt 0.3250 0.4124 0.0000
vt 0.3277 0.4119 0.0000
vt 0.3289 0.4135 0.0000
vt 0.5520 0.1215 0.0000
vt 0.5487 0.1213 0.0000
vt 0.5502 0.1181 0.0000
vt 0.5536 0.1186 0.0000
vt 0.1659 0.6461 0.0000
vt 0.1700 0.6467 0.0000
vt 0.1686 0.6501 0.0000
vt 0.1642 0.6492 0.0000
vt 0.3224 0.4151 0.0000
vt 0.3222 0.4132 0.0000
vt 0.8986 0.6260 0.0000
vt 0.8952 0.6277 0.0000
vt 0.8945 0.6246 0.0000
vt 0.8963 0.6221 0.0000
vt 0.8986 0.6190 0.0000
vt 0.9017 0.6231 0.0000
vt 0.9028 0.6279 0.0000
vt 0.8997 0.6311 0.0000
vt 0.8958 0.6331 0.0000
vt 0.0845 0.7227 0.0000
vt 0.0827 0.7257 0.0000
vt 0.0800 0.7230 0.0000
vt 0.0806 0.7200 0.0000
vt 0.8920 0.6242 0.0000
vt 0.8919 0.6285 0.0000
vt 0.8921 0.6336 0.0000
vt 0.0891 0.7265 0.0000
vt 0.0869 0.7299 0.0000
vt 0.5501 0.1245 0.0000
vt 0.5462 0.1245 0.0000
vt 0.3284 0.4099 0.0000
vt 0.3315 0.4117 0.0000
vt 0.6790 0.1160 0.0000
vt 0.6831 0.1139 0.0000
vt 0.6839 0.1164 0.0000
vt 0.6792 0.1189 0.0000
vt 0.6744 0.1223 0.0000
vt 0.6748 0.1190 0.0000
vt 0.5460 0.1181 0.0000
vt 0.5443 0.1215 0.0000
vt 0.4902 0.9879 0.0000
vt 0.4946 0.9873 0.0000
vt 0.4927 0.9908 0.0000
vt 0.4886 0.9912 0.0000
vt 0.1756 0.6467 0.0000
vt 0.1812 0.6460 0.0000
vt 0.1805 0.6499 0.0000
vt 0.1745 0.6505 0.0000
vt 0.4404 0.9811 0.0000
vt 0.4384 0.9848 0.0000
vt 0.4334 0.9798 0.0000
vt 0.1681 0.6544 0.0000
vt 0.1747 0.6546 0.0000
vt 0.1812 0.6541 0.0000
vt 0.4456 0.9851 0.0000
vt 0.4447 0.9887 0.0000
vt 0.9008 0.6374 0.0000
vt 0.8963 0.6400 0.0000
vt 0.4328 0.9836 0.0000
vt 0.4375 0.9895 0.0000
vt 0.8299 0.2146 0.0000
vt 0.8278 0.2093 0.0000
vt 0.8365 0.2096 0.0000
vt 0.8382 0.2146 0.0000
vt 0.0947 0.7320 0.0000
vt 0.0917 0.7354 0.0000
vt 0.8919 0.6400 0.0000
vt 0.4255 0.4373 0.0000
vt 0.4303 0.4370 0.0000
vt 0.4290 0.4440 0.0000
vt 0.4238 0.4437 0.0000
vt 0.4192 0.4438 0.0000
vt 0.4211 0.4380 0.0000
vt 0.6701 0.1305 0.0000
vt 0.6758 0.1265 0.0000
vt 0.6777 0.1295 0.0000
vt 0.6717 0.1337 0.0000
vt 0.6648 0.1365 0.0000
vt 0.6639 0.1331 0.0000
vt 0.6640 0.1288 0.0000
vt 0.6692 0.1261 0.0000
vt 0.4916 0.9851 0.0000
vt 0.4962 0.9836 0.0000
vt 0.5415 0.1243 0.0000
vt 0.8233 0.2094 0.0000
vt 0.8272 0.2139 0.0000
vt 0.8231 0.2144 0.0000
vt 0.8191 0.2093 0.0000
vt 0.6651 0.1244 0.0000
vt 0.4974 0.9900 0.0000
vt 0.4989 0.9858 0.0000
vt 0.5029 0.9849 0.0000
vt 0.5015 0.9888 0.0000
vt 0.5005 0.9935 0.0000
vt 0.4959 0.9939 0.0000
vt 0.4908 0.9942 0.0000
vt 0.4949 0.9974 0.0000
vt 0.4893 0.9974 0.0000
vt 0.5002 0.9972 0.0000
vt 0.4512 0.9861 0.0000
vt 0.4565 0.9855 0.0000
vt 0.4569 0.9898 0.0000
vt 0.4512 0.9900 0.0000
vt 0.4519 0.9948 0.0000
vt 0.4530 0.9986 0.0000
vt 0.4451 0.9980 0.0000
vt 0.4444 0.9939 0.0000
vt 0.4580 0.9941 0.0000
vt 0.4593 0.9975 0.0000
vt 0.4209 0.4505 0.0000
vt 0.4165 0.4499 0.0000
vt 0.4257 0.4511 0.0000
vt 0.4219 0.4564 0.0000
vt 0.4177 0.4558 0.0000
vt 0.4134 0.4548 0.0000
vt 0.6591 0.1291 0.0000
vt 0.6581 0.1330 0.0000
vt 0.0910 0.7430 0.0000
vt 0.0954 0.7414 0.0000
vt 0.0963 0.7467 0.0000
vt 0.0919 0.7478 0.0000
vt 0.4131 0.4491 0.0000
vt 0.4103 0.4534 0.0000
vt 0.6531 0.1318 0.0000
vt 0.6547 0.1281 0.0000
vt 0.6611 0.1248 0.0000
vt 0.6571 0.1241 0.0000
vt 0.6590 0.1212 0.0000
vt 0.6629 0.1216 0.0000
vt 0.5001 0.9825 0.0000
vt 0.1530 0.2943 0.0000
vt 0.1577 0.2949 0.0000
vt 0.1563 0.3011 0.0000
vt 0.1517 0.3007 0.0000
vt 0.8162 0.1387 0.0000
vt 0.8115 0.1388 0.0000
vt 0.8119 0.1321 0.0000
vt 0.8167 0.1321 0.0000
vt 0.5561 0.0515 0.0000
vt 0.5540 0.0480 0.0000
vt 0.5578 0.0472 0.0000
vt 0.5610 0.0501 0.0000
vt 0.1541 0.2886 0.0000
vt 0.1591 0.2893 0.0000
vt 0.9665 0.0088 0.0000
vt 0.9698 0.0134 0.0000
vt 0.9662 0.0164 0.0000
vt 0.1607 0.3136 0.0000
vt 0.1552 0.3146 0.0000
vt 0.1555 0.3081 0.0000
vt 0.1612 0.3079 0.0000
vt 0.1619 0.3013 0.0000
vt 0.2559 0.4076 0.0000
vt 0.2548 0.4131 0.0000
vt 0.2482 0.4119 0.0000
vt 0.2493 0.4062 0.0000
vt 0.0961 0.4027 0.0000
vt 0.0932 0.4069 0.0000
vt 0.0887 0.4048 0.0000
vt 0.0921 0.4005 0.0000
vt 0.9704 0.0198 0.0000
vt 0.9731 0.0169 0.0000
vt 0.2475 0.4167 0.0000
vt 0.2541 0.4178 0.0000
vt 0.0988 0.4093 0.0000
vt 0.7706 0.8407 0.0000
vt 0.7694 0.8470 0.0000
vt 0.7647 0.8459 0.0000
vt 0.7660 0.8399 0.0000
vt 0.0957 0.4124 0.0000
vt 0.0902 0.4095 0.0000
vt 0.4354 0.4716 0.0000
vt 0.4407 0.4674 0.0000
vt 0.4429 0.4717 0.0000
vt 0.4372 0.4754 0.0000
vt 0.4309 0.4783 0.0000
vt 0.4296 0.4744 0.0000
vt 0.4394 0.4793 0.0000
vt 0.4330 0.4831 0.0000
vt 0.4454 0.4760 0.0000
vt 0.4477 0.4789 0.0000
vt 0.4415 0.4824 0.0000
vt 0.4350 0.4866 0.0000
vt 0.8068 0.1461 0.0000
vt 0.8115 0.1462 0.0000
vt 0.8122 0.1535 0.0000
vt 0.5418 0.0403 0.0000
vt 0.5408 0.0447 0.0000
vt 0.5345 0.0455 0.0000
vt 0.5353 0.0405 0.0000
vt 0.5475 0.0393 0.0000
vt 0.5471 0.0440 0.0000
vt 0.5482 0.0488 0.0000
vt 0.5422 0.0495 0.0000
vt 0.1512 0.3080 0.0000
vt 0.1475 0.3081 0.0000
vt 0.1484 0.3008 0.0000
vt 0.1518 0.3152 0.0000
vt 0.1481 0.3156 0.0000
vt 0.5043 0.9969 0.0000
vt 0.5045 0.9926 0.0000
vt 0.5078 0.9922 0.0000
vt 0.5075 0.9969 0.0000
vt 0.4637 0.9844 0.0000
vt 0.4645 0.9893 0.0000
vt 0.4610 0.9894 0.0000
vt 0.4605 0.9848 0.0000
vt 0.4622 0.9937 0.0000
vt 0.4659 0.9939 0.0000
vt 0.4675 0.9978 0.0000
vt 0.4637 0.9975 0.0000
vt 0.4151 0.4596 0.0000
vt 0.4105 0.4582 0.0000
vt 0.4195 0.4601 0.0000
vt 0.4175 0.4634 0.0000
vt 0.4128 0.4627 0.0000
vt 0.4079 0.4613 0.0000
vt 0.6492 0.1305 0.0000
vt 0.6510 0.1267 0.0000
vt 0.4076 0.4568 0.0000
vt 0.6483 0.1337 0.0000
vt 0.6446 0.1326 0.0000
vt 0.6456 0.1290 0.0000
vt 0.6475 0.1248 0.0000
vt 0.6534 0.1227 0.0000
vt 0.6502 0.1204 0.0000
vt 0.6524 0.1173 0.0000
vt 0.6553 0.1198 0.0000
vt 0.5054 0.9878 0.0000
vt 0.5090 0.9874 0.0000
vt 0.5068 0.9840 0.0000
vt 0.5104 0.9832 0.0000
vt 0.4670 0.9848 0.0000
vt 0.4682 0.9899 0.0000
vt 0.5112 0.9929 0.0000
vt 0.5108 0.9974 0.0000
vt 0.8033 0.3835 0.0000
vt 0.7986 0.3867 0.0000
vt 0.7977 0.3835 0.0000
vt 0.4697 0.9855 0.0000
vt 0.4716 0.9907 0.0000
vt 0.9678 0.0219 0.0000
vt 0.9633 0.0176 0.0000
vt 0.7594 0.8446 0.0000
vt 0.7631 0.8502 0.0000
vt 0.7572 0.8476 0.0000
vt 0.7613 0.8528 0.0000
vt 0.7558 0.8488 0.0000
vt 0.9663 0.0228 0.0000
vt 0.9598 0.0185 0.0000
vt 0.4179 0.4736 0.0000
vt 0.4144 0.4753 0.0000
vt 0.4136 0.4711 0.0000
vt 0.4172 0.4702 0.0000
vt 0.4738 0.9946 0.0000
vt 0.4747 0.9905 0.0000
vt 0.9731 0.0293 0.0000
vt 0.9692 0.0274 0.0000
vt 0.9711 0.0250 0.0000
vt 0.4204 0.4756 0.0000
vt 0.4176 0.4799 0.0000
vt 0.4699 0.9943 0.0000
vt 0.4718 0.9978 0.0000
vt 0.4762 0.9970 0.0000
vt 0.7653 0.8553 0.0000
vt 0.7675 0.8521 0.0000
vt 0.4247 0.4799 0.0000
vt 0.4243 0.4757 0.0000
vt 0.4105 0.4664 0.0000
vt 0.4054 0.4647 0.0000
vt 0.4153 0.4671 0.0000
vt 0.4089 0.4706 0.0000
vt 0.4032 0.4688 0.0000
vt 0.6418 0.1271 0.0000
vt 0.6441 0.1222 0.0000
vt 0.6406 0.1315 0.0000
vt 0.6361 0.1300 0.0000
vt 0.6377 0.1252 0.0000
vt 0.6405 0.1198 0.0000
vt 0.9588 0.0235 0.0000
vt 0.9650 0.0248 0.0000
vt 0.4711 0.9855 0.0000
vt 0.9641 0.0268 0.0000
vt 0.9581 0.0274 0.0000
vt 0.4261 0.4851 0.0000
vt 0.4279 0.4895 0.0000
vt 0.4198 0.4912 0.0000
vt 0.4184 0.4860 0.0000
vt 0.9776 0.1853 0.0000
vt 0.9801 0.1809 0.0000
vt 0.9882 0.1857 0.0000
vt 0.4015 0.4989 0.0000
vt 0.4003 0.4932 0.0000
vt 0.4102 0.4921 0.0000
vt 0.4117 0.4958 0.0000
vt 0.3710 0.0243 0.0000
vt 0.3663 0.0214 0.0000
vt 0.3726 0.0139 0.0000
vt 0.3778 0.0165 0.0000
vt 0.9726 0.1831 0.0000
vt 0.9724 0.1758 0.0000
vt 0.8068 0.1615 0.0000
vt 0.8135 0.1602 0.0000
vt 0.8143 0.1682 0.0000
vt 0.3774 0.0071 0.0000
vt 0.3825 0.0099 0.0000
vt 0.3854 0.0030 0.0000
vt 0.3811 0.0005 0.0000
vt 0.8068 0.1538 0.0000
vt 0.9692 0.1695 0.0000
vt 0.9657 0.1748 0.0000
vt 0.9646 0.1704 0.0000
vt 0.1492 0.3225 0.0000
vt 0.1522 0.3211 0.0000
vt 0.1556 0.3194 0.0000
vt 0.9627 0.1664 0.0000
vt 0.9672 0.1638 0.0000
vt 0.1605 0.3176 0.0000
vt 0.9642 0.0116 0.0000
vt 0.9620 0.0133 0.0000
vt 0.9584 0.0133 0.0000
vt 0.9618 0.1613 0.0000
vt 0.9590 0.1636 0.0000
vt 0.9651 0.1585 0.0000
vt 0.9696 0.1597 0.0000
vt 0.9535 0.0175 0.0000
vt 0.9542 0.0128 0.0000
vt 0.9479 0.0163 0.0000
vt 0.9493 0.0116 0.0000
vt 0.9689 0.1549 0.0000
vt 0.9728 0.1563 0.0000
vt 0.9733 0.1512 0.0000
vt 0.9766 0.1527 0.0000
vt 0.9424 0.0141 0.0000
vt 0.9442 0.0098 0.0000
vt 0.9372 0.0114 0.0000
vt 0.9395 0.0077 0.0000
vt 0.7764 0.3648 0.0000
vt 0.7764 0.3603 0.0000
vt 0.7814 0.3620 0.0000
vt 0.7817 0.3669 0.0000
vt 0.7942 0.9716 0.0000
vt 0.7923 0.9739 0.0000
vt 0.7895 0.9708 0.0000
vt 0.7928 0.9684 0.0000
vt 0.7984 0.9673 0.0000
vt 0.7968 0.9725 0.0000
vt 0.7952 0.9759 0.0000
vt 0.7794 0.3590 0.0000
vt 0.7784 0.3558 0.0000
vt 0.7823 0.3570 0.0000
vt 0.7837 0.3603 0.0000
vt 0.9771 0.1572 0.0000
vt 0.9807 0.1543 0.0000
vt 0.9809 0.1496 0.0000
vt 0.9849 0.1515 0.0000
vt 0.9874 0.1525 0.0000
vt 0.9836 0.1551 0.0000
vt 0.7883 0.9482 0.0000
vt 0.7932 0.9543 0.0000
vt 0.7892 0.9559 0.0000
vt 0.7843 0.9490 0.0000
vt 0.6995 0.3684 0.0000
vt 0.7092 0.3723 0.0000
vt 0.7061 0.3763 0.0000
vt 0.6972 0.3708 0.0000
vt 0.7011 0.3799 0.0000
vt 0.6935 0.3743 0.0000
vt 0.6870 0.3707 0.0000
vt 0.6894 0.3670 0.0000
vt 0.6811 0.3676 0.0000
vt 0.6755 0.3656 0.0000
vt 0.6767 0.3604 0.0000
vt 0.6827 0.3634 0.0000
vt 0.8034 0.9620 0.0000
vt 0.7939 0.9615 0.0000
vt 0.7982 0.9588 0.0000
vt 0.6785 0.3721 0.0000
vt 0.6738 0.3704 0.0000
vt 0.6835 0.3747 0.0000
vt 0.6788 0.3781 0.0000
vt 0.6748 0.3758 0.0000
vt 0.6710 0.3744 0.0000
vt 0.9834 0.1778 0.0000
vt 0.9774 0.1732 0.0000
vt 0.9816 0.1724 0.0000
vt 0.9866 0.1762 0.0000
vt 0.9929 0.1785 0.0000
vt 0.9909 0.1818 0.0000
vt 0.9740 0.1686 0.0000
vt 0.9728 0.1639 0.0000
vt 0.9767 0.1643 0.0000
vt 0.9784 0.1681 0.0000
vt 0.9674 0.0632 0.0000
vt 0.9649 0.0605 0.0000
vt 0.9706 0.0608 0.0000
vt 0.9707 0.0627 0.0000
vt 0.9747 0.0642 0.0000
vt 0.9762 0.0623 0.0000
vt 0.9717 0.0653 0.0000
vt 0.9742 0.1603 0.0000
vt 0.9769 0.1600 0.0000
vt 0.7948 0.9784 0.0000
vt 0.7980 0.9787 0.0000
vt 0.7975 0.9814 0.0000
vt 0.8003 0.9753 0.0000
vt 0.8040 0.9708 0.0000
vt 0.8096 0.9752 0.0000
vt 0.8035 0.9790 0.0000
vt 0.8000 0.9822 0.0000
vt 0.9657 0.0557 0.0000
vt 0.9667 0.0487 0.0000
vt 0.9724 0.0533 0.0000
vt 0.9710 0.0576 0.0000
vt 0.9790 0.0559 0.0000
vt 0.9774 0.0597 0.0000
vt 0.8092 0.9648 0.0000
vt 0.8154 0.9669 0.0000
vt 0.6705 0.3592 0.0000
vt 0.6702 0.3650 0.0000
vt 0.7908 0.3338 0.0000
vt 0.7968 0.3311 0.0000
vt 0.7964 0.3399 0.0000
vt 0.7906 0.3416 0.0000
vt 0.8218 0.9680 0.0000
vt 0.8280 0.9691 0.0000
vt 0.8250 0.9737 0.0000
vt 0.8189 0.9743 0.0000
vt 0.8201 0.9616 0.0000
vt 0.8259 0.9631 0.0000
vt 0.8293 0.9651 0.0000
vt 0.0109 0.3859 0.0000
vt 0.0092 0.3798 0.0000
vt 0.0137 0.3796 0.0000
vt 0.0154 0.3854 0.0000
vt 0.0168 0.3910 0.0000
vt 0.0116 0.3922 0.0000
vt 0.0060 0.3933 0.0000
vt 0.0053 0.3864 0.0000
vt 0.0051 0.3815 0.0000
vt 0.0812 0.7829 0.0000
vt 0.0769 0.7801 0.0000
vt 0.0812 0.7767 0.0000
vt 0.6690 0.3699 0.0000
vt 0.2840 0.4080 0.0000
vt 0.2899 0.4062 0.0000
vt 0.2906 0.4113 0.0000
vt 0.2851 0.4124 0.0000
vt 0.2793 0.4139 0.0000
vt 0.2777 0.4094 0.0000
vt 0.0005 0.3865 0.0000
vt 0.0019 0.3795 0.0000
vt 0.0007 0.3938 0.0000
vt 0.9852 0.0573 0.0000
vt 0.9820 0.0501 0.0000
vt 0.9876 0.0512 0.0000
vt 0.9855 0.0434 0.0000
vt 0.9899 0.0447 0.0000
vt 0.8123 0.2135 0.0000
vt 0.8082 0.2116 0.0000
vt 0.8099 0.2075 0.0000
vt 0.8144 0.2071 0.0000
vt 0.8181 0.2095 0.0000
vt 0.8175 0.2134 0.0000
vt 0.8028 0.1321 0.0000
vt 0.8062 0.1360 0.0000
vt 0.8026 0.1399 0.0000
vt 0.2732 0.4159 0.0000
vt 0.2710 0.4109 0.0000
vt 0.9756 0.0475 0.0000
vt 0.9716 0.0428 0.0000
vt 0.9755 0.0393 0.0000
vt 0.9794 0.0411 0.0000
vt 0.9827 0.0343 0.0000
vt 0.9885 0.0374 0.0000
vt 0.9782 0.0346 0.0000
vt 0.8328 0.9713 0.0000
vt 0.8334 0.9643 0.0000
vt 0.9865 0.0299 0.0000
vt 0.9898 0.0339 0.0000
vt 0.0061 0.3756 0.0000
vt 0.0031 0.3729 0.0000
vt 0.0074 0.3710 0.0000
vt 0.0106 0.3739 0.0000
vt 0.0224 0.9291 0.0000
vt 0.0144 0.9308 0.0000
vt 0.0177 0.9181 0.0000
vt 0.0259 0.9168 0.0000
vt 0.6524 0.3080 0.0000
vt 0.6517 0.3203 0.0000
vt 0.6473 0.3317 0.0000
vt 0.0241 0.9410 0.0000
vt 0.0169 0.9434 0.0000
vt 0.0093 0.9319 0.0000
vt 0.0121 0.9451 0.0000
vt 0.0086 0.9457 0.0000
vt 0.0053 0.9324 0.0000
vt 0.0083 0.9194 0.0000
vt 0.0124 0.9190 0.0000
vt 0.0148 0.9103 0.0000
vt 0.0205 0.9087 0.0000
vt 0.0103 0.9114 0.0000
vt 0.0105 0.9045 0.0000
vt 0.0158 0.9031 0.0000
vt 0.0221 0.9011 0.0000
vt 0.0034 0.9193 0.0000
vt 0.0005 0.9322 0.0000
vt 0.5666 0.1296 0.0000
vt 0.5652 0.1430 0.0000
vt 0.5595 0.1422 0.0000
vt 0.5606 0.1284 0.0000
vt 0.0946 0.7192 0.0000
vt 0.0994 0.7061 0.0000
vt 0.1046 0.7072 0.0000
vt 0.0998 0.7197 0.0000
vt 0.6109 0.1311 0.0000
vt 0.6039 0.1321 0.0000
vt 0.6028 0.1204 0.0000
vt 0.6097 0.1189 0.0000
vt 0.0052 0.9117 0.0000
vt 0.0046 0.9047 0.0000
vt 0.6082 0.1114 0.0000
vt 0.6015 0.1130 0.0000
vt 0.5815 0.1300 0.0000
vt 0.5821 0.1367 0.0000
vt 0.5771 0.1368 0.0000
vt 0.5768 0.1299 0.0000
vt 0.1056 0.7328 0.0000
vt 0.1008 0.7325 0.0000
vt 0.1054 0.7201 0.0000
vt 0.1101 0.7084 0.0000
vt 0.2943 0.6297 0.0000
vt 0.2931 0.6356 0.0000
vt 0.2828 0.6298 0.0000
vt 0.0828 0.1010 0.0000
vt 0.0828 0.0946 0.0000
vt 0.0958 0.0966 0.0000
vt 0.5961 0.1218 0.0000
vt 0.5951 0.1143 0.0000
vt 0.5894 0.1233 0.0000
vt 0.5891 0.1152 0.0000
vt 0.5887 0.1088 0.0000
vt 0.5943 0.1083 0.0000
vt 0.5861 0.1302 0.0000
vt 0.5869 0.1368 0.0000
vt 0.0603 0.4188 0.0000
vt 0.0637 0.4019 0.0000
vt 0.0677 0.4033 0.0000
vt 0.0635 0.4190 0.0000
vt 0.6732 0.8808 0.0000
vt 0.6743 0.8843 0.0000
vt 0.0681 0.4180 0.0000
vt 0.0989 0.2842 0.0000
vt 0.0989 0.2798 0.0000
vt 0.1119 0.2803 0.0000
vt 0.5324 0.1297 0.0000
vt 0.5390 0.1277 0.0000
vt 0.5410 0.1426 0.0000
vt 0.5835 0.1157 0.0000
vt 0.5834 0.1248 0.0000
vt 0.5782 0.1256 0.0000
vt 0.5776 0.1153 0.0000
vt 0.8008 0.4191 0.0000
vt 0.8031 0.4118 0.0000
vt 0.8067 0.4142 0.0000
vt 0.8046 0.4210 0.0000
vt 0.5835 0.1090 0.0000
vt 0.6361 0.0987 0.0000
vt 0.6489 0.0940 0.0000
vt 0.6494 0.1044 0.0000
vt 0.6364 0.1088 0.0000
vt 0.0291 0.9066 0.0000
vt 0.0300 0.8987 0.0000
vt 0.0396 0.8946 0.0000
vt 0.0391 0.9048 0.0000
vt 0.6624 0.0828 0.0000
vt 0.6631 0.0902 0.0000
vt 0.6471 0.0853 0.0000
vt 0.6726 0.2890 0.0000
vt 0.6820 0.2899 0.0000
vt 0.6826 0.2973 0.0000
vt 0.6724 0.2971 0.0000
vt 0.6762 0.0871 0.0000
vt 0.7437 0.7557 0.0000
vt 0.7373 0.7570 0.0000
vt 0.7383 0.7423 0.0000
vt 0.7442 0.7421 0.0000
vt 0.7396 0.7288 0.0000
vt 0.7447 0.7295 0.0000
vt 0.7495 0.7303 0.0000
vt 0.7491 0.7430 0.0000
vt 0.7494 0.7586 0.0000
vt 0.0229 0.8950 0.0000
vt 0.0289 0.8944 0.0000
vt 0.6330 0.0886 0.0000
vt 0.6253 0.0912 0.0000
vt 0.6261 0.0855 0.0000
vt 0.6362 0.0842 0.0000
vt 0.0325 0.8907 0.0000
vt 0.7434 0.7679 0.0000
vt 0.7369 0.7698 0.0000
vt 0.7490 0.7692 0.0000
vt 0.7492 0.7794 0.0000
vt 0.7438 0.7788 0.0000
vt 0.7367 0.7804 0.0000
vt 0.6107 0.0967 0.0000
vt 0.6079 0.0885 0.0000
vt 0.6165 0.0871 0.0000
vt 0.6179 0.0942 0.0000
vt 0.0179 0.8884 0.0000
vt 0.0252 0.8895 0.0000
vt 0.0157 0.8951 0.0000
vt 0.0096 0.8955 0.0000
vt 0.7318 0.7742 0.0000
vt 0.7269 0.7785 0.0000
vt 0.7274 0.7634 0.0000
vt 0.7325 0.7602 0.0000
vt 0.7312 0.7844 0.0000
vt 0.1714 0.6454 0.0000
vt 0.1642 0.6392 0.0000
vt 0.1758 0.6393 0.0000
vt 0.1803 0.6449 0.0000
vt 0.5842 0.8131 0.0000
vt 0.5885 0.8181 0.0000
vt 0.5770 0.8262 0.0000
vt 0.5728 0.8184 0.0000
vt 0.7197 0.7925 0.0000
vt 0.7213 0.7802 0.0000
vt 0.7227 0.7649 0.0000
vt 0.7372 0.7894 0.0000
vt 0.7442 0.7890 0.0000
vt 0.7440 0.7978 0.0000
vt 0.7369 0.7970 0.0000
vt 0.7498 0.7893 0.0000
vt 0.7500 0.7980 0.0000
vt 0.7325 0.7904 0.0000
vt 0.7307 0.7959 0.0000
vt 0.7256 0.7918 0.0000
vt 0.5647 0.8217 0.0000
vt 0.5618 0.8136 0.0000
vt 0.5696 0.8110 0.0000
vt 0.5677 0.8293 0.0000
vt 0.5610 0.8319 0.0000
vt 0.5583 0.8239 0.0000
vt 0.7180 0.8011 0.0000
vt 0.7174 0.8079 0.0000
vt 0.6042 0.0984 0.0000
vt 0.6014 0.0895 0.0000
vt 0.0045 0.8954 0.0000
vt 0.5788 0.1461 0.0000
vt 0.5830 0.1465 0.0000
vt 0.5983 0.0996 0.0000
vt 0.5959 0.0901 0.0000
vt 0.7234 0.8013 0.0000
vt 0.7296 0.8020 0.0000
vt 0.7289 0.8085 0.0000
vt 0.7226 0.8085 0.0000
vt 0.7364 0.8031 0.0000
vt 0.7361 0.8086 0.0000
vt 0.7434 0.8042 0.0000
vt 0.7432 0.8095 0.0000
vt 0.7500 0.8047 0.0000
vt 0.7501 0.8102 0.0000
vt 0.5927 0.1004 0.0000
vt 0.5905 0.0908 0.0000
vt 0.5870 0.1470 0.0000
vt 0.5912 0.1373 0.0000
vt 0.5911 0.1474 0.0000
vt 0.5874 0.1010 0.0000
vt 0.5852 0.0917 0.0000
vt 0.7433 0.8150 0.0000
vt 0.7500 0.8157 0.0000
vt 0.7499 0.8211 0.0000
vt 0.7435 0.8206 0.0000
vt 0.7368 0.8200 0.0000
vt 0.7362 0.8143 0.0000
vt 0.7289 0.8150 0.0000
vt 0.7228 0.8154 0.0000
vt 0.7300 0.8206 0.0000
vt 0.7243 0.8229 0.0000
vt 0.7168 0.8144 0.0000
vt 0.7166 0.8207 0.0000
vt 0.5522 0.8262 0.0000
vt 0.5547 0.8344 0.0000
vt 0.7438 0.8261 0.0000
vt 0.7441 0.8317 0.0000
vt 0.7377 0.8302 0.0000
vt 0.7377 0.8252 0.0000
vt 0.7499 0.8265 0.0000
vt 0.7497 0.8320 0.0000
vt 0.5822 0.1015 0.0000
vt 0.5800 0.0930 0.0000
vt 0.5951 0.1383 0.0000
vt 0.5954 0.1476 0.0000
vt 0.5993 0.1407 0.0000
vt 0.5996 0.1484 0.0000
vt 0.5770 0.1014 0.0000
vt 0.5746 0.0943 0.0000
vt 0.7323 0.8245 0.0000
vt 0.7311 0.8278 0.0000
vt 0.7966 0.4153 0.0000
vt 0.7987 0.4067 0.0000
vt 0.7971 0.4291 0.0000
vt 0.7934 0.4277 0.0000
vt 0.7890 0.4255 0.0000
vt 0.7911 0.4111 0.0000
vt 0.7947 0.3987 0.0000
vt 0.7174 0.8268 0.0000
vt 0.7187 0.8336 0.0000
vt 0.7248 0.8294 0.0000
vt 0.7263 0.8361 0.0000
vt 0.5777 0.1081 0.0000
vt 0.5706 0.1052 0.0000
vt 0.5715 0.1004 0.0000
vt 0.8009 0.4019 0.0000
vt 0.5685 0.0955 0.0000
vt 0.7318 0.8327 0.0000
vt 0.7333 0.8394 0.0000
vt 0.7385 0.8358 0.0000
vt 0.7396 0.8425 0.0000
vt 0.7447 0.8379 0.0000
vt 0.7457 0.8450 0.0000
vt 0.7496 0.8382 0.0000
vt 0.7519 0.8454 0.0000
vt 0.7841 0.4084 0.0000
vt 0.7873 0.3978 0.0000
vt 0.7828 0.4230 0.0000
vt 0.7751 0.4203 0.0000
vt 0.7762 0.4063 0.0000
vt 0.7796 0.3966 0.0000
vt 0.7203 0.8419 0.0000
vt 0.7222 0.8526 0.0000
vt 0.7145 0.8517 0.0000
vt 0.7279 0.8441 0.0000
vt 0.7298 0.8543 0.0000
vt 0.7347 0.8474 0.0000
vt 0.7364 0.8572 0.0000
vt 0.7409 0.8507 0.0000
vt 0.7426 0.8603 0.0000
vt 0.7470 0.8534 0.0000
vt 0.7486 0.8629 0.0000
vt 0.7529 0.8550 0.0000
vt 0.7545 0.8645 0.0000
vt 0.7678 0.4042 0.0000
vt 0.7712 0.3953 0.0000
vt 0.7657 0.4177 0.0000
vt 0.7543 0.4143 0.0000
vt 0.7573 0.4014 0.0000
vt 0.7610 0.3933 0.0000
vt 0.7251 0.8664 0.0000
vt 0.7286 0.8819 0.0000
vt 0.7221 0.8827 0.0000
vt 0.7174 0.8664 0.0000
vt 0.7326 0.8673 0.0000
vt 0.7354 0.8820 0.0000
vt 0.7388 0.8693 0.0000
vt 0.7411 0.8833 0.0000
vt 0.7445 0.8716 0.0000
vt 0.7465 0.8847 0.0000
vt 0.7505 0.8734 0.0000
vt 0.7525 0.8860 0.0000
vt 0.7564 0.8747 0.0000
vt 0.7585 0.8871 0.0000
vt 0.7337 0.9136 0.0000
vt 0.7295 0.9158 0.0000
vt 0.7262 0.8991 0.0000
vt 0.7315 0.8977 0.0000
vt 0.7375 0.8973 0.0000
vt 0.7390 0.9126 0.0000
vt 0.9530 0.0299 0.0000
vt 0.9582 0.0299 0.0000
vt 0.9543 0.0332 0.0000
vt 0.5125 0.9883 0.0000
vt 0.9516 0.0375 0.0000
vt 0.9466 0.0343 0.0000
vt 0.9409 0.0210 0.0000
vt 0.9395 0.0280 0.0000
vt 0.9341 0.0239 0.0000
vt 0.9355 0.0174 0.0000
vt 0.9470 0.0237 0.0000
vt 0.1207 0.3631 0.0000
vt 0.1267 0.3607 0.0000
vt 0.1271 0.3651 0.0000
vt 0.6479 0.1169 0.0000
vt 0.6453 0.1136 0.0000
vt 0.1181 0.3592 0.0000
vt 0.1272 0.3533 0.0000
vt 0.9527 0.0238 0.0000
vt 0.9350 0.0406 0.0000
vt 0.9289 0.0428 0.0000
vt 0.9281 0.0386 0.0000
vt 0.9361 0.0362 0.0000
vt 0.9430 0.0411 0.0000
vt 0.9402 0.0463 0.0000
vt 0.8382 0.2660 0.0000
vt 0.8455 0.2643 0.0000
vt 0.8448 0.2693 0.0000
vt 0.2841 0.4298 0.0000
vt 0.2788 0.4321 0.0000
vt 0.2784 0.4277 0.0000
vt 0.2847 0.4250 0.0000
vt 0.9333 0.0461 0.0000
vt 0.9382 0.0509 0.0000
vt 0.9323 0.0509 0.0000
vt 0.9369 0.0545 0.0000
vt 0.9322 0.0558 0.0000
vt 0.2845 0.4344 0.0000
vt 0.2799 0.4381 0.0000
vt 0.4212 0.4253 0.0000
vt 0.4252 0.4251 0.0000
vt 0.4232 0.4334 0.0000
vt 0.4186 0.4334 0.0000
vt 0.4136 0.4329 0.0000
vt 0.4168 0.4250 0.0000
vt 0.4186 0.4148 0.0000
vt 0.4226 0.4150 0.0000
vt 0.4261 0.4151 0.0000
vt 0.8829 0.0328 0.0000
vt 0.8760 0.0264 0.0000
vt 0.8801 0.0239 0.0000
vt 0.8862 0.0316 0.0000
vt 0.2124 0.4023 0.0000
vt 0.2059 0.4076 0.0000
vt 0.2049 0.4036 0.0000
vt 0.2103 0.3986 0.0000
vt 0.4206 0.9294 0.0000
vt 0.4120 0.9283 0.0000
vt 0.4168 0.9249 0.0000
vt 0.4246 0.9255 0.0000
vt 0.8789 0.0340 0.0000
vt 0.8717 0.0287 0.0000
vt 0.8734 0.0356 0.0000
vt 0.8664 0.0314 0.0000
vt 0.8831 0.0398 0.0000
vt 0.8780 0.0404 0.0000
vt 0.8740 0.0413 0.0000
vt 0.8694 0.0386 0.0000
vt 0.8596 0.0357 0.0000
vt 0.8689 0.0223 0.0000
vt 0.8623 0.0202 0.0000
vt 0.8674 0.0164 0.0000
vt 0.8734 0.0192 0.0000
vt 0.8643 0.0253 0.0000
vt 0.8576 0.0239 0.0000
vt 0.1298 0.6726 0.0000
vt 0.1305 0.6764 0.0000
vt 0.1248 0.6750 0.0000
vt 0.8614 0.0157 0.0000
vt 0.8573 0.0198 0.0000
vt 0.7319 0.3679 0.0000
vt 0.7288 0.3724 0.0000
vt 0.7264 0.3666 0.0000
vt 0.1344 0.6756 0.0000
vt 0.1339 0.6776 0.0000
vt 0.8590 0.0286 0.0000
vt 0.8527 0.0277 0.0000
vt 0.8515 0.0330 0.0000
vt 0.4512 0.9151 0.0000
vt 0.4553 0.9161 0.0000
vt 0.4507 0.9229 0.0000
vt 0.4458 0.9220 0.0000
vt 0.7352 0.9295 0.0000
vt 0.7398 0.9273 0.0000
vt 0.7401 0.9393 0.0000
vt 0.7352 0.9420 0.0000
vt 0.8449 0.0406 0.0000
vt 0.8405 0.0379 0.0000
vt 0.7312 0.9327 0.0000
vt 0.1185 0.6798 0.0000
vt 0.1206 0.6861 0.0000
vt 0.1138 0.6847 0.0000
vt 0.1111 0.6787 0.0000
vt 0.1102 0.6736 0.0000
vt 0.1173 0.6738 0.0000
vt 0.1264 0.6812 0.0000
vt 0.1287 0.6879 0.0000
vt 0.7430 0.8984 0.0000
vt 0.7443 0.9140 0.0000
vt 0.7485 0.9002 0.0000
vt 0.7499 0.9161 0.0000
vt 0.7724 0.9202 0.0000
vt 0.7632 0.9217 0.0000
vt 0.7602 0.9035 0.0000
vt 0.7683 0.9046 0.0000
vt 0.7484 0.3907 0.0000
vt 0.7392 0.4098 0.0000
vt 0.7418 0.3968 0.0000
vt 0.7222 0.4020 0.0000
vt 0.7280 0.3911 0.0000
vt 0.7542 0.9019 0.0000
vt 0.7557 0.9179 0.0000
vt 0.7166 0.3839 0.0000
vt 0.7098 0.3887 0.0000
vt 0.7199 0.3787 0.0000
vt 0.7336 0.3853 0.0000
vt 0.7450 0.9286 0.0000
vt 0.7437 0.9419 0.0000
vt 0.7501 0.9308 0.0000
vt 0.3130 0.4140 0.0000
vt 0.2945 0.4139 0.0000
vt 0.3013 0.4062 0.0000
vt 0.1397 0.6792 0.0000
vt 0.1375 0.6809 0.0000
vt 0.7294 0.3634 0.0000
vt 0.7238 0.3605 0.0000
vt 0.1406 0.6742 0.0000
vt 0.1480 0.6757 0.0000
vt 0.1470 0.6807 0.0000
vt 0.1479 0.6918 0.0000
vt 0.1331 0.6811 0.0000
vt 0.1382 0.6890 0.0000
vt 0.7584 0.9532 0.0000
vt 0.7656 0.9569 0.0000
vt 0.7613 0.9613 0.0000
vt 0.1749 0.2828 0.0000
vt 0.1753 0.2883 0.0000
vt 0.1710 0.2906 0.0000
vt 0.1293 0.6947 0.0000
vt 0.1391 0.6998 0.0000
vt 0.7630 0.9486 0.0000
vt 0.7697 0.9534 0.0000
vt 0.7448 0.9512 0.0000
vt 0.7572 0.9417 0.0000
vt 0.7619 0.9393 0.0000
vt 0.7669 0.9437 0.0000
vt 0.7732 0.9494 0.0000
vt 0.7692 0.9371 0.0000
vt 0.7621 0.9323 0.0000
vt 0.7719 0.9325 0.0000
vt 0.7789 0.9406 0.0000
vt 0.7757 0.9442 0.0000
vt 0.7559 0.9310 0.0000
vt 0.1631 0.2953 0.0000
vt 0.1645 0.2899 0.0000
vt 0.2619 0.4091 0.0000
vt 0.2673 0.4117 0.0000
vt 0.2645 0.4151 0.0000
vt 0.2607 0.4144 0.0000
vt 0.5531 0.0433 0.0000
vt 0.5534 0.0387 0.0000
vt 0.5592 0.0388 0.0000
vt 0.5586 0.0435 0.0000
vt 0.4457 0.4632 0.0000
vt 0.4509 0.4609 0.0000
vt 0.4510 0.4653 0.0000
vt 0.4477 0.4679 0.0000
vt 0.1012 0.4146 0.0000
vt 0.1045 0.4109 0.0000
vt 0.7668 0.8264 0.0000
vt 0.7673 0.8202 0.0000
vt 0.7726 0.8218 0.0000
vt 0.7720 0.8274 0.0000
vt 0.1009 0.4048 0.0000
vt 0.1057 0.4064 0.0000
vt 0.1014 0.4004 0.0000
vt 0.1060 0.4024 0.0000
vt 0.1089 0.4035 0.0000
vt 0.1094 0.4072 0.0000
vt 0.1092 0.4120 0.0000
vt 0.4503 0.4720 0.0000
vt 0.4539 0.4675 0.0000
vt 0.4569 0.4703 0.0000
vt 0.4528 0.4748 0.0000
vt 0.1475 0.8297 0.0000
vt 0.1477 0.8237 0.0000
vt 0.1519 0.8253 0.0000
vt 0.1526 0.8298 0.0000
vt 0.4592 0.4647 0.0000
vt 0.4559 0.4621 0.0000
vt 0.3004 0.6358 0.0000
vt 0.3004 0.6307 0.0000
vt 0.3050 0.6297 0.0000
vt 0.0051 0.9932 0.0000
vt 0.0006 0.9948 0.0000
vt 0.0005 0.9913 0.0000
vt 0.0036 0.9884 0.0000
vt 0.0593 0.8759 0.0000
vt 0.0534 0.8753 0.0000
vt 0.0540 0.8700 0.0000
vt 0.0103 0.9929 0.0000
vt 0.0099 0.9973 0.0000
vt 0.0062 0.9988 0.0000
vt 0.0005 0.9995 0.0000
vt 0.5638 0.0455 0.0000
vt 0.5652 0.0408 0.0000
vt 0.5684 0.0433 0.0000
vt 0.5684 0.0478 0.0000
vt 0.0553 0.8649 0.0000
vt 0.0606 0.8658 0.0000
vt 0.6893 0.1152 0.0000
vt 0.6873 0.1125 0.0000
vt 0.3241 0.4090 0.0000
vt 0.3194 0.4113 0.0000
vt 0.3180 0.4089 0.0000
vt 0.3232 0.4062 0.0000
vt 0.1663 0.3106 0.0000
vt 0.1651 0.3063 0.0000
vt 0.1704 0.3065 0.0000
vt 0.1711 0.3106 0.0000
vt 0.3185 0.4147 0.0000
vt 0.4328 0.9721 0.0000
vt 0.4360 0.9707 0.0000
vt 0.4387 0.9742 0.0000
vt 0.4362 0.9760 0.0000
vt 0.4298 0.9753 0.0000
vt 0.8925 0.6203 0.0000
vt 0.0769 0.7230 0.0000
vt 0.0774 0.7179 0.0000
vt 0.6889 0.1190 0.0000
vt 0.6849 0.1199 0.0000
vt 0.8935 0.6167 0.0000
vt 0.6805 0.1228 0.0000
vt 0.6849 0.1228 0.0000
vt 0.6821 0.1255 0.0000
vt 0.1222 0.6933 0.0000
vt 0.1277 0.6990 0.0000
vt 0.1225 0.6989 0.0000
vt 0.1158 0.6997 0.0000
vt 0.1158 0.6935 0.0000
vt 0.9305 0.0141 0.0000
vt 0.9327 0.0088 0.0000
vt 0.9293 0.0208 0.0000
vt 0.9250 0.0183 0.0000
vt 0.9266 0.0117 0.0000
vt 0.9287 0.0064 0.0000
vt 0.1799 0.4207 0.0000
vt 0.1814 0.4259 0.0000
vt 0.1765 0.4249 0.0000
vt 0.1757 0.4195 0.0000
vt 0.3601 0.0347 0.0000
vt 0.3533 0.0351 0.0000
vt 0.3548 0.0299 0.0000
vt 0.3613 0.0303 0.0000
vt 0.1801 0.4142 0.0000
vt 0.1839 0.4148 0.0000
vt 0.1852 0.4203 0.0000
vt 0.7691 0.9610 0.0000
vt 0.7586 0.3660 0.0000
vt 0.7603 0.3609 0.0000
vt 0.7652 0.3642 0.0000
vt 0.7637 0.3696 0.0000
vt 0.9210 0.0157 0.0000
vt 0.9230 0.0093 0.0000
vt 0.1710 0.4188 0.0000
vt 0.1715 0.4121 0.0000
vt 0.1758 0.4127 0.0000
vt 0.1721 0.4243 0.0000
vt 0.7892 0.9640 0.0000
vt 0.7848 0.9584 0.0000
vt 0.7858 0.9664 0.0000
vt 0.7803 0.9620 0.0000
vt 0.7771 0.9553 0.0000
vt 0.7753 0.9624 0.0000
vt 0.7581 0.3531 0.0000
vt 0.7556 0.3574 0.0000
vt 0.7512 0.3534 0.0000
vt 0.7536 0.3491 0.0000
vt 0.7733 0.9586 0.0000
vt 0.9929 0.1416 0.0000
vt 0.9927 0.1450 0.0000
vt 0.9887 0.1452 0.0000
vt 0.9878 0.1432 0.0000
vt 0.7671 0.3594 0.0000
vt 0.7626 0.3564 0.0000
vt 0.7618 0.3495 0.0000
vt 0.7655 0.3540 0.0000
vt 0.7805 0.9516 0.0000
vt 0.7848 0.9694 0.0000
vt 0.9854 0.1472 0.0000
vt 0.9897 0.1486 0.0000
vt 0.7690 0.3516 0.0000
vt 0.7716 0.3623 0.0000
vt 0.7719 0.3581 0.0000
vt 0.7756 0.3702 0.0000
vt 0.7702 0.3673 0.0000
vt 0.9829 0.1453 0.0000
vt 0.3901 0.9413 0.0000
vt 0.3970 0.9450 0.0000
vt 0.3955 0.9477 0.0000
vt 0.3883 0.9440 0.0000
vt 0.3817 0.9411 0.0000
vt 0.3835 0.9381 0.0000
vt 0.3851 0.9353 0.0000
vt 0.3916 0.9388 0.0000
vt 0.3987 0.9426 0.0000
vt 0.9335 0.0329 0.0000
vt 0.9284 0.0288 0.0000
vt 0.9253 0.0352 0.0000
vt 0.9212 0.0311 0.0000
vt 0.9233 0.0258 0.0000
vt 0.9183 0.0233 0.0000
vt 0.9162 0.0278 0.0000
vt 0.1013 0.6925 0.0000
vt 0.1054 0.6887 0.0000
vt 0.1060 0.6972 0.0000
vt 0.1112 0.6949 0.0000
vt 0.1091 0.6858 0.0000
vt 0.3947 0.0417 0.0000
vt 0.3990 0.0432 0.0000
vt 0.3945 0.0495 0.0000
vt 0.0970 0.6843 0.0000
vt 0.1014 0.6817 0.0000
vt 0.0964 0.6961 0.0000
vt 0.0922 0.6869 0.0000
vt 0.0902 0.6788 0.0000
vt 0.0954 0.6773 0.0000
vt 0.1000 0.6757 0.0000
vt 0.1047 0.6744 0.0000
vt 0.1056 0.6796 0.0000
vt 0.4091 0.9443 0.0000
vt 0.4181 0.9487 0.0000
vt 0.4161 0.9519 0.0000
vt 0.4073 0.9470 0.0000
vt 0.4315 0.4239 0.0000
vt 0.4317 0.4145 0.0000
vt 0.4341 0.4139 0.0000
vt 0.4343 0.4232 0.0000
vt 0.4370 0.4122 0.0000
vt 0.4376 0.4223 0.0000
vt 0.4112 0.9412 0.0000
vt 0.4205 0.9450 0.0000
vt 0.3252 0.0216 0.0000
vt 0.3281 0.0270 0.0000
vt 0.3236 0.0279 0.0000
vt 0.3202 0.0226 0.0000
vt 0.3184 0.0175 0.0000
vt 0.3238 0.0166 0.0000
vt 0.3287 0.0155 0.0000
vt 0.3296 0.0205 0.0000
vt 0.3319 0.0260 0.0000
vt 0.4142 0.9551 0.0000
vt 0.4121 0.9586 0.0000
vt 0.4035 0.9529 0.0000
vt 0.4054 0.9498 0.0000
vt 0.4291 0.4150 0.0000
vt 0.4286 0.4246 0.0000
vt 0.3341 0.0196 0.0000
vt 0.3337 0.0143 0.0000
vt 0.3388 0.0127 0.0000
vt 0.3391 0.0182 0.0000
vt 0.3401 0.0233 0.0000
vt 0.3357 0.0248 0.0000
vt 0.8786 0.0157 0.0000
vt 0.8731 0.0122 0.0000
vt 0.8782 0.0086 0.0000
vt 0.8832 0.0126 0.0000
vt 0.8877 0.0191 0.0000
vt 0.8841 0.0214 0.0000
vt 0.4248 0.9527 0.0000
vt 0.4226 0.9561 0.0000
vt 0.8863 0.0105 0.0000
vt 0.8905 0.0172 0.0000
vt 0.8817 0.0064 0.0000
vt 0.3316 0.0316 0.0000
vt 0.3349 0.0304 0.0000
vt 0.4425 0.9455 0.0000
vt 0.4375 0.9446 0.0000
vt 0.4416 0.9379 0.0000
vt 0.4462 0.9387 0.0000
vt 0.7351 0.3733 0.0000
vt 0.7374 0.3687 0.0000
vt 0.7424 0.3749 0.0000
vt 0.7395 0.3803 0.0000
vt 0.3138 0.0234 0.0000
vt 0.3122 0.0182 0.0000
vt 0.3175 0.0287 0.0000
vt 0.3382 0.0294 0.0000
vt 0.3420 0.0280 0.0000
vt 0.4204 0.9595 0.0000
vt 0.4179 0.9633 0.0000
vt 0.6761 0.8099 0.0000
vt 0.6553 0.8101 0.0000
vt 0.6591 0.7922 0.0000
vt 0.6800 0.7914 0.0000
vt 0.4374 0.0990 0.0000
vt 0.4385 0.0786 0.0000
vt 0.4586 0.0887 0.0000
vt 0.4549 0.1080 0.0000
vt 0.4495 0.1498 0.0000
vt 0.4512 0.1294 0.0000
vt 0.4484 0.1707 0.0000
vt 0.4303 0.1649 0.0000
vt 0.4322 0.1415 0.0000
vt 0.4342 0.1195 0.0000
vt 0.4174 0.1340 0.0000
vt 0.4198 0.1108 0.0000
vt 0.4150 0.1595 0.0000
vt 0.4037 0.1555 0.0000
vt 0.4062 0.1286 0.0000
vt 0.4090 0.1047 0.0000
vt 0.6866 0.5223 0.0000
vt 0.6827 0.5421 0.0000
vt 0.4455 0.2783 0.0000
vt 0.4460 0.3016 0.0000
vt 0.4218 0.3009 0.0000
vt 0.4224 0.2776 0.0000
vt 0.4225 0.2581 0.0000
vt 0.4444 0.2585 0.0000
vt 0.8427 0.8305 0.0000
vt 0.8464 0.8281 0.0000
vt 0.8525 0.8562 0.0000
vt 0.8500 0.8591 0.0000
vt 0.8464 0.8625 0.0000
vt 0.8389 0.8327 0.0000
vt 0.8343 0.8056 0.0000
vt 0.8395 0.8042 0.0000
vt 0.4173 0.4076 0.0000
vt 0.4159 0.4023 0.0000
vt 0.4417 0.3959 0.0000
vt 0.3982 0.6699 0.0000
vt 0.4042 0.6882 0.0000
vt 0.3818 0.6969 0.0000
vt 0.3743 0.6772 0.0000
vt 0.3650 0.6539 0.0000
vt 0.3904 0.6478 0.0000
vt 0.4183 0.6435 0.0000
vt 0.4241 0.6638 0.0000
vt 0.5940 0.4368 0.0000
vt 0.5972 0.4170 0.0000
vt 0.4319 0.7669 0.0000
vt 0.4136 0.7797 0.0000
vt 0.4063 0.7589 0.0000
vt 0.4247 0.7462 0.0000
vt 0.4456 0.7349 0.0000
vt 0.4523 0.7548 0.0000
vt 0.4421 0.7940 0.0000
vt 0.4246 0.8067 0.0000
vt 0.4728 0.8634 0.0000
vt 0.4597 0.8765 0.0000
vt 0.4538 0.8639 0.0000
vt 0.4669 0.8511 0.0000
vt 0.2442 0.6511 0.0000
vt 0.2557 0.6447 0.0000
vt 0.2753 0.6459 0.0000
vt 0.2703 0.6504 0.0000
vt 0.4553 0.8251 0.0000
vt 0.4401 0.8377 0.0000
vt 0.4259 0.8480 0.0000
vt 0.4150 0.8560 0.0000
vt 0.3982 0.8248 0.0000
vt 0.4094 0.8170 0.0000
vt 0.4401 0.8746 0.0000
vt 0.4294 0.8826 0.0000
vt 0.8493 0.0521 0.0000
vt 0.8358 0.0544 0.0000
vt 0.8348 0.0486 0.0000
vt 0.8481 0.0454 0.0000
vt 0.4563 0.9024 0.0000
vt 0.4517 0.8988 0.0000
vt 0.8611 0.0432 0.0000
vt 0.8620 0.0513 0.0000
vt 0.4459 0.8880 0.0000
vt 0.4353 0.8964 0.0000
vt 0.2833 0.6558 0.0000
vt 0.2888 0.6502 0.0000
vt 0.3004 0.6548 0.0000
vt 0.2930 0.6609 0.0000
vt 0.9658 0.7535 0.0000
vt 0.9623 0.7535 0.0000
vt 0.9583 0.7202 0.0000
vt 0.9621 0.7199 0.0000
vt 0.0755 0.7832 0.0000
vt 0.0719 0.7827 0.0000
vt 0.0753 0.7488 0.0000
vt 0.1450 0.4004 0.0000
vt 0.1449 0.3959 0.0000
vt 0.1729 0.4006 0.0000
vt 0.3961 0.9051 0.0000
vt 0.3933 0.9070 0.0000
vt 0.3785 0.8832 0.0000
vt 0.9580 0.6908 0.0000
vt 0.9541 0.6911 0.0000
vt 0.9503 0.6685 0.0000
vt 0.9552 0.6680 0.0000
vt 0.3356 0.8056 0.0000
vt 0.3388 0.8036 0.0000
vt 0.3508 0.8236 0.0000
vt 0.3480 0.8256 0.0000
vt 0.3677 0.8488 0.0000
vt 0.3639 0.8514 0.0000
vt 0.9578 0.5382 0.0000
vt 0.9619 0.5390 0.0000
vt 0.9622 0.5712 0.0000
vt 0.9581 0.5706 0.0000
vt 0.9596 0.5967 0.0000
vt 0.9550 0.5967 0.0000
vt 0.9457 0.5978 0.0000
vt 0.9482 0.5711 0.0000
vt 0.9484 0.5383 0.0000
vt 0.1447 0.0134 0.0000
vt 0.1451 0.0206 0.0000
vt 0.1208 0.0194 0.0000
vt 0.1209 0.0128 0.0000
vt 0.3671 0.2979 0.0000
vt 0.3607 0.2969 0.0000
vt 0.3624 0.2737 0.0000
vt 0.3694 0.2741 0.0000
vt 0.3640 0.2540 0.0000
vt 0.3739 0.2537 0.0000
vt 0.1620 0.0108 0.0000
vt 0.1636 0.0204 0.0000
vt 0.3995 0.1260 0.0000
vt 0.4024 0.1027 0.0000
vt 0.3976 0.1536 0.0000
vt 0.3923 0.1525 0.0000
vt 0.2892 0.0190 0.0000
vt 0.3103 0.0155 0.0000
vt 0.3089 0.0206 0.0000
vt 0.2884 0.0242 0.0000
vt 0.2690 0.5678 0.0000
vt 0.2953 0.5635 0.0000
vt 0.2966 0.5675 0.0000
vt 0.2989 0.5731 0.0000
vt 0.2724 0.5760 0.0000
vt 0.2700 0.5719 0.0000
vt 0.2516 0.5790 0.0000
vt 0.2492 0.5740 0.0000
vt 0.2474 0.5703 0.0000
vt 0.2880 0.0097 0.0000
vt 0.3105 0.0091 0.0000
vt 0.2620 0.0104 0.0000
vt 0.2628 0.0208 0.0000
vt 0.3916 0.1223 0.0000
vt 0.3876 0.1499 0.0000
vt 0.3782 0.1476 0.0000
vt 0.2897 0.0021 0.0000
vt 0.3108 0.0025 0.0000
vt 0.3781 0.1186 0.0000
vt 0.3844 0.0959 0.0000
vt 0.3898 0.0972 0.0000
vt 0.2658 0.5570 0.0000
vt 0.2922 0.5505 0.0000
vt 0.2940 0.5588 0.0000
vt 0.2678 0.5630 0.0000
vt 0.4223 0.0910 0.0000
vt 0.4227 0.0738 0.0000
vt 0.6626 0.7770 0.0000
vt 0.6823 0.7757 0.0000
vt 0.6644 0.7657 0.0000
vt 0.6837 0.7644 0.0000
vt 0.6960 0.7610 0.0000
vt 0.6938 0.7742 0.0000
vt 0.6849 0.7578 0.0000
vt 0.6797 0.7600 0.0000
vt 0.6644 0.7591 0.0000
vt 0.6674 0.7547 0.0000
vt 0.6859 0.7520 0.0000
vt 0.6852 0.7462 0.0000
vt 0.6975 0.7473 0.0000
vt 0.6979 0.7533 0.0000
vt 0.6712 0.7497 0.0000
vt 0.3261 0.0012 0.0000
vt 0.3889 0.0794 0.0000
vt 0.3937 0.0797 0.0000
vt 0.3798 0.0950 0.0000
vt 0.3832 0.0794 0.0000
vt 0.6859 0.7411 0.0000
vt 0.6854 0.7354 0.0000
vt 0.6941 0.7358 0.0000
vt 0.6959 0.7419 0.0000
vt 0.6888 0.3780 0.0000
vt 0.6946 0.3827 0.0000
vt 0.6879 0.3849 0.0000
vt 0.6834 0.3809 0.0000
vt 0.7011 0.3899 0.0000
vt 0.7081 0.4007 0.0000
vt 0.6970 0.3997 0.0000
vt 0.6923 0.3900 0.0000
vt 0.9793 0.0676 0.0000
vt 0.9838 0.0720 0.0000
vt 0.9817 0.0754 0.0000
vt 0.9768 0.0694 0.0000
vt 0.9816 0.0647 0.0000
vt 0.9877 0.0670 0.0000
vt 0.6902 0.3994 0.0000
vt 0.6861 0.3916 0.0000
vt 0.4031 0.0678 0.0000
vt 0.3971 0.0678 0.0000
vt 0.3976 0.0588 0.0000
vt 0.4035 0.0583 0.0000
vt 0.3967 0.0521 0.0000
vt 0.4028 0.0517 0.0000
vt 0.4102 0.0515 0.0000
vt 0.4106 0.0588 0.0000
vt 0.0048 0.4101 0.0000
vt 0.0041 0.4047 0.0000
vt 0.0106 0.4067 0.0000
vt 0.0082 0.4091 0.0000
vt 0.0147 0.4099 0.0000
vt 0.0109 0.4120 0.0000
vt 0.0070 0.4147 0.0000
vt 0.0170 0.4043 0.0000
vt 0.0136 0.4011 0.0000
vt 0.0213 0.3995 0.0000
vt 0.0247 0.4029 0.0000
vt 0.4086 0.0455 0.0000
vt 0.4013 0.0458 0.0000
vt 0.0208 0.4082 0.0000
vt 0.0122 0.3974 0.0000
vt 0.0053 0.3987 0.0000
vt 0.0187 0.3956 0.0000
vt 0.9833 0.0613 0.0000
vt 0.9878 0.0607 0.0000
vt 0.3925 0.0590 0.0000
vt 0.3915 0.0677 0.0000
vt 0.3851 0.0685 0.0000
vt 0.3869 0.0598 0.0000
vt 0.0130 0.4159 0.0000
vt 0.0088 0.4198 0.0000
vt 0.3924 0.0525 0.0000
vt 0.8313 0.7366 0.0000
vt 0.8319 0.7289 0.0000
vt 0.8392 0.7285 0.0000
vt 0.8386 0.7388 0.0000
vt 0.8363 0.7482 0.0000
vt 0.8290 0.7425 0.0000
vt 0.0417 0.8884 0.0000
vt 0.0482 0.8893 0.0000
vt 0.0465 0.8937 0.0000
vt 0.0417 0.8955 0.0000
vt 0.8246 0.7355 0.0000
vt 0.8249 0.7299 0.0000
vt 0.4514 0.0702 0.0000
vt 0.4427 0.0701 0.0000
vt 0.4443 0.0664 0.0000
vt 0.4513 0.0652 0.0000
vt 0.8299 0.7505 0.0000
vt 0.8248 0.7447 0.0000
vt 0.8239 0.7509 0.0000
vt 0.8201 0.7458 0.0000
vt 0.4502 0.0749 0.0000
vt 0.4424 0.0748 0.0000
vt 0.0492 0.8958 0.0000
vt 0.0444 0.8994 0.0000
vt 0.4356 0.0730 0.0000
vt 0.4362 0.0677 0.0000
vt 0.8194 0.7368 0.0000
vt 0.8146 0.7385 0.0000
vt 0.8134 0.7332 0.0000
vt 0.8191 0.7314 0.0000
vt 0.8180 0.7196 0.0000
vt 0.8231 0.7195 0.0000
vt 0.8243 0.7241 0.0000
vt 0.8180 0.7256 0.0000
vt 0.8118 0.7270 0.0000
vt 0.8110 0.7204 0.0000
vt 0.8888 0.4173 0.0000
vt 0.8847 0.4189 0.0000
vt 0.8825 0.4124 0.0000
vt 0.8863 0.4114 0.0000
vt 0.8892 0.4086 0.0000
vt 0.8925 0.4120 0.0000
vt 0.8959 0.4141 0.0000
vt 0.8922 0.4209 0.0000
vt 0.8076 0.7346 0.0000
vt 0.8092 0.7391 0.0000
vt 0.0005 0.2845 0.0000
vt 0.0067 0.2823 0.0000
vt 0.0088 0.2906 0.0000
vt 0.0015 0.2919 0.0000
vt 0.8061 0.7295 0.0000
vt 0.8997 0.4149 0.0000
vt 0.8968 0.4219 0.0000
vt 0.5156 0.3684 0.0000
vt 0.5181 0.3667 0.0000
vt 0.5228 0.3722 0.0000
vt 0.5199 0.3759 0.0000
vt 0.9050 0.4071 0.0000
vt 0.9029 0.4142 0.0000
vt 0.9016 0.4047 0.0000
vt 0.8979 0.4041 0.0000
vt 0.8993 0.3938 0.0000
vt 0.9045 0.3948 0.0000
vt 0.5141 0.3581 0.0000
vt 0.5121 0.3478 0.0000
vt 0.5177 0.3493 0.0000
vt 0.5179 0.3593 0.0000
vt 0.0910 0.3738 0.0000
vt 0.0928 0.3667 0.0000
vt 0.1170 0.3744 0.0000
vt 0.1152 0.3817 0.0000
vt 0.1144 0.3882 0.0000
vt 0.0904 0.3793 0.0000
vt 0.0707 0.3727 0.0000
vt 0.0713 0.3681 0.0000
vt 0.0730 0.3617 0.0000
vt 0.4097 0.8613 0.0000
vt 0.4064 0.8650 0.0000
vt 0.3893 0.8329 0.0000
vt 0.3923 0.8297 0.0000
vt 0.4246 0.8874 0.0000
vt 0.8600 0.0738 0.0000
vt 0.8632 0.0719 0.0000
vt 0.8685 0.1017 0.0000
vt 0.8655 0.1027 0.0000
vt 0.8594 0.0603 0.0000
vt 0.8629 0.0574 0.0000
vt 0.4305 0.8990 0.0000
vt 0.2998 0.6619 0.0000
vt 0.2961 0.6637 0.0000
vt 0.1466 0.3891 0.0000
vt 0.1749 0.3937 0.0000
vt 0.1472 0.3831 0.0000
vt 0.3916 0.8708 0.0000
vt 0.4065 0.8957 0.0000
vt 0.4007 0.8988 0.0000
vt 0.8840 0.0567 0.0000
vt 0.8820 0.0500 0.0000
vt 0.8867 0.0503 0.0000
vt 0.1879 0.4010 0.0000
vt 0.4092 0.9107 0.0000
vt 0.8791 0.0567 0.0000
vt 0.8759 0.0507 0.0000
vt 0.8819 0.0996 0.0000
vt 0.8780 0.0704 0.0000
vt 0.8828 0.0702 0.0000
vt 0.8861 0.1001 0.0000
vt 0.8924 0.1339 0.0000
vt 0.8882 0.1332 0.0000
vt 0.8828 0.1338 0.0000
vt 0.8775 0.0996 0.0000
vt 0.8737 0.0700 0.0000
vt 0.8687 0.0705 0.0000
vt 0.8679 0.0564 0.0000
vt 0.3076 0.6568 0.0000
vt 0.8690 0.0498 0.0000
vt 0.8732 0.0566 0.0000
vt 0.8691 0.0437 0.0000
vt 0.8746 0.0448 0.0000
vt 0.8762 0.0582 0.0000
vt 0.8803 0.0449 0.0000
vt 0.8853 0.0448 0.0000
vt 0.8729 0.1004 0.0000
vt 0.3860 0.8358 0.0000
vt 0.2150 0.4061 0.0000
vt 0.2075 0.4109 0.0000
vt 0.4171 0.9332 0.0000
vt 0.4275 0.9347 0.0000
vt 0.4238 0.9399 0.0000
vt 0.4140 0.9373 0.0000
vt 0.4014 0.9371 0.0000
vt 0.4052 0.9346 0.0000
vt 0.9459 0.8112 0.0000
vt 0.9493 0.8187 0.0000
vt 0.9474 0.8195 0.0000
vt 0.9440 0.8121 0.0000
vt 0.3869 0.9324 0.0000
vt 0.3933 0.9364 0.0000
vt 0.9429 0.8041 0.0000
vt 0.9453 0.8030 0.0000
vt 0.9476 0.8098 0.0000
vt 0.9513 0.8165 0.0000
vt 0.2000 0.4051 0.0000
vt 0.1943 0.4058 0.0000
vt 0.1947 0.4006 0.0000
vt 0.4121 0.9226 0.0000
vt 0.4069 0.9254 0.0000
vt 0.2000 0.4094 0.0000
vt 0.1930 0.4104 0.0000
vt 0.1872 0.4063 0.0000
vt 0.1721 0.4056 0.0000
vt 0.1864 0.4094 0.0000
vt 0.1725 0.4084 0.0000
vt 0.9508 0.8090 0.0000
vt 0.9504 0.8020 0.0000
vt 0.9534 0.8022 0.0000
vt 0.9534 0.8093 0.0000
vt 0.9572 0.8021 0.0000
vt 0.9564 0.8095 0.0000
vt 0.9574 0.8163 0.0000
vt 0.9547 0.8169 0.0000
vt 0.9487 0.8076 0.0000
vt 0.9477 0.8019 0.0000
vt 0.9603 0.7963 0.0000
vt 0.9560 0.7944 0.0000
vt 0.9585 0.7935 0.0000
vt 0.9558 0.7804 0.0000
vt 0.9597 0.7811 0.0000
vt 0.9632 0.7824 0.0000
vt 0.9404 0.7955 0.0000
vt 0.9436 0.7945 0.0000
vt 0.3799 0.9274 0.0000
vt 0.3775 0.9309 0.0000
vt 0.3652 0.9230 0.0000
vt 0.3684 0.9190 0.0000
vt 0.9366 0.7810 0.0000
vt 0.9406 0.7800 0.0000
vt 0.9502 0.7939 0.0000
vt 0.9470 0.7940 0.0000
vt 0.9445 0.7795 0.0000
vt 0.9484 0.7795 0.0000
vt 0.9532 0.7943 0.0000
vt 0.9523 0.7798 0.0000
vt 0.9335 0.7546 0.0000
vt 0.9282 0.7562 0.0000
vt 0.9333 0.7821 0.0000
vt 0.9238 0.7579 0.0000
vt 0.9118 0.7295 0.0000
vt 0.9164 0.7273 0.0000
vt 0.9219 0.7252 0.0000
vt 0.9518 0.7208 0.0000
vt 0.9573 0.7534 0.0000
vt 0.9513 0.7532 0.0000
vt 0.9439 0.7215 0.0000
vt 0.9456 0.7534 0.0000
vt 0.9361 0.7225 0.0000
vt 0.9409 0.7537 0.0000
vt 0.9296 0.7234 0.0000
vt 0.9373 0.7540 0.0000
vt 0.9258 0.7241 0.0000
vt 0.9029 0.7006 0.0000
vt 0.8898 0.6795 0.0000
vt 0.8965 0.6762 0.0000
vt 0.9085 0.6980 0.0000
vt 0.8986 0.7028 0.0000
vt 0.2919 0.8801 0.0000
vt 0.2685 0.8712 0.0000
vt 0.2730 0.8640 0.0000
vt 0.2958 0.8739 0.0000
vt 0.9458 0.6922 0.0000
vt 0.9358 0.6934 0.0000
vt 0.9278 0.6718 0.0000
vt 0.9402 0.6702 0.0000
vt 0.3146 0.8550 0.0000
vt 0.2951 0.8411 0.0000
vt 0.3087 0.8295 0.0000
vt 0.3255 0.8453 0.0000
vt 0.3461 0.8658 0.0000
vt 0.3381 0.8729 0.0000
vt 0.9260 0.6940 0.0000
vt 0.9175 0.6948 0.0000
vt 0.3057 0.8629 0.0000
vt 0.2841 0.8504 0.0000
vt 0.9127 0.6961 0.0000
vt 0.9010 0.6736 0.0000
vt 0.9066 0.6720 0.0000
vt 0.8530 0.5781 0.0000
vt 0.8614 0.5748 0.0000
vt 0.8681 0.6034 0.0000
vt 0.8600 0.6071 0.0000
vt 0.8528 0.6111 0.0000
vt 0.8447 0.5820 0.0000
vt 0.8361 0.5470 0.0000
vt 0.8450 0.5430 0.0000
vt 0.8541 0.5402 0.0000
vt 0.8661 0.5753 0.0000
vt 0.8735 0.6028 0.0000
vt 0.8588 0.5415 0.0000
vt 0.1986 0.7928 0.0000
vt 0.1752 0.7687 0.0000
vt 0.1854 0.7627 0.0000
vt 0.2069 0.7867 0.0000
vt 0.2258 0.8066 0.0000
vt 0.2183 0.8127 0.0000
vt 0.2694 0.1826 0.0000
vt 0.2867 0.1556 0.0000
vt 0.2928 0.1594 0.0000
vt 0.2757 0.1875 0.0000
vt 0.2807 0.1516 0.0000
vt 0.2631 0.1768 0.0000
vt 0.6205 0.6482 0.0000
vt 0.6237 0.6414 0.0000
vt 0.6440 0.6594 0.0000
vt 0.6416 0.6660 0.0000
vt 0.6385 0.6714 0.0000
vt 0.6179 0.6549 0.0000
vt 0.6580 0.6819 0.0000
vt 0.6561 0.6865 0.0000
vt 0.6597 0.6768 0.0000
vt 0.6725 0.6910 0.0000
vt 0.6709 0.6947 0.0000
vt 0.6692 0.6983 0.0000
vt 0.2771 0.5820 0.0000
vt 0.3039 0.5807 0.0000
vt 0.3462 0.1423 0.0000
vt 0.3350 0.1407 0.0000
vt 0.3471 0.1155 0.0000
vt 0.3561 0.1162 0.0000
vt 0.2816 0.5885 0.0000
vt 0.2598 0.5883 0.0000
vt 0.2564 0.5837 0.0000
vt 0.6537 0.6898 0.0000
vt 0.6517 0.6934 0.0000
vt 0.6350 0.6800 0.0000
vt 0.6369 0.6756 0.0000
vt 0.6674 0.7014 0.0000
vt 0.6653 0.7044 0.0000
vt 0.6502 0.6984 0.0000
vt 0.6637 0.7084 0.0000
vt 0.3525 0.0946 0.0000
vt 0.3576 0.0963 0.0000
vt 0.3405 0.1131 0.0000
vt 0.3262 0.1373 0.0000
vt 0.3200 0.1337 0.0000
vt 0.3359 0.1103 0.0000
vt 0.6905 0.7086 0.0000
vt 0.6915 0.7128 0.0000
vt 0.6851 0.7101 0.0000
vt 0.6852 0.7071 0.0000
vt 0.3551 0.0689 0.0000
vt 0.3517 0.0693 0.0000
vt 0.3520 0.0647 0.0000
vt 0.3575 0.0618 0.0000
vt 0.3763 0.5057 0.0000
vt 0.3702 0.5050 0.0000
vt 0.3725 0.5012 0.0000
vt 0.3797 0.5027 0.0000
vt 0.6946 0.7071 0.0000
vt 0.6976 0.7136 0.0000
vt 0.2374 0.5755 0.0000
vt 0.2411 0.5811 0.0000
vt 0.2360 0.5846 0.0000
vt 0.2298 0.5766 0.0000
vt 0.6898 0.7290 0.0000
vt 0.6822 0.7301 0.0000
vt 0.2331 0.5714 0.0000
vt 0.6704 0.7195 0.0000
vt 0.6815 0.7232 0.0000
vt 0.6760 0.7271 0.0000
vt 0.6700 0.7239 0.0000
vt 0.2455 0.5860 0.0000
vt 0.2455 0.5900 0.0000
vt 0.6797 0.7028 0.0000
vt 0.6786 0.7058 0.0000
vt 0.3406 0.0882 0.0000
vt 0.3372 0.0853 0.0000
vt 0.3473 0.0749 0.0000
vt 0.3500 0.0771 0.0000
vt 0.3581 0.0688 0.0000
vt 0.3528 0.0783 0.0000
vt 0.3789 0.0628 0.0000
vt 0.6923 0.7235 0.0000
vt 0.6975 0.7288 0.0000
vt 0.6999 0.7226 0.0000
vt 0.0016 0.4189 0.0000
vt 0.0023 0.4248 0.0000
vt 0.6890 0.7207 0.0000
vt 0.6810 0.7190 0.0000
vt 0.6835 0.7161 0.0000
vt 0.3683 0.0636 0.0000
vt 0.3731 0.0571 0.0000
vt 0.3726 0.0655 0.0000
vt 0.3692 0.0671 0.0000
vt 0.6995 0.7182 0.0000
vt 0.7073 0.7145 0.0000
vt 0.7078 0.7193 0.0000
vt 0.8584 0.2461 0.0000
vt 0.8582 0.2375 0.0000
vt 0.8634 0.2378 0.0000
vt 0.3745 0.0378 0.0000
vt 0.3784 0.0392 0.0000
vt 0.3759 0.0473 0.0000
vt 0.7080 0.7240 0.0000
vt 0.6913 0.7194 0.0000
vt 0.6849 0.7132 0.0000
vt 0.6917 0.7166 0.0000
vt 0.3824 0.0468 0.0000
vt 0.9898 0.0726 0.0000
vt 0.9870 0.0771 0.0000
vt 0.0006 0.4139 0.0000
vt 0.7032 0.7299 0.0000
vt 0.7084 0.7306 0.0000
vt 0.6771 0.7086 0.0000
vt 0.6754 0.7114 0.0000
vt 0.0851 0.2842 0.0000
vt 0.0878 0.2802 0.0000
vt 0.0983 0.2841 0.0000
vt 0.6726 0.7150 0.0000
vt 0.3607 0.5059 0.0000
vt 0.3454 0.5082 0.0000
vt 0.3468 0.5022 0.0000
vt 0.3625 0.5014 0.0000
vt 0.3670 0.5077 0.0000
vt 0.3601 0.5096 0.0000
vt 0.3458 0.5122 0.0000
vt 0.3194 0.5043 0.0000
vt 0.3217 0.5109 0.0000
vt 0.3233 0.5159 0.0000
vt 0.2946 0.5229 0.0000
vt 0.2917 0.5157 0.0000
vt 0.2889 0.5079 0.0000
vt 0.3168 0.4996 0.0000
vt 0.3144 0.4963 0.0000
vt 0.3310 0.4954 0.0000
vt 0.3392 0.4978 0.0000
vt 0.2868 0.5034 0.0000
vt 0.2850 0.4994 0.0000
vt 0.2606 0.5327 0.0000
vt 0.2582 0.5261 0.0000
vt 0.2552 0.1710 0.0000
vt 0.2740 0.1474 0.0000
vt 0.2294 0.5382 0.0000
vt 0.2264 0.5289 0.0000
vt 0.2553 0.5175 0.0000
vt 0.2539 0.5124 0.0000
vt 0.2255 0.5232 0.0000
vt 0.2261 0.5166 0.0000
vt 0.2534 0.5069 0.0000
vt 0.1145 0.5638 0.0000
vt 0.1369 0.5508 0.0000
vt 0.1414 0.5582 0.0000
vt 0.1183 0.5721 0.0000
vt 0.0917 0.5870 0.0000
vt 0.0891 0.5779 0.0000
vt 0.0897 0.5631 0.0000
vt 0.1136 0.5507 0.0000
vt 0.1350 0.5392 0.0000
vt 0.0748 0.8123 0.0000
vt 0.0674 0.8146 0.0000
vt 0.0683 0.7875 0.0000
vt 0.0755 0.7838 0.0000
vt 0.1543 0.7897 0.0000
vt 0.1590 0.7814 0.0000
vt 0.1840 0.8060 0.0000
vt 0.1791 0.8130 0.0000
vt 0.2050 0.8271 0.0000
vt 0.2008 0.8335 0.0000
vt 0.1979 0.8393 0.0000
vt 0.1761 0.8197 0.0000
vt 0.2891 0.8852 0.0000
vt 0.3159 0.8974 0.0000
vt 0.3134 0.9023 0.0000
vt 0.2867 0.8901 0.0000
vt 0.2639 0.8812 0.0000
vt 0.2659 0.8764 0.0000
vt 0.3189 0.8921 0.0000
vt 0.3753 0.9344 0.0000
vt 0.3623 0.9271 0.0000
vt 0.1206 0.8185 0.0000
vt 0.1276 0.8179 0.0000
vt 0.1279 0.8212 0.0000
vt 0.1205 0.8224 0.0000
vt 0.1088 0.8225 0.0000
vt 0.1091 0.8180 0.0000
vt 0.3411 0.9131 0.0000
vt 0.3599 0.9307 0.0000
vt 0.3386 0.9175 0.0000
vt 0.3444 0.9082 0.0000
vt 0.1200 0.8260 0.0000
vt 0.1081 0.8261 0.0000
vt 0.1279 0.8250 0.0000
vt 0.1277 0.8295 0.0000
vt 0.1187 0.8293 0.0000
vt 0.1065 0.8296 0.0000
vt 0.1340 0.8243 0.0000
vt 0.1336 0.8207 0.0000
vt 0.3938 0.9508 0.0000
vt 0.3861 0.9472 0.0000
vt 0.3924 0.9543 0.0000
vt 0.3840 0.9509 0.0000
vt 0.3753 0.9476 0.0000
vt 0.3792 0.9442 0.0000
vt 0.0755 0.8162 0.0000
vt 0.0754 0.8346 0.0000
vt 0.0716 0.8344 0.0000
vt 0.3352 0.9243 0.0000
vt 0.3090 0.9115 0.0000
vt 0.3114 0.9066 0.0000
vt 0.3368 0.9209 0.0000
vt 0.3580 0.9333 0.0000
vt 0.1204 0.8339 0.0000
vt 0.1164 0.8324 0.0000
vt 0.7010 0.0159 0.0000
vt 0.7038 0.0127 0.0000
vt 0.7048 0.0272 0.0000
vt 0.7002 0.0282 0.0000
vt 0.1063 0.8336 0.0000
vt 0.3491 0.4941 0.0000
vt 0.3573 0.4961 0.0000
vt 0.3360 0.4926 0.0000
vt 0.3369 0.4894 0.0000
vt 0.3525 0.4900 0.0000
vt 0.3622 0.4914 0.0000
vt 0.3691 0.4912 0.0000
vt 0.3648 0.4882 0.0000
vt 0.3669 0.4863 0.0000
vt 0.3715 0.4906 0.0000
vt 0.3730 0.4945 0.0000
vt 0.3683 0.4940 0.0000
vt 0.3656 0.4974 0.0000
vt 0.3734 0.4979 0.0000
vt 0.8396 0.4298 0.0000
vt 0.8414 0.4350 0.0000
vt 0.8309 0.4371 0.0000
vt 0.8307 0.4310 0.0000
vt 0.6683 0.0288 0.0000
vt 0.6593 0.0295 0.0000
vt 0.6618 0.0226 0.0000
vt 0.6691 0.0220 0.0000
vt 0.6638 0.0177 0.0000
vt 0.6684 0.0156 0.0000
vt 0.0800 0.9892 0.0000
vt 0.0780 0.9953 0.0000
vt 0.0721 0.9933 0.0000
vt 0.0711 0.9884 0.0000
vt 0.0086 0.6388 0.0000
vt 0.0031 0.6415 0.0000
vt 0.0005 0.6358 0.0000
vt 0.0036 0.6311 0.0000
vt 0.0099 0.6249 0.0000
vt 0.0151 0.6351 0.0000
vt 0.1311 0.3622 0.0000
vt 0.1427 0.3661 0.0000
vt 0.1392 0.3730 0.0000
vt 0.1298 0.3706 0.0000
vt 0.5765 0.6094 0.0000
vt 0.5671 0.6105 0.0000
vt 0.5692 0.6063 0.0000
vt 0.5750 0.6031 0.0000
vt 0.6495 0.0135 0.0000
vt 0.6523 0.0170 0.0000
vt 0.6466 0.0236 0.0000
vt 0.6423 0.0188 0.0000
vt 0.6404 0.0126 0.0000
vt 0.6481 0.0087 0.0000
vt 0.6538 0.0064 0.0000
vt 0.6563 0.0091 0.0000
vt 0.6583 0.0118 0.0000
vt 0.0245 0.9884 0.0000
vt 0.0339 0.9902 0.0000
vt 0.0324 0.9937 0.0000
vt 0.0240 0.9916 0.0000
vt 0.0242 0.9967 0.0000
vt 0.0304 0.9978 0.0000
vt 0.5732 0.5987 0.0000
vt 0.5658 0.6040 0.0000
vt 0.5632 0.6012 0.0000
vt 0.5716 0.5958 0.0000
vt 0.6610 0.0149 0.0000
vt 0.6563 0.0204 0.0000
vt 0.6521 0.0271 0.0000
vt 0.5700 0.5923 0.0000
vt 0.5626 0.5964 0.0000
vt 0.5623 0.5915 0.0000
vt 0.6668 0.0105 0.0000
vt 0.6648 0.0076 0.0000
vt 0.5557 0.5988 0.0000
vt 0.5495 0.6004 0.0000
vt 0.5519 0.5912 0.0000
vt 0.5577 0.5912 0.0000
vt 0.5569 0.6051 0.0000
vt 0.5510 0.6084 0.0000
vt 0.5607 0.6085 0.0000
vt 0.5650 0.6166 0.0000
vt 0.5566 0.6130 0.0000
vt 0.3243 0.4715 0.0000
vt 0.3249 0.4666 0.0000
vt 0.3469 0.4691 0.0000
vt 0.3465 0.4741 0.0000
vt 0.3462 0.4782 0.0000
vt 0.3240 0.4758 0.0000
vt 0.2972 0.4730 0.0000
vt 0.2978 0.4690 0.0000
vt 0.2984 0.4638 0.0000
vt 0.3272 0.4613 0.0000
vt 0.3488 0.4641 0.0000
vt 0.3004 0.4575 0.0000
vt 0.3016 0.4502 0.0000
vt 0.3284 0.4549 0.0000
vt 0.3497 0.4579 0.0000
vt 0.3624 0.4765 0.0000
vt 0.3630 0.4720 0.0000
vt 0.3739 0.4747 0.0000
vt 0.3730 0.4786 0.0000
vt 0.3718 0.4820 0.0000
vt 0.3614 0.4800 0.0000
vt 0.3643 0.4675 0.0000
vt 0.3747 0.4709 0.0000
vt 0.3647 0.4614 0.0000
vt 0.3760 0.4654 0.0000
vt 0.3752 0.4891 0.0000
vt 0.3782 0.4936 0.0000
vt 0.3695 0.4844 0.0000
vt 0.3787 0.4863 0.0000
vt 0.3845 0.4911 0.0000
vt 0.9484 0.0550 0.0000
vt 0.9452 0.0624 0.0000
vt 0.9406 0.0572 0.0000
vt 0.9447 0.0538 0.0000
vt 0.3895 0.4634 0.0000
vt 0.3889 0.4700 0.0000
vt 0.3833 0.4692 0.0000
vt 0.3851 0.4638 0.0000
vt 0.9483 0.0473 0.0000
vt 0.9472 0.0507 0.0000
vt 0.9499 0.0447 0.0000
vt 0.6422 0.1125 0.0000
vt 0.6370 0.1186 0.0000
vt 0.6324 0.1165 0.0000
vt 0.6399 0.1122 0.0000
vt 0.3934 0.4977 0.0000
vt 0.3862 0.4988 0.0000
vt 0.3919 0.4930 0.0000
vt 0.1290 0.0771 0.0000
vt 0.1369 0.0725 0.0000
vt 0.1403 0.0768 0.0000
vt 0.7014 0.7062 0.0000
vt 0.3800 0.4985 0.0000
vt 0.6333 0.1240 0.0000
vt 0.6314 0.1286 0.0000
vt 0.4015 0.4734 0.0000
vt 0.3993 0.4791 0.0000
vt 0.3932 0.4734 0.0000
vt 0.6294 0.1229 0.0000
vt 0.3808 0.4818 0.0000
vt 0.3819 0.4771 0.0000
vt 0.3875 0.4789 0.0000
vt 0.3860 0.4844 0.0000
vt 0.4094 0.4864 0.0000
vt 0.4089 0.4804 0.0000
vt 0.4000 0.4867 0.0000
vt 0.4086 0.4752 0.0000
vt 0.3918 0.4800 0.0000
vt 0.3909 0.4757 0.0000
vt 0.6267 0.1211 0.0000
vt 0.6228 0.1221 0.0000
vt 0.6236 0.1159 0.0000
vt 0.6277 0.1155 0.0000
vt 0.3919 0.4862 0.0000
vt 0.6179 0.1154 0.0000
vt 0.3825 0.4733 0.0000
vt 0.3881 0.4748 0.0000
vt 0.9340 0.0609 0.0000
vt 0.9368 0.0683 0.0000
vt 0.9283 0.0728 0.0000
vt 0.9270 0.0644 0.0000
vt 0.9262 0.0576 0.0000
vt 0.3812 0.9592 0.0000
vt 0.3724 0.9573 0.0000
vt 0.3741 0.9526 0.0000
vt 0.3825 0.9550 0.0000
vt 0.9067 0.0593 0.0000
vt 0.9114 0.0608 0.0000
vt 0.9061 0.0700 0.0000
vt 0.9129 0.0699 0.0000
vt 0.9088 0.0730 0.0000
vt 0.9139 0.0792 0.0000
vt 0.3789 0.9631 0.0000
vt 0.3716 0.9630 0.0000
vt 0.9195 0.0671 0.0000
vt 0.9184 0.0595 0.0000
vt 0.9208 0.0766 0.0000
vt 0.7133 0.0085 0.0000
vt 0.7166 0.0198 0.0000
vt 0.7104 0.0218 0.0000
vt 0.7083 0.0107 0.0000
vt 0.7037 0.0045 0.0000
vt 0.7072 0.0023 0.0000
vt 0.7109 0.0005 0.0000
vt 0.9391 0.0802 0.0000
vt 0.9300 0.0848 0.0000
vt 0.9466 0.0762 0.0000
vt 0.9481 0.0935 0.0000
vt 0.9412 0.0974 0.0000
vt 0.9318 0.1016 0.0000
vt 0.9224 0.0881 0.0000
vt 0.9151 0.0896 0.0000
vt 0.9240 0.1040 0.0000
vt 0.9169 0.1039 0.0000
vt 0.3628 0.9625 0.0000
vt 0.3491 0.9619 0.0000
vt 0.3512 0.9543 0.0000
vt 0.3640 0.9554 0.0000
vt 0.9092 0.0800 0.0000
vt 0.9092 0.0884 0.0000
vt 0.9104 0.1014 0.0000
vt 0.9422 0.1202 0.0000
vt 0.9331 0.1242 0.0000
vt 0.9492 0.1166 0.0000
vt 0.9529 0.1471 0.0000
vt 0.9456 0.1505 0.0000
vt 0.9365 0.1540 0.0000
vt 0.7298 0.0346 0.0000
vt 0.7427 0.0575 0.0000
vt 0.7360 0.0606 0.0000
vt 0.7232 0.0374 0.0000
vt 0.7221 0.0167 0.0000
vt 0.3269 0.9623 0.0000
vt 0.3477 0.9698 0.0000
vt 0.3252 0.9700 0.0000
vt 0.2954 0.9723 0.0000
vt 0.2971 0.9642 0.0000
vt 0.9196 0.1255 0.0000
vt 0.9257 0.1260 0.0000
vt 0.9291 0.1552 0.0000
vt 0.9226 0.1546 0.0000
vt 0.9533 0.1894 0.0000
vt 0.9445 0.1918 0.0000
vt 0.9594 0.1862 0.0000
vt 0.8033 0.1264 0.0000
vt 0.7947 0.1295 0.0000
vt 0.7844 0.0944 0.0000
vt 0.7937 0.0911 0.0000
vt 0.9619 0.2248 0.0000
vt 0.9523 0.2260 0.0000
vt 0.7603 0.0836 0.0000
vt 0.7772 0.1063 0.0000
vt 0.7713 0.1114 0.0000
vt 0.7536 0.0877 0.0000
vt 0.2612 0.9685 0.0000
vt 0.2598 0.9778 0.0000
vt 0.9277 0.1900 0.0000
vt 0.9330 0.2216 0.0000
vt 0.9241 0.2190 0.0000
vt 0.9209 0.1871 0.0000
vt 0.9360 0.1916 0.0000
vt 0.9428 0.2243 0.0000
vt 0.9660 0.3213 0.0000
vt 0.9716 0.3472 0.0000
vt 0.9637 0.3482 0.0000
vt 0.9594 0.3220 0.0000
vt 0.9575 0.3004 0.0000
vt 0.9642 0.2997 0.0000
vt 0.1424 0.4294 0.0000
vt 0.1632 0.4296 0.0000
vt 0.1629 0.4369 0.0000
vt 0.1422 0.4372 0.0000
vt 0.1196 0.4373 0.0000
vt 0.1201 0.4271 0.0000
vt 0.9412 0.3237 0.0000
vt 0.9392 0.3025 0.0000
vt 0.9490 0.3020 0.0000
vt 0.9511 0.3235 0.0000
vt 0.9539 0.3489 0.0000
vt 0.9433 0.3488 0.0000
vt 0.0467 0.3724 0.0000
vt 0.0698 0.3790 0.0000
vt 0.0687 0.3897 0.0000
vt 0.0440 0.3827 0.0000
vt 0.0236 0.3748 0.0000
vt 0.0268 0.3660 0.0000
vt 0.9312 0.3217 0.0000
vt 0.9300 0.2995 0.0000
vt 0.9332 0.3478 0.0000
vt 0.0477 0.7622 0.0000
vt 0.0408 0.7636 0.0000
vt 0.0427 0.7460 0.0000
vt 0.0488 0.7449 0.0000
vt 0.0543 0.7439 0.0000
vt 0.0534 0.7611 0.0000
vt 0.8053 0.5483 0.0000
vt 0.8048 0.5338 0.0000
vt 0.8102 0.5345 0.0000
vt 0.8103 0.5491 0.0000
vt 0.8157 0.5335 0.0000
vt 0.8151 0.5477 0.0000
vt 0.8151 0.5633 0.0000
vt 0.8107 0.5653 0.0000
vt 0.8053 0.5648 0.0000
vt 0.2123 0.0445 0.0000
vt 0.2122 0.0503 0.0000
vt 0.8745 0.8264 0.0000
vt 0.8693 0.8430 0.0000
vt 0.8652 0.8400 0.0000
vt 0.8710 0.8242 0.0000
vt 0.8013 0.5460 0.0000
vt 0.8010 0.5618 0.0000
vt 0.7958 0.5600 0.0000
vt 0.2124 0.0382 0.0000
vt 0.3729 0.3525 0.0000
vt 0.3676 0.3527 0.0000
vt 0.3704 0.3252 0.0000
vt 0.3758 0.3257 0.0000
vt 0.0933 0.0224 0.0000
vt 0.0944 0.0187 0.0000
vt 0.1197 0.0242 0.0000
vt 0.1184 0.0310 0.0000
vt 0.0925 0.0288 0.0000
vt 0.3842 0.3259 0.0000
vt 0.3814 0.3517 0.0000
vt 0.9105 0.9766 0.0000
vt 0.9085 0.9709 0.0000
vt 0.3707 0.0118 0.0000
vt 0.3651 0.0125 0.0000
vt 0.3663 0.0074 0.0000
vt 0.3696 0.0059 0.0000
vt 0.5244 0.0500 0.0000
vt 0.5191 0.0475 0.0000
vt 0.5224 0.0417 0.0000
vt 0.5281 0.0452 0.0000
vt 0.4566 0.9527 0.0000
vt 0.4598 0.9592 0.0000
vt 0.4447 0.9486 0.0000
vt 0.4544 0.9471 0.0000
vt 0.4651 0.9449 0.0000
vt 0.4658 0.9492 0.0000
vt 0.4674 0.9555 0.0000
vt 0.7269 0.4359 0.0000
vt 0.7256 0.4395 0.0000
vt 0.7177 0.4339 0.0000
vt 0.7192 0.4299 0.0000
vt 0.9011 0.9589 0.0000
vt 0.9064 0.9669 0.0000
vt 0.5167 0.0432 0.0000
vt 0.5194 0.0387 0.0000
vt 0.8834 0.4035 0.0000
vt 0.8882 0.4019 0.0000
vt 0.8796 0.4052 0.0000
vt 0.4501 0.0801 0.0000
vt 0.4581 0.0754 0.0000
vt 0.4587 0.0821 0.0000
vt 0.8793 0.3959 0.0000
vt 0.8853 0.3899 0.0000
vt 0.8762 0.3898 0.0000
vt 0.8713 0.3929 0.0000
vt 0.8659 0.3847 0.0000
vt 0.8706 0.3820 0.0000
vt 0.8736 0.3749 0.0000
vt 0.8804 0.3825 0.0000
vt 0.4648 0.0770 0.0000
vt 0.4655 0.0843 0.0000
vt 0.8932 0.4026 0.0000
vt 0.8929 0.3922 0.0000
vt 0.5262 0.3647 0.0000
vt 0.5290 0.3558 0.0000
vt 0.5422 0.3632 0.0000
vt 0.5356 0.3700 0.0000
vt 0.5298 0.3767 0.0000
vt 0.0164 0.6201 0.0000
vt 0.0232 0.6147 0.0000
vt 0.0292 0.6287 0.0000
vt 0.0221 0.6317 0.0000
vt 0.0349 0.6380 0.0000
vt 0.0281 0.6404 0.0000
vt 0.1335 0.3544 0.0000
vt 0.1459 0.3594 0.0000
vt 0.6352 0.0246 0.0000
vt 0.6413 0.0319 0.0000
vt 0.6337 0.0425 0.0000
vt 0.6279 0.0292 0.0000
vt 0.9865 0.2360 0.0000
vt 0.9837 0.2441 0.0000
vt 0.9714 0.2357 0.0000
vt 0.6334 0.0156 0.0000
vt 0.5443 0.6019 0.0000
vt 0.5386 0.6030 0.0000
vt 0.5415 0.5937 0.0000
vt 0.8430 0.4413 0.0000
vt 0.8496 0.4374 0.0000
vt 0.8521 0.4430 0.0000
vt 0.5457 0.6110 0.0000
vt 0.5393 0.6144 0.0000
vt 0.5528 0.6170 0.0000
vt 0.5631 0.6223 0.0000
vt 0.5610 0.6274 0.0000
vt 0.5499 0.6211 0.0000
vt 0.8373 0.7179 0.0000
vt 0.8308 0.7209 0.0000
vt 0.8268 0.7151 0.0000
vt 0.8320 0.7075 0.0000
vt 0.8207 0.7133 0.0000
vt 0.5353 0.3782 0.0000
vt 0.5417 0.3725 0.0000
vt 0.8231 0.7054 0.0000
vt 0.9272 0.5731 0.0000
vt 0.9267 0.6006 0.0000
vt 0.9054 0.6032 0.0000
vt 0.9033 0.5752 0.0000
vt 0.9052 0.5407 0.0000
vt 0.9285 0.5393 0.0000
vt 0.2231 0.7708 0.0000
vt 0.2448 0.7508 0.0000
vt 0.2603 0.7734 0.0000
vt 0.2405 0.7920 0.0000
vt 0.2042 0.7465 0.0000
vt 0.2275 0.7252 0.0000
vt 0.6477 0.2430 0.0000
vt 0.6306 0.2495 0.0000
vt 0.6268 0.2329 0.0000
vt 0.6431 0.2271 0.0000
vt 0.6596 0.2214 0.0000
vt 0.6646 0.2367 0.0000
vt 0.6684 0.2524 0.0000
vt 0.6512 0.2596 0.0000
vt 0.6341 0.2663 0.0000
vt 0.5992 0.6637 0.0000
vt 0.5994 0.6556 0.0000
vt 0.6142 0.6550 0.0000
vt 0.6136 0.6630 0.0000
vt 0.0891 0.8330 0.0000
vt 0.0860 0.8234 0.0000
vt 0.0939 0.8208 0.0000
vt 0.0972 0.8304 0.0000
vt 0.1018 0.8179 0.0000
vt 0.1049 0.8276 0.0000
vt 0.5275 0.9216 0.0000
vt 0.5222 0.9332 0.0000
vt 0.5148 0.9324 0.0000
vt 0.5203 0.9204 0.0000
vt 0.5004 0.8928 0.0000
vt 0.5045 0.8802 0.0000
vt 0.5078 0.8826 0.0000
vt 0.5029 0.8954 0.0000
vt 0.4969 0.9096 0.0000
vt 0.4950 0.9072 0.0000
vt 0.0314 0.1097 0.0000
vt 0.0459 0.1038 0.0000
vt 0.0191 0.1155 0.0000
vt 0.0073 0.1928 0.0000
vt 0.0005 0.1778 0.0000
vt 0.0034 0.1769 0.0000
vt 0.0104 0.1916 0.0000
vt 0.4867 0.9201 0.0000
vt 0.4891 0.9224 0.0000
vt 0.4816 0.9338 0.0000
vt 0.4790 0.9315 0.0000
vt 0.0593 0.0988 0.0000
vt 0.0721 0.0953 0.0000
vt 0.0718 0.0980 0.0000
vt 0.0590 0.1018 0.0000
vt 0.4726 0.9415 0.0000
vt 0.4748 0.9447 0.0000
vt 0.4717 0.9383 0.0000
vt 0.0180 0.2169 0.0000
vt 0.0131 0.2065 0.0000
vt 0.0160 0.2055 0.0000
vt 0.0216 0.2167 0.0000
vt 0.0810 0.0986 0.0000
vt 0.0726 0.1008 0.0000
vt 0.0214 0.2262 0.0000
vt 0.0165 0.2265 0.0000
vt 0.0140 0.2172 0.0000
vt 0.0229 0.7056 0.0000
vt 0.0243 0.7100 0.0000
vt 0.0154 0.7140 0.0000
vt 0.0153 0.7100 0.0000
vt 0.0599 0.1049 0.0000
vt 0.6546 0.2955 0.0000
vt 0.6416 0.3023 0.0000
vt 0.6406 0.2986 0.0000
vt 0.6541 0.2918 0.0000
vt 0.0606 0.1067 0.0000
vt 0.0355 0.7644 0.0000
vt 0.0286 0.7653 0.0000
vt 0.0302 0.7479 0.0000
vt 0.0375 0.7469 0.0000
vt 0.0354 0.7805 0.0000
vt 0.0294 0.7815 0.0000
vt 0.0180 0.7667 0.0000
vt 0.0203 0.7831 0.0000
vt 0.6124 0.2380 0.0000
vt 0.6157 0.2544 0.0000
vt 0.0071 0.7683 0.0000
vt 0.0064 0.7510 0.0000
vt 0.0190 0.7492 0.0000
vt 0.8586 0.3716 0.0000
vt 0.8608 0.3654 0.0000
vt 0.8232 0.7653 0.0000
vt 0.8290 0.7645 0.0000
vt 0.8313 0.7820 0.0000
vt 0.8271 0.7822 0.0000
vt 0.8299 0.8064 0.0000
vt 0.8427 0.3598 0.0000
vt 0.8459 0.3550 0.0000
vt 0.0916 0.0782 0.0000
vt 0.0922 0.0578 0.0000
vt 0.1157 0.0580 0.0000
vt 0.1134 0.0768 0.0000
vt 0.4715 0.3210 0.0000
vt 0.4450 0.3241 0.0000
vt 0.4710 0.3404 0.0000
vt 0.4434 0.3458 0.0000
vt 0.4180 0.3483 0.0000
vt 0.4205 0.3243 0.0000
vt 0.0923 0.0410 0.0000
vt 0.1172 0.0424 0.0000
vt 0.0699 0.0600 0.0000
vt 0.0686 0.0422 0.0000
vt 0.0677 0.0297 0.0000
vt 0.8354 0.8341 0.0000
vt 0.8309 0.8349 0.0000
vt 0.8278 0.8063 0.0000
vt 0.8423 0.8642 0.0000
vt 0.8371 0.8656 0.0000
vt 0.7019 0.4157 0.0000
vt 0.7000 0.4197 0.0000
vt 0.6775 0.3988 0.0000
vt 0.8716 0.9188 0.0000
vt 0.8885 0.9413 0.0000
vt 0.6570 0.3737 0.0000
vt 0.6530 0.3775 0.0000
vt 0.6292 0.3569 0.0000
vt 0.8602 0.8906 0.0000
vt 0.8548 0.8936 0.0000
vt 0.6803 0.3953 0.0000
vt 0.7124 0.5683 0.0000
vt 0.7379 0.5597 0.0000
vt 0.7343 0.5753 0.0000
vt 0.7075 0.5855 0.0000
vt 0.4984 0.3301 0.0000
vt 0.4976 0.3113 0.0000
vt 0.5183 0.2800 0.0000
vt 0.5219 0.2982 0.0000
vt 0.3050 0.7065 0.0000
vt 0.3102 0.7018 0.0000
vt 0.3198 0.7255 0.0000
vt 0.3148 0.7308 0.0000
vt 0.3092 0.7358 0.0000
vt 0.3000 0.7115 0.0000
vt 0.5484 0.2408 0.0000
vt 0.5557 0.2404 0.0000
vt 0.5455 0.2697 0.0000
vt 0.5386 0.2693 0.0000
vt 0.2909 0.6778 0.0000
vt 0.2968 0.6733 0.0000
vt 0.9262 0.9831 0.0000
vt 0.9283 0.9872 0.0000
vt 0.9309 0.9801 0.0000
vt 0.6060 0.3234 0.0000
vt 0.6104 0.3215 0.0000
vt 0.6126 0.3297 0.0000
vt 0.6082 0.3310 0.0000
vt 0.0163 0.2502 0.0000
vt 0.0156 0.2443 0.0000
vt 0.9292 0.9915 0.0000
vt 0.6145 0.3203 0.0000
vt 0.6170 0.3285 0.0000
vt 0.0489 0.6937 0.0000
vt 0.0467 0.6855 0.0000
vt 0.5223 0.0550 0.0000
vt 0.5175 0.0545 0.0000
vt 0.3651 0.0042 0.0000
vt 0.3699 0.0005 0.0000
vt 0.4558 0.9719 0.0000
vt 0.4589 0.9688 0.0000
vt 0.4646 0.9703 0.0000
vt 0.4606 0.9741 0.0000
vt 0.4603 0.9646 0.0000
vt 0.4662 0.9645 0.0000
vt 0.7619 0.5524 0.0000
vt 0.7803 0.5466 0.0000
vt 0.7806 0.5620 0.0000
vt 0.7608 0.5680 0.0000
vt 0.7901 0.5441 0.0000
vt 0.7964 0.5438 0.0000
vt 0.7906 0.5598 0.0000
vt 0.6830 0.4666 0.0000
vt 0.6779 0.4784 0.0000
vt 0.6884 0.4530 0.0000
vt 0.7041 0.4648 0.0000
vt 0.6981 0.4765 0.0000
vt 0.6927 0.4869 0.0000
vt 0.7046 0.4810 0.0000
vt 0.7066 0.4830 0.0000
vt 0.7024 0.4924 0.0000
vt 0.6997 0.4905 0.0000
vt 0.7110 0.4700 0.0000
vt 0.0443 0.6727 0.0000
vt 0.0327 0.6790 0.0000
vt 0.8323 0.4439 0.0000
vt 0.8248 0.4488 0.0000
vt 0.8237 0.4412 0.0000
vt 0.8450 0.4479 0.0000
vt 0.8337 0.4510 0.0000
vt 0.8260 0.4565 0.0000
vt 0.6479 0.0347 0.0000
vt 0.6567 0.0359 0.0000
vt 0.6539 0.0424 0.0000
vt 0.6440 0.0431 0.0000
vt 0.4911 0.6969 0.0000
vt 0.4983 0.6972 0.0000
vt 0.4952 0.7180 0.0000
vt 0.4876 0.7171 0.0000
vt 0.4800 0.7174 0.0000
vt 0.4848 0.6963 0.0000
vt 0.4902 0.6710 0.0000
vt 0.4964 0.6719 0.0000
vt 0.5043 0.6721 0.0000
vt 0.1247 0.5813 0.0000
vt 0.1478 0.5678 0.0000
vt 0.2077 0.2425 0.0000
vt 0.2178 0.2475 0.0000
vt 0.2043 0.2685 0.0000
vt 0.1947 0.2638 0.0000
vt 0.5077 0.6999 0.0000
vt 0.5137 0.6753 0.0000
vt 0.0984 0.5969 0.0000
vt 0.4558 0.4988 0.0000
vt 0.4318 0.5137 0.0000
vt 0.4307 0.5081 0.0000
vt 0.4547 0.4940 0.0000
vt 0.4825 0.4809 0.0000
vt 0.4839 0.4859 0.0000
vt 0.4868 0.4961 0.0000
vt 0.4584 0.5082 0.0000
vt 0.4342 0.5236 0.0000
vt 0.4635 0.5286 0.0000
vt 0.4926 0.5160 0.0000
vt 0.5002 0.5436 0.0000
vt 0.4701 0.5538 0.0000
vt 0.4447 0.5648 0.0000
vt 0.4388 0.5428 0.0000
vt 0.8332 0.7562 0.0000
vt 0.8350 0.7645 0.0000
vt 0.8263 0.7562 0.0000
vt 0.8392 0.7553 0.0000
vt 0.8405 0.7638 0.0000
vt 0.8370 0.7814 0.0000
vt 0.8418 0.7800 0.0000
vt 0.8434 0.8020 0.0000
vt 0.3518 0.6841 0.0000
vt 0.3420 0.6600 0.0000
vt 0.3616 0.7054 0.0000
vt 0.3463 0.7122 0.0000
vt 0.3347 0.6895 0.0000
vt 0.3242 0.6646 0.0000
vt 0.8831 0.2889 0.0000
vt 0.8812 0.2636 0.0000
vt 0.8860 0.2641 0.0000
vt 0.8874 0.2893 0.0000
vt 0.8879 0.3177 0.0000
vt 0.8838 0.3170 0.0000
vt 0.3264 0.6929 0.0000
vt 0.3156 0.6669 0.0000
vt 0.3376 0.7154 0.0000
vt 0.0703 0.2810 0.0000
vt 0.0457 0.2926 0.0000
vt 0.0447 0.2860 0.0000
vt 0.4226 0.6080 0.0000
vt 0.4534 0.5911 0.0000
vt 0.4542 0.6018 0.0000
vt 0.4236 0.6118 0.0000
vt 0.4525 0.6081 0.0000
vt 0.4230 0.6168 0.0000
vt 0.5669 0.5028 0.0000
vt 0.5615 0.4779 0.0000
vt 0.5677 0.4787 0.0000
vt 0.5714 0.5040 0.0000
vt 0.5661 0.4667 0.0000
vt 0.5596 0.4650 0.0000
vt 0.8308 0.6996 0.0000
vt 0.8158 0.7079 0.0000
vt 0.8173 0.7012 0.0000
vt 0.8235 0.6988 0.0000
vt 0.5480 0.3612 0.0000
vt 0.5545 0.3529 0.0000
vt 0.5592 0.3581 0.0000
vt 0.4540 0.4875 0.0000
vt 0.4810 0.4746 0.0000
vt 0.4299 0.5016 0.0000
vt 0.4285 0.4956 0.0000
vt 0.4523 0.4821 0.0000
vt 0.4784 0.4695 0.0000
vt 0.3646 0.3247 0.0000
vt 0.0947 0.0131 0.0000
vt 0.0679 0.0195 0.0000
vt 0.0668 0.0124 0.0000
vt 0.0670 0.0059 0.0000
vt 0.0954 0.0065 0.0000
vt 0.9008 0.2849 0.0000
vt 0.8974 0.2863 0.0000
vt 0.8954 0.2623 0.0000
vt 0.8988 0.2609 0.0000
vt 0.9024 0.2597 0.0000
vt 0.9042 0.2841 0.0000
vt 0.9085 0.3136 0.0000
vt 0.9038 0.3135 0.0000
vt 0.8990 0.3147 0.0000
vt 0.8929 0.2883 0.0000
vt 0.8936 0.3168 0.0000
vt 0.8910 0.2636 0.0000
vt 0.4882 0.6088 0.0000
vt 0.3180 0.4518 0.0000
vt 0.3498 0.4454 0.0000
vt 0.3529 0.4527 0.0000
vt 0.3783 0.4521 0.0000
vt 0.3759 0.4443 0.0000
vt 0.5186 0.6028 0.0000
vt 0.5174 0.6114 0.0000
vt 0.4893 0.6004 0.0000
vt 0.1704 0.2798 0.0000
vt 0.1718 0.2710 0.0000
vt 0.1858 0.2739 0.0000
vt 0.5324 0.5953 0.0000
vt 0.5323 0.6033 0.0000
vt 0.5316 0.6133 0.0000
vt 0.4770 0.5769 0.0000
vt 0.4505 0.5831 0.0000
vt 0.5083 0.5708 0.0000
vt 0.4419 0.6598 0.0000
vt 0.4677 0.6669 0.0000
vt 0.4630 0.6941 0.0000
vt 0.4434 0.6861 0.0000
vt 0.2604 0.2921 0.0000
vt 0.2371 0.2820 0.0000
vt 0.2502 0.2591 0.0000
vt 0.2700 0.2676 0.0000
vt 0.4770 0.6959 0.0000
vt 0.4838 0.6686 0.0000
vt 0.2093 0.3003 0.0000
vt 0.2004 0.2978 0.0000
vt 0.2162 0.2738 0.0000
vt 0.4728 0.7172 0.0000
vt 0.4619 0.7156 0.0000
vt 0.0169 0.5977 0.0000
vt 0.0199 0.5811 0.0000
vt 0.0311 0.5860 0.0000
vt 0.9707 0.2469 0.0000
vt 0.9823 0.2516 0.0000
vt 0.6214 0.0328 0.0000
vt 0.6242 0.0456 0.0000
vt 0.6076 0.0506 0.0000
vt 0.6050 0.0397 0.0000
vt 0.1740 0.8263 0.0000
vt 0.1700 0.8384 0.0000
vt 0.1455 0.8168 0.0000
vt 0.1493 0.8038 0.0000
vt 0.1511 0.7971 0.0000
vt 0.1955 0.8459 0.0000
vt 0.1912 0.8568 0.0000
vt 0.9076 0.8607 0.0000
vt 0.9010 0.8679 0.0000
vt 0.8946 0.8465 0.0000
vt 0.9001 0.8382 0.0000
vt 0.9051 0.8302 0.0000
vt 0.9127 0.8533 0.0000
vt 0.9189 0.8790 0.0000
vt 0.9133 0.8853 0.0000
vt 0.9059 0.8920 0.0000
vt 0.0846 0.1122 0.0000
vt 0.0897 0.1189 0.0000
vt 0.0655 0.1282 0.0000
vt 0.0601 0.1203 0.0000
vt 0.1194 0.4468 0.0000
vt 0.1421 0.4451 0.0000
vt 0.1630 0.4450 0.0000
vt 0.1060 0.1041 0.0000
vt 0.1116 0.1109 0.0000
vt 0.0495 0.7275 0.0000
vt 0.0444 0.7288 0.0000
vt 0.0461 0.7140 0.0000
vt 0.0503 0.7125 0.0000
vt 0.0539 0.7117 0.0000
vt 0.0541 0.7266 0.0000
vt 0.8009 0.5785 0.0000
vt 0.8018 0.5914 0.0000
vt 0.7963 0.5893 0.0000
vt 0.7958 0.5762 0.0000
vt 0.8617 0.8566 0.0000
vt 0.8065 0.5812 0.0000
vt 0.8077 0.5935 0.0000
vt 0.4420 0.3675 0.0000
vt 0.4702 0.3600 0.0000
vt 0.4697 0.3754 0.0000
vt 0.4414 0.3839 0.0000
vt 0.4162 0.3887 0.0000
vt 0.4160 0.3719 0.0000
vt 0.0395 0.0112 0.0000
vt 0.0415 0.0193 0.0000
vt 0.0207 0.0195 0.0000
vt 0.0175 0.0096 0.0000
vt 0.0166 0.0006 0.0000
vt 0.0389 0.0031 0.0000
vt 0.7239 0.4439 0.0000
vt 0.7211 0.4501 0.0000
vt 0.7144 0.4437 0.0000
vt 0.7164 0.4379 0.0000
vt 0.7293 0.4414 0.0000
vt 0.7262 0.4466 0.0000
vt 0.7232 0.4528 0.0000
vt 0.8928 0.3844 0.0000
vt 0.8927 0.3726 0.0000
vt 0.8988 0.3734 0.0000
vt 0.8995 0.3858 0.0000
vt 0.8864 0.3816 0.0000
vt 0.8864 0.3701 0.0000
vt 0.3748 0.6003 0.0000
vt 0.3772 0.6095 0.0000
vt 0.3495 0.6137 0.0000
vt 0.3469 0.6051 0.0000
vt 0.5885 0.3291 0.0000
vt 0.5909 0.3239 0.0000
vt 0.6085 0.3391 0.0000
vt 0.6053 0.3444 0.0000
vt 0.6257 0.3629 0.0000
vt 0.6236 0.3726 0.0000
vt 0.6025 0.3546 0.0000
vt 0.0315 0.6138 0.0000
vt 0.0428 0.6086 0.0000
vt 0.0481 0.6204 0.0000
vt 0.0362 0.6259 0.0000
vt 0.0533 0.6289 0.0000
vt 0.0416 0.6351 0.0000
vt 0.5461 0.4492 0.0000
vt 0.5514 0.4580 0.0000
vt 0.5388 0.4600 0.0000
vt 0.3369 0.4026 0.0000
vt 0.3478 0.4018 0.0000
vt 0.3454 0.4137 0.0000
vt 0.3339 0.4149 0.0000
vt 0.3442 0.4211 0.0000
vt 0.3335 0.4224 0.0000
vt 0.5522 0.4476 0.0000
vt 0.5591 0.4564 0.0000
vt 0.2351 0.3470 0.0000
vt 0.2679 0.3621 0.0000
vt 0.2570 0.3847 0.0000
vt 0.2234 0.3697 0.0000
vt 0.1955 0.3559 0.0000
vt 0.2088 0.3330 0.0000
vt 0.4462 0.6308 0.0000
vt 0.4738 0.6380 0.0000
vt 0.5323 0.5398 0.0000
vt 0.0729 0.3127 0.0000
vt 0.0897 0.3103 0.0000
vt 0.0849 0.3197 0.0000
vt 0.0696 0.3232 0.0000
vt 0.0558 0.3281 0.0000
vt 0.0582 0.3173 0.0000
vt 0.0619 0.3040 0.0000
vt 0.0784 0.3011 0.0000
vt 0.0957 0.2996 0.0000
vt 0.0407 0.7071 0.0000
vt 0.0338 0.7116 0.0000
vt 0.0457 0.7034 0.0000
vt 0.0412 0.7170 0.0000
vt 0.0344 0.7205 0.0000
vt 0.0496 0.7019 0.0000
vt 0.6106 0.3133 0.0000
vt 0.6072 0.3144 0.0000
vt 0.0526 0.7014 0.0000
vt 0.0394 0.7306 0.0000
vt 0.0325 0.7328 0.0000
vt 0.8129 0.6015 0.0000
vt 0.8169 0.6000 0.0000
vt 0.8174 0.6067 0.0000
vt 0.8129 0.6078 0.0000
vt 0.8073 0.6071 0.0000
vt 0.8078 0.6015 0.0000
vt 0.8125 0.5932 0.0000
vt 0.8163 0.5916 0.0000
vt 0.8018 0.5991 0.0000
vt 0.8011 0.6038 0.0000
vt 0.9275 0.9678 0.0000
vt 0.9240 0.9629 0.0000
vt 0.7959 0.5969 0.0000
vt 0.5874 0.2780 0.0000
vt 0.5924 0.2763 0.0000
vt 0.5977 0.2920 0.0000
vt 0.5932 0.2934 0.0000
vt 0.0579 0.7261 0.0000
vt 0.8118 0.5808 0.0000
vt 0.9209 0.9589 0.0000
vt 0.9152 0.9504 0.0000
vt 0.5829 0.3197 0.0000
vt 0.5735 0.3250 0.0000
vt 0.5710 0.3157 0.0000
vt 0.5803 0.3107 0.0000
vt 0.7910 0.5969 0.0000
vt 0.7920 0.5894 0.0000
vt 0.7915 0.5760 0.0000
vt 0.7825 0.5931 0.0000
vt 0.7822 0.5793 0.0000
vt 0.6985 0.6243 0.0000
vt 0.7296 0.6139 0.0000
vt 0.6704 0.6407 0.0000
vt 0.6709 0.6375 0.0000
vt 0.6727 0.6300 0.0000
vt 0.7004 0.6178 0.0000
vt 0.7305 0.6066 0.0000
vt 0.4411 0.3918 0.0000
vt 0.4694 0.3826 0.0000
vt 0.4700 0.3860 0.0000
vt 0.4158 0.3976 0.0000
vt 0.0236 0.0781 0.0000
vt 0.0196 0.0589 0.0000
vt 0.0288 0.0594 0.0000
vt 0.0323 0.0793 0.0000
vt 0.6490 0.6406 0.0000
vt 0.6473 0.6493 0.0000
vt 0.7039 0.6037 0.0000
vt 0.6773 0.6152 0.0000
vt 0.6834 0.5969 0.0000
vt 0.7324 0.5928 0.0000
vt 0.0131 0.0244 0.0000
vt 0.0163 0.0313 0.0000
vt 0.0113 0.0318 0.0000
vt 0.0075 0.0251 0.0000
vt 0.3699 0.4132 0.0000
vt 0.3626 0.4185 0.0000
vt 0.3631 0.4109 0.0000
vt 0.3698 0.4074 0.0000
vt 0.0101 0.0195 0.0000
vt 0.0232 0.0244 0.0000
vt 0.0258 0.0314 0.0000
vt 0.0066 0.0099 0.0000
vt 0.0031 0.0204 0.0000
vt 0.0005 0.0108 0.0000
vt 0.3541 0.4199 0.0000
vt 0.3559 0.4126 0.0000
vt 0.0054 0.0005 0.0000
vt 0.0427 0.0237 0.0000
vt 0.0678 0.0236 0.0000
vt 0.0443 0.0309 0.0000
vt 0.4946 0.9512 0.0000
vt 0.4857 0.9493 0.0000
vt 0.4924 0.9381 0.0000
vt 0.5009 0.9403 0.0000
vt 0.5099 0.9424 0.0000
vt 0.4891 0.9618 0.0000
vt 0.4799 0.9600 0.0000
vt 0.4863 0.9700 0.0000
vt 0.4769 0.9683 0.0000
vt 0.4837 0.9749 0.0000
vt 0.4742 0.9734 0.0000
vt 0.4708 0.9660 0.0000
vt 0.4734 0.9576 0.0000
vt 0.4687 0.9717 0.0000
vt 0.4791 0.9471 0.0000
vt 0.4860 0.9361 0.0000
vt 0.0186 0.6762 0.0000
vt 0.0093 0.6809 0.0000
vt 0.0086 0.6759 0.0000
vt 0.0178 0.6715 0.0000
vt 0.0200 0.6812 0.0000
vt 0.0103 0.6859 0.0000
vt 0.0208 0.6843 0.0000
vt 0.0110 0.6889 0.0000
vt 0.7166 0.4592 0.0000
vt 0.7099 0.4532 0.0000
vt 0.4649 0.9751 0.0000
vt 0.0041 0.6792 0.0000
vt 0.0045 0.6848 0.0000
vt 0.0045 0.6897 0.0000
vt 0.0005 0.6943 0.0000
vt 0.0009 0.6874 0.0000
vt 0.8840 0.3438 0.0000
vt 0.8819 0.3658 0.0000
vt 0.8758 0.3594 0.0000
vt 0.8775 0.3393 0.0000
vt 0.3150 0.6406 0.0000
vt 0.3061 0.6411 0.0000
vt 0.8876 0.3463 0.0000
vt 0.8934 0.3475 0.0000
vt 0.8993 0.3467 0.0000
vt 0.8816 0.3765 0.0000
vt 0.8741 0.3695 0.0000
vt 0.6430 0.4071 0.0000
vt 0.6465 0.3927 0.0000
vt 0.6719 0.4122 0.0000
vt 0.6687 0.4242 0.0000
vt 0.6207 0.3888 0.0000
vt 0.6008 0.3725 0.0000
vt 0.5982 0.3948 0.0000
vt 0.3832 0.6268 0.0000
vt 0.3564 0.6316 0.0000
vt 0.6493 0.3836 0.0000
vt 0.6746 0.4045 0.0000
vt 0.5337 0.3041 0.0000
vt 0.5303 0.3330 0.0000
vt 0.5217 0.3286 0.0000
vt 0.5258 0.3017 0.0000
vt 0.5315 0.2693 0.0000
vt 0.5390 0.3050 0.0000
vt 0.5387 0.3373 0.0000
vt 0.9620 0.5005 0.0000
vt 0.9590 0.4993 0.0000
vt 0.9502 0.5003 0.0000
vt 0.9564 0.4683 0.0000
vt 0.9653 0.4662 0.0000
vt 0.5407 0.3048 0.0000
vt 0.5423 0.3376 0.0000
vt 0.5405 0.3538 0.0000
vt 0.5457 0.3541 0.0000
vt 0.5487 0.3321 0.0000
vt 0.5534 0.3476 0.0000
vt 0.5300 0.3482 0.0000
vt 0.5184 0.3413 0.0000
vt 0.1519 0.7441 0.0000
vt 0.1312 0.7214 0.0000
vt 0.1446 0.7149 0.0000
vt 0.1640 0.7376 0.0000
vt 0.8660 0.5066 0.0000
vt 0.8674 0.5430 0.0000
vt 0.8560 0.5043 0.0000
vt 0.1445 0.7465 0.0000
vt 0.1241 0.7242 0.0000
vt 0.8387 0.5054 0.0000
vt 0.8487 0.5028 0.0000
vt 0.8288 0.5101 0.0000
vt 0.8259 0.4794 0.0000
vt 0.8349 0.4744 0.0000
vt 0.8431 0.4720 0.0000
vt 0.8340 0.4587 0.0000
vt 0.8429 0.4566 0.0000
vt 0.8259 0.4642 0.0000
vt 0.8480 0.4587 0.0000
vt 0.8511 0.4518 0.0000
vt 0.8610 0.4564 0.0000
vt 0.8593 0.4626 0.0000
vt 0.8591 0.4777 0.0000
vt 0.8484 0.4745 0.0000
vt 0.1218 0.7112 0.0000
vt 0.1145 0.7149 0.0000
vt 0.1285 0.7652 0.0000
vt 0.1333 0.7561 0.0000
vt 0.1249 0.7736 0.0000
vt 0.1055 0.7559 0.0000
vt 0.1087 0.7467 0.0000
vt 0.1130 0.7372 0.0000
vt 0.1234 0.7809 0.0000
vt 0.1208 0.7964 0.0000
vt 0.6010 0.0821 0.0000
vt 0.5854 0.0819 0.0000
vt 0.5981 0.0653 0.0000
vt 0.6156 0.0641 0.0000
vt 0.6239 0.0632 0.0000
vt 0.6085 0.0825 0.0000
vt 0.6228 0.0538 0.0000
vt 0.6310 0.0519 0.0000
vt 0.1037 0.7640 0.0000
vt 0.1013 0.7813 0.0000
vt 0.0917 0.7733 0.0000
vt 0.0939 0.7557 0.0000
vt 0.0820 0.7694 0.0000
vt 0.6405 0.0503 0.0000
vt 0.6508 0.0491 0.0000
vt 0.6434 0.0612 0.0000
vt 0.6334 0.0624 0.0000
vt 0.0915 0.3894 0.0000
vt 0.0920 0.3985 0.0000
vt 0.9459 0.3743 0.0000
vt 0.9375 0.3736 0.0000
vt 0.9483 0.3945 0.0000
vt 0.9403 0.3946 0.0000
vt 0.0465 0.9746 0.0000
vt 0.0454 0.9657 0.0000
vt 0.0680 0.9652 0.0000
vt 0.0687 0.9749 0.0000
vt 0.9559 0.3745 0.0000
vt 0.9566 0.3938 0.0000
vt 0.9656 0.3739 0.0000
vt 0.9643 0.3931 0.0000
vt 0.0950 0.4276 0.0000
vt 0.0738 0.4295 0.0000
vt 0.0735 0.4213 0.0000
vt 0.0948 0.4180 0.0000
vt 0.1195 0.4184 0.0000
vt 0.0943 0.4379 0.0000
vt 0.0734 0.4383 0.0000
vt 0.0941 0.4463 0.0000
vt 0.0412 0.1388 0.0000
vt 0.0362 0.1320 0.0000
vt 0.0218 0.1475 0.0000
vt 0.0174 0.1416 0.0000
vt 0.0740 0.4458 0.0000
vt 0.9216 0.9096 0.0000
vt 0.9153 0.9152 0.0000
vt 0.9285 0.9052 0.0000
vt 0.9370 0.9261 0.0000
vt 0.9302 0.9292 0.0000
vt 0.9242 0.9333 0.0000
vt 0.0629 0.5896 0.0000
vt 0.0421 0.5987 0.0000
vt 0.0444 0.5811 0.0000
vt 0.0652 0.5744 0.0000
vt 0.0642 0.5990 0.0000
vt 0.0700 0.6093 0.0000
vt 0.1785 0.2871 0.0000
vt 0.1891 0.2917 0.0000
vt 0.1726 0.3161 0.0000
vt 0.0754 0.6165 0.0000
vt 0.0315 0.6037 0.0000
vt 0.0241 0.6035 0.0000
vt 0.0352 0.5853 0.0000
vt 0.5003 0.6472 0.0000
vt 0.5087 0.6477 0.0000
vt 0.4932 0.6465 0.0000
vt 0.4949 0.6250 0.0000
vt 0.5031 0.6262 0.0000
vt 0.5128 0.6276 0.0000
vt 0.1933 0.3267 0.0000
vt 0.1842 0.3233 0.0000
vt 0.1810 0.3487 0.0000
vt 0.4866 0.6231 0.0000
vt 0.1893 0.3673 0.0000
vt 0.1756 0.3614 0.0000
vt 0.1868 0.3733 0.0000
vt 0.1737 0.3698 0.0000
vt 0.1666 0.3683 0.0000
vt 0.1684 0.3581 0.0000
vt 0.4852 0.6120 0.0000
vt 0.4931 0.6130 0.0000
vt 0.1608 0.3528 0.0000
vt 0.1581 0.3597 0.0000
vt 0.1491 0.3527 0.0000
vt 0.1525 0.3464 0.0000
vt 0.5027 0.6150 0.0000
vt 0.5142 0.6172 0.0000
vt 0.5147 0.4744 0.0000
vt 0.5406 0.4675 0.0000
vt 0.5428 0.4813 0.0000
vt 0.5175 0.4873 0.0000
vt 0.5131 0.4679 0.0000
vt 0.5051 0.4570 0.0000
vt 0.5098 0.4615 0.0000
vt 0.5269 0.4474 0.0000
vt 0.5338 0.4532 0.0000
vt 0.5531 0.4657 0.0000
vt 0.5553 0.4788 0.0000
vt 0.5618 0.5032 0.0000
vt 0.5760 0.5302 0.0000
vt 0.5708 0.5305 0.0000
vt 0.5582 0.5339 0.0000
vt 0.5495 0.5060 0.0000
vt 0.2177 0.3808 0.0000
vt 0.2515 0.3954 0.0000
vt 0.2490 0.3998 0.0000
vt 0.2146 0.3866 0.0000
vt 0.5240 0.5113 0.0000
vt 0.3518 0.4381 0.0000
vt 0.3763 0.4376 0.0000
vt 0.3209 0.4412 0.0000
vt 0.3257 0.4259 0.0000
vt 0.3558 0.4239 0.0000
vt 0.3798 0.4242 0.0000
vt 0.9363 0.4569 0.0000
vt 0.9029 0.4596 0.0000
vt 0.9046 0.4484 0.0000
vt 0.9389 0.4521 0.0000
vt 0.9642 0.4490 0.0000
vt 0.9619 0.4537 0.0000
vt 0.9315 0.4722 0.0000
vt 0.9008 0.4763 0.0000
vt 0.9291 0.5028 0.0000
vt 0.9021 0.5057 0.0000
vt 0.1836 0.7191 0.0000
vt 0.2087 0.6957 0.0000
vt 0.1667 0.6960 0.0000
vt 0.1935 0.6711 0.0000
vt 0.0970 0.3266 0.0000
vt 0.1099 0.3267 0.0000
vt 0.0816 0.3346 0.0000
vt 0.0829 0.3282 0.0000
vt 0.1001 0.3191 0.0000
vt 0.1134 0.3201 0.0000
vt 0.0677 0.3311 0.0000
vt 0.6393 0.2935 0.0000
vt 0.6534 0.2866 0.0000
vt 0.0534 0.3351 0.0000
vt 0.1054 0.3103 0.0000
vt 0.1116 0.3001 0.0000
vt 0.1250 0.3017 0.0000
vt 0.1189 0.3117 0.0000
vt 0.4929 0.9249 0.0000
vt 0.4985 0.9276 0.0000
vt 0.5000 0.9125 0.0000
vt 0.5050 0.9156 0.0000
vt 0.5123 0.9185 0.0000
vt 0.5063 0.9305 0.0000
vt 0.0228 0.7350 0.0000
vt 0.0102 0.7373 0.0000
vt 0.0145 0.7271 0.0000
vt 0.0255 0.7239 0.0000
vt 0.0252 0.7157 0.0000
vt 0.0156 0.7194 0.0000
vt 0.3944 0.4011 0.0000
vt 0.3943 0.4061 0.0000
vt 0.3783 0.4091 0.0000
vt 0.3783 0.4039 0.0000
vt 0.3788 0.3946 0.0000
vt 0.3950 0.3917 0.0000
vt 0.0268 0.0425 0.0000
vt 0.0177 0.0429 0.0000
vt 0.0457 0.0438 0.0000
vt 0.0477 0.0621 0.0000
vt 0.3331 0.6370 0.0000
vt 0.3262 0.6188 0.0000
vt 0.3088 0.6222 0.0000
vt 0.8622 0.3607 0.0000
vt 0.8647 0.3508 0.0000
vt 0.2465 0.6179 0.0000
vt 0.2416 0.6177 0.0000
vt 0.2469 0.6003 0.0000
vt 0.2525 0.6005 0.0000
vt 0.2629 0.6020 0.0000
vt 0.2566 0.6189 0.0000
vt 0.6932 0.4401 0.0000
vt 0.6972 0.4295 0.0000
vt 0.6990 0.4236 0.0000
vt 0.9009 0.9333 0.0000
vt 0.7588 0.6060 0.0000
vt 0.7601 0.5987 0.0000
vt 0.7809 0.6003 0.0000
vt 0.7605 0.5847 0.0000
vt 0.5133 0.3400 0.0000
vt 0.9049 0.3867 0.0000
vt 0.9029 0.3737 0.0000
vt 0.9077 0.3757 0.0000
vt 0.9081 0.3475 0.0000
vt 0.9036 0.3465 0.0000
vt 0.4123 0.4242 0.0000
vt 0.4075 0.4240 0.0000
vt 0.4095 0.4137 0.0000
vt 0.4144 0.4146 0.0000
vt 0.4089 0.4323 0.0000
vt 0.4060 0.4303 0.0000
vt 0.0867 0.6893 0.0000
vt 0.0834 0.6803 0.0000
vt 0.0920 0.6994 0.0000
vt 0.0885 0.7014 0.0000
vt 0.0808 0.6919 0.0000
vt 0.0769 0.6825 0.0000
vt 0.3448 0.0161 0.0000
vt 0.3510 0.0139 0.0000
vt 0.3516 0.0194 0.0000
vt 0.3456 0.0213 0.0000
vt 0.3445 0.0102 0.0000
vt 0.3508 0.0078 0.0000
vt 0.8632 0.2662 0.0000
vt 0.8649 0.2724 0.0000
vt 0.8545 0.2738 0.0000
vt 0.8537 0.2676 0.0000
vt 0.2696 0.4180 0.0000
vt 0.2817 0.4201 0.0000
vt 0.2800 0.4235 0.0000
vt 0.2687 0.4225 0.0000
vt 0.2680 0.4273 0.0000
vt 0.2615 0.4272 0.0000
vt 0.2594 0.4241 0.0000
vt 0.3576 0.0124 0.0000
vt 0.3573 0.0067 0.0000
vt 0.3618 0.0064 0.0000
vt 0.3637 0.0107 0.0000
vt 0.3639 0.0162 0.0000
vt 0.3576 0.0179 0.0000
vt 0.7111 0.1945 0.0000
vt 0.7117 0.2049 0.0000
vt 0.7061 0.2049 0.0000
vt 0.2676 0.4333 0.0000
vt 0.2592 0.4315 0.0000
vt 0.2679 0.4387 0.0000
vt 0.3945 0.4241 0.0000
vt 0.3968 0.4121 0.0000
vt 0.4027 0.4146 0.0000
vt 0.4011 0.4244 0.0000
vt 0.4015 0.4331 0.0000
vt 0.3965 0.4339 0.0000
vt 0.4048 0.4369 0.0000
vt 0.4096 0.4380 0.0000
vt 0.4083 0.9769 0.0000
vt 0.4117 0.9731 0.0000
vt 0.4142 0.9783 0.0000
vt 0.4095 0.9821 0.0000
vt 0.4002 0.4392 0.0000
vt 0.4149 0.9682 0.0000
vt 0.4077 0.9670 0.0000
vt 0.4097 0.9628 0.0000
vt 0.3467 0.0258 0.0000
vt 0.3518 0.0235 0.0000
vt 0.3552 0.4864 0.0000
vt 0.3392 0.4859 0.0000
vt 0.3290 0.0567 0.0000
vt 0.3297 0.0610 0.0000
vt 0.3147 0.0685 0.0000
vt 0.3113 0.0633 0.0000
vt 0.3575 0.4836 0.0000
vt 0.3122 0.0577 0.0000
vt 0.3106 0.0538 0.0000
vt 0.3278 0.0496 0.0000
vt 0.3286 0.0530 0.0000
vt 0.3397 0.0506 0.0000
vt 0.3391 0.0539 0.0000
vt 0.8322 0.6356 0.0000
vt 0.8384 0.6526 0.0000
vt 0.8337 0.6525 0.0000
vt 0.8296 0.6364 0.0000
vt 0.8534 0.7007 0.0000
vt 0.8496 0.7030 0.0000
vt 0.8393 0.6769 0.0000
vt 0.2889 0.0658 0.0000
vt 0.2873 0.0617 0.0000
vt 0.8422 0.6747 0.0000
vt 0.8463 0.6751 0.0000
vt 0.8580 0.6992 0.0000
vt 0.2984 0.0905 0.0000
vt 0.2947 0.0867 0.0000
vt 0.3160 0.0735 0.0000
vt 0.3181 0.0774 0.0000
vt 0.3127 0.4928 0.0000
vt 0.2836 0.4941 0.0000
vt 0.2836 0.4887 0.0000
vt 0.3125 0.4891 0.0000
vt 0.2929 0.0813 0.0000
vt 0.2703 0.1030 0.0000
vt 0.2677 0.0968 0.0000
vt 0.8533 0.6688 0.0000
vt 0.8691 0.6916 0.0000
vt 0.8655 0.6943 0.0000
vt 0.8508 0.6724 0.0000
vt 0.2897 0.0771 0.0000
vt 0.8516 0.6799 0.0000
vt 0.8627 0.6984 0.0000
vt 0.1177 0.5296 0.0000
vt 0.0942 0.5381 0.0000
vt 0.1006 0.5140 0.0000
vt 0.1236 0.5082 0.0000
vt 0.1472 0.2082 0.0000
vt 0.1614 0.1936 0.0000
vt 0.1728 0.2149 0.0000
vt 0.1592 0.2312 0.0000
vt 0.1379 0.5197 0.0000
vt 0.1058 0.1340 0.0000
vt 0.1103 0.1409 0.0000
vt 0.0841 0.1523 0.0000
vt 0.0791 0.1454 0.0000
vt 0.0756 0.1414 0.0000
vt 0.1016 0.1300 0.0000
vt 0.9158 0.8484 0.0000
vt 0.9083 0.8253 0.0000
vt 0.9135 0.8210 0.0000
vt 0.9204 0.8431 0.0000
vt 0.1367 0.1901 0.0000
vt 0.1521 0.1771 0.0000
vt 0.1310 0.2252 0.0000
vt 0.1188 0.2050 0.0000
vt 0.1068 0.1868 0.0000
vt 0.1271 0.1735 0.0000
vt 0.1444 0.1620 0.0000
vt 0.0944 0.1677 0.0000
vt 0.1178 0.1556 0.0000
vt 0.1379 0.1451 0.0000
vt 0.1329 0.1312 0.0000
vt 0.0705 0.5461 0.0000
vt 0.0502 0.5499 0.0000
vt 0.0558 0.5173 0.0000
vt 0.0760 0.5160 0.0000
vt 0.9320 0.9019 0.0000
vt 0.9375 0.8954 0.0000
vt 0.9480 0.9171 0.0000
vt 0.9411 0.9237 0.0000
vt 0.9218 0.8750 0.0000
vt 0.9266 0.8690 0.0000
vt 0.0686 0.1801 0.0000
vt 0.0839 0.2009 0.0000
vt 0.0640 0.2132 0.0000
vt 0.0467 0.1907 0.0000
vt 0.9601 0.9012 0.0000
vt 0.9492 0.8809 0.0000
vt 0.9365 0.8568 0.0000
vt 0.9489 0.8420 0.0000
vt 0.9619 0.8630 0.0000
vt 0.9733 0.8465 0.0000
vt 0.9597 0.8280 0.0000
vt 0.0982 0.2200 0.0000
vt 0.1127 0.2418 0.0000
vt 0.0968 0.2545 0.0000
vt 0.0802 0.2323 0.0000
vt 0.0395 0.5515 0.0000
vt 0.0434 0.5166 0.0000
vt 0.0459 0.5174 0.0000
vt 0.0411 0.5515 0.0000
vt 0.0695 0.2392 0.0000
vt 0.0515 0.2210 0.0000
vt 0.0891 0.2608 0.0000
vt 0.8368 0.1845 0.0000
vt 0.8382 0.2087 0.0000
vt 0.8358 0.2074 0.0000
vt 0.8301 0.1814 0.0000
vt 0.8279 0.1574 0.0000
vt 0.8363 0.1613 0.0000
vt 0.0323 0.5477 0.0000
vt 0.0351 0.5131 0.0000
vt 0.5705 0.0558 0.0000
vt 0.5703 0.0636 0.0000
vt 0.5307 0.0725 0.0000
vt 0.5324 0.0645 0.0000
vt 0.8220 0.1817 0.0000
vt 0.8187 0.1571 0.0000
vt 0.8272 0.2048 0.0000
vt 0.5050 0.0624 0.0000
vt 0.5022 0.0705 0.0000
vt 0.4774 0.0634 0.0000
vt 0.4806 0.0544 0.0000
vt 0.5677 0.0664 0.0000
vt 0.5294 0.0780 0.0000
vt 0.0844 0.8073 0.0000
vt 0.0881 0.8103 0.0000
vt 0.7457 0.3223 0.0000
vt 0.7213 0.3434 0.0000
vt 0.7225 0.3304 0.0000
vt 0.7469 0.3125 0.0000
vt 0.7800 0.2956 0.0000
vt 0.7788 0.3057 0.0000
vt 0.0647 0.8748 0.0000
vt 0.0755 0.8784 0.0000
vt 0.0654 0.9017 0.0000
vt 0.0531 0.8987 0.0000
vt 0.4756 0.0700 0.0000
vt 0.5007 0.0775 0.0000
vt 0.5268 0.0867 0.0000
vt 0.4984 0.0862 0.0000
vt 0.0697 0.9494 0.0000
vt 0.0983 0.9500 0.0000
vt 0.0962 0.9582 0.0000
vt 0.0674 0.9589 0.0000
vt 0.0961 0.9644 0.0000
vt 0.4143 0.9895 0.0000
vt 0.4148 0.9954 0.0000
vt 0.3958 0.9886 0.0000
vt 0.3955 0.9820 0.0000
vt 0.0445 0.9594 0.0000
vt 0.0467 0.9487 0.0000
vt 0.7497 0.2903 0.0000
vt 0.7801 0.2758 0.0000
vt 0.7256 0.3044 0.0000
vt 0.7275 0.2715 0.0000
vt 0.7494 0.2612 0.0000
vt 0.7738 0.2503 0.0000
vt 0.0858 0.8510 0.0000
vt 0.1032 0.8591 0.0000
vt 0.0938 0.8852 0.0000
vt 0.1264 0.8714 0.0000
vt 0.1182 0.8941 0.0000
vt 0.9643 0.0968 0.0000
vt 0.9878 0.0946 0.0000
vt 0.9859 0.1136 0.0000
vt 0.9616 0.1187 0.0000
vt 0.0854 0.9071 0.0000
vt 0.0768 0.9301 0.0000
vt 0.1041 0.9336 0.0000
vt 0.0552 0.9271 0.0000
vt 0.9822 0.1312 0.0000
vt 0.9590 0.1417 0.0000
vt 0.1256 0.9576 0.0000
vt 0.1508 0.9572 0.0000
vt 0.1489 0.9637 0.0000
vt 0.1246 0.9636 0.0000
vt 0.0686 0.3952 0.0000
vt 0.0433 0.3876 0.0000
vt 0.1275 0.9503 0.0000
vt 0.1529 0.9500 0.0000
vt 0.7489 0.2309 0.0000
vt 0.7696 0.2231 0.0000
vt 0.7296 0.2381 0.0000
vt 0.7321 0.2091 0.0000
vt 0.7500 0.2040 0.0000
vt 0.7662 0.1986 0.0000
vt 0.1506 0.8841 0.0000
vt 0.1434 0.9033 0.0000
vt 0.1728 0.8947 0.0000
vt 0.1665 0.9108 0.0000
vt 0.1616 0.9245 0.0000
vt 0.1378 0.9198 0.0000
vt 0.1114 0.9135 0.0000
vt 0.1320 0.9365 0.0000
vt 0.1568 0.9383 0.0000
vt 0.7469 0.1852 0.0000
vt 0.7442 0.1719 0.0000
vt 0.7567 0.1686 0.0000
vt 0.7612 0.1812 0.0000
vt 0.7322 0.1892 0.0000
vt 0.7313 0.1754 0.0000
vt 0.1837 0.9145 0.0000
vt 0.1901 0.9008 0.0000
vt 0.2033 0.9043 0.0000
vt 0.1966 0.9165 0.0000
vt 0.1913 0.9272 0.0000
vt 0.1788 0.9264 0.0000
vt 0.7492 0.0904 0.0000
vt 0.7322 0.0634 0.0000
vt 0.7658 0.1142 0.0000
vt 0.2642 0.9550 0.0000
vt 0.2319 0.9575 0.0000
vt 0.2336 0.9509 0.0000
vt 0.2647 0.9491 0.0000
vt 0.3004 0.9518 0.0000
vt 0.2992 0.9467 0.0000
vt 0.7163 0.0605 0.0000
vt 0.7163 0.0466 0.0000
vt 0.7294 0.0676 0.0000
vt 0.7272 0.0749 0.0000
vt 0.2955 0.9399 0.0000
vt 0.2867 0.9341 0.0000
vt 0.2967 0.9295 0.0000
vt 0.3161 0.9367 0.0000
vt 0.7213 0.0804 0.0000
vt 0.7151 0.0797 0.0000
vt 0.7086 0.0533 0.0000
vt 0.3568 0.9355 0.0000
vt 0.3550 0.9388 0.0000
vt 0.3334 0.9285 0.0000
vt 0.3518 0.9443 0.0000
vt 0.3283 0.9328 0.0000
vt 0.7095 0.0806 0.0000
vt 0.7042 0.0519 0.0000
vt 0.3063 0.9173 0.0000
vt 0.7187 0.0400 0.0000
vt 0.7336 0.7440 0.0000
vt 0.7288 0.7463 0.0000
vt 0.7296 0.7278 0.0000
vt 0.7354 0.7294 0.0000
vt 0.7247 0.7481 0.0000
vt 0.7255 0.7311 0.0000
vt 0.6293 0.7927 0.0000
vt 0.6349 0.7975 0.0000
vt 0.6178 0.8041 0.0000
vt 0.6138 0.7998 0.0000
vt 0.7375 0.7199 0.0000
vt 0.7411 0.7199 0.0000
vt 0.7331 0.7181 0.0000
vt 0.7395 0.7133 0.0000
vt 0.7353 0.7120 0.0000
vt 0.7427 0.7137 0.0000
vt 0.5260 0.9760 0.0000
vt 0.5326 0.9760 0.0000
vt 0.5308 0.9831 0.0000
vt 0.5241 0.9817 0.0000
vt 0.5272 0.9670 0.0000
vt 0.5337 0.9669 0.0000
vt 0.0579 0.6573 0.0000
vt 0.0556 0.6519 0.0000
vt 0.0597 0.6465 0.0000
vt 0.0625 0.6532 0.0000
vt 0.0660 0.6597 0.0000
vt 0.0607 0.6627 0.0000
vt 0.5734 0.1807 0.0000
vt 0.5771 0.1919 0.0000
vt 0.5726 0.1928 0.0000
vt 0.5686 0.1811 0.0000
vt 0.0425 0.8498 0.0000
vt 0.1598 0.3241 0.0000
vt 0.1719 0.3239 0.0000
vt 0.1717 0.3288 0.0000
vt 0.1593 0.3287 0.0000
vt 0.8863 0.2331 0.0000
vt 0.8937 0.2322 0.0000
vt 0.8938 0.2455 0.0000
vt 0.8882 0.2464 0.0000
vt 0.8824 0.2466 0.0000
vt 0.8796 0.2331 0.0000
vt 0.7579 0.0459 0.0000
vt 0.7711 0.0455 0.0000
vt 0.7699 0.0492 0.0000
vt 0.8778 0.2452 0.0000
vt 0.3479 0.7303 0.0000
vt 0.3557 0.7270 0.0000
vt 0.7588 0.0392 0.0000
vt 0.7723 0.0395 0.0000
vt 0.2349 0.0241 0.0000
vt 0.2336 0.0286 0.0000
vt 0.2088 0.0299 0.0000
vt 0.2099 0.0254 0.0000
vt 0.3884 0.1832 0.0000
vt 0.3939 0.1842 0.0000
vt 0.4004 0.1855 0.0000
vt 0.3981 0.2109 0.0000
vt 0.3917 0.2101 0.0000
vt 0.7992 0.4653 0.0000
vt 0.7949 0.4651 0.0000
vt 0.8031 0.4666 0.0000
vt 0.8012 0.4792 0.0000
vt 0.7974 0.4779 0.0000
vt 0.7931 0.4775 0.0000
vt 0.7237 0.1922 0.0000
vt 0.7183 0.1943 0.0000
vt 0.7179 0.1797 0.0000
vt 0.7230 0.1779 0.0000
vt 0.7237 0.2127 0.0000
vt 0.7193 0.2149 0.0000
vt 0.9630 0.2851 0.0000
vt 0.9565 0.2853 0.0000
vt 0.9567 0.2748 0.0000
vt 0.9641 0.2749 0.0000
vt 0.1772 0.4296 0.0000
vt 0.1886 0.4281 0.0000
vt 0.1888 0.4364 0.0000
vt 0.1773 0.4367 0.0000
vt 0.1778 0.4456 0.0000
vt 0.1895 0.4465 0.0000
vt 0.1316 0.0924 0.0000
vt 0.1392 0.1003 0.0000
vt 0.1272 0.1051 0.0000
vt 0.1207 0.0978 0.0000
vt 0.8944 0.8227 0.0000
vt 0.8994 0.8146 0.0000
vt 0.8893 0.8315 0.0000
vt 0.8833 0.8204 0.0000
vt 0.8885 0.8110 0.0000
vt 0.8946 0.8031 0.0000
vt 0.9030 0.8105 0.0000
vt 0.8990 0.7997 0.0000
vt 0.9037 0.7964 0.0000
vt 0.9080 0.8068 0.0000
vt 0.8504 0.4097 0.0000
vt 0.8437 0.4120 0.0000
vt 0.8459 0.4013 0.0000
vt 0.8517 0.3999 0.0000
vt 0.8594 0.3972 0.0000
vt 0.8598 0.4057 0.0000
vt 0.2492 0.2413 0.0000
vt 0.2586 0.2443 0.0000
vt 0.2384 0.2552 0.0000
vt 0.2308 0.2533 0.0000
vt 0.2429 0.2393 0.0000
vt 0.4137 0.5260 0.0000
vt 0.3999 0.5350 0.0000
vt 0.3978 0.5284 0.0000
vt 0.4120 0.5198 0.0000
vt 0.4163 0.5355 0.0000
vt 0.4028 0.5436 0.0000
vt 0.4103 0.5121 0.0000
vt 0.3955 0.5190 0.0000
vt 0.3906 0.5111 0.0000
vt 0.4075 0.5059 0.0000
vt 0.2428 0.1121 0.0000
vt 0.2217 0.1255 0.0000
vt 0.2178 0.1167 0.0000
vt 0.2401 0.1046 0.0000
vt 0.2656 0.0908 0.0000
vt 0.2466 0.1202 0.0000
vt 0.2268 0.1355 0.0000
vt 0.2536 0.4986 0.0000
vt 0.2276 0.5040 0.0000
vt 0.2300 0.4919 0.0000
vt 0.2547 0.4900 0.0000
vt 0.2757 0.2507 0.0000
vt 0.2793 0.2390 0.0000
vt 0.2986 0.2443 0.0000
vt 0.2969 0.2582 0.0000
vt 0.2943 0.2773 0.0000
vt 0.2642 0.2342 0.0000
vt 0.4212 0.5520 0.0000
vt 0.4083 0.5577 0.0000
vt 0.4275 0.5701 0.0000
vt 0.4152 0.5732 0.0000
vt 0.5146 0.3926 0.0000
vt 0.5138 0.4027 0.0000
vt 0.5170 0.3827 0.0000
vt 0.6196 0.1707 0.0000
vt 0.6322 0.1562 0.0000
vt 0.6352 0.1673 0.0000
vt 0.5286 0.3913 0.0000
vt 0.5278 0.4007 0.0000
vt 0.5290 0.9548 0.0000
vt 0.5359 0.9548 0.0000
vt 0.5859 0.6744 0.0000
vt 0.5721 0.6752 0.0000
vt 0.5332 0.9436 0.0000
vt 0.5411 0.9439 0.0000
vt 0.6140 0.6872 0.0000
vt 0.6146 0.6928 0.0000
vt 0.5994 0.6941 0.0000
vt 0.5991 0.6885 0.0000
vt 0.5860 0.6949 0.0000
vt 0.5858 0.6893 0.0000
vt 0.5857 0.6828 0.0000
vt 0.5989 0.6819 0.0000
vt 0.6136 0.6807 0.0000
vt 0.5417 0.9541 0.0000
vt 0.5470 0.9532 0.0000
vt 0.5456 0.9640 0.0000
vt 0.5398 0.9657 0.0000
vt 0.5732 0.6884 0.0000
vt 0.5724 0.6824 0.0000
vt 0.5743 0.6941 0.0000
vt 0.5751 0.6998 0.0000
vt 0.5863 0.7005 0.0000
vt 0.5861 0.7078 0.0000
vt 0.5748 0.7075 0.0000
vt 0.5525 0.9524 0.0000
vt 0.5509 0.9625 0.0000
vt 0.5990 0.6731 0.0000
vt 0.6135 0.6721 0.0000
vt 0.0797 0.8356 0.0000
vt 0.0769 0.8262 0.0000
vt 0.5997 0.6997 0.0000
vt 0.6152 0.6984 0.0000
vt 0.5702 0.8918 0.0000
vt 0.5682 0.9050 0.0000
vt 0.5637 0.9058 0.0000
vt 0.5659 0.8923 0.0000
vt 0.6316 0.6973 0.0000
vt 0.6311 0.6918 0.0000
vt 0.6389 0.2157 0.0000
vt 0.6351 0.2073 0.0000
vt 0.6510 0.2021 0.0000
vt 0.6550 0.2103 0.0000
vt 0.6229 0.2212 0.0000
vt 0.6194 0.2125 0.0000
vt 0.6320 0.2003 0.0000
vt 0.6292 0.1939 0.0000
vt 0.6447 0.1898 0.0000
vt 0.6477 0.1955 0.0000
vt 0.6164 0.2052 0.0000
vt 0.6136 0.1988 0.0000
vt 0.5140 0.4103 0.0000
vt 0.5143 0.4163 0.0000
vt 0.4996 0.4184 0.0000
vt 0.4995 0.4121 0.0000
vt 0.5276 0.4074 0.0000
vt 0.5280 0.4129 0.0000
vt 0.4860 0.4267 0.0000
vt 0.4864 0.4205 0.0000
vt 0.4993 0.4241 0.0000
vt 0.6053 0.2174 0.0000
vt 0.6023 0.2099 0.0000
vt 0.5944 0.2210 0.0000
vt 0.5913 0.2135 0.0000
vt 0.5887 0.2063 0.0000
vt 0.5996 0.2031 0.0000
vt 0.4866 0.4140 0.0000
vt 0.4768 0.4230 0.0000
vt 0.4772 0.4161 0.0000
vt 0.4778 0.4079 0.0000
vt 0.0371 0.7926 0.0000
vt 0.0383 0.8023 0.0000
vt 0.0330 0.8032 0.0000
vt 0.0313 0.7936 0.0000
vt 0.5849 0.2156 0.0000
vt 0.5883 0.2230 0.0000
vt 0.0442 0.8108 0.0000
vt 0.0384 0.8108 0.0000
vt 0.0428 0.8188 0.0000
vt 0.5823 0.2081 0.0000
vt 0.6088 0.2262 0.0000
vt 0.0233 0.7950 0.0000
vt 0.5980 0.2299 0.0000
vt 0.7594 0.0262 0.0000
vt 0.7717 0.0274 0.0000
vt 0.7414 0.0370 0.0000
vt 0.7432 0.0234 0.0000
vt 0.7453 0.0064 0.0000
vt 0.7596 0.0101 0.0000
vt 0.7705 0.0118 0.0000
vt 0.5755 0.2015 0.0000
vt 0.5800 0.2004 0.0000
vt 0.1812 0.3289 0.0000
vt 0.1811 0.3240 0.0000
vt 0.5861 0.1992 0.0000
vt 0.0389 0.8190 0.0000
vt 0.0426 0.8271 0.0000
vt 0.0396 0.8272 0.0000
vt 0.3873 0.7102 0.0000
vt 0.4085 0.7006 0.0000
vt 0.5924 0.4499 0.0000
vt 0.6104 0.4578 0.0000
vt 0.6090 0.4664 0.0000
vt 0.5905 0.4596 0.0000
vt 0.4114 0.7093 0.0000
vt 0.3911 0.7195 0.0000
vt 0.4144 0.7177 0.0000
vt 0.3946 0.7285 0.0000
vt 0.6082 0.4742 0.0000
vt 0.5897 0.4685 0.0000
vt 0.6075 0.4817 0.0000
vt 0.5894 0.4767 0.0000
vt 0.4174 0.7259 0.0000
vt 0.3982 0.7374 0.0000
vt 0.4103 0.2116 0.0000
vt 0.4122 0.1877 0.0000
vt 0.4283 0.1904 0.0000
vt 0.4266 0.2126 0.0000
vt 0.4202 0.7338 0.0000
vt 0.4418 0.7232 0.0000
vt 0.4015 0.7460 0.0000
vt 0.6063 0.4895 0.0000
vt 0.5885 0.4852 0.0000
vt 0.4472 0.1936 0.0000
vt 0.4461 0.2139 0.0000
vt 0.4668 0.1959 0.0000
vt 0.4665 0.2143 0.0000
vt 0.4454 0.2269 0.0000
vt 0.4253 0.2263 0.0000
vt 0.4665 0.2265 0.0000
vt 0.4667 0.2355 0.0000
vt 0.4449 0.2362 0.0000
vt 0.4243 0.2357 0.0000
vt 0.4444 0.2455 0.0000
vt 0.4669 0.2445 0.0000
vt 0.4677 0.2570 0.0000
vt 0.4233 0.2451 0.0000
vt 0.6311 0.4673 0.0000
vt 0.6300 0.4748 0.0000
vt 0.6531 0.4772 0.0000
vt 0.6517 0.4837 0.0000
vt 0.6292 0.4818 0.0000
vt 0.6278 0.4891 0.0000
vt 0.6500 0.4904 0.0000
vt 0.6474 0.4974 0.0000
vt 0.6453 0.5045 0.0000
vt 0.6261 0.4964 0.0000
vt 0.4854 0.1955 0.0000
vt 0.5032 0.1940 0.0000
vt 0.5044 0.2099 0.0000
vt 0.4858 0.2126 0.0000
vt 0.7311 0.4917 0.0000
vt 0.7479 0.4896 0.0000
vt 0.7459 0.4968 0.0000
vt 0.7289 0.4993 0.0000
vt 0.7113 0.5012 0.0000
vt 0.7141 0.4934 0.0000
vt 0.4864 0.2241 0.0000
vt 0.5053 0.2208 0.0000
vt 0.8987 0.2443 0.0000
vt 0.9031 0.2431 0.0000
vt 0.9010 0.2311 0.0000
vt 0.0272 0.3386 0.0000
vt 0.0297 0.3448 0.0000
vt 0.0165 0.3421 0.0000
vt 0.0140 0.3377 0.0000
vt 0.7269 0.5071 0.0000
vt 0.7441 0.5042 0.0000
vt 0.7087 0.5092 0.0000
vt 0.3196 0.7479 0.0000
vt 0.3132 0.7528 0.0000
vt 0.0023 0.3420 0.0000
vt 0.0005 0.3357 0.0000
vt 0.0183 0.3495 0.0000
vt 0.0312 0.3529 0.0000
vt 0.0330 0.3593 0.0000
vt 0.0210 0.3546 0.0000
vt 0.0427 0.3556 0.0000
vt 0.0428 0.3464 0.0000
vt 0.0526 0.3516 0.0000
vt 0.0514 0.3597 0.0000
vt 0.0508 0.3656 0.0000
vt 0.0423 0.3631 0.0000
vt 0.8076 0.4675 0.0000
vt 0.8121 0.4675 0.0000
vt 0.8112 0.4793 0.0000
vt 0.8062 0.4798 0.0000
vt 0.0608 0.3569 0.0000
vt 0.0593 0.3637 0.0000
vt 0.3351 0.7887 0.0000
vt 0.3428 0.8011 0.0000
vt 0.3307 0.7914 0.0000
vt 0.3253 0.7830 0.0000
vt 0.5525 0.9728 0.0000
vt 0.5463 0.9739 0.0000
vt 0.5599 0.9731 0.0000
vt 0.5609 0.9835 0.0000
vt 0.5535 0.9840 0.0000
vt 0.5461 0.9845 0.0000
vt 0.5649 0.1809 0.0000
vt 0.5682 0.1931 0.0000
vt 0.5635 0.1939 0.0000
vt 0.5603 0.1815 0.0000
vt 0.0475 0.8500 0.0000
vt 0.0424 0.8369 0.0000
vt 0.0469 0.8370 0.0000
vt 0.5396 0.9752 0.0000
vt 0.5383 0.9841 0.0000
vt 0.1040 0.6349 0.0000
vt 0.1007 0.6300 0.0000
vt 0.0904 0.6372 0.0000
vt 0.5382 0.7049 0.0000
vt 0.5485 0.7028 0.0000
vt 0.5476 0.7163 0.0000
vt 0.5415 0.7190 0.0000
vt 0.5362 0.6945 0.0000
vt 0.5486 0.6933 0.0000
vt 0.0848 0.6493 0.0000
vt 0.0804 0.6392 0.0000
vt 0.0775 0.6529 0.0000
vt 0.0727 0.6432 0.0000
vt 0.5504 0.9943 0.0000
vt 0.5422 0.9934 0.0000
vt 0.5708 0.9760 0.0000
vt 0.5712 0.9832 0.0000
vt 0.6691 0.4984 0.0000
vt 0.6843 0.5043 0.0000
vt 0.6803 0.5100 0.0000
vt 0.6659 0.5048 0.0000
vt 0.6722 0.4923 0.0000
vt 0.6878 0.4987 0.0000
vt 0.0670 0.6484 0.0000
vt 0.0716 0.6565 0.0000
vt 0.6630 0.5114 0.0000
vt 0.6766 0.5162 0.0000
vt 0.6972 0.4969 0.0000
vt 0.6900 0.4936 0.0000
vt 0.6996 0.4990 0.0000
vt 0.0620 0.6654 0.0000
vt 0.0676 0.6629 0.0000
vt 0.6942 0.5018 0.0000
vt 0.6898 0.5069 0.0000
vt 0.0738 0.6601 0.0000
vt 0.6845 0.5121 0.0000
vt 0.6743 0.4864 0.0000
vt 0.0871 0.6532 0.0000
vt 0.0999 0.6534 0.0000
vt 0.0907 0.6575 0.0000
vt 0.0837 0.6606 0.0000
vt 0.0801 0.6567 0.0000
vt 0.7904 0.4647 0.0000
vt 0.7887 0.4774 0.0000
vt 0.7830 0.4644 0.0000
vt 0.7806 0.4771 0.0000
vt 0.5229 0.2071 0.0000
vt 0.5211 0.1922 0.0000
vt 0.7702 0.4653 0.0000
vt 0.7734 0.4515 0.0000
vt 0.7665 0.4777 0.0000
vt 0.4471 0.4345 0.0000
vt 0.4540 0.4334 0.0000
vt 0.4546 0.4411 0.0000
vt 0.4472 0.4420 0.0000
vt 0.4415 0.4419 0.0000
vt 0.4416 0.4351 0.0000
vt 0.4423 0.4261 0.0000
vt 0.4478 0.4250 0.0000
vt 0.4542 0.4239 0.0000
vt 0.8801 0.6676 0.0000
vt 0.8742 0.6589 0.0000
vt 0.8839 0.6546 0.0000
vt 0.8890 0.6633 0.0000
vt 0.2595 0.8567 0.0000
vt 0.2543 0.8651 0.0000
vt 0.8738 0.6711 0.0000
vt 0.8678 0.6628 0.0000
vt 0.8650 0.6262 0.0000
vt 0.8593 0.6298 0.0000
vt 0.8730 0.6223 0.0000
vt 0.8762 0.6354 0.0000
vt 0.8683 0.6392 0.0000
vt 0.2327 0.8432 0.0000
vt 0.2282 0.8513 0.0000
vt 0.2187 0.8420 0.0000
vt 0.2232 0.8342 0.0000
vt 0.8798 0.6457 0.0000
vt 0.8708 0.6496 0.0000
vt 0.2413 0.8483 0.0000
vt 0.2502 0.8519 0.0000
vt 0.2448 0.8610 0.0000
vt 0.2363 0.8569 0.0000
vt 0.8693 0.2537 0.0000
vt 0.8640 0.2526 0.0000
vt 0.8671 0.2375 0.0000
vt 0.8735 0.2386 0.0000
vt 0.2157 0.8479 0.0000
vt 0.2260 0.8573 0.0000
vt 0.2245 0.8626 0.0000
vt 0.2133 0.8533 0.0000
vt 0.2312 0.4007 0.0000
vt 0.2457 0.4036 0.0000
vt 0.2437 0.4086 0.0000
vt 0.2296 0.4075 0.0000
vt 0.2422 0.4131 0.0000
vt 0.2292 0.4129 0.0000
vt 0.2207 0.4126 0.0000
vt 0.2208 0.4071 0.0000
vt 0.2223 0.4004 0.0000
vt 0.1633 0.5578 0.0000
vt 0.1695 0.5664 0.0000
vt 0.1517 0.5726 0.0000
vt 0.1568 0.5473 0.0000
vt 0.1692 0.5405 0.0000
vt 0.1756 0.5519 0.0000
vt 0.1827 0.5628 0.0000
vt 0.8348 0.4126 0.0000
vt 0.8399 0.4258 0.0000
vt 0.8321 0.4269 0.0000
vt 0.8240 0.4284 0.0000
vt 0.8246 0.4147 0.0000
vt 0.8244 0.4038 0.0000
vt 0.8356 0.4001 0.0000
vt 0.3338 0.5741 0.0000
vt 0.3283 0.5657 0.0000
vt 0.3544 0.5561 0.0000
vt 0.3601 0.5659 0.0000
vt 0.3672 0.5770 0.0000
vt 0.3400 0.5827 0.0000
vt 0.3377 0.1724 0.0000
vt 0.3239 0.1702 0.0000
vt 0.3259 0.5602 0.0000
vt 0.3245 0.5557 0.0000
vt 0.3504 0.5466 0.0000
vt 0.3520 0.5506 0.0000
vt 0.3886 0.5396 0.0000
vt 0.3781 0.5428 0.0000
vt 0.3765 0.5369 0.0000
vt 0.3871 0.5328 0.0000
vt 0.3914 0.5473 0.0000
vt 0.3807 0.5497 0.0000
vt 0.3758 0.5632 0.0000
vt 0.3701 0.5520 0.0000
vt 0.3864 0.5617 0.0000
vt 0.3935 0.5755 0.0000
vt 0.3830 0.5763 0.0000
vt 0.3676 0.5458 0.0000
vt 0.3660 0.5410 0.0000
vt 0.1417 0.0441 0.0000
vt 0.1430 0.0330 0.0000
vt 0.1630 0.0339 0.0000
vt 0.1623 0.0458 0.0000
vt 0.1607 0.0599 0.0000
vt 0.1399 0.0586 0.0000
vt 0.3971 0.5601 0.0000
vt 0.4041 0.5745 0.0000
vt 0.4088 0.2258 0.0000
vt 0.3967 0.2254 0.0000
vt 0.4073 0.2353 0.0000
vt 0.1838 0.0456 0.0000
vt 0.1844 0.0347 0.0000
vt 0.1933 0.0349 0.0000
vt 0.1923 0.0447 0.0000
vt 0.1442 0.0259 0.0000
vt 0.1637 0.0267 0.0000
vt 0.1760 0.0274 0.0000
vt 0.1756 0.0345 0.0000
vt 0.1756 0.0209 0.0000
vt 0.1847 0.0219 0.0000
vt 0.1848 0.0282 0.0000
vt 0.1750 0.0459 0.0000
vt 0.4060 0.2446 0.0000
vt 0.1734 0.0595 0.0000
vt 0.6826 0.1441 0.0000
vt 0.6891 0.1348 0.0000
vt 0.6998 0.1539 0.0000
vt 0.6925 0.1635 0.0000
vt 0.3911 0.7701 0.0000
vt 0.3980 0.7904 0.0000
vt 0.3867 0.7984 0.0000
vt 0.1940 0.0291 0.0000
vt 0.1945 0.0240 0.0000
vt 0.2075 0.0349 0.0000
vt 0.7818 0.0301 0.0000
vt 0.7831 0.0415 0.0000
vt 0.7799 0.0146 0.0000
vt 0.3788 0.7392 0.0000
vt 0.3826 0.7483 0.0000
vt 0.3714 0.7563 0.0000
vt 0.3674 0.7470 0.0000
vt 0.3809 0.8027 0.0000
vt 0.3778 0.8052 0.0000
vt 0.3697 0.7845 0.0000
vt 0.3740 0.7823 0.0000
vt 0.7035 0.1494 0.0000
vt 0.6924 0.1299 0.0000
vt 0.8742 0.1857 0.0000
vt 0.8778 0.1863 0.0000
vt 0.8790 0.1998 0.0000
vt 0.8752 0.1992 0.0000
vt 0.8800 0.2097 0.0000
vt 0.8763 0.2088 0.0000
vt 0.3651 0.7589 0.0000
vt 0.3751 0.7654 0.0000
vt 0.3690 0.7687 0.0000
vt 0.3800 0.7784 0.0000
vt 0.6977 0.1757 0.0000
vt 0.7050 0.1662 0.0000
vt 0.7088 0.1749 0.0000
vt 0.7018 0.1842 0.0000
vt 0.3861 0.7572 0.0000
vt 0.9315 0.6389 0.0000
vt 0.9440 0.6366 0.0000
vt 0.9458 0.6458 0.0000
vt 0.9341 0.6479 0.0000
vt 0.2996 0.7935 0.0000
vt 0.3059 0.8006 0.0000
vt 0.2916 0.8135 0.0000
vt 0.2846 0.8070 0.0000
vt 0.2776 0.7992 0.0000
vt 0.2936 0.7848 0.0000
vt 0.9286 0.6295 0.0000
vt 0.9423 0.6270 0.0000
vt 0.8770 0.2189 0.0000
vt 0.8801 0.2206 0.0000
vt 0.7819 0.0481 0.0000
vt 0.7826 0.0462 0.0000
vt 0.3610 0.7493 0.0000
vt 0.9365 0.6569 0.0000
vt 0.9474 0.6551 0.0000
vt 0.9231 0.6586 0.0000
vt 0.9202 0.6495 0.0000
vt 0.9514 0.6138 0.0000
vt 0.9436 0.6152 0.0000
vt 0.9560 0.6133 0.0000
vt 0.9526 0.6250 0.0000
vt 0.9489 0.6256 0.0000
vt 0.9502 0.6354 0.0000
vt 0.3118 0.7684 0.0000
vt 0.3155 0.7649 0.0000
vt 0.3200 0.7746 0.0000
vt 0.3166 0.7780 0.0000
vt 0.3221 0.7857 0.0000
vt 0.9513 0.6449 0.0000
vt 0.9276 0.6180 0.0000
vt 0.2706 0.7890 0.0000
vt 0.2885 0.7730 0.0000
vt 0.9100 0.6201 0.0000
vt 0.3229 0.5496 0.0000
vt 0.3484 0.5390 0.0000
vt 0.3207 0.5418 0.0000
vt 0.3451 0.5307 0.0000
vt 0.3275 0.7936 0.0000
vt 0.9523 0.6545 0.0000
vt 0.1739 0.0099 0.0000
vt 0.3656 0.2405 0.0000
vt 0.3772 0.2401 0.0000
vt 0.3713 0.5092 0.0000
vt 0.3784 0.5154 0.0000
vt 0.3688 0.5193 0.0000
vt 0.3618 0.5130 0.0000
vt 0.1835 0.0109 0.0000
vt 0.3737 0.1790 0.0000
vt 0.3823 0.1810 0.0000
vt 0.2348 0.0143 0.0000
vt 0.2086 0.0143 0.0000
vt 0.2366 0.0064 0.0000
vt 0.2105 0.0064 0.0000
vt 0.1931 0.0125 0.0000
vt 0.1950 0.0043 0.0000
vt 0.3792 0.2304 0.0000
vt 0.3673 0.2304 0.0000
vt 0.3691 0.2205 0.0000
vt 0.3807 0.2212 0.0000
vt 0.3635 0.5327 0.0000
vt 0.3737 0.5279 0.0000
vt 0.3592 0.5229 0.0000
vt 0.3639 0.8130 0.0000
vt 0.3787 0.8387 0.0000
vt 0.3736 0.8413 0.0000
vt 0.0739 0.3535 0.0000
vt 0.0930 0.3601 0.0000
vt 0.8995 0.1815 0.0000
vt 0.8921 0.1822 0.0000
vt 0.8884 0.1609 0.0000
vt 0.8955 0.1601 0.0000
vt 0.3838 0.5238 0.0000
vt 0.0409 0.3381 0.0000
vt 0.8951 0.2191 0.0000
vt 0.9044 0.2179 0.0000
vt 0.8942 0.2076 0.0000
vt 0.9032 0.2065 0.0000
vt 0.3417 0.7692 0.0000
vt 0.3341 0.7751 0.0000
vt 0.3294 0.7639 0.0000
vt 0.3372 0.7575 0.0000
vt 0.8827 0.1625 0.0000
vt 0.8843 0.1846 0.0000
vt 0.8785 0.1634 0.0000
vt 0.8759 0.1351 0.0000
vt 0.8787 0.1347 0.0000
vt 0.8853 0.1989 0.0000
vt 0.8931 0.1971 0.0000
vt 0.8862 0.2090 0.0000
vt 0.9015 0.1959 0.0000
vt 0.0609 0.3485 0.0000
vt 0.3463 0.7801 0.0000
vt 0.3396 0.7853 0.0000
vt 0.8861 0.6430 0.0000
vt 0.8898 0.6518 0.0000
vt 0.8826 0.6331 0.0000
vt 0.2500 0.8390 0.0000
vt 0.2413 0.8335 0.0000
vt 0.2479 0.8268 0.0000
vt 0.2560 0.8325 0.0000
vt 0.2637 0.8375 0.0000
vt 0.2582 0.8434 0.0000
vt 0.8864 0.2204 0.0000
vt 0.9001 0.6587 0.0000
vt 0.8941 0.6604 0.0000
vt 0.8955 0.6505 0.0000
vt 0.1591 0.6890 0.0000
vt 0.1534 0.6764 0.0000
vt 0.1719 0.6708 0.0000
vt 0.1790 0.6818 0.0000
vt 0.2528 0.8057 0.0000
vt 0.2611 0.8143 0.0000
vt 0.2389 0.8192 0.0000
vt 0.2688 0.8210 0.0000
vt 0.2762 0.8268 0.0000
vt 0.8796 0.6205 0.0000
vt 0.2317 0.8261 0.0000
vt 0.2971 0.1617 0.0000
vt 0.3024 0.1638 0.0000
vt 0.2870 0.1912 0.0000
vt 0.2806 0.1898 0.0000
vt 0.3122 0.1286 0.0000
vt 0.3161 0.1310 0.0000
vt 0.3117 0.1670 0.0000
vt 0.3444 0.5906 0.0000
vt 0.3736 0.5884 0.0000
vt 0.2994 0.1938 0.0000
vt 0.2836 0.8326 0.0000
vt 0.2985 0.8199 0.0000
vt 0.2716 0.8428 0.0000
vt 0.2835 0.2287 0.0000
vt 0.3017 0.2328 0.0000
vt 0.2691 0.2248 0.0000
vt 0.2739 0.2157 0.0000
vt 0.2879 0.2190 0.0000
vt 0.4004 0.5884 0.0000
vt 0.4109 0.5876 0.0000
vt 0.2717 0.2051 0.0000
vt 0.2786 0.2066 0.0000
vt 0.2672 0.2139 0.0000
vt 0.1568 0.4275 0.0000
vt 0.1514 0.4269 0.0000
vt 0.1512 0.4192 0.0000
vt 0.1566 0.4200 0.0000
vt 0.2671 0.2028 0.0000
vt 0.3947 0.0091 0.0000
vt 0.4010 0.0064 0.0000
vt 0.4015 0.0196 0.0000
vt 0.3945 0.0223 0.0000
vt 0.2923 0.2094 0.0000
vt 0.3149 0.1964 0.0000
vt 0.3094 0.2124 0.0000
vt 0.3900 0.5888 0.0000
vt 0.1843 0.5083 0.0000
vt 0.1704 0.5103 0.0000
vt 0.1746 0.4942 0.0000
vt 0.1881 0.4932 0.0000
vt 0.2008 0.4927 0.0000
vt 0.1974 0.5074 0.0000
vt 0.1947 0.5220 0.0000
vt 0.1813 0.5233 0.0000
vt 0.1673 0.5258 0.0000
vt 0.2624 0.2227 0.0000
vt 0.2569 0.2317 0.0000
vt 0.8465 0.3929 0.0000
vt 0.8522 0.3922 0.0000
vt 0.8463 0.3856 0.0000
vt 0.8520 0.3851 0.0000
vt 0.2103 0.5066 0.0000
vt 0.2134 0.4924 0.0000
vt 0.2081 0.5210 0.0000
vt 0.1530 0.5404 0.0000
vt 0.1667 0.5341 0.0000
vt 0.1521 0.5304 0.0000
vt 0.1552 0.5136 0.0000
vt 0.1432 0.5003 0.0000
vt 0.1600 0.4962 0.0000
vt 0.2844 0.8947 0.0000
vt 0.2618 0.8857 0.0000
vt 0.0708 0.7488 0.0000
vt 0.0714 0.7728 0.0000
vt 0.0663 0.7714 0.0000
vt 0.2814 0.9005 0.0000
vt 0.7126 0.1107 0.0000
vt 0.7194 0.1342 0.0000
vt 0.7138 0.1356 0.0000
vt 0.7084 0.1119 0.0000
vt 0.7410 0.1619 0.0000
vt 0.7383 0.1533 0.0000
vt 0.7502 0.1504 0.0000
vt 0.7529 0.1589 0.0000
vt 0.7287 0.1651 0.0000
vt 0.7261 0.1564 0.0000
vt 0.2281 0.4176 0.0000
vt 0.2197 0.4173 0.0000
vt 0.2502 0.8762 0.0000
vt 0.7171 0.1494 0.0000
vt 0.7229 0.1478 0.0000
vt 0.7202 0.1581 0.0000
vt 0.7202 0.1087 0.0000
vt 0.7282 0.1066 0.0000
vt 0.7408 0.1290 0.0000
vt 0.7302 0.1316 0.0000
vt 0.7051 0.0821 0.0000
vt 0.7350 0.1449 0.0000
vt 0.7468 0.1421 0.0000
vt 0.7219 0.1671 0.0000
vt 0.7191 0.1686 0.0000
vt 0.2313 0.8735 0.0000
vt 0.2332 0.8684 0.0000
vt 0.2413 0.8726 0.0000
vt 0.3249 0.9916 0.0000
vt 0.3311 0.9845 0.0000
vt 0.3390 0.9908 0.0000
vt 0.3309 0.9973 0.0000
vt 0.1661 0.9663 0.0000
vt 0.1688 0.9582 0.0000
vt 0.1713 0.9493 0.0000
vt 0.1845 0.9486 0.0000
vt 0.1814 0.9589 0.0000
vt 0.7866 0.1446 0.0000
vt 0.7819 0.1362 0.0000
vt 0.7905 0.1324 0.0000
vt 0.7957 0.1407 0.0000
vt 0.3451 0.9823 0.0000
vt 0.3360 0.9771 0.0000
vt 0.3239 0.9766 0.0000
vt 0.7779 0.1481 0.0000
vt 0.7737 0.1394 0.0000
vt 0.1746 0.9383 0.0000
vt 0.1876 0.9380 0.0000
vt 0.8661 0.7276 0.0000
vt 0.8706 0.7250 0.0000
vt 0.8813 0.7479 0.0000
vt 0.8774 0.7509 0.0000
vt 0.8735 0.7553 0.0000
vt 0.8618 0.7310 0.0000
vt 0.7757 0.1278 0.0000
vt 0.7692 0.1307 0.0000
vt 0.2164 0.9510 0.0000
vt 0.7831 0.1244 0.0000
vt 0.8842 0.7661 0.0000
vt 0.8879 0.7630 0.0000
vt 0.8930 0.7743 0.0000
vt 0.8890 0.7773 0.0000
vt 0.8846 0.7811 0.0000
vt 0.8802 0.7706 0.0000
vt 0.8863 0.7434 0.0000
vt 0.8752 0.7215 0.0000
vt 0.2621 0.0860 0.0000
vt 0.2371 0.0970 0.0000
vt 0.2137 0.1075 0.0000
vt 0.2681 0.4517 0.0000
vt 0.2672 0.4595 0.0000
vt 0.2400 0.4570 0.0000
vt 0.2408 0.4476 0.0000
vt 0.2403 0.4365 0.0000
vt 0.2685 0.4433 0.0000
vt 0.2679 0.4658 0.0000
vt 0.2682 0.4689 0.0000
vt 0.8579 0.7373 0.0000
vt 0.1968 0.0863 0.0000
vt 0.1881 0.0788 0.0000
vt 0.2190 0.0716 0.0000
vt 0.8985 0.7855 0.0000
vt 0.8943 0.7886 0.0000
vt 0.8892 0.7919 0.0000
vt 0.9476 0.2641 0.0000
vt 0.9461 0.2543 0.0000
vt 0.9568 0.2570 0.0000
vt 0.9570 0.2663 0.0000
vt 0.9488 0.2739 0.0000
vt 0.9404 0.2730 0.0000
vt 0.9386 0.2621 0.0000
vt 0.9365 0.2512 0.0000
vt 0.9454 0.2429 0.0000
vt 0.9356 0.2397 0.0000
vt 0.9559 0.2454 0.0000
vt 0.0114 0.3600 0.0000
vt 0.0086 0.3678 0.0000
vt 0.3454 0.9989 0.0000
vt 0.9314 0.2832 0.0000
vt 0.9313 0.2712 0.0000
vt 0.9399 0.2860 0.0000
vt 0.3509 0.9919 0.0000
vt 0.9193 0.2576 0.0000
vt 0.9170 0.2462 0.0000
vt 0.9257 0.2492 0.0000
vt 0.9285 0.2605 0.0000
vt 0.9487 0.2858 0.0000
vt 0.9138 0.7709 0.0000
vt 0.9207 0.7811 0.0000
vt 0.9117 0.7897 0.0000
vt 0.9057 0.7790 0.0000
vt 0.8993 0.7685 0.0000
vt 0.9063 0.7614 0.0000
vt 0.9249 0.2374 0.0000
vt 0.9177 0.2346 0.0000
vt 0.2119 0.9650 0.0000
vt 0.2303 0.9636 0.0000
vt 0.2291 0.9729 0.0000
vt 0.2108 0.9756 0.0000
vt 0.8935 0.7579 0.0000
vt 0.1983 0.1149 0.0000
vt 0.2033 0.1251 0.0000
vt 0.8995 0.7518 0.0000
vt 0.1659 0.1668 0.0000
vt 0.1780 0.1583 0.0000
vt 0.1861 0.1731 0.0000
vt 0.1745 0.1824 0.0000
vt 0.1586 0.1527 0.0000
vt 0.1707 0.1451 0.0000
vt 0.1886 0.1503 0.0000
vt 0.1985 0.1427 0.0000
vt 0.2054 0.1553 0.0000
vt 0.1962 0.1640 0.0000
vt 0.1819 0.1382 0.0000
vt 0.9130 0.7544 0.0000
vt 0.9207 0.7629 0.0000
vt 0.9173 0.8005 0.0000
vt 0.9232 0.8143 0.0000
vt 0.9271 0.7924 0.0000
vt 0.1524 0.1377 0.0000
vt 0.2185 0.9413 0.0000
vt 0.2350 0.9420 0.0000
vt 0.2061 0.9500 0.0000
vt 0.2086 0.9400 0.0000
vt 0.2116 0.9299 0.0000
vt 0.2211 0.9314 0.0000
vt 0.2369 0.9326 0.0000
vt 0.9051 0.7459 0.0000
vt 0.2082 0.1351 0.0000
vt 0.2163 0.4833 0.0000
vt 0.2327 0.4836 0.0000
vt 0.2143 0.1465 0.0000
vt 0.1986 0.9387 0.0000
vt 0.1958 0.9490 0.0000
vt 0.5221 0.1420 0.0000
vt 0.5121 0.1457 0.0000
vt 0.5139 0.1363 0.0000
vt 0.5237 0.1332 0.0000
vt 0.2020 0.9284 0.0000
vt 0.2678 0.9262 0.0000
vt 0.2402 0.9248 0.0000
vt 0.2451 0.9159 0.0000
vt 0.2719 0.9185 0.0000
vt 0.7343 0.1050 0.0000
vt 0.2651 0.9335 0.0000
vt 0.2250 0.9229 0.0000
vt 0.2160 0.9207 0.0000
vt 0.2220 0.9102 0.0000
vt 0.2305 0.9132 0.0000
vt 0.2645 0.9415 0.0000
vt 0.2070 0.9186 0.0000
vt 0.5169 0.1262 0.0000
vt 0.5267 0.1240 0.0000
vt 0.2134 0.9074 0.0000
vt 0.8080 0.5045 0.0000
vt 0.8069 0.4965 0.0000
vt 0.8127 0.4957 0.0000
vt 0.8145 0.5034 0.0000
vt 0.8008 0.5041 0.0000
vt 0.8006 0.4964 0.0000
vt 0.8061 0.4889 0.0000
vt 0.8005 0.4887 0.0000
vt 0.8114 0.4881 0.0000
vt 0.0503 0.8116 0.0000
vt 0.0488 0.8195 0.0000
vt 0.0559 0.8126 0.0000
vt 0.0536 0.8201 0.0000
vt 0.0472 0.8273 0.0000
vt 0.0516 0.8276 0.0000
vt 0.0508 0.8371 0.0000
vt 0.7965 0.4874 0.0000
vt 0.7959 0.4952 0.0000
vt 0.7918 0.4936 0.0000
vt 0.7924 0.4859 0.0000
vt 0.7644 0.4875 0.0000
vt 0.7785 0.4865 0.0000
vt 0.7770 0.4945 0.0000
vt 0.7627 0.4953 0.0000
vt 0.7506 0.4801 0.0000
vt 0.7911 0.5012 0.0000
vt 0.7849 0.5002 0.0000
vt 0.7758 0.5015 0.0000
vt 0.7858 0.4933 0.0000
vt 0.7955 0.5028 0.0000
vt 0.7961 0.5111 0.0000
vt 0.2643 0.0416 0.0000
vt 0.2639 0.0358 0.0000
vt 0.7870 0.4862 0.0000
vt 0.7610 0.5022 0.0000
vt 0.1802 0.5310 0.0000
vt 0.1935 0.5299 0.0000
vt 0.1948 0.5365 0.0000
vt 0.1820 0.5374 0.0000
vt 0.1462 0.8349 0.0000
vt 0.1357 0.8351 0.0000
vt 0.1362 0.8242 0.0000
vt 0.1461 0.8237 0.0000
vt 0.8358 0.3905 0.0000
vt 0.8239 0.3938 0.0000
vt 0.8237 0.3847 0.0000
vt 0.8360 0.3827 0.0000
vt 0.2082 0.5352 0.0000
vt 0.2121 0.5459 0.0000
vt 0.2538 0.1908 0.0000
vt 0.2427 0.1841 0.0000
vt 0.2158 0.5541 0.0000
vt 0.2053 0.5582 0.0000
vt 0.1997 0.5484 0.0000
vt 0.2071 0.5288 0.0000
vt 0.1876 0.5498 0.0000
vt 0.1944 0.5606 0.0000
vt 0.2623 0.1979 0.0000
vt 0.2578 0.2070 0.0000
vt 0.2477 0.2002 0.0000
vt 0.1433 0.4033 0.0000
vt 0.1409 0.4191 0.0000
vt 0.1299 0.4151 0.0000
vt 0.1345 0.4004 0.0000
vt 0.1510 0.4063 0.0000
vt 0.1405 0.4275 0.0000
vt 0.0652 0.8477 0.0000
vt 0.0665 0.8357 0.0000
vt 0.0751 0.8379 0.0000
vt 0.0766 0.8494 0.0000
vt 0.9699 0.2569 0.0000
vt 0.9675 0.2665 0.0000
vt 0.2001 0.4245 0.0000
vt 0.2122 0.4215 0.0000
vt 0.2138 0.4350 0.0000
vt 0.2011 0.4357 0.0000
vt 0.9678 0.2446 0.0000
vt 0.7767 0.0753 0.0000
vt 0.7886 0.0711 0.0000
vt 0.2247 0.4345 0.0000
vt 0.2229 0.4228 0.0000
vt 0.2246 0.4471 0.0000
vt 0.1816 0.0700 0.0000
vt 0.1711 0.0847 0.0000
vt 0.1633 0.0746 0.0000
vt 0.1611 0.0897 0.0000
vt 0.1525 0.0794 0.0000
vt 0.2137 0.4481 0.0000
vt 0.2016 0.4480 0.0000
vt 0.2018 0.4579 0.0000
vt 0.1900 0.4539 0.0000
vt 0.2134 0.4580 0.0000
vt 0.8827 0.8001 0.0000
vt 0.8755 0.8106 0.0000
vt 0.8704 0.8005 0.0000
vt 0.8781 0.7899 0.0000
vt 0.8738 0.7799 0.0000
vt 0.8676 0.7906 0.0000
vt 0.8628 0.7741 0.0000
vt 0.8676 0.7642 0.0000
vt 0.4475 0.0611 0.0000
vt 0.4478 0.0568 0.0000
vt 0.0436 0.9259 0.0000
vt 0.0351 0.9485 0.0000
vt 0.0274 0.9502 0.0000
vt 0.0402 0.9252 0.0000
vt 0.3861 0.9781 0.0000
vt 0.3863 0.9851 0.0000
vt 0.3806 0.9833 0.0000
vt 0.3803 0.9765 0.0000
vt 0.0329 0.9597 0.0000
vt 0.0261 0.9602 0.0000
vt 0.9415 0.4053 0.0000
vt 0.9494 0.4048 0.0000
vt 0.9500 0.4117 0.0000
vt 0.9424 0.4119 0.0000
vt 0.0284 0.9746 0.0000
vt 0.0272 0.9664 0.0000
vt 0.0340 0.9659 0.0000
vt 0.0353 0.9744 0.0000
vt 0.9574 0.4043 0.0000
vt 0.9579 0.4114 0.0000
vt 0.9651 0.4034 0.0000
vt 0.9657 0.4107 0.0000
vt 0.0638 0.4296 0.0000
vt 0.0571 0.4288 0.0000
vt 0.0568 0.4207 0.0000
vt 0.0636 0.4213 0.0000
vt 0.0637 0.4386 0.0000
vt 0.0567 0.4379 0.0000
vt 0.0079 0.1459 0.0000
vt 0.0124 0.1519 0.0000
vt 0.0053 0.1550 0.0000
vt 0.0005 0.1487 0.0000
vt 0.0570 0.4458 0.0000
vt 0.0643 0.4462 0.0000
vt 0.9357 0.9454 0.0000
vt 0.9297 0.9494 0.0000
vt 0.9274 0.9425 0.0000
vt 0.9334 0.9387 0.0000
vt 0.9404 0.9363 0.0000
vt 0.9424 0.9431 0.0000
vt 0.0340 0.1982 0.0000
vt 0.0208 0.1785 0.0000
vt 0.0332 0.1719 0.0000
vt 0.8379 0.1370 0.0000
vt 0.8302 0.1321 0.0000
vt 0.0252 0.2034 0.0000
vt 0.0101 0.1819 0.0000
vt 0.9448 0.9349 0.0000
vt 0.9472 0.9422 0.0000
vt 0.9520 0.9292 0.0000
vt 0.9550 0.9397 0.0000
vt 0.4510 0.0502 0.0000
vt 0.4214 0.0529 0.0000
vt 0.4283 0.0442 0.0000
vt 0.9755 0.9240 0.0000
vt 0.9649 0.9422 0.0000
vt 0.3735 0.9750 0.0000
vt 0.3733 0.9817 0.0000
vt 0.3660 0.9793 0.0000
vt 0.3666 0.9731 0.0000
vt 0.3688 0.9668 0.0000
vt 0.3747 0.9679 0.0000
vt 0.0358 0.9119 0.0000
vt 0.0442 0.9148 0.0000
vt 0.0358 0.9214 0.0000
vt 0.0190 0.9753 0.0000
vt 0.0092 0.9756 0.0000
vt 0.0093 0.9690 0.0000
vt 0.0184 0.9677 0.0000
vt 0.9438 0.4211 0.0000
vt 0.9508 0.4217 0.0000
vt 0.9513 0.4318 0.0000
vt 0.9454 0.4304 0.0000
vt 0.9586 0.4221 0.0000
vt 0.9585 0.4329 0.0000
vt 0.9659 0.4220 0.0000
vt 0.9650 0.4336 0.0000
vt 0.0455 0.4274 0.0000
vt 0.0332 0.4258 0.0000
vt 0.0341 0.4197 0.0000
vt 0.0458 0.4202 0.0000
vt 0.0446 0.4356 0.0000
vt 0.0320 0.4331 0.0000
vt 0.0448 0.4433 0.0000
vt 0.0447 0.4497 0.0000
vt 0.0323 0.4454 0.0000
vt 0.0319 0.4400 0.0000
vt 0.0565 0.4514 0.0000
vt 0.0005 0.9746 0.0000
vt 0.0007 0.9689 0.0000
vt 0.9507 0.4398 0.0000
vt 0.9458 0.4385 0.0000
vt 0.9855 0.2056 0.0000
vt 0.9881 0.2106 0.0000
vt 0.9845 0.2122 0.0000
vt 0.9813 0.2099 0.0000
vt 0.9769 0.2076 0.0000
vt 0.9810 0.2021 0.0000
vt 0.9569 0.4411 0.0000
vt 0.9547 0.4459 0.0000
vt 0.9507 0.4438 0.0000
vt 0.9625 0.4420 0.0000
vt 0.0736 0.6777 0.0000
vt 0.0674 0.6759 0.0000
vt 0.0696 0.6709 0.0000
vt 0.0745 0.6708 0.0000
vt 0.9396 0.9560 0.0000
vt 0.9447 0.9531 0.0000
vt 0.9485 0.9633 0.0000
vt 0.9451 0.9668 0.0000
vt 0.9424 0.9715 0.0000
vt 0.9348 0.9606 0.0000
vt 0.0235 0.4247 0.0000
vt 0.0166 0.4234 0.0000
vt 0.0194 0.4196 0.0000
vt 0.0248 0.4192 0.0000
vt 0.0220 0.4315 0.0000
vt 0.0149 0.4295 0.0000
vt 0.9785 0.2164 0.0000
vt 0.9730 0.2157 0.0000
vt 0.9834 0.2168 0.0000
vt 0.9824 0.2213 0.0000
vt 0.9777 0.2229 0.0000
vt 0.9714 0.2230 0.0000
vt 0.9682 0.2145 0.0000
vt 0.9649 0.2132 0.0000
vt 0.9664 0.2066 0.0000
vt 0.9716 0.2068 0.0000
vt 0.9662 0.2212 0.0000
vt 0.9552 0.9878 0.0000
vt 0.9554 0.9836 0.0000
vt 0.9615 0.9827 0.0000
vt 0.9631 0.9861 0.0000
vt 0.0217 0.4378 0.0000
vt 0.0225 0.4426 0.0000
vt 0.9477 0.9844 0.0000
vt 0.9489 0.9794 0.0000
vt 0.0145 0.4350 0.0000
vt 0.9619 0.9530 0.0000
vt 0.9622 0.9605 0.0000
vt 0.9566 0.9600 0.0000
vt 0.9551 0.9513 0.0000
vt 0.4180 0.0408 0.0000
vt 0.8095 0.1954 0.0000
vt 0.8110 0.1873 0.0000
vt 0.8175 0.1904 0.0000
vt 0.3632 0.9649 0.0000
vt 0.3600 0.9700 0.0000
vt 0.3592 0.9758 0.0000
vt 0.9752 0.2004 0.0000
vt 0.8124 0.1699 0.0000
vt 0.8177 0.1731 0.0000
vt 0.8131 0.1795 0.0000
vt 0.8080 0.1770 0.0000
vt 0.9523 0.9610 0.0000
vt 0.9567 0.9695 0.0000
vt 0.9600 0.9761 0.0000
vt 0.9564 0.9753 0.0000
vt 0.9528 0.9708 0.0000
vt 0.9609 0.9687 0.0000
vt 0.9655 0.9774 0.0000
vt 0.9673 0.9707 0.0000
vt 0.9639 0.9671 0.0000
vt 0.8173 0.1835 0.0000
vt 0.9598 0.9800 0.0000
vt 0.9556 0.9787 0.0000
vt 0.9505 0.9743 0.0000
vt 0.6271 0.9096 0.0000
vt 0.6262 0.8975 0.0000
vt 0.6381 0.9014 0.0000
vt 0.6401 0.9130 0.0000
vt 0.6458 0.8979 0.0000
vt 0.6475 0.9091 0.0000
vt 0.6496 0.9223 0.0000
vt 0.6093 0.9070 0.0000
vt 0.6097 0.8954 0.0000
vt 0.5938 0.8711 0.0000
vt 0.5942 0.8780 0.0000
vt 0.5840 0.8766 0.0000
vt 0.5841 0.8698 0.0000
vt 0.5771 0.8761 0.0000
vt 0.5777 0.8694 0.0000
vt 0.5838 0.8833 0.0000
vt 0.5943 0.8848 0.0000
vt 0.5766 0.8827 0.0000
vt 0.5343 0.9061 0.0000
vt 0.5405 0.9071 0.0000
vt 0.5349 0.9222 0.0000
vt 0.5280 0.9047 0.0000
vt 0.5347 0.8898 0.0000
vt 0.5399 0.8913 0.0000
vt 0.5449 0.8925 0.0000
vt 0.5509 0.8693 0.0000
vt 0.5490 0.8761 0.0000
vt 0.5443 0.8752 0.0000
vt 0.5461 0.8687 0.0000
vt 0.5394 0.8742 0.0000
vt 0.5411 0.8680 0.0000
vt 0.5280 0.8885 0.0000
vt 0.5207 0.9031 0.0000
vt 0.5133 0.9009 0.0000
vt 0.5206 0.8870 0.0000
vt 0.5427 0.8818 0.0000
vt 0.5473 0.8830 0.0000
vt 0.5378 0.8805 0.0000
vt 0.5072 0.8981 0.0000
vt 0.5135 0.8851 0.0000
vt 0.5101 0.8671 0.0000
vt 0.5139 0.8695 0.0000
vt 0.5112 0.8748 0.0000
vt 0.5075 0.8724 0.0000
vt 0.5023 0.8780 0.0000
vt 0.5050 0.8699 0.0000
vt 0.5077 0.8643 0.0000
vt 0.5129 0.8620 0.0000
vt 0.5165 0.8644 0.0000
vt 0.5106 0.8590 0.0000
vt 0.0122 0.1264 0.0000
vt 0.0062 0.1292 0.0000
vt 0.0057 0.1245 0.0000
vt 0.0111 0.1220 0.0000
vt 0.1154 0.3353 0.0000
vt 0.1171 0.3316 0.0000
vt 0.3582 0.2195 0.0000
vt 0.3644 0.2157 0.0000
vt 0.3658 0.2191 0.0000
vt 0.0005 0.1269 0.0000
vt 0.0005 0.1317 0.0000
vt 0.7173 0.2671 0.0000
vt 0.7114 0.2704 0.0000
vt 0.7106 0.2656 0.0000
vt 0.1191 0.3272 0.0000
vt 0.1265 0.3278 0.0000
vt 0.1244 0.3316 0.0000
vt 0.1227 0.3213 0.0000
vt 0.1300 0.3223 0.0000
vt 0.1286 0.3129 0.0000
vt 0.1362 0.3137 0.0000
vt 0.1349 0.3029 0.0000
vt 0.1429 0.3033 0.0000
vt 0.1171 0.2886 0.0000
vt 0.1302 0.2903 0.0000
vt 0.6839 0.2462 0.0000
vt 0.6800 0.2310 0.0000
vt 0.6746 0.2163 0.0000
vt 0.6872 0.2120 0.0000
vt 0.6927 0.2263 0.0000
vt 0.7021 0.2227 0.0000
vt 0.6965 0.2088 0.0000
vt 0.7043 0.2062 0.0000
vt 0.7099 0.2197 0.0000
vt 0.1399 0.2916 0.0000
vt 0.1478 0.2921 0.0000
vt 0.6820 0.2013 0.0000
vt 0.6697 0.2054 0.0000
vt 0.6654 0.1972 0.0000
vt 0.6776 0.1932 0.0000
vt 0.5628 0.4259 0.0000
vt 0.5625 0.4188 0.0000
vt 0.5702 0.4184 0.0000
vt 0.5704 0.4253 0.0000
vt 0.6988 0.1954 0.0000
vt 0.6912 0.1981 0.0000
vt 0.5537 0.4268 0.0000
vt 0.5534 0.4197 0.0000
vt 0.6569 0.1411 0.0000
vt 0.6591 0.1514 0.0000
vt 0.6467 0.1535 0.0000
vt 0.6448 0.1432 0.0000
vt 0.1411 0.3357 0.0000
vt 0.1443 0.3426 0.0000
vt 0.6942 0.3373 0.0000
vt 0.6814 0.3377 0.0000
vt 0.6963 0.3279 0.0000
vt 0.7058 0.3269 0.0000
vt 0.7049 0.3369 0.0000
vt 0.7124 0.3362 0.0000
vt 0.7131 0.3262 0.0000
vt 0.7190 0.3256 0.0000
vt 0.7187 0.3357 0.0000
vt 0.6734 0.1389 0.0000
vt 0.6757 0.1484 0.0000
vt 0.6682 0.1497 0.0000
vt 0.6660 0.1399 0.0000
vt 0.6962 0.3159 0.0000
vt 0.7036 0.3152 0.0000
vt 0.6905 0.1051 0.0000
vt 0.6883 0.0924 0.0000
vt 0.0475 0.9884 0.0000
vt 0.0558 0.9888 0.0000
vt 0.0571 0.9980 0.0000
vt 0.0475 0.9982 0.0000
vt 0.7091 0.3148 0.0000
vt 0.7039 0.3048 0.0000
vt 0.7086 0.3041 0.0000
vt 0.7142 0.3143 0.0000
vt 0.6976 0.3057 0.0000
vt 0.7452 0.7208 0.0000
vt 0.7461 0.7145 0.0000
vt 0.7506 0.7148 0.0000
vt 0.7503 0.7213 0.0000
vt 0.6904 0.2967 0.0000
vt 0.6891 0.2891 0.0000
vt 0.6941 0.2886 0.0000
vt 0.6964 0.2958 0.0000
vt 0.6908 0.3065 0.0000
vt 0.6829 0.3070 0.0000
vt 0.7010 0.2953 0.0000
vt 0.6984 0.2888 0.0000
vt 0.7027 0.2888 0.0000
vt 0.7050 0.2949 0.0000
vt 0.7490 0.7043 0.0000
vt 0.7526 0.7049 0.0000
vt 0.7513 0.7095 0.0000
vt 0.7474 0.7091 0.0000
vt 0.7443 0.7082 0.0000
vt 0.7455 0.7033 0.0000
vt 0.5723 0.8761 0.0000
vt 0.5731 0.8694 0.0000
vt 0.5683 0.8764 0.0000
vt 0.5694 0.8696 0.0000
vt 0.5616 0.8929 0.0000
vt 0.5592 0.9066 0.0000
vt 0.5540 0.9071 0.0000
vt 0.5567 0.8932 0.0000
vt 0.6307 0.6863 0.0000
vt 0.5561 0.9214 0.0000
vt 0.5504 0.9220 0.0000
vt 0.5715 0.8829 0.0000
vt 0.5673 0.8833 0.0000
vt 0.5429 0.9222 0.0000
vt 0.5473 0.9073 0.0000
vt 0.5508 0.8931 0.0000
vt 0.5585 0.8838 0.0000
vt 0.5529 0.8837 0.0000
vt 0.5545 0.8767 0.0000
vt 0.5599 0.8768 0.0000
vt 0.5644 0.8767 0.0000
vt 0.5631 0.8837 0.0000
vt 0.5415 0.4158 0.0000
vt 0.5409 0.4103 0.0000
vt 0.5522 0.4083 0.0000
vt 0.5529 0.4137 0.0000
vt 0.5419 0.4217 0.0000
vt 0.5279 0.4238 0.0000
vt 0.5281 0.4182 0.0000
vt 0.5564 0.8698 0.0000
vt 0.5616 0.8699 0.0000
vt 0.5657 0.8698 0.0000
vt 0.5621 0.4131 0.0000
vt 0.5615 0.4078 0.0000
vt 0.5695 0.4078 0.0000
vt 0.5700 0.4129 0.0000
vt 0.5405 0.4049 0.0000
vt 0.5406 0.3986 0.0000
vt 0.5516 0.3969 0.0000
vt 0.5516 0.4029 0.0000
vt 0.5606 0.4024 0.0000
vt 0.5603 0.3962 0.0000
vt 0.5677 0.3960 0.0000
vt 0.5685 0.4025 0.0000
vt 0.5416 0.3901 0.0000
vt 0.6497 0.1642 0.0000
vt 0.6620 0.1616 0.0000
vt 0.6653 0.1705 0.0000
vt 0.6530 0.1736 0.0000
vt 0.5612 0.3890 0.0000
vt 0.5525 0.3890 0.0000
vt 0.4929 0.0926 0.0000
vt 0.4908 0.1005 0.0000
vt 0.4827 0.0962 0.0000
vt 0.4843 0.0887 0.0000
vt 0.6713 0.1596 0.0000
vt 0.6788 0.1578 0.0000
vt 0.5685 0.3893 0.0000
vt 0.6251 0.8881 0.0000
vt 0.6093 0.8870 0.0000
vt 0.0778 0.2546 0.0000
vt 0.0780 0.2585 0.0000
vt 0.0636 0.2590 0.0000
vt 0.0628 0.2476 0.0000
vt 0.0482 0.2527 0.0000
vt 0.0471 0.2416 0.0000
vt 0.6228 0.8809 0.0000
vt 0.6240 0.8886 0.0000
vt 0.6086 0.8881 0.0000
vt 0.6077 0.8810 0.0000
vt 0.2963 0.9916 0.0000
vt 0.2883 0.9859 0.0000
vt 0.2912 0.9830 0.0000
vt 0.2994 0.9872 0.0000
vt 0.3094 0.9947 0.0000
vt 0.6257 0.7880 0.0000
vt 0.6401 0.7815 0.0000
vt 0.6423 0.7858 0.0000
vt 0.6520 0.7757 0.0000
vt 0.6528 0.7798 0.0000
vt 0.2592 0.9953 0.0000
vt 0.2634 0.9873 0.0000
vt 0.2693 0.9905 0.0000
vt 0.6364 0.8925 0.0000
vt 0.6448 0.8899 0.0000
vt 0.4049 0.0379 0.0000
vt 0.3945 0.0396 0.0000
vt 0.3945 0.0257 0.0000
vt 0.4048 0.0240 0.0000
vt 0.0372 0.2528 0.0000
vt 0.0358 0.2484 0.0000
vt 0.7176 0.7166 0.0000
vt 0.7210 0.7165 0.0000
vt 0.7128 0.7167 0.0000
vt 0.7147 0.7030 0.0000
vt 0.6379 0.7767 0.0000
vt 0.6505 0.7710 0.0000
vt 0.2826 0.9820 0.0000
vt 0.2782 0.9791 0.0000
vt 0.2823 0.9772 0.0000
vt 0.2861 0.9798 0.0000
vt 0.2845 0.9880 0.0000
vt 0.2782 0.9841 0.0000
vt 0.2731 0.9809 0.0000
vt 0.6601 0.7708 0.0000
vt 0.6596 0.7661 0.0000
vt 0.6479 0.7654 0.0000
vt 0.6575 0.7608 0.0000
vt 0.2682 0.9832 0.0000
vt 0.2738 0.9867 0.0000
vt 0.5172 0.8769 0.0000
vt 0.5244 0.8783 0.0000
vt 0.5197 0.8712 0.0000
vt 0.5264 0.8723 0.0000
vt 0.5351 0.8673 0.0000
vt 0.5332 0.8732 0.0000
vt 0.5286 0.8665 0.0000
vt 0.5222 0.8659 0.0000
vt 0.5314 0.8794 0.0000
vt 0.7418 0.7015 0.0000
vt 0.7410 0.7072 0.0000
vt 0.7367 0.7058 0.0000
vt 0.7376 0.6996 0.0000
vt 0.7244 0.6996 0.0000
vt 0.7265 0.7036 0.0000
vt 0.7236 0.7050 0.0000
vt 0.2894 0.9788 0.0000
vt 0.2940 0.9817 0.0000
vt 0.2862 0.9766 0.0000
vt 0.7217 0.6992 0.0000
vt 0.7210 0.6944 0.0000
vt 0.7237 0.6955 0.0000
vt 0.7279 0.7123 0.0000
vt 0.7305 0.7082 0.0000
vt 0.7243 0.7152 0.0000
vt 0.7217 0.7049 0.0000
vt 0.7282 0.7012 0.0000
vt 0.7262 0.6992 0.0000
vt 0.7262 0.6963 0.0000
vt 0.7290 0.6975 0.0000
vt 0.7320 0.7036 0.0000
vt 0.7329 0.6985 0.0000
vt 0.6693 0.2843 0.0000
vt 0.6833 0.2784 0.0000
vt 0.6841 0.2825 0.0000
vt 0.1815 0.6003 0.0000
vt 0.5507 0.7730 0.0000
vt 0.5460 0.7740 0.0000
vt 0.5450 0.7555 0.0000
vt 0.6092 0.1096 0.0000
vt 0.6102 0.1053 0.0000
vt 0.6175 0.1096 0.0000
vt 0.0263 0.7001 0.0000
vt 0.8625 0.8865 0.0000
vt 0.6706 0.6429 0.0000
vt 0.3145 0.0428 0.0000
vt 0.3147 0.0381 0.0000
vt 0.3285 0.0400 0.0000
vt 0.6645 0.5767 0.0000
vt 0.6702 0.1227 0.0000
vt 0.1647 0.3146 0.0000
vt 0.4694 0.9803 0.0000
vt 0.4767 0.9948 0.0000
vt 0.9748 0.0268 0.0000
vt 0.9689 0.0286 0.0000
vt 0.3701 0.0357 0.0000
vt 0.3647 0.0328 0.0000
vt 0.1502 0.0711 0.0000
vt 0.1502 0.0763 0.0000
vt 0.1416 0.0748 0.0000
vt 0.8074 0.1693 0.0000
vt 0.6375 0.1408 0.0000
vt 0.6356 0.1358 0.0000
vt 0.6432 0.1357 0.0000
vt 0.8164 0.1529 0.0000
vt 0.8181 0.1589 0.0000
vt 0.1650 0.3176 0.0000
vt 0.7540 0.3289 0.0000
vt 0.7631 0.3340 0.0000
vt 0.7609 0.3378 0.0000
vt 0.6650 0.3647 0.0000
vt 0.7953 0.3268 0.0000
vt 0.8016 0.3239 0.0000
vt 0.8025 0.3297 0.0000
vt 0.8265 0.9757 0.0000
vt 0.5467 0.1273 0.0000
vt 0.5472 0.1416 0.0000
vt 0.0711 0.2842 0.0000
vt 0.0727 0.2794 0.0000
vt 0.0845 0.2842 0.0000
vt 0.0715 0.4036 0.0000
vt 0.0743 0.4166 0.0000
vt 0.6768 0.8883 0.0000
vt 0.5621 0.0996 0.0000
vt 0.9546 0.0387 0.0000
vt 0.0798 0.7498 0.0000
vt 0.0807 0.7539 0.0000
vt 0.0772 0.7560 0.0000
vt 0.1243 0.6708 0.0000
vt 0.1353 0.6722 0.0000
vt 0.5226 0.1167 0.0000
vt 0.5074 0.1198 0.0000
vt 0.5062 0.1102 0.0000
vt 0.7765 0.9324 0.0000
vt 0.7525 0.9604 0.0000
vt 0.0077 0.1733 0.0000
vt 0.0005 0.1652 0.0000
vt 0.0098 0.1651 0.0000
vt 0.0181 0.9473 0.0000
vt 0.0243 0.9472 0.0000
vt 0.0239 0.9519 0.0000
vt 0.0585 0.2352 0.0000
vt 0.0534 0.2352 0.0000
vt 0.0546 0.2298 0.0000
vt 0.5638 0.0514 0.0000
vt 0.0692 0.7032 0.0000
vt 0.0662 0.7000 0.0000
vt 0.0691 0.6959 0.0000
vt 0.7743 0.3539 0.0000
vt 0.7747 0.3573 0.0000
vt 0.7696 0.3551 0.0000
vt 0.7815 0.9661 0.0000
vt 0.1003 0.6996 0.0000
vt 0.7511 0.3678 0.0000
vt 0.7563 0.3712 0.0000
vt 0.7505 0.3779 0.0000
vt 0.9138 0.0204 0.0000
vt 0.4724 0.3896 0.0000
vt 0.4433 0.3995 0.0000
vt 0.1158 0.3911 0.0000
vt 0.9653 0.7829 0.0000
vt 0.2651 0.0033 0.0000
vt 0.2435 0.5635 0.0000
vt 0.2455 0.5667 0.0000
vt 0.0011 0.3990 0.0000
vt 0.0005 0.4028 0.0000
vt 0.7026 0.7418 0.0000
vt 0.1879 0.3962 0.0000
vt 0.4084 0.9186 0.0000
vt 0.3076 0.1264 0.0000
vt 0.3809 0.0544 0.0000
vt 0.0691 0.6870 0.0000
vt 0.0692 0.6954 0.0000
vt 0.0671 0.6938 0.0000
vt 0.8072 0.1804 0.0000
vt 0.8032 0.1721 0.0000
vt 0.8074 0.1699 0.0000
vt 0.3713 0.0467 0.0000
vt 0.3610 0.0694 0.0000
vt 0.3656 0.0616 0.0000
vt 0.4230 0.0634 0.0000
vt 0.4181 0.0665 0.0000
vt 0.4180 0.0593 0.0000
vt 0.3833 0.0399 0.0000
vt 0.3877 0.0527 0.0000
vt 0.3604 0.0815 0.0000
vt 0.2314 0.5444 0.0000
vt 0.0716 0.8152 0.0000
vt 0.5671 0.5885 0.0000
vt 0.3805 0.4625 0.0000
vt 0.9549 0.0502 0.0000
vt 0.1181 0.0750 0.0000
vt 0.1257 0.0711 0.0000
vt 0.4036 0.5026 0.0000
vt 0.3949 0.5037 0.0000
vt 0.3958 0.4702 0.0000
vt 0.3988 0.4665 0.0000
vt 0.5405 0.9291 0.0000
vt 0.5401 0.9251 0.0000
vt 0.5495 0.9253 0.0000
vt 0.3919 0.9582 0.0000
vt 0.3656 0.9505 0.0000
vt 0.6257 0.0189 0.0000
vt 0.5490 0.3684 0.0000
vt 0.0812 0.0946 0.0000
vt 0.6696 0.2887 0.0000
vt 0.8237 0.3432 0.0000
vt 0.8672 0.9216 0.0000
vt 0.5585 0.2181 0.0000
vt 0.4004 0.6180 0.0000
vt 0.8202 0.6885 0.0000
vt 0.1225 0.0081 0.0000
vt 0.4180 0.6191 0.0000
vt 0.9690 0.5045 0.0000
vt 0.9713 0.4738 0.0000
vt 0.9678 0.4676 0.0000
vt 0.3519 0.3795 0.0000
vt 0.3431 0.3788 0.0000
vt 0.3498 0.3506 0.0000
vt 0.8602 0.1770 0.0000
vt 0.8735 0.2008 0.0000
vt 0.8652 0.2087 0.0000
vt 0.0655 0.3358 0.0000
vt 0.7789 0.6039 0.0000
vt 0.2714 0.6219 0.0000
vt 0.2643 0.6099 0.0000
vt 0.2715 0.6079 0.0000
vt 0.6086 0.1053 0.0000
vt 0.5980 0.1089 0.0000
vt 0.5968 0.1066 0.0000
vt 0.1297 0.6406 0.0000
vt 0.1636 0.6514 0.0000
vt 0.1598 0.6546 0.0000
vt 0.6947 0.1886 0.0000
vt 0.6885 0.1884 0.0000
vt 0.6944 0.1769 0.0000
vt 0.0644 0.6407 0.0000
vt 0.9045 0.6095 0.0000
vt 0.8991 0.6161 0.0000
vt 0.8919 0.6094 0.0000
vt 0.3457 0.2151 0.0000
vt 0.3522 0.2075 0.0000
vt 0.3658 0.2150 0.0000
vt 0.8766 0.2309 0.0000
vt 0.3740 0.8079 0.0000
vt 0.2403 0.4168 0.0000
vt 0.2221 0.8681 0.0000
vt 0.2122 0.4177 0.0000
vt 0.7826 0.1575 0.0000
vt 0.8478 0.7064 0.0000
vt 0.2413 0.4623 0.0000
vt 0.0005 0.3533 0.0000
vt 0.4241 0.0583 0.0000
vt 0.4280 0.0372 0.0000
vt 0.4538 0.0432 0.0000
vt 0.8086 0.2065 0.0000
vt 0.8181 0.1978 0.0000
vt 0.9496 0.9514 0.0000
vt 0.7051 0.2736 0.0000
vt 0.7038 0.2689 0.0000
vt 0.7021 0.0894 0.0000
vt 0.7068 0.1001 0.0000
vt 0.6998 0.1022 0.0000
vt 0.6350 0.8848 0.0000
vt 0.3004 0.9867 0.0000
vt 0.7753 0.8097 0.0000
vt 0.7743 0.8049 0.0000
vt 0.7733 0.7990 0.0000
vt 0.7724 0.7929 0.0000
vt 0.7717 0.7875 0.0000
vt 0.7712 0.7820 0.0000
vt 0.7710 0.7755 0.0000
vt 0.7713 0.7687 0.0000
vt 0.7723 0.7622 0.0000
vt 0.7748 0.7572 0.0000
vt 0.7781 0.7545 0.0000
vt 0.7812 0.7532 0.0000
vt 0.7846 0.7535 0.0000
vt 0.7898 0.7557 0.0000
vt 0.7891 0.7600 0.0000
vt 0.7876 0.7661 0.0000
vt 0.7856 0.7759 0.0000
vt 0.7856 0.7884 0.0000
vt 0.7893 0.8027 0.0000
vt 0.7764 0.8140 0.0000
vt 0.7775 0.8183 0.0000
vt 0.7947 0.8164 0.0000
vt 0.7788 0.8237 0.0000
vt 0.7996 0.8274 0.0000
vt 0.8036 0.8361 0.0000
vt 0.8060 0.8428 0.0000
vt 0.8072 0.8486 0.0000
vt 0.8077 0.8542 0.0000
vt 0.8079 0.8611 0.0000
vt 0.8148 0.8786 0.0000
vt 0.8165 0.8884 0.0000
vt 0.8167 0.8992 0.0000
vt 0.8128 0.9092 0.0000
vt 0.8080 0.9176 0.0000
vt 0.8050 0.9258 0.0000
vt 0.8021 0.9309 0.0000
vt 0.7987 0.9314 0.0000
vt 0.7957 0.9302 0.0000
vt 0.7930 0.9265 0.0000
vt 0.7895 0.9232 0.0000
vt 0.7825 0.9203 0.0000
vt 0.7797 0.9195 0.0000
vt 0.7775 0.9186 0.0000
vt 0.7754 0.9164 0.0000
vt 0.7738 0.9129 0.0000
vt 0.7730 0.9085 0.0000
vt 0.7858 0.9214 0.0000
vt 0.7708 0.8978 0.0000
vt 0.7715 0.8916 0.0000
vt 0.7759 0.8836 0.0000
vt 0.7717 0.9032 0.0000
vt 0.8111 0.8694 0.0000
vt 0.7797 0.8733 0.0000
vt 0.7759 0.8706 0.0000
vt 0.7755 0.8544 0.0000
vt 0.7812 0.8418 0.0000
vt 0.7804 0.8311 0.0000
# 5626 texture coords

o AlaDerecha
g AlaDerecha
usemtl 13___Default
s 1
f 1/1/1 2/2/2 3/3/3 
f 3/3/3 4/4/4 1/1/1 
f 4/4/4 5/5/5 6/6/6 
f 6/6/6 1/1/1 4/4/4 
f 1/1/1 6/6/6 7/7/7 
f 7/7/7 8/8/8 1/1/1 
f 8/8/8 9/9/9 2/2/2 
f 2/2/2 1/1/1 8/8/8 
f 10/10/10 11/11/11 12/12/12 
f 12/12/12 13/13/13 10/10/10 
f 10/10/10 14/14/14 15/15/15 
f 15/15/15 11/11/11 10/10/10 
f 11/11/11 15/15/15 9/9/9 
f 9/9/9 8/8/8 11/11/11 
f 8/8/8 7/7/7 12/12/12 
f 12/12/12 11/11/11 8/8/8 
f 16/16/16 17/17/17 18/18/18 
f 18/18/18 19/19/19 16/16/16 
f 19/20/19 9/21/9 15/22/15 
f 15/22/15 16/23/16 19/20/19 
f 16/23/16 15/22/15 14/24/14 
f 14/24/14 20/25/20 16/23/16 
f 16/16/16 20/26/20 21/27/21 
f 22/28/22 23/29/23 24/30/24 
f 24/30/24 25/31/25 22/28/22 
f 24/32/24 3/33/3 2/34/2 
f 2/34/2 25/35/25 24/32/24 
f 25/35/25 2/34/2 9/21/9 
f 9/21/9 19/20/19 25/35/25 
f 25/31/25 19/19/19 18/18/18 
f 18/18/18 22/28/22 25/31/25 
f 26/36/26 27/37/27 28/38/28 
f 28/38/28 29/39/29 26/36/26 
f 29/40/29 30/41/30 31/42/31 
f 31/42/31 26/43/26 29/40/29 
f 26/43/26 31/42/31 32/44/32 
f 32/44/32 33/45/33 26/43/26 
f 33/45/33 34/46/34 27/47/27 
f 27/47/27 26/43/26 33/45/33 
f 35/48/35 36/49/36 37/50/37 
f 37/50/37 38/51/38 35/48/35 
f 38/52/38 28/38/28 27/37/27 
f 27/37/27 35/53/35 38/52/38 
f 35/48/35 27/47/27 34/46/34 
f 34/46/34 39/54/39 35/48/35 
f 39/54/39 40/55/40 36/49/36 
f 36/49/36 35/48/35 39/54/39 
f 41/56/41 42/57/42 23/29/23 
f 23/29/23 22/28/22 41/56/41 
f 22/28/22 18/18/18 43/58/43 
f 43/58/43 41/56/41 22/28/22 
f 41/56/41 43/58/43 40/55/40 
f 40/55/40 39/54/39 41/56/41 
f 39/54/39 34/46/34 42/57/42 
f 42/57/42 41/56/41 39/54/39 
f 44/59/44 45/60/45 46/61/46 
f 46/61/46 47/62/47 44/59/44 
f 47/62/47 48/63/48 49/64/49 
f 49/64/49 44/59/44 47/62/47 
f 44/59/44 49/64/49 50/65/50 
f 51/66/51 52/67/52 45/68/45 
f 45/68/45 44/69/44 51/66/51 
f 53/70/53 54/71/54 55/72/55 
f 55/72/55 56/73/56 53/70/53 
f 56/74/56 57/75/57 58/76/58 
f 58/76/58 53/77/53 56/74/56 
f 53/78/53 58/79/58 59/80/59 
f 59/80/59 60/81/60 53/78/53 
f 60/82/60 61/83/61 54/84/54 
f 54/84/54 53/77/53 60/82/60 
f 62/85/62 63/86/63 64/87/64 
f 64/87/64 65/88/65 62/85/62 
f 66/89/66 62/85/62 65/88/65 
f 65/88/65 67/90/67 66/89/66 
f 68/91/68 62/92/62 66/93/66 
f 66/93/66 57/94/57 68/91/68 
f 68/91/68 69/95/69 63/96/63 
f 63/96/63 62/92/62 68/91/68 
f 70/97/70 71/98/71 72/99/72 
f 72/99/72 73/100/73 70/97/70 
f 73/100/73 59/80/59 58/79/58 
f 58/79/58 70/97/70 73/100/73 
f 70/101/70 58/76/58 57/75/57 
f 57/75/57 66/89/66 70/101/70 
f 66/89/66 67/90/67 71/102/71 
f 71/102/71 70/101/70 66/89/66 
f 74/103/74 75/104/75 76/105/76 
f 76/105/76 77/106/77 74/103/74 
f 77/107/77 78/108/78 79/109/79 
f 79/109/79 74/110/74 77/107/77 
f 74/103/74 79/111/79 61/112/61 
f 61/112/61 60/113/60 74/103/74 
f 60/113/60 59/114/59 75/104/75 
f 75/104/75 74/103/74 60/113/60 
f 80/115/80 81/116/81 82/117/82 
f 82/117/82 83/118/83 80/115/80 
f 83/118/83 84/119/84 85/120/85 
f 85/120/85 80/115/80 83/118/83 
f 80/115/80 85/120/85 86/121/86 
f 86/121/86 87/122/87 80/115/80 
f 87/123/87 88/124/88 81/125/81 
f 81/125/81 80/126/80 87/123/87 
f 89/127/89 90/128/90 21/27/21 
f 21/27/21 20/26/20 89/127/89 
f 20/25/20 14/24/14 91/129/91 
f 91/129/91 89/130/89 20/25/20 
f 89/130/89 91/129/91 92/131/92 
f 92/131/92 93/132/93 89/130/89 
f 93/133/93 94/134/94 90/128/90 
f 90/128/90 89/127/89 93/133/93 
f 95/135/95 96/136/96 97/137/97 
f 97/137/97 98/138/98 95/135/95 
f 98/139/98 94/134/94 93/133/93 
f 93/133/93 95/140/95 98/139/98 
f 95/141/95 93/132/93 92/131/92 
f 92/131/92 99/142/99 95/141/95 
f 99/142/99 100/143/100 96/144/96 
f 101/145/101 102/146/102 92/147/92 
f 92/147/92 91/148/91 101/145/101 
f 91/148/91 14/14/14 10/10/10 
f 10/10/10 101/145/101 91/148/91 
f 101/145/101 10/10/10 13/13/13 
f 13/13/13 103/149/103 101/145/101 
f 103/149/103 104/150/104 102/146/102 
f 102/146/102 101/145/101 103/149/103 
f 105/151/105 106/152/106 100/143/100 
f 102/146/102 105/153/105 99/154/99 
f 99/154/99 92/147/92 102/146/102 
f 105/153/105 102/146/102 104/150/104 
f 104/150/104 107/155/107 105/153/105 
f 107/155/107 108/156/108 106/157/106 
f 106/157/106 105/153/105 107/155/107 
f 109/158/109 43/58/43 18/18/18 
f 18/18/18 17/17/17 109/158/109 
f 17/17/17 21/27/21 110/159/110 
f 109/158/109 110/159/110 111/160/111 
f 111/160/111 112/161/112 109/158/109 
f 112/161/112 40/55/40 43/58/43 
f 43/58/43 109/158/109 112/161/112 
f 113/162/113 110/159/110 21/27/21 
f 21/27/21 90/128/90 113/162/113 
f 90/128/90 94/134/94 114/163/114 
f 114/163/114 113/162/113 90/128/90 
f 113/162/113 114/163/114 115/164/115 
f 115/164/115 116/165/116 113/162/113 
f 116/165/116 111/160/111 110/159/110 
f 110/159/110 113/162/113 116/165/116 
f 117/166/117 114/167/114 94/168/94 
f 98/138/98 97/137/97 118/169/118 
f 117/166/117 118/169/118 119/170/119 
f 119/170/119 120/171/120 117/166/117 
f 120/171/120 115/172/115 114/167/114 
f 114/167/114 117/166/117 120/171/120 
f 121/173/121 36/49/36 40/55/40 
f 40/55/40 112/161/112 121/173/121 
f 112/161/112 111/160/111 122/174/122 
f 122/174/122 121/173/121 112/161/112 
f 121/173/121 122/174/122 123/175/123 
f 123/175/123 124/176/124 121/173/121 
f 124/176/124 37/50/37 36/49/36 
f 36/49/36 121/173/121 124/176/124 
f 125/177/125 126/178/126 127/179/127 
f 127/179/127 128/180/128 125/177/125 
f 129/181/129 125/182/125 128/183/128 
f 128/183/128 130/184/130 129/181/129 
f 125/182/125 129/181/129 131/185/131 
f 131/185/131 132/186/132 125/182/125 
f 132/187/132 133/188/133 126/189/126 
f 126/189/126 125/190/125 132/187/132 
f 134/191/134 135/192/135 136/193/136 
f 137/194/137 136/195/136 138/196/138 
f 138/196/138 139/197/139 137/194/137 
f 132/187/132 137/194/137 139/197/139 
f 139/197/139 133/188/133 132/187/132 
f 132/186/132 131/185/131 134/198/134 
f 134/198/134 137/199/137 132/186/132 
f 140/200/140 141/201/141 142/202/142 
f 143/203/143 127/204/127 144/205/144 
f 144/205/144 140/206/140 143/203/143 
f 140/206/140 144/205/144 145/207/145 
f 145/207/145 146/208/146 140/206/140 
f 146/208/146 147/209/147 141/210/141 
f 141/210/141 140/206/140 146/208/146 
f 148/211/148 72/99/72 71/98/71 
f 71/98/71 149/212/149 148/211/148 
f 71/102/71 67/90/67 150/213/150 
f 150/213/150 149/214/149 71/102/71 
f 149/215/149 150/216/150 151/217/151 
f 152/218/152 153/219/153 148/211/148 
f 154/220/154 155/221/155 156/222/156 
f 156/222/156 157/223/157 154/220/154 
f 154/220/154 157/223/157 158/224/158 
f 158/224/158 159/225/159 154/220/154 
f 159/226/159 160/227/160 161/228/161 
f 161/228/161 154/229/154 159/226/159 
f 161/228/161 162/230/162 155/231/155 
f 155/231/155 154/229/154 161/228/161 
f 163/232/163 164/233/164 162/230/162 
f 162/230/162 161/228/161 163/232/163 
f 161/228/161 160/227/160 165/234/165 
f 165/234/165 163/232/163 161/228/161 
f 163/232/163 165/234/165 166/235/166 
f 166/235/166 167/236/167 163/232/163 
f 167/236/167 168/237/168 164/233/164 
f 164/233/164 163/232/163 167/236/167 
f 169/238/169 170/239/170 171/240/171 
f 171/240/171 172/241/172 169/238/169 
f 172/241/172 173/242/173 174/243/174 
f 174/243/174 169/238/169 172/241/172 
f 169/238/169 174/243/174 175/244/175 
f 175/244/175 176/245/176 169/238/169 
f 176/245/176 177/246/177 170/239/170 
f 170/239/170 169/238/169 176/245/176 
f 178/247/178 179/248/179 180/249/180 
f 180/249/180 181/250/181 178/247/178 
f 181/251/181 182/252/182 183/253/183 
f 183/253/183 178/254/178 181/251/181 
f 178/254/178 183/253/183 173/255/173 
f 173/255/173 172/256/172 178/254/178 
f 172/257/172 171/258/171 179/248/179 
f 179/248/179 178/247/178 172/257/172 
f 184/259/184 185/260/185 186/261/186 
f 186/261/186 187/262/187 184/259/184 
f 181/263/181 185/260/185 184/259/184 
f 184/259/184 182/264/182 181/263/181 
f 181/263/181 180/265/180 188/266/188 
f 188/266/188 185/260/185 181/263/181 
f 185/260/185 188/266/188 189/267/189 
f 189/267/189 186/261/186 185/260/185 
f 190/268/190 191/269/191 153/219/153 
f 153/219/153 152/218/152 190/268/190 
f 152/270/152 151/217/151 192/271/192 
f 192/271/192 190/272/190 152/270/152 
f 190/273/190 192/274/192 193/275/193 
f 193/275/193 194/276/194 190/273/190 
f 194/277/194 195/278/195 191/269/191 
f 191/269/191 190/268/190 194/277/194 
f 196/279/196 197/280/197 198/281/198 
f 198/281/198 199/282/199 196/279/196 
f 199/283/199 200/284/200 201/285/201 
f 201/285/201 196/286/196 199/283/199 
f 196/286/196 201/285/201 195/278/195 
f 195/278/195 194/277/194 196/286/196 
f 194/287/194 193/288/193 197/280/197 
f 197/280/197 196/279/196 194/287/194 
f 202/289/202 203/290/203 204/291/204 
f 204/291/204 205/292/205 202/289/202 
f 205/292/205 82/117/82 81/116/81 
f 81/116/81 202/289/202 205/292/205 
f 202/293/202 81/125/81 88/124/88 
f 88/124/88 206/294/206 202/293/202 
f 206/295/206 207/296/207 203/290/203 
f 203/290/203 202/289/202 206/295/206 
f 208/297/208 209/298/209 207/299/207 
f 207/299/207 206/294/206 208/297/208 
f 206/294/206 88/124/88 210/300/210 
f 210/300/210 208/297/208 206/294/206 
f 208/297/208 210/300/210 211/301/211 
f 211/301/211 212/302/212 208/297/208 
f 212/302/212 213/303/213 209/298/209 
f 209/298/209 208/297/208 212/302/212 
f 214/304/214 215/305/215 213/306/213 
f 213/306/213 212/307/212 214/304/214 
f 212/307/212 211/308/211 216/309/216 
f 216/309/216 214/304/214 212/307/212 
f 214/304/214 216/309/216 217/310/217 
f 217/310/217 218/311/218 214/304/214 
f 218/311/218 219/312/219 215/305/215 
f 215/305/215 214/304/214 218/311/218 
f 220/313/220 221/314/221 219/315/219 
f 219/315/219 218/316/218 220/313/220 
f 218/316/218 217/317/217 222/318/222 
f 222/318/222 220/313/220 218/316/218 
f 220/313/220 222/318/222 223/319/223 
f 223/319/223 224/320/224 220/313/220 
f 224/320/224 225/321/225 221/314/221 
f 221/314/221 220/313/220 224/320/224 
f 226/322/226 227/323/227 228/324/228 
f 229/325/229 230/326/230 231/327/231 
f 231/328/231 232/329/232 233/330/233 
f 233/330/233 226/331/226 231/328/231 
f 234/332/234 227/323/227 226/322/226 
f 235/333/235 236/334/236 237/335/237 
f 237/335/237 238/336/238 235/333/235 
f 238/337/238 239/338/239 240/339/240 
f 240/339/240 235/340/235 238/337/238 
f 235/333/235 240/341/240 241/342/241 
f 241/342/241 242/343/242 235/333/235 
f 242/343/242 243/344/243 236/334/236 
f 236/334/236 235/333/235 242/343/242 
f 244/345/244 245/346/245 246/347/246 
f 246/347/246 247/348/247 244/345/244 
f 247/348/247 248/349/248 249/350/249 
f 249/350/249 244/345/244 247/348/247 
f 244/345/244 249/350/249 250/351/250 
f 250/351/250 251/352/251 244/345/244 
f 251/352/251 252/353/252 245/346/245 
f 245/346/245 244/345/244 251/352/251 
f 253/354/253 254/355/254 255/356/255 
f 255/356/255 256/357/256 253/354/253 
f 256/357/256 257/358/257 258/359/258 
f 258/359/258 253/354/253 256/357/256 
f 253/354/253 258/359/258 259/360/259 
f 259/360/259 260/361/260 253/354/253 
f 260/361/260 261/362/261 254/355/254 
f 254/355/254 253/354/253 260/361/260 
f 262/363/262 263/364/263 264/365/264 
f 264/365/264 265/366/265 262/363/262 
f 265/367/265 246/368/246 245/369/245 
f 245/369/245 262/370/262 265/367/265 
f 262/370/262 245/369/245 252/371/252 
f 252/371/252 266/372/266 262/370/262 
f 266/373/266 267/374/267 263/364/263 
f 263/364/263 262/363/262 266/373/266 
f 268/375/268 269/376/269 270/377/270 
f 270/377/270 271/378/271 268/375/268 
f 271/378/271 138/196/138 272/379/272 
f 272/379/272 268/375/268 271/378/271 
f 272/379/272 273/380/273 274/381/274 
f 274/381/274 268/375/268 272/379/272 
f 274/381/274 275/382/275 269/376/269 
f 269/376/269 268/375/268 274/381/274 
f 276/383/276 277/384/277 168/385/168 
f 168/385/168 167/386/167 276/383/276 
f 167/386/167 166/387/166 278/388/278 
f 278/388/278 276/383/276 167/386/167 
f 278/388/278 279/389/279 280/390/280 
f 280/390/280 276/383/276 278/388/278 
f 280/390/280 281/391/281 277/384/277 
f 277/384/277 276/383/276 280/390/280 
f 282/392/282 283/393/283 284/394/284 
f 284/394/284 285/395/285 282/392/282 
f 285/395/285 200/284/200 199/283/199 
f 282/396/282 199/282/199 198/281/198 
f 286/397/286 287/398/287 283/399/283 
f 283/399/283 282/396/282 286/397/286 
f 288/400/288 289/401/289 290/402/290 
f 290/402/290 291/403/291 288/400/288 
f 291/404/291 292/405/292 293/406/293 
f 293/406/293 288/407/288 291/404/291 
f 288/407/288 293/406/293 248/349/248 
f 248/349/248 247/348/247 288/407/288 
f 247/348/247 246/347/246 289/408/289 
f 289/408/289 288/407/288 247/348/247 
f 294/409/294 295/410/295 296/411/296 
f 296/411/296 297/412/297 294/409/294 
f 297/413/297 100/143/100 106/152/106 
f 106/152/106 294/414/294 297/413/297 
f 294/415/294 106/157/106 108/156/108 
f 108/156/108 298/416/298 294/415/294 
f 298/416/298 299/417/299 295/418/295 
f 295/418/295 294/415/294 298/416/298 
f 300/419/300 203/290/203 207/296/207 
f 207/296/207 301/420/301 300/419/300 
f 301/421/301 296/411/296 295/410/295 
f 295/410/295 300/422/300 301/421/301 
f 300/423/300 295/418/295 299/417/299 
f 299/417/299 302/424/302 300/423/300 
f 302/425/302 204/291/204 203/290/203 
f 203/290/203 300/419/300 302/425/302 
f 303/426/303 304/427/304 305/428/305 
f 305/428/305 306/429/306 303/426/303 
f 306/429/306 97/137/97 96/136/96 
f 96/136/96 303/426/303 306/429/306 
f 303/426/303 96/136/96 100/430/100 
f 100/430/100 297/412/297 303/426/303 
f 297/412/297 296/411/296 304/427/304 
f 304/427/304 303/426/303 297/412/297 
f 307/431/307 209/298/209 213/303/213 
f 213/303/213 308/432/308 307/431/307 
f 308/432/308 305/428/305 304/427/304 
f 304/427/304 307/431/307 308/432/308 
f 307/431/307 304/427/304 296/411/296 
f 296/411/296 301/421/301 307/431/307 
f 301/421/301 207/299/207 209/298/209 
f 209/298/209 307/431/307 301/421/301 
f 309/433/309 310/434/310 311/435/311 
f 312/436/312 119/170/119 118/169/118 
f 118/169/118 309/433/309 312/436/312 
f 309/433/309 118/169/118 97/137/97 
f 97/137/97 306/429/306 309/433/309 
f 306/429/306 305/428/305 310/434/310 
f 310/434/310 309/433/309 306/429/306 
f 313/437/313 215/305/215 219/312/219 
f 219/312/219 314/438/314 313/437/313 
f 314/439/314 311/440/311 310/441/310 
f 310/441/310 313/442/313 314/439/314 
f 313/437/313 310/443/310 305/444/305 
f 305/444/305 308/445/308 313/437/313 
f 308/446/308 213/447/213 215/448/215 
f 215/448/215 313/449/313 308/446/308 
f 315/450/315 316/451/316 317/452/317 
f 317/452/317 318/453/318 315/450/315 
f 318/454/318 319/455/319 320/456/320 
f 320/456/320 315/457/315 318/454/318 
f 315/457/315 320/456/320 119/170/119 
f 119/170/119 312/436/312 315/457/315 
f 312/458/312 311/440/311 316/459/316 
f 316/459/316 315/460/315 312/458/312 
f 321/461/321 221/314/221 225/321/225 
f 225/321/225 322/462/322 321/461/321 
f 322/462/322 317/463/317 316/459/316 
f 316/459/316 321/461/321 322/462/322 
f 321/461/321 316/459/316 311/440/311 
f 311/440/311 314/439/314 321/461/321 
f 314/439/314 219/315/219 221/314/221 
f 221/314/221 321/461/321 314/439/314 
f 323/464/323 324/465/324 325/466/325 
f 325/466/325 326/467/326 323/464/323 
f 326/467/326 275/382/275 274/381/274 
f 274/381/274 323/464/323 326/467/326 
f 323/464/323 274/381/274 273/380/273 
f 273/380/273 327/468/327 323/464/323 
f 327/468/327 328/469/328 324/465/324 
f 324/465/324 323/464/323 327/468/327 
f 329/470/329 233/330/233 232/329/232 
f 232/329/232 330/471/330 329/470/329 
f 330/472/330 325/466/325 324/465/324 
f 324/465/324 329/473/329 330/472/330 
f 329/473/329 324/465/324 328/469/328 
f 328/469/328 331/474/331 329/473/329 
f 331/474/331 234/475/234 233/476/233 
f 332/477/332 333/478/333 187/479/187 
f 187/479/187 186/480/186 332/477/332 
f 186/480/186 189/481/189 334/482/334 
f 334/482/334 332/477/332 186/480/186 
f 332/477/332 334/482/334 335/483/335 
f 335/483/335 336/484/336 332/477/332 
f 336/484/336 337/485/337 333/478/333 
f 333/478/333 332/477/332 336/484/336 
f 338/486/338 237/335/237 236/334/236 
f 236/334/236 339/487/339 338/486/338 
f 236/334/236 243/344/243 340/488/340 
f 340/488/340 339/487/339 236/334/236 
f 339/487/339 340/488/340 337/485/337 
f 337/485/337 336/484/336 339/487/339 
f 336/484/336 335/483/335 338/486/338 
f 338/486/338 339/487/339 336/484/336 
f 341/489/341 342/490/342 284/491/284 
f 283/399/283 287/398/287 343/492/343 
f 343/492/343 341/493/341 283/399/283 
f 341/493/341 343/492/343 292/494/292 
f 292/494/292 291/495/291 341/493/341 
f 291/403/291 290/402/290 342/496/342 
f 342/496/342 341/497/341 291/403/291 
f 344/498/344 289/401/289 246/368/246 
f 246/368/246 265/367/265 344/498/344 
f 265/499/265 264/500/264 345/501/345 
f 345/501/345 344/502/344 265/499/265 
f 344/502/344 345/501/345 346/503/346 
f 346/503/346 347/504/347 344/502/344 
f 347/505/347 290/402/290 289/401/289 
f 289/401/289 344/498/344 347/505/347 
f 348/506/348 349/507/349 350/508/350 
f 350/508/350 351/509/351 348/506/348 
f 351/510/351 352/511/352 353/512/353 
f 353/512/353 348/513/348 351/510/351 
f 348/514/348 353/515/353 354/516/354 
f 354/516/354 355/517/355 348/514/348 
f 355/518/355 356/519/356 349/507/349 
f 349/507/349 348/506/348 355/518/355 
f 357/520/357 358/521/358 359/522/359 
f 359/522/359 360/523/360 357/520/357 
f 360/523/360 361/524/361 362/525/362 
f 362/525/362 357/520/357 360/523/360 
f 357/520/357 362/525/362 363/526/363 
f 363/526/363 364/527/364 357/520/357 
f 364/527/364 365/528/365 358/521/358 
f 358/521/358 357/520/357 364/527/364 
f 366/529/366 367/530/367 368/531/368 
f 368/531/368 369/532/369 366/529/366 
f 369/533/369 359/522/359 358/521/358 
f 358/521/358 366/534/366 369/533/369 
f 366/534/366 358/521/358 365/528/365 
f 365/528/365 370/535/370 366/534/366 
f 370/536/370 371/537/371 367/530/367 
f 367/530/367 366/529/366 370/536/370 
f 372/538/372 373/539/373 352/511/352 
f 352/511/352 351/510/351 372/538/372 
f 351/509/351 350/508/350 374/540/374 
f 374/540/374 372/541/372 351/509/351 
f 372/542/372 374/543/374 375/544/375 
f 375/544/375 376/545/376 372/542/372 
f 376/545/376 377/546/377 373/547/373 
f 373/547/373 372/542/372 376/545/376 
f 378/548/378 353/512/353 352/511/352 
f 352/511/352 379/549/379 378/548/378 
f 379/550/379 380/551/380 381/552/381 
f 381/552/381 378/553/378 379/550/379 
f 378/554/378 381/555/381 382/556/382 
f 382/556/382 383/557/383 378/554/378 
f 383/557/383 354/516/354 353/515/353 
f 353/515/353 378/554/378 383/557/383 
f 384/558/384 385/559/385 363/560/363 
f 386/561/386 354/516/354 383/557/383 
f 383/557/383 384/562/384 386/561/386 
f 384/562/384 383/557/383 382/556/382 
f 382/556/382 387/563/387 384/562/384 
f 387/564/387 388/565/388 385/559/385 
f 385/559/385 384/558/384 387/564/387 
f 389/566/389 390/567/390 365/528/365 
f 365/528/365 364/527/364 389/566/389 
f 364/568/364 363/560/363 385/559/385 
f 385/559/385 389/569/389 364/568/364 
f 389/569/389 385/559/385 388/565/388 
f 391/570/391 392/571/392 390/572/390 
f 390/572/390 389/573/389 391/570/391 
f 393/574/393 394/575/394 371/537/371 
f 371/537/371 370/536/370 393/574/393 
f 370/535/370 365/528/365 390/567/390 
f 390/567/390 393/576/393 370/535/370 
f 393/577/393 390/578/390 392/579/392 
f 392/579/392 395/580/395 393/577/393 
f 395/580/395 396/581/396 394/582/394 
f 394/582/394 393/577/393 395/580/395 
f 397/583/397 398/584/398 371/585/371 
f 371/585/371 394/586/394 397/583/397 
f 394/586/394 396/587/396 399/588/399 
f 399/588/399 397/583/397 394/586/394 
f 397/583/397 399/588/399 400/589/400 
f 400/589/400 401/590/401 397/583/397 
f 401/590/401 377/546/377 398/584/398 
f 398/584/398 397/583/397 401/590/401 
f 402/591/402 403/592/403 380/551/380 
f 380/551/380 379/550/379 402/591/402 
f 379/549/379 352/511/352 373/539/373 
f 373/539/373 402/593/402 379/549/379 
f 402/594/402 373/595/373 377/596/377 
f 377/596/377 401/597/401 402/594/402 
f 401/590/401 400/589/400 403/598/403 
f 404/599/404 381/552/381 380/551/380 
f 380/551/380 405/600/405 404/599/404 
f 405/600/405 406/601/406 407/602/407 
f 407/602/407 404/599/404 405/600/405 
f 404/599/404 407/602/407 408/603/408 
f 408/603/408 409/604/409 404/599/404 
f 409/604/409 382/605/382 381/552/381 
f 381/552/381 404/599/404 409/604/409 
f 410/606/410 387/607/387 382/605/382 
f 382/605/382 409/604/409 410/606/410 
f 409/604/409 408/603/408 411/608/411 
f 411/608/411 410/606/410 409/604/409 
f 410/609/410 411/610/411 412/611/412 
f 412/611/412 413/612/413 410/609/410 
f 387/564/387 410/609/410 413/612/413 
f 413/612/413 388/565/388 387/564/387 
f 414/613/414 415/614/415 392/615/392 
f 392/615/392 391/616/391 414/613/414 
f 391/616/391 388/565/388 413/612/413 
f 413/612/413 414/613/414 391/616/391 
f 414/613/414 413/612/413 412/611/412 
f 412/611/412 416/617/416 414/613/414 
f 416/617/416 417/618/417 415/614/415 
f 415/614/415 414/613/414 416/617/416 
f 418/619/418 419/620/419 396/581/396 
f 396/581/396 395/580/395 418/619/418 
f 395/580/395 392/579/392 415/621/415 
f 415/621/415 418/619/418 395/580/395 
f 418/619/418 415/621/415 417/622/417 
f 417/622/417 420/623/420 418/619/418 
f 420/623/420 421/624/421 419/620/419 
f 419/620/419 418/619/418 420/623/420 
f 422/625/422 400/589/400 399/588/399 
f 399/588/399 423/626/423 422/625/422 
f 399/627/399 396/628/396 419/629/419 
f 419/629/419 423/630/423 399/627/399 
f 423/631/423 419/620/419 421/624/421 
f 421/624/421 424/632/424 423/631/423 
f 422/625/422 423/626/423 424/633/424 
f 424/633/424 425/634/425 422/625/422 
f 426/635/426 427/636/427 406/637/406 
f 406/637/406 405/638/405 426/635/426 
f 405/600/405 380/551/380 403/592/403 
f 403/592/403 426/639/426 405/600/405 
f 426/635/426 403/598/403 400/589/400 
f 422/625/422 425/634/425 427/636/427 
f 427/636/427 426/635/426 422/625/422 
f 428/640/428 429/641/429 430/642/430 
f 430/642/430 431/643/431 428/640/428 
f 431/644/431 432/645/432 433/646/433 
f 433/646/433 428/647/428 431/644/431 
f 428/648/428 433/649/433 434/650/434 
f 434/650/434 435/651/435 428/648/428 
f 435/652/435 436/653/436 429/641/429 
f 429/641/429 428/640/428 435/652/435 
f 437/654/437 438/655/438 439/656/439 
f 440/657/440 441/658/441 442/659/442 
f 442/659/442 437/660/437 440/657/440 
f 437/660/437 442/659/442 430/642/430 
f 430/642/430 443/661/443 437/660/437 
f 443/662/443 444/663/444 438/664/438 
f 438/664/438 437/665/437 443/662/443 
f 445/666/445 446/667/446 447/668/447 
f 447/668/447 448/669/448 445/666/445 
f 448/670/448 439/656/439 438/655/438 
f 438/655/438 445/671/445 448/670/448 
f 445/672/445 438/664/438 444/663/444 
f 444/663/444 449/673/449 445/672/445 
f 450/674/450 446/667/446 445/666/445 
f 451/675/451 452/676/452 447/677/447 
f 447/677/447 446/678/446 451/675/451 
f 446/667/446 450/674/450 453/679/453 
f 453/679/453 451/680/451 446/667/446 
f 451/681/451 453/682/453 454/683/454 
f 454/683/454 455/684/455 451/681/451 
f 455/684/455 456/685/456 452/686/452 
f 452/686/452 451/681/451 455/684/455 
f 457/687/457 458/688/458 456/685/456 
f 456/685/456 455/684/455 457/687/457 
f 455/684/455 454/683/454 459/689/459 
f 459/689/459 457/687/457 455/684/455 
f 457/687/457 459/689/459 460/690/460 
f 460/690/460 461/691/461 457/687/457 
f 461/691/461 462/692/462 458/688/458 
f 458/688/458 457/687/457 461/691/461 
f 463/693/463 464/694/464 465/695/465 
f 461/696/461 463/697/463 466/698/466 
f 466/698/466 462/699/462 461/696/461 
f 461/696/461 460/700/460 467/701/467 
f 467/701/467 463/697/463 461/696/461 
f 467/701/467 432/702/432 464/703/464 
f 464/703/464 463/697/463 467/701/467 
f 468/704/468 464/705/464 432/706/432 
f 432/706/432 431/643/431 468/704/468 
f 431/643/431 430/642/430 442/659/442 
f 442/659/442 468/704/468 431/643/431 
f 441/658/441 469/707/469 468/704/468 
f 468/704/468 469/707/469 465/708/465 
f 465/708/465 464/705/464 468/704/468 
f 470/709/470 411/608/411 408/603/408 
f 408/603/408 471/710/471 470/709/470 
f 471/710/471 472/711/472 473/712/473 
f 473/712/473 470/709/470 471/710/471 
f 473/713/473 474/714/474 475/715/475 
f 475/715/475 470/716/470 473/713/473 
f 475/715/475 412/611/412 411/610/411 
f 411/610/411 470/716/470 475/715/475 
f 476/717/476 475/715/475 474/714/474 
f 474/714/474 477/718/477 476/717/476 
f 477/718/477 478/719/478 479/720/479 
f 479/720/479 476/717/476 477/718/477 
f 476/717/476 479/720/479 417/618/417 
f 417/618/417 416/617/416 476/717/476 
f 416/617/416 412/611/412 475/715/475 
f 475/715/475 476/717/476 416/617/416 
f 480/721/480 481/722/481 421/624/421 
f 421/624/421 420/623/420 480/721/480 
f 420/623/420 417/622/417 479/723/479 
f 479/723/479 480/721/480 420/623/420 
f 480/721/480 479/723/479 478/724/478 
f 478/724/478 482/725/482 480/721/480 
f 482/725/482 483/726/483 481/722/481 
f 481/722/481 480/721/480 482/725/482 
f 484/727/484 485/728/485 425/634/425 
f 425/634/425 424/633/424 484/727/484 
f 424/632/424 421/624/421 481/722/481 
f 481/722/481 484/729/484 424/632/424 
f 484/727/484 481/730/481 483/731/483 
f 483/731/483 486/732/486 484/727/484 
f 486/732/486 487/733/487 485/728/485 
f 485/728/485 484/727/484 486/732/486 
f 488/734/488 427/636/427 425/634/425 
f 425/634/425 485/728/485 488/734/488 
f 489/735/489 488/734/488 485/728/485 
f 485/728/485 487/733/487 489/735/489 
f 488/734/488 489/735/489 490/736/490 
f 490/736/490 491/737/491 488/734/488 
f 491/737/491 406/637/406 427/636/427 
f 427/636/427 488/734/488 491/737/491 
f 492/738/492 493/739/493 472/711/472 
f 472/711/472 471/710/471 492/738/492 
f 471/710/471 408/603/408 407/602/407 
f 407/602/407 492/738/492 471/710/471 
f 492/738/492 407/602/407 406/601/406 
f 406/601/406 491/740/491 492/738/492 
f 491/740/491 490/741/490 493/739/493 
f 493/739/493 492/738/492 491/740/491 
f 494/742/494 495/743/495 474/714/474 
f 474/714/474 473/713/473 494/742/494 
f 473/712/473 472/711/472 496/744/496 
f 496/744/496 494/745/494 473/712/473 
f 494/746/494 496/747/496 497/748/497 
f 498/749/498 499/750/499 495/743/495 
f 495/743/495 494/742/494 498/749/498 
f 500/751/500 501/752/501 439/656/439 
f 439/656/439 448/670/448 500/751/500 
f 448/753/448 447/677/447 502/754/502 
f 502/754/502 500/755/500 448/753/448 
f 500/755/500 502/754/502 503/756/503 
f 503/756/503 504/757/504 500/755/500 
f 504/758/504 505/759/505 501/752/501 
f 501/752/501 500/751/500 504/758/504 
f 506/760/506 507/761/507 508/762/508 
f 508/762/508 509/763/509 506/760/506 
f 509/764/509 499/750/499 510/765/510 
f 506/766/506 510/767/510 503/768/503 
f 511/769/511 512/770/512 507/761/507 
f 513/771/513 514/772/514 478/719/478 
f 478/719/478 477/718/477 513/771/513 
f 477/718/477 474/714/474 495/743/495 
f 495/743/495 513/771/513 477/718/477 
f 513/771/513 495/743/495 499/750/499 
f 499/750/499 509/764/509 513/771/513 
f 509/764/509 508/773/508 514/772/514 
f 514/772/514 513/771/513 509/764/509 
f 511/774/511 503/756/503 502/754/502 
f 502/754/502 515/775/515 511/774/511 
f 515/775/515 502/754/502 447/677/447 
f 447/677/447 452/676/452 515/775/515 
f 452/686/452 456/685/456 516/776/516 
f 516/776/516 515/777/515 452/686/452 
f 516/776/516 512/770/512 511/769/511 
f 511/769/511 515/777/515 516/776/516 
f 517/778/517 518/779/518 483/726/483 
f 483/726/483 482/725/482 517/778/517 
f 482/725/482 478/724/478 514/780/514 
f 514/780/514 517/778/517 482/725/482 
f 517/778/517 514/780/514 508/762/508 
f 508/762/508 519/781/519 517/778/517 
f 519/781/519 520/782/520 518/779/518 
f 518/779/518 517/778/517 519/781/519 
f 521/783/521 522/784/522 487/733/487 
f 487/733/487 486/732/486 521/783/521 
f 486/732/486 483/731/483 518/785/518 
f 518/785/518 521/783/521 486/732/486 
f 521/783/521 518/785/518 520/786/520 
f 520/786/520 523/787/523 521/783/521 
f 523/787/523 524/788/524 522/784/522 
f 522/784/522 521/783/521 523/787/523 
f 525/789/525 505/759/505 504/758/504 
f 526/790/526 504/758/504 503/768/503 
f 503/768/503 510/767/510 526/790/526 
f 526/791/526 510/765/510 499/750/499 
f 498/792/498 497/793/497 525/789/525 
f 527/794/527 528/795/528 529/796/529 
f 529/796/529 530/797/530 527/794/527 
f 530/797/530 512/770/512 516/776/516 
f 516/776/516 527/794/527 530/797/530 
f 527/794/527 516/776/516 456/685/456 
f 456/685/456 458/688/458 527/794/527 
f 458/688/458 462/692/462 528/795/528 
f 528/795/528 527/794/527 458/688/458 
f 531/798/531 532/799/532 533/800/533 
f 534/801/534 535/802/535 536/803/536 
f 536/803/536 531/804/531 534/801/534 
f 531/805/531 536/806/536 529/807/529 
f 529/807/529 537/808/537 531/805/531 
f 537/809/537 538/810/538 532/799/532 
f 539/811/539 540/812/540 538/813/538 
f 537/808/537 529/807/529 528/814/528 
f 528/814/528 539/815/539 537/808/537 
f 466/816/466 539/815/539 528/814/528 
f 528/814/528 462/817/462 466/816/466 
f 466/818/466 465/695/465 540/812/540 
f 541/819/541 538/810/538 540/820/540 
f 540/820/540 542/821/542 541/819/541 
f 540/822/540 465/708/465 469/707/469 
f 542/823/542 469/707/469 441/658/441 
f 441/658/441 543/824/543 542/823/542 
f 543/825/543 544/826/544 541/819/541 
f 545/827/545 543/824/543 441/658/441 
f 441/658/441 440/657/440 545/827/545 
f 440/828/440 439/656/439 501/752/501 
f 545/829/545 501/752/501 505/759/505 
f 505/759/505 546/830/546 545/829/545 
f 546/831/546 544/826/544 543/825/543 
f 543/825/543 545/832/545 546/831/546 
f 547/833/547 548/834/548 544/826/544 
f 546/830/546 505/759/505 549/835/549 
f 549/835/549 547/836/547 546/830/546 
f 547/836/547 549/835/549 550/837/550 
f 550/837/550 551/838/551 547/836/547 
f 551/839/551 552/840/552 548/834/548 
f 548/834/548 547/833/547 551/839/551 
f 553/841/553 554/842/554 552/840/552 
f 552/840/552 551/839/551 553/841/553 
f 551/838/551 550/837/550 555/843/555 
f 555/843/555 553/844/553 551/838/551 
f 553/844/553 555/843/555 556/845/556 
f 556/845/556 557/846/557 553/844/553 
f 557/847/557 558/848/558 554/849/554 
f 554/849/554 553/850/553 557/847/557 
f 559/851/559 560/852/560 561/853/561 
f 559/851/559 562/854/562 563/855/563 
f 559/851/559 564/856/564 565/857/565 
f 565/857/565 560/852/560 559/851/559 
f 566/858/566 560/859/560 565/860/565 
f 565/860/565 567/861/567 566/858/566 
f 567/862/567 552/840/552 554/842/554 
f 554/842/554 566/863/566 567/862/567 
f 566/863/566 554/842/554 558/864/558 
f 558/864/558 568/865/568 566/863/566 
f 568/865/568 561/866/561 560/867/560 
f 560/867/560 566/863/566 568/865/568 
f 569/868/569 570/869/570 571/870/571 
f 571/870/571 572/871/572 569/868/569 
f 572/872/572 573/873/573 574/874/574 
f 569/875/569 574/874/574 575/876/575 
f 576/877/576 577/878/577 570/879/570 
f 570/879/570 569/875/569 576/877/576 
f 578/880/578 579/881/579 580/882/580 
f 580/882/580 581/883/581 578/880/578 
f 580/884/580 563/855/563 582/885/582 
f 582/885/582 571/870/571 570/869/570 
f 570/869/570 581/886/581 582/885/582 
f 581/883/581 570/879/570 577/878/577 
f 577/878/577 578/880/578 581/883/581 
f 583/887/583 584/888/584 579/881/579 
f 579/881/579 578/880/578 583/887/583 
f 578/880/578 577/878/577 585/889/585 
f 585/889/585 583/887/583 578/880/578 
f 583/887/583 585/889/585 586/890/586 
f 586/890/586 587/891/587 583/887/583 
f 587/891/587 588/892/588 584/888/584 
f 584/888/584 583/887/583 587/891/587 
f 589/893/589 590/894/590 591/895/591 
f 591/895/591 592/896/592 589/893/589 
f 592/896/592 593/897/593 594/898/594 
f 594/898/594 589/893/589 592/896/592 
f 532/799/532 589/893/589 594/898/594 
f 594/898/594 533/800/533 532/799/532 
f 532/799/532 538/810/538 590/894/590 
f 595/899/595 596/900/596 597/901/597 
f 598/902/598 591/895/591 590/894/590 
f 590/894/590 595/899/595 598/902/598 
f 595/899/595 590/894/590 538/810/538 
f 538/810/538 541/819/541 595/899/595 
f 541/819/541 544/826/544 596/900/596 
f 596/900/596 595/899/595 541/819/541 
f 598/903/598 597/904/597 599/905/599 
f 599/905/599 600/906/600 598/903/598 
f 601/907/601 600/906/600 599/905/599 
f 599/905/599 602/908/602 601/907/601 
f 600/906/600 601/907/601 591/909/591 
f 591/909/591 598/903/598 600/906/600 
f 603/910/603 604/911/604 597/901/597 
f 596/900/596 544/826/544 548/834/548 
f 548/834/548 603/910/603 596/900/596 
f 603/910/603 548/834/548 552/840/552 
f 552/840/552 567/862/567 603/910/603 
f 567/912/567 565/857/565 604/913/604 
f 604/913/604 603/914/603 567/912/567 
f 605/915/605 604/913/604 565/857/565 
f 564/856/564 563/855/563 606/916/606 
f 606/916/606 607/917/607 608/918/608 
f 608/918/608 597/919/597 604/913/604 
f 604/913/604 605/915/605 608/918/608 
f 608/920/608 607/921/607 609/922/609 
f 609/922/609 610/923/610 608/920/608 
f 609/922/609 611/924/611 612/925/612 
f 612/925/612 610/923/610 609/922/609 
f 610/923/610 612/925/612 602/908/602 
f 602/908/602 599/905/599 610/923/610 
f 599/905/599 597/904/597 608/920/608 
f 608/920/608 610/923/610 599/905/599 
f 613/926/613 614/927/614 607/917/607 
f 607/917/607 606/916/606 613/926/613 
f 606/916/606 563/855/563 580/884/580 
f 580/884/580 613/926/613 606/916/606 
f 613/928/613 580/882/580 579/881/579 
f 579/881/579 615/929/615 613/928/613 
f 615/930/615 616/931/616 614/932/614 
f 614/932/614 613/933/613 615/930/615 
f 617/934/617 618/935/618 619/936/619 
f 619/936/619 620/937/620 617/934/617 
f 620/937/620 607/917/607 614/927/614 
f 614/927/614 617/934/617 620/937/620 
f 617/934/617 614/927/614 616/938/616 
f 616/938/616 621/939/621 617/934/617 
f 621/939/621 622/940/622 618/935/618 
f 618/935/618 617/934/617 621/939/621 
f 623/941/623 624/942/624 625/943/625 
f 625/943/625 626/944/626 623/941/623 
f 626/944/626 588/945/588 627/946/627 
f 627/946/627 628/947/628 629/948/629 
f 629/948/629 623/941/623 627/946/627 
f 623/941/623 629/948/629 630/949/630 
f 630/949/630 624/942/624 623/941/623 
f 631/950/631 632/951/632 616/952/616 
f 615/929/615 579/881/579 584/888/584 
f 584/888/584 631/953/631 615/929/615 
f 631/954/631 584/955/584 588/956/588 
f 631/954/631 626/957/626 625/958/625 
f 625/958/625 632/959/632 631/954/631 
f 633/960/633 634/961/634 630/949/630 
f 630/949/630 629/948/629 633/960/633 
f 633/960/633 629/948/629 628/947/628 
f 628/947/628 635/962/635 633/960/633 
f 635/963/635 611/924/611 636/964/636 
f 636/964/636 633/965/633 635/963/635 
f 633/965/633 636/964/636 637/966/637 
f 637/966/637 634/967/634 633/965/633 
f 638/968/638 639/969/639 640/970/640 
f 640/970/640 641/971/641 638/968/638 
f 638/968/638 641/971/641 622/972/622 
f 622/972/622 621/973/621 638/968/638 
f 621/974/621 616/975/616 632/976/632 
f 632/959/632 625/958/625 639/977/639 
f 639/977/639 638/978/638 632/959/632 
f 642/979/642 636/964/636 611/924/611 
f 611/924/611 609/922/609 642/979/642 
f 609/922/609 607/921/607 620/980/620 
f 620/980/620 642/979/642 609/922/609 
f 642/979/642 620/980/620 619/981/619 
f 619/981/619 643/982/643 642/979/642 
f 643/982/643 637/966/637 636/964/636 
f 636/964/636 642/979/642 643/982/643 
f 644/983/644 645/984/645 637/966/637 
f 643/982/643 619/981/619 618/985/618 
f 644/986/644 618/935/618 622/940/622 
f 622/940/622 641/987/641 644/986/644 
f 641/988/641 640/989/640 645/984/645 
f 645/984/645 644/983/644 641/988/641 
f 646/990/646 645/991/645 640/992/640 
f 639/993/639 625/943/625 624/942/624 
f 646/990/646 624/942/624 630/949/630 
f 634/967/634 637/966/637 645/984/645 
f 647/994/647 648/995/648 649/996/649 
f 649/996/649 650/997/650 647/994/647 
f 650/998/650 76/105/76 75/104/75 
f 75/104/75 647/999/647 650/998/650 
f 647/999/647 75/104/75 59/114/59 
f 59/114/59 73/1000/73 647/999/647 
f 73/1001/73 72/1002/72 648/995/648 
f 648/995/648 647/994/647 73/1001/73 
f 651/1003/651 648/995/648 72/1002/72 
f 72/1002/72 148/1004/148 651/1003/651 
f 148/1004/148 153/1005/153 652/1006/652 
f 652/1006/652 651/1003/651 148/1004/148 
f 651/1003/651 652/1006/652 653/1007/653 
f 653/1007/653 654/1008/654 651/1003/651 
f 654/1008/654 649/996/649 648/995/648 
f 648/995/648 651/1003/651 654/1008/654 
f 655/1009/655 656/1010/656 649/996/649 
f 649/996/649 654/1008/654 655/1009/655 
f 654/1008/654 653/1007/653 657/1011/657 
f 657/1011/657 655/1009/655 654/1008/654 
f 655/1009/655 657/1011/657 658/1012/658 
f 658/1012/658 659/1013/659 655/1009/655 
f 659/1013/659 660/1014/660 656/1010/656 
f 656/1010/656 655/1009/655 659/1013/659 
f 661/1015/661 653/1007/653 652/1006/652 
f 652/1006/652 662/1016/662 661/1015/661 
f 652/1017/652 153/1018/153 191/1019/191 
f 191/1019/191 662/1020/662 652/1017/652 
f 662/1021/662 191/1022/191 195/1023/195 
f 195/1023/195 663/1024/663 662/1021/662 
f 662/1025/662 663/1026/663 664/1027/664 
f 664/1027/664 661/1028/661 662/1025/662 
f 665/1029/665 666/1030/666 658/1012/658 
f 658/1012/658 657/1011/657 665/1029/665 
f 665/1029/665 657/1011/657 653/1007/653 
f 653/1007/653 661/1015/661 665/1029/665 
f 665/1031/665 661/1028/661 664/1027/664 
f 664/1027/664 667/1032/667 665/1031/665 
f 667/1033/667 668/1034/668 666/1035/666 
f 666/1035/666 665/1036/665 667/1033/667 
f 669/1037/669 664/1038/664 663/1024/663 
f 663/1024/663 670/1039/670 669/1037/669 
f 663/1024/663 195/1023/195 201/1040/201 
f 201/1040/201 670/1039/670 663/1024/663 
f 201/1041/201 200/1042/200 671/1043/671 
f 670/1044/670 671/1045/671 672/1046/672 
f 669/1047/669 673/1048/673 667/1032/667 
f 667/1032/667 664/1027/664 669/1047/669 
f 669/1047/669 672/1049/672 674/1050/674 
f 674/1050/674 673/1048/673 669/1047/669 
f 674/1050/674 675/1051/675 676/1052/676 
f 676/1052/676 673/1048/673 674/1050/674 
f 673/1053/673 676/1054/676 668/1034/668 
f 668/1034/668 667/1033/667 673/1053/673 
f 677/1055/677 678/1056/678 679/1057/679 
f 679/1057/679 680/1058/680 677/1055/677 
f 677/1059/677 680/1060/680 284/394/284 
f 677/1059/677 342/496/342 290/402/290 
f 290/402/290 347/505/347 677/1059/677 
f 347/504/347 346/503/346 678/1056/678 
f 678/1056/678 677/1055/677 347/504/347 
f 681/1061/681 680/1058/680 679/1057/679 
f 682/1062/682 672/1063/672 671/1064/671 
f 681/1065/681 671/1066/671 200/1067/200 
f 285/395/285 284/394/284 680/1060/680 
f 683/1068/683 674/1050/674 672/1049/672 
f 672/1049/672 682/1069/682 683/1068/683 
f 683/1068/683 682/1069/682 679/1070/679 
f 679/1070/679 684/1071/684 683/1068/683 
f 684/1072/684 685/1073/685 686/1074/686 
f 686/1074/686 683/1075/683 684/1072/684 
f 683/1068/683 686/1076/686 675/1051/675 
f 675/1051/675 674/1050/674 683/1068/683 
f 687/1077/687 688/1078/688 76/1079/76 
f 76/1079/76 650/1080/650 687/1077/687 
f 650/997/650 649/996/649 656/1010/656 
f 656/1010/656 687/1081/687 650/997/650 
f 687/1081/687 656/1010/656 660/1014/660 
f 660/1014/660 689/1082/689 687/1081/687 
f 689/1082/689 690/1083/690 688/1084/688 
f 688/1084/688 687/1081/687 689/1082/689 
f 691/1085/691 692/1086/692 688/1078/688 
f 688/1078/688 690/1087/690 691/1085/691 
f 691/1088/691 693/1089/693 694/1090/694 
f 694/1090/694 692/1091/692 691/1088/691 
f 692/1086/692 694/1092/694 78/108/78 
f 78/108/78 77/107/77 692/1086/692 
f 77/107/77 76/1079/76 688/1078/688 
f 688/1078/688 692/1086/692 77/107/77 
f 695/1093/695 696/1094/696 697/1095/697 
f 697/1095/697 698/1096/698 695/1093/695 
f 697/1095/697 699/1097/699 700/1098/700 
f 700/1098/700 698/1096/698 697/1095/697 
f 698/1096/698 700/1098/700 693/1099/693 
f 693/1099/693 691/1100/691 698/1096/698 
f 691/1100/691 690/1101/690 695/1093/695 
f 695/1093/695 698/1096/698 691/1100/691 
f 689/1082/689 660/1014/660 701/1102/701 
f 701/1102/701 702/1103/702 689/1082/689 
f 702/1104/702 701/1105/701 703/1106/703 
f 703/1106/703 704/1107/704 702/1104/702 
f 704/1108/704 690/1083/690 689/1082/689 
f 689/1082/689 702/1103/702 704/1108/704 
f 705/1109/705 706/1110/706 696/1094/696 
f 696/1094/696 695/1093/695 705/1109/705 
f 705/1109/705 695/1093/695 690/1101/690 
f 704/1111/704 703/1112/703 707/1113/707 
f 707/1113/707 705/1109/705 704/1111/704 
f 707/1113/707 708/1114/708 706/1110/706 
f 706/1110/706 705/1109/705 707/1113/707 
f 709/1115/709 710/1116/710 711/1117/711 
f 711/1117/711 712/1118/712 709/1115/709 
f 711/1119/711 703/1120/703 701/1102/701 
f 701/1102/701 712/1121/712 711/1119/711 
f 712/1121/712 701/1102/701 660/1014/660 
f 660/1014/660 659/1013/659 712/1121/712 
f 659/1013/659 658/1012/658 709/1122/709 
f 709/1122/709 712/1121/712 659/1013/659 
f 713/1123/713 714/1124/714 715/1125/715 
f 715/1125/715 716/1126/716 713/1123/713 
f 716/1126/716 696/1094/696 706/1110/706 
f 706/1110/706 713/1123/713 716/1126/716 
f 713/1123/713 706/1110/706 708/1114/708 
f 708/1114/708 717/1127/717 713/1123/713 
f 717/1128/717 718/1129/718 714/1130/714 
f 714/1130/714 713/1131/713 717/1128/717 
f 719/1132/719 714/1133/714 718/1134/718 
f 718/1134/718 720/1135/720 719/1132/719 
f 720/1136/720 13/13/13 12/12/12 
f 12/12/12 719/1137/719 720/1136/720 
f 719/1137/719 12/12/12 7/7/7 
f 7/7/7 721/1138/721 719/1137/719 
f 721/1138/721 715/1125/715 714/1124/714 
f 714/1124/714 719/1137/719 721/1138/721 
f 722/1139/722 723/1140/723 724/1141/724 
f 724/1141/724 725/1142/725 722/1139/722 
f 723/1140/723 722/1139/722 708/1114/708 
f 708/1114/708 707/1113/707 723/1140/723 
f 723/1140/723 707/1113/707 703/1112/703 
f 703/1112/703 711/1143/711 723/1140/723 
f 724/1141/724 723/1140/723 711/1143/711 
f 711/1143/711 710/1144/710 724/1141/724 
f 717/1127/717 708/1114/708 722/1139/722 
f 722/1139/722 726/1145/726 717/1127/717 
f 726/1145/726 722/1139/722 725/1142/725 
f 725/1142/725 727/1146/727 726/1145/726 
f 726/1145/726 727/1146/727 718/1147/718 
f 718/1147/718 717/1127/717 726/1145/726 
f 728/1148/728 103/1149/103 13/1150/13 
f 13/1150/13 720/1135/720 728/1148/728 
f 720/1135/720 718/1134/718 729/1151/729 
f 729/1151/729 728/1148/728 720/1135/720 
f 728/1148/728 729/1151/729 730/1152/730 
f 730/1152/730 731/1153/731 728/1148/728 
f 728/1154/728 731/1155/731 104/150/104 
f 104/150/104 103/149/103 728/1154/728 
f 732/1156/732 733/1157/733 710/1116/710 
f 710/1116/710 709/1115/709 732/1156/732 
f 709/1122/709 658/1012/658 666/1030/666 
f 666/1030/666 732/1158/732 709/1122/709 
f 732/1159/732 666/1035/666 668/1034/668 
f 668/1034/668 734/1160/734 732/1159/732 
f 734/1161/734 735/1162/735 733/1157/733 
f 733/1157/733 732/1156/732 734/1161/734 
f 729/1163/729 736/1164/736 737/1165/737 
f 737/1165/737 730/1166/730 729/1163/729 
f 729/1163/729 718/1147/718 727/1146/727 
f 727/1146/727 736/1164/736 729/1163/729 
f 736/1164/736 727/1146/727 725/1142/725 
f 725/1142/725 738/1167/738 736/1164/736 
f 738/1167/738 739/1168/739 737/1165/737 
f 737/1165/737 736/1164/736 738/1167/738 
f 740/1169/740 741/1170/741 739/1168/739 
f 739/1168/739 738/1167/738 740/1169/740 
f 738/1167/738 725/1142/725 724/1141/724 
f 724/1141/724 740/1169/740 738/1167/738 
f 724/1141/724 710/1144/710 733/1171/733 
f 733/1171/733 740/1169/740 724/1141/724 
f 733/1171/733 735/1172/735 741/1170/741 
f 741/1170/741 740/1169/740 733/1171/733 
f 742/1173/742 743/1174/743 735/1162/735 
f 735/1162/735 734/1161/734 742/1173/742 
f 734/1160/734 668/1034/668 676/1054/676 
f 676/1054/676 742/1175/742 734/1160/734 
f 742/1175/742 676/1054/676 675/1176/675 
f 675/1176/675 744/1177/744 742/1175/742 
f 744/1178/744 745/1179/745 743/1174/743 
f 743/1174/743 742/1173/742 744/1178/744 
f 746/1180/746 741/1170/741 735/1172/735 
f 735/1172/735 743/1181/743 746/1180/746 
f 743/1181/743 745/1182/745 747/1183/747 
f 747/1183/747 746/1180/746 743/1181/743 
f 746/1180/746 747/1183/747 748/1184/748 
f 748/1184/748 749/1185/749 746/1180/746 
f 749/1185/749 739/1168/739 741/1170/741 
f 741/1170/741 746/1180/746 749/1185/749 
f 750/1186/750 751/1187/751 730/1166/730 
f 730/1166/730 737/1165/737 750/1186/750 
f 737/1165/737 739/1168/739 749/1185/749 
f 749/1185/749 750/1186/750 737/1165/737 
f 749/1185/749 748/1184/748 752/1188/752 
f 752/1188/752 750/1186/750 749/1185/749 
f 751/1187/751 750/1186/750 752/1188/752 
f 752/1188/752 753/1189/753 751/1187/751 
f 754/1190/754 755/1191/755 108/156/108 
f 108/156/108 107/155/107 754/1190/754 
f 107/155/107 104/150/104 731/1155/731 
f 731/1155/731 754/1190/754 107/155/107 
f 754/1192/754 731/1153/731 730/1152/730 
f 730/1152/730 751/1193/751 754/1192/754 
f 751/1187/751 753/1189/753 755/1191/755 
f 755/1191/755 754/1190/754 751/1187/751 
f 756/1194/756 757/1195/757 758/1196/758 
f 758/1196/758 759/1197/759 756/1194/756 
f 759/1197/759 748/1184/748 747/1183/747 
f 747/1183/747 756/1194/756 759/1197/759 
f 756/1194/756 747/1183/747 745/1182/745 
f 745/1182/745 760/1198/760 756/1194/756 
f 760/1198/760 761/1199/761 757/1195/757 
f 757/1195/757 756/1194/756 760/1198/760 
f 762/1200/762 760/1201/760 745/1179/745 
f 745/1179/745 744/1178/744 762/1200/762 
f 744/1177/744 675/1176/675 686/1202/686 
f 686/1202/686 762/1203/762 744/1177/744 
f 762/1203/762 686/1202/686 685/1204/685 
f 685/1204/685 763/1205/763 762/1203/762 
f 763/1206/763 761/1207/761 760/1201/760 
f 760/1201/760 762/1200/762 763/1206/763 
f 764/1208/764 752/1188/752 748/1184/748 
f 748/1184/748 759/1197/759 764/1208/764 
f 759/1197/759 758/1196/758 765/1209/765 
f 765/1209/765 764/1208/764 759/1197/759 
f 765/1209/765 753/1189/753 752/1188/752 
f 752/1188/752 764/1208/764 765/1209/765 
f 766/1210/766 767/1211/767 685/1073/685 
f 685/1073/685 684/1072/684 766/1210/766 
f 684/1072/684 679/1212/679 678/1213/678 
f 678/1213/678 766/1210/766 684/1072/684 
f 766/1210/766 678/1213/678 346/1214/346 
f 346/1214/346 768/1215/768 766/1210/766 
f 768/1215/768 769/1216/769 767/1211/767 
f 767/1211/767 766/1210/766 768/1215/768 
f 770/1217/770 771/1218/771 299/417/299 
f 299/417/299 298/416/298 770/1217/770 
f 298/416/298 108/156/108 755/1191/755 
f 755/1191/755 770/1217/770 298/416/298 
f 770/1217/770 755/1191/755 753/1189/753 
f 753/1189/753 772/1219/772 770/1217/770 
f 772/1219/772 773/1220/773 771/1218/771 
f 771/1218/771 770/1217/770 772/1219/772 
f 763/1206/763 685/1221/685 767/1222/767 
f 767/1222/767 774/1223/774 763/1206/763 
f 774/1224/774 767/1211/767 769/1216/769 
f 774/1223/774 775/1225/775 761/1207/761 
f 761/1207/761 763/1206/763 774/1223/774 
f 776/1226/776 777/1227/777 773/1220/773 
f 773/1220/773 772/1219/772 776/1226/776 
f 772/1219/772 753/1189/753 765/1209/765 
f 765/1209/765 776/1226/776 772/1219/772 
f 776/1226/776 765/1209/765 758/1196/758 
f 758/1196/758 778/1228/778 776/1226/776 
f 778/1228/778 779/1229/779 777/1227/777 
f 777/1227/777 776/1226/776 778/1228/778 
f 780/1230/780 781/1231/781 779/1229/779 
f 779/1229/779 778/1228/778 780/1230/780 
f 778/1228/778 758/1196/758 757/1195/757 
f 757/1195/757 780/1230/780 778/1228/778 
f 780/1230/780 757/1195/757 761/1199/761 
f 761/1199/761 775/1232/775 780/1230/780 
f 775/1232/775 769/1233/769 781/1231/781 
f 781/1231/781 780/1230/780 775/1232/775 
f 782/1234/782 783/1235/783 769/1216/769 
f 769/1216/769 768/1215/768 782/1234/782 
f 768/1215/768 346/1214/346 345/1236/345 
f 345/1236/345 782/1234/782 768/1215/768 
f 782/1234/782 345/1236/345 264/1237/264 
f 264/1237/264 784/1238/784 782/1234/782 
f 784/1238/784 785/1239/785 783/1235/783 
f 783/1235/783 782/1234/782 784/1238/784 
f 786/1240/786 787/1241/787 204/1242/204 
f 204/1242/204 302/424/302 786/1240/786 
f 302/424/302 299/417/299 771/1218/771 
f 771/1218/771 786/1240/786 302/424/302 
f 786/1240/786 771/1218/771 773/1220/773 
f 773/1220/773 788/1243/788 786/1240/786 
f 788/1243/788 789/1244/789 787/1241/787 
f 787/1241/787 786/1240/786 788/1243/788 
f 790/1245/790 791/1246/791 789/1244/789 
f 789/1244/789 788/1243/788 790/1245/790 
f 788/1243/788 773/1220/773 777/1227/777 
f 777/1227/777 790/1245/790 788/1243/788 
f 790/1245/790 777/1227/777 779/1229/779 
f 779/1229/779 792/1247/792 790/1245/790 
f 792/1247/792 793/1248/793 791/1246/791 
f 791/1246/791 790/1245/790 792/1247/792 
f 794/1249/794 795/1250/795 793/1248/793 
f 793/1248/793 792/1247/792 794/1249/794 
f 792/1247/792 779/1229/779 781/1231/781 
f 781/1231/781 794/1249/794 792/1247/792 
f 794/1249/794 781/1231/781 769/1233/769 
f 769/1233/769 783/1251/783 794/1249/794 
f 783/1251/783 785/1252/785 795/1250/795 
f 795/1250/795 794/1249/794 783/1251/783 
f 784/1238/784 796/1253/796 797/1254/797 
f 797/1254/797 785/1239/785 784/1238/784 
f 784/1238/784 264/1237/264 263/1255/263 
f 263/1255/263 796/1253/796 784/1238/784 
f 796/1253/796 263/1255/263 267/1256/267 
f 267/1256/267 798/1257/798 796/1253/796 
f 796/1253/796 798/1257/798 799/1258/799 
f 799/1258/799 797/1254/797 796/1253/796 
f 800/1259/800 801/1260/801 82/1261/82 
f 82/1261/82 205/1262/205 800/1259/800 
f 205/1262/205 204/1242/204 787/1241/787 
f 787/1241/787 800/1259/800 205/1262/205 
f 800/1259/800 787/1241/787 789/1244/789 
f 789/1244/789 802/1263/802 800/1259/800 
f 802/1263/802 803/1264/803 801/1260/801 
f 801/1260/801 800/1259/800 802/1263/802 
f 804/1265/804 805/1266/805 803/1264/803 
f 803/1264/803 802/1263/802 804/1265/804 
f 802/1263/802 789/1244/789 791/1246/791 
f 791/1246/791 804/1265/804 802/1263/802 
f 804/1265/804 791/1246/791 793/1248/793 
f 793/1248/793 806/1267/806 804/1265/804 
f 806/1267/806 807/1268/807 805/1266/805 
f 805/1266/805 804/1265/804 806/1267/806 
f 808/1269/808 809/1270/809 807/1268/807 
f 807/1268/807 806/1267/806 808/1269/808 
f 806/1267/806 793/1248/793 795/1250/795 
f 795/1250/795 808/1269/808 806/1267/806 
f 808/1269/808 795/1250/795 785/1252/785 
f 785/1252/785 797/1271/797 808/1269/808 
f 797/1271/797 799/1272/799 809/1270/809 
f 809/1270/809 808/1269/808 797/1271/797 
f 810/1273/810 84/1274/84 83/1275/83 
f 83/1275/83 811/1276/811 810/1273/810 
f 83/1275/83 82/1261/82 801/1260/801 
f 801/1260/801 811/1276/811 83/1275/83 
f 811/1276/811 801/1260/801 803/1264/803 
f 803/1264/803 812/1277/812 811/1276/811 
f 812/1277/812 813/1278/813 810/1273/810 
f 810/1273/810 811/1276/811 812/1277/812 
f 814/1279/814 497/793/497 496/1280/496 
f 496/1280/496 815/1281/815 814/1279/814 
f 496/744/496 472/711/472 493/739/493 
f 815/1282/815 493/739/493 490/741/490 
f 816/1283/816 817/1284/817 814/1279/814 
f 814/1279/814 815/1281/815 816/1283/816 
f 818/1285/818 819/1286/819 820/1287/820 
f 820/1287/820 821/1288/821 818/1285/818 
f 821/1288/821 556/845/556 555/843/555 
f 555/843/555 818/1285/818 821/1288/821 
f 818/1285/818 555/843/555 550/837/550 
f 550/837/550 822/1289/822 818/1285/818 
f 822/1289/822 817/1284/817 819/1286/819 
f 819/1286/819 818/1285/818 822/1289/822 
f 823/1290/823 816/1291/816 490/1292/490 
f 489/735/489 487/733/487 522/784/522 
f 522/784/522 823/1293/823 489/735/489 
f 823/1293/823 522/784/522 524/788/524 
f 524/788/524 824/1294/824 823/1293/823 
f 824/1295/824 817/1296/817 816/1291/816 
f 816/1291/816 823/1290/823 824/1295/824 
f 822/1289/822 550/837/550 549/835/549 
f 549/835/549 825/1297/825 822/1289/822 
f 549/835/549 505/759/505 525/789/525 
f 525/789/525 825/1297/825 549/835/549 
f 825/1297/825 525/789/525 497/793/497 
f 497/793/497 814/1279/814 825/1297/825 
f 814/1279/814 817/1284/817 822/1289/822 
f 822/1289/822 825/1297/825 814/1279/814 
f 826/1298/826 827/1299/827 828/1300/828 
f 829/1301/829 817/1284/817 830/1302/830 
f 826/1298/826 830/1302/830 831/1303/831 
f 832/1304/832 833/1305/833 827/1306/827 
f 834/1307/834 835/1308/835 833/1309/833 
f 833/1309/833 832/1310/832 834/1307/834 
f 832/1311/832 831/1303/831 836/1312/836 
f 836/1312/836 834/1313/834 832/1311/832 
f 834/1313/834 836/1312/836 837/1314/837 
f 837/1314/837 838/1315/838 834/1313/834 
f 838/1316/838 839/1317/839 835/1308/835 
f 840/1318/840 841/1319/841 842/1320/842 
f 842/1320/842 843/1321/843 840/1318/840 
f 843/1321/843 844/1322/844 845/1323/845 
f 845/1323/845 840/1318/840 843/1321/843 
f 840/1318/840 845/1323/845 846/1324/846 
f 846/1324/846 847/1325/847 840/1318/840 
f 840/1318/840 847/1325/847 848/1326/848 
f 848/1326/848 841/1319/841 840/1318/840 
f 849/1327/849 850/1328/850 851/1329/851 
f 851/1329/851 852/1330/852 849/1327/849 
f 852/1331/852 853/1332/853 854/1333/854 
f 854/1333/854 849/1334/849 852/1331/852 
f 849/1335/849 854/1336/854 855/1337/855 
f 855/1337/855 856/1338/856 849/1335/849 
f 856/1339/856 857/1340/857 850/1328/850 
f 850/1328/850 849/1327/849 856/1339/856 
f 858/1341/858 859/1342/859 857/1340/857 
f 857/1340/857 856/1339/856 858/1341/858 
f 856/1339/856 855/1343/855 860/1344/860 
f 860/1344/860 858/1341/858 856/1339/856 
f 858/1341/858 860/1344/860 861/1345/861 
f 861/1345/861 862/1346/862 858/1341/858 
f 862/1346/862 863/1347/863 859/1342/859 
f 859/1342/859 858/1341/858 862/1346/862 
f 864/1348/864 865/1349/865 866/1350/866 
f 866/1350/866 867/1351/867 864/1348/864 
f 867/1351/867 851/1329/851 850/1328/850 
f 850/1328/850 864/1348/864 867/1351/867 
f 864/1348/864 850/1328/850 857/1340/857 
f 857/1340/857 868/1352/868 864/1348/864 
f 868/1352/868 869/1353/869 865/1349/865 
f 865/1349/865 864/1348/864 868/1352/868 
f 870/1354/870 871/1355/871 872/1356/872 
f 873/1357/873 866/1350/866 865/1349/865 
f 865/1349/865 870/1358/870 873/1357/873 
f 870/1359/870 865/1360/865 869/1361/869 
f 874/1362/874 875/1363/875 871/1355/871 
f 871/1355/871 870/1354/870 874/1362/874 
f 876/1364/876 877/1365/877 869/1353/869 
f 869/1353/869 868/1352/868 876/1364/876 
f 868/1352/868 857/1340/857 859/1342/859 
f 859/1342/859 876/1364/876 868/1352/868 
f 876/1364/876 859/1342/859 863/1347/863 
f 863/1347/863 878/1366/878 876/1364/876 
f 878/1367/878 879/1368/879 877/1369/877 
f 877/1369/877 876/1370/876 878/1367/878 
f 880/1371/880 881/1372/881 879/1373/879 
f 879/1373/879 878/1374/878 880/1371/880 
f 878/1366/878 863/1347/863 882/1375/882 
f 882/1375/882 880/1376/880 878/1366/878 
f 880/1371/880 882/1377/882 84/1274/84 
f 84/1274/84 810/1273/810 880/1371/880 
f 810/1273/810 813/1278/813 881/1372/881 
f 881/1372/881 880/1371/880 810/1273/810 
f 883/1378/883 884/1379/884 885/1380/885 
f 885/1380/885 886/1381/886 883/1378/883 
f 886/1381/886 887/1382/887 888/1383/888 
f 888/1383/888 883/1378/883 886/1381/886 
f 883/1378/883 888/1383/888 872/1356/872 
f 872/1356/872 889/1384/889 883/1378/883 
f 889/1384/889 890/1385/890 884/1379/884 
f 884/1379/884 883/1378/883 889/1384/889 
f 891/1386/891 892/1387/892 813/1278/813 
f 813/1278/813 812/1277/812 891/1386/891 
f 812/1277/812 803/1264/803 805/1266/805 
f 805/1266/805 891/1386/891 812/1277/812 
f 891/1386/891 805/1266/805 807/1268/807 
f 807/1268/807 893/1388/893 891/1386/891 
f 893/1388/893 894/1389/894 892/1387/892 
f 892/1387/892 891/1386/891 893/1388/893 
f 895/1390/895 896/1391/896 897/1392/897 
f 897/1392/897 898/1393/898 895/1390/895 
f 897/1394/897 799/1258/799 798/1257/798 
f 798/1257/798 267/1256/267 899/1395/899 
f 899/1395/899 898/1396/898 798/1257/798 
f 899/1395/899 900/1397/900 895/1398/895 
f 895/1398/895 898/1396/898 899/1395/899 
f 901/1399/901 902/1400/902 894/1389/894 
f 894/1389/894 893/1388/893 901/1399/901 
f 893/1388/893 807/1268/807 809/1270/809 
f 809/1270/809 901/1399/901 893/1388/893 
f 901/1399/901 809/1270/809 799/1272/799 
f 799/1272/799 897/1392/897 901/1399/901 
f 897/1392/897 896/1391/896 902/1400/902 
f 902/1400/902 901/1399/901 897/1392/897 
f 903/1401/903 895/1398/895 900/1397/900 
f 904/1402/904 575/876/575 574/874/574 
f 574/874/574 903/1401/903 904/1402/904 
f 574/874/574 573/873/573 905/1403/905 
f 905/1403/905 903/1401/903 574/874/574 
f 903/1401/903 905/1403/905 896/1404/896 
f 906/1405/906 907/1406/907 879/1373/879 
f 881/1372/881 813/1278/813 892/1387/892 
f 892/1387/892 906/1405/906 881/1372/881 
f 906/1405/906 892/1387/892 894/1389/894 
f 894/1389/894 908/1407/908 906/1405/906 
f 908/1408/908 909/1409/909 907/1410/907 
f 910/1411/910 911/1412/911 875/1363/875 
f 874/1413/874 869/1361/869 877/1414/877 
f 910/1411/910 877/1415/877 879/1416/879 
f 879/1416/879 907/1417/907 910/1411/910 
f 907/1417/907 909/1418/909 911/1412/911 
f 912/1419/912 913/1420/913 890/1385/890 
f 890/1385/890 889/1384/889 912/1419/912 
f 889/1384/889 872/1356/872 871/1355/871 
f 871/1355/871 912/1419/912 889/1384/889 
f 912/1419/912 871/1355/871 875/1363/875 
f 875/1363/875 911/1412/911 912/1419/912 
f 911/1412/911 909/1418/909 913/1420/913 
f 914/1421/914 915/1422/915 916/1423/916 
f 916/1424/916 917/1425/917 918/1426/918 
f 918/1427/918 890/1385/890 913/1420/913 
f 913/1420/913 919/1428/919 918/1427/918 
f 919/1428/919 913/1420/913 909/1418/909 
f 920/1429/920 921/1430/921 915/1422/915 
f 915/1422/915 914/1421/914 920/1429/920 
f 914/1421/914 909/1431/909 922/1432/922 
f 922/1432/922 920/1429/920 914/1421/914 
f 920/1429/920 922/1432/922 923/1433/923 
f 924/1434/924 925/1435/925 921/1430/921 
f 921/1430/921 920/1429/920 924/1434/924 
f 926/1436/926 924/1434/924 923/1433/923 
f 923/1433/923 927/1437/927 926/1436/926 
f 927/1437/927 896/1391/896 905/1438/905 
f 905/1438/905 926/1436/926 927/1437/927 
f 926/1436/926 905/1438/905 573/1439/573 
f 573/1439/573 928/1440/928 926/1436/926 
f 928/1440/928 925/1435/925 924/1434/924 
f 924/1434/924 926/1436/926 928/1440/928 
f 908/1407/908 894/1389/894 902/1400/902 
f 902/1400/902 929/1441/929 908/1407/908 
f 929/1441/929 902/1400/902 896/1391/896 
f 896/1391/896 927/1437/927 929/1441/929 
f 929/1441/929 927/1437/927 923/1433/923 
f 923/1433/923 922/1432/922 929/1441/929 
f 922/1432/922 909/1431/909 908/1407/908 
f 930/1442/930 429/641/429 436/653/436 
f 436/653/436 931/1443/931 930/1442/930 
f 930/1444/930 931/1445/931 932/1446/932 
f 932/1446/932 933/1447/933 930/1444/930 
f 930/1444/930 933/1447/933 444/663/444 
f 444/663/444 443/662/443 930/1444/930 
f 443/661/443 430/642/430 429/641/429 
f 429/641/429 930/1442/930 443/661/443 
f 934/1448/934 935/1449/935 936/1450/936 
f 936/1450/936 937/1451/937 934/1448/934 
f 934/1448/934 937/1451/937 434/650/434 
f 434/650/434 433/649/433 934/1448/934 
f 934/1448/934 433/649/433 432/702/432 
f 432/702/432 467/701/467 934/1448/934 
f 934/1448/934 467/701/467 460/700/460 
f 460/700/460 935/1449/935 934/1448/934 
f 938/1452/938 939/1453/939 940/1454/940 
f 940/1454/940 941/1455/941 938/1452/938 
f 941/1455/941 454/683/454 453/682/453 
f 453/682/453 938/1452/938 941/1455/941 
f 938/1456/938 453/679/453 450/674/450 
f 450/674/450 942/1457/942 938/1456/938 
f 942/1458/942 943/1459/943 939/1460/939 
f 939/1460/939 938/1461/938 942/1458/942 
f 942/1457/942 450/674/450 449/1462/449 
f 449/1462/449 944/1463/944 942/1457/942 
f 449/1462/449 444/1464/444 933/1465/933 
f 933/1465/933 944/1463/944 449/1462/449 
f 944/1463/944 933/1465/933 932/1466/932 
f 932/1466/932 945/1467/945 944/1463/944 
f 945/1467/945 943/1468/943 942/1457/942 
f 942/1457/942 944/1463/944 945/1467/945 
f 946/1469/946 947/1470/947 936/1471/936 
f 936/1471/936 935/1472/935 946/1469/946 
f 935/1472/935 460/690/460 459/689/459 
f 459/689/459 946/1469/946 935/1472/935 
f 946/1469/946 459/689/459 454/683/454 
f 454/683/454 941/1455/941 946/1469/946 
f 941/1455/941 940/1454/940 947/1470/947 
f 947/1470/947 946/1469/946 941/1455/941 
f 948/1473/948 949/1474/949 950/1475/950 
f 950/1475/950 951/1476/951 948/1473/948 
f 951/1477/951 936/1471/936 947/1470/947 
f 947/1470/947 948/1478/948 951/1477/951 
f 948/1478/948 947/1470/947 940/1454/940 
f 940/1454/940 939/1453/939 948/1478/948 
f 948/1479/948 939/1480/939 943/1481/943 
f 952/1482/952 945/1483/945 932/1484/932 
f 932/1484/932 931/1485/931 952/1482/952 
f 952/1486/952 931/1487/931 436/1488/436 
f 952/1482/952 953/1489/953 950/1490/950 
f 949/1491/949 943/1492/943 945/1483/945 
f 945/1483/945 952/1482/952 949/1491/949 
f 954/1493/954 951/1494/951 950/1495/950 
f 950/1495/950 953/1496/953 954/1493/954 
f 436/1488/436 435/1497/435 954/1498/954 
f 954/1493/954 435/651/435 434/650/434 
f 434/650/434 937/1451/937 954/1493/954 
f 937/1451/937 936/1450/936 951/1494/951 
f 951/1494/951 954/1493/954 937/1451/937 
f 955/1499/955 375/544/375 374/543/374 
f 374/543/374 956/1500/956 955/1499/955 
f 374/540/374 350/508/350 349/507/349 
f 349/507/349 956/1501/956 374/540/374 
f 956/1501/956 349/507/349 356/519/356 
f 356/519/356 957/1502/957 956/1501/956 
f 957/1502/957 361/1503/361 955/1504/955 
f 955/1504/955 956/1501/956 957/1502/957 
f 958/1505/958 362/1506/362 361/1507/361 
f 361/1507/361 957/1508/957 958/1505/958 
f 958/1509/958 957/1502/957 356/519/356 
f 356/519/356 355/518/355 958/1509/958 
f 958/1510/958 355/1511/355 354/1512/354 
f 354/1512/354 386/1513/386 958/1510/958 
f 386/1513/386 363/560/363 362/1514/362 
f 362/1514/362 958/1510/958 386/1513/386 
f 959/1515/959 360/523/360 359/522/359 
f 359/522/359 369/533/369 959/1515/959 
f 369/532/369 368/531/368 960/1516/960 
f 960/1516/960 959/1517/959 369/532/369 
f 959/1518/959 960/1519/960 375/544/375 
f 959/1515/959 955/1520/955 361/524/361 
f 361/524/361 360/523/360 959/1515/959 
f 961/1521/961 960/1519/960 368/1522/368 
f 368/1522/368 367/1523/367 961/1521/961 
f 367/1523/367 371/585/371 398/584/398 
f 398/584/398 961/1521/961 367/1523/367 
f 961/1521/961 398/584/398 377/546/377 
f 377/546/377 376/545/376 961/1521/961 
f 376/545/376 375/544/375 960/1519/960 
f 960/1519/960 961/1521/961 376/545/376 
f 962/1524/962 884/1379/884 890/1385/890 
f 890/1385/890 918/1427/918 962/1524/962 
f 918/1427/918 917/1525/917 963/1526/963 
f 963/1526/963 962/1524/962 918/1427/918 
f 962/1524/962 963/1526/963 964/1527/964 
f 964/1527/964 965/1528/965 962/1524/962 
f 965/1528/965 885/1380/885 884/1379/884 
f 884/1379/884 962/1524/962 965/1528/965 
f 966/1529/966 967/1530/967 556/845/556 
f 556/845/556 821/1288/821 966/1529/966 
f 821/1288/821 820/1287/820 968/1531/968 
f 968/1531/968 966/1529/966 821/1288/821 
f 966/1529/966 968/1531/968 969/1532/969 
f 969/1532/969 970/1533/970 966/1529/966 
f 970/1533/970 971/1534/971 967/1530/967 
f 967/1530/967 966/1529/966 970/1533/970 
f 972/1535/972 973/1536/973 974/1537/974 
f 974/1537/974 975/1538/975 972/1535/972 
f 975/1539/975 964/1540/964 963/1541/963 
f 963/1541/963 972/1542/972 975/1539/975 
f 972/1535/972 963/1543/963 917/1544/917 
f 917/1544/917 916/1545/916 972/1535/972 
f 916/1423/916 915/1422/915 973/1546/973 
f 976/1547/976 977/1548/977 971/1549/971 
f 971/1549/971 970/1550/970 976/1547/976 
f 970/1533/970 969/1532/969 978/1551/978 
f 978/1551/978 976/1552/976 970/1533/970 
f 976/1553/976 978/1554/978 964/1555/964 
f 964/1555/964 975/1538/975 976/1553/976 
f 975/1538/975 974/1537/974 977/1556/977 
f 977/1556/977 976/1553/976 975/1538/975 
f 979/1557/979 980/1558/980 571/870/571 
f 571/870/571 582/885/582 979/1557/979 
f 582/885/582 563/855/563 562/854/562 
f 562/854/562 979/1557/979 582/885/582 
f 979/1557/979 562/854/562 561/853/561 
f 561/853/561 981/1559/981 979/1557/979 
f 981/1559/981 982/1560/982 980/1558/980 
f 980/1558/980 979/1557/979 981/1559/981 
f 983/1561/983 982/1560/982 984/1562/984 
f 984/1563/984 974/1564/974 973/1565/973 
f 973/1565/973 985/1566/985 984/1563/984 
f 985/1567/985 973/1546/973 915/1422/915 
f 921/1430/921 925/1435/925 983/1561/983 
f 983/1561/983 985/1567/985 921/1430/921 
f 986/1568/986 987/1569/987 988/1570/988 
f 988/1570/988 989/1571/989 986/1568/986 
f 989/1572/989 971/1549/971 977/1548/977 
f 977/1548/977 986/1573/986 989/1572/989 
f 986/1573/986 977/1548/977 974/1564/974 
f 974/1564/974 984/1563/984 986/1573/986 
f 986/1573/986 984/1563/984 982/1574/982 
f 982/1574/982 987/1575/987 986/1573/986 
f 990/1576/990 983/1561/983 925/1435/925 
f 925/1435/925 928/1440/928 990/1576/990 
f 928/1440/928 573/1439/573 572/871/572 
f 572/871/572 990/1576/990 928/1440/928 
f 572/871/572 571/870/571 980/1558/980 
f 980/1558/980 982/1560/982 983/1561/983 
f 983/1561/983 990/1576/990 980/1558/980 
f 991/1577/991 981/1559/981 561/853/561 
f 568/865/568 558/864/558 992/1578/992 
f 992/1578/992 991/1579/991 568/865/568 
f 991/1579/991 992/1578/992 988/1570/988 
f 988/1570/988 987/1569/987 991/1579/991 
f 987/1575/987 982/1574/982 981/1580/981 
f 993/1581/993 992/1582/992 558/848/558 
f 558/848/558 557/847/557 993/1581/993 
f 557/847/557 556/1583/556 967/1584/967 
f 967/1584/967 993/1581/993 557/847/557 
f 993/1581/993 967/1584/967 971/1549/971 
f 971/1549/971 989/1572/989 993/1581/993 
f 989/1571/989 988/1570/988 992/1578/992 
f 992/1578/992 993/1585/993 989/1571/989 
f 994/1586/994 995/1587/995 848/1588/848 
f 848/1588/848 996/1589/996 994/1586/994 
f 996/1589/996 997/1590/997 998/1591/998 
f 998/1591/998 994/1586/994 996/1589/996 
f 994/1586/994 998/1591/998 999/1592/999 
f 999/1592/999 1000/1593/1000 994/1586/994 
f 1000/1593/1000 1001/1594/1001 995/1587/995 
f 995/1587/995 994/1586/994 1000/1593/1000 
f 1002/1595/1002 1003/1596/1003 820/1287/820 
f 820/1287/820 819/1286/819 1002/1595/1002 
f 819/1286/819 817/1284/817 829/1301/829 
f 829/1301/829 1002/1595/1002 819/1286/819 
f 1002/1595/1002 829/1301/829 828/1300/828 
f 828/1300/828 1004/1597/1004 1002/1595/1002 
f 1004/1597/1004 1005/1598/1005 1003/1596/1003 
f 1003/1596/1003 1002/1595/1002 1004/1597/1004 
f 1006/1599/1006 1007/1600/1007 969/1532/969 
f 969/1532/969 968/1531/968 1006/1599/1006 
f 968/1531/968 820/1287/820 1003/1596/1003 
f 1003/1596/1003 1006/1599/1006 968/1531/968 
f 1006/1599/1006 1003/1596/1003 1005/1598/1005 
f 1005/1598/1005 1008/1601/1008 1006/1599/1006 
f 1008/1602/1008 1009/1603/1009 1007/1604/1007 
f 1010/1605/1010 1007/1604/1007 1009/1603/1009 
f 1011/1606/1011 885/1380/885 965/1528/965 
f 1010/1607/1010 965/1608/965 964/1609/964 
f 978/1551/978 969/1532/969 1007/1600/1007 
f 1012/1610/1012 1013/1611/1013 1009/1603/1009 
f 1009/1603/1009 1008/1602/1008 1012/1610/1012 
f 1008/1602/1008 1005/1612/1005 1014/1613/1014 
f 1012/1610/1012 1014/1613/1014 1015/1614/1015 
f 1015/1614/1015 1016/1615/1016 1012/1610/1012 
f 1016/1615/1016 1017/1616/1017 1013/1611/1013 
f 1013/1611/1013 1012/1610/1012 1016/1615/1016 
f 1013/1611/1013 1017/1616/1017 1018/1617/1018 
f 1018/1617/1018 1019/1618/1019 1013/1611/1013 
f 1019/1618/1019 1018/1617/1018 887/1382/887 
f 887/1382/887 886/1381/886 1019/1618/1019 
f 886/1381/886 885/1380/885 1011/1606/1011 
f 1011/1606/1011 1019/1618/1019 886/1381/886 
f 1011/1606/1011 1009/1603/1009 1013/1611/1013 
f 1013/1611/1013 1019/1618/1019 1011/1606/1011 
f 1020/1619/1020 1021/1620/1021 1022/1621/1022 
f 1022/1621/1022 1023/1622/1023 1020/1619/1020 
f 1023/1623/1023 1001/1624/1001 1024/1625/1024 
f 1024/1625/1024 1020/1626/1020 1023/1623/1023 
f 1024/1625/1024 1025/1627/1025 1026/1628/1026 
f 1026/1628/1026 1020/1626/1020 1024/1625/1024 
f 1026/1629/1026 1027/1630/1027 1021/1620/1021 
f 1021/1620/1021 1020/1619/1020 1026/1629/1026 
f 1028/1631/1028 1029/1632/1029 1030/1633/1030 
f 1030/1633/1030 1031/1634/1031 1028/1631/1028 
f 1031/1634/1031 887/1635/887 1018/1636/1018 
f 1018/1636/1018 1028/1631/1028 1031/1634/1031 
f 1028/1631/1028 1018/1636/1018 1017/1637/1017 
f 1017/1637/1017 1032/1638/1032 1028/1631/1028 
f 1032/1638/1032 1033/1639/1033 1029/1632/1029 
f 1029/1632/1029 1028/1631/1028 1032/1638/1032 
f 1034/1640/1034 842/1641/842 841/1642/841 
f 841/1642/841 1035/1643/1035 1034/1640/1034 
f 841/1319/841 848/1326/848 995/1644/995 
f 995/1644/995 1035/1645/1035 841/1319/841 
f 1035/1645/1035 995/1644/995 1001/1624/1001 
f 1001/1624/1001 1023/1623/1023 1035/1645/1035 
f 1034/1640/1034 1035/1643/1035 1023/1622/1023 
f 1023/1622/1023 1022/1621/1022 1034/1640/1034 
f 1036/1646/1036 1016/1647/1016 1015/1648/1015 
f 1015/1648/1015 1037/1649/1037 1036/1646/1036 
f 1036/1646/1036 1037/1649/1037 1038/1650/1038 
f 1038/1650/1038 1039/1651/1039 1036/1646/1036 
f 1036/1646/1036 1039/1651/1039 1033/1639/1033 
f 1033/1639/1033 1032/1638/1032 1036/1646/1036 
f 1032/1638/1032 1017/1637/1017 1016/1647/1016 
f 1016/1647/1016 1036/1646/1036 1032/1638/1032 
f 1040/1652/1040 1041/1653/1041 1030/1654/1030 
f 1030/1654/1030 1042/1655/1042 1040/1652/1040 
f 1042/1655/1042 1027/1656/1027 1043/1657/1043 
f 1043/1657/1043 1040/1652/1040 1042/1655/1042 
f 1040/1652/1040 1043/1657/1043 851/1329/851 
f 851/1329/851 867/1351/867 1040/1652/1040 
f 867/1351/867 866/1350/866 1041/1653/1041 
f 1041/1653/1041 1040/1652/1040 867/1351/867 
f 1021/1620/1021 1044/1658/1044 1045/1659/1045 
f 1045/1659/1045 1022/1621/1022 1021/1620/1021 
f 1044/1660/1044 1021/1661/1021 1027/1656/1027 
f 1027/1656/1027 1042/1655/1042 1044/1660/1044 
f 1042/1655/1042 1030/1654/1030 1029/1662/1029 
f 1029/1662/1029 1044/1660/1044 1042/1655/1042 
f 1044/1663/1044 1029/1632/1029 1033/1639/1033 
f 1033/1639/1033 1045/1664/1045 1044/1663/1044 
f 1046/1665/1046 1041/1666/1041 866/1667/866 
f 866/1667/866 873/1668/873 1046/1665/1046 
f 873/1669/873 872/1670/872 888/1671/888 
f 888/1671/888 1046/1672/1046 873/1669/873 
f 1046/1673/1046 888/1674/888 887/1635/887 
f 887/1635/887 1031/1634/1031 1046/1673/1046 
f 1031/1634/1031 1030/1633/1030 1041/1675/1041 
f 1041/1675/1041 1046/1673/1046 1031/1634/1031 
f 1039/1651/1039 1047/1676/1047 1045/1664/1045 
f 1045/1664/1045 1033/1639/1033 1039/1651/1039 
f 1039/1651/1039 1038/1650/1038 1048/1677/1048 
f 1048/1677/1048 1047/1676/1047 1039/1651/1039 
f 1047/1678/1047 1048/1679/1048 842/1641/842 
f 842/1641/842 1034/1640/1034 1047/1678/1047 
f 1034/1640/1034 1022/1621/1022 1045/1659/1045 
f 1045/1659/1045 1047/1678/1047 1034/1640/1034 
f 1049/1680/1049 1050/1681/1050 1051/1682/1051 
f 1051/1682/1051 1052/1683/1052 1049/1680/1049 
f 1052/1684/1052 900/1685/900 899/1686/899 
f 899/1686/899 1049/1687/1049 1052/1684/1052 
f 1049/1687/1049 899/1686/899 267/374/267 
f 267/374/267 266/373/266 1049/1687/1049 
f 266/372/266 252/371/252 1050/1681/1050 
f 1050/1681/1050 1049/1680/1049 266/372/266 
f 1053/1688/1053 1050/1689/1050 252/353/252 
f 252/353/252 251/352/251 1053/1688/1053 
f 251/352/251 250/351/250 1054/1690/1054 
f 1054/1690/1054 1053/1688/1053 251/352/251 
f 1053/1688/1053 1054/1690/1054 1055/1691/1055 
f 1055/1691/1055 1056/1692/1056 1053/1688/1053 
f 1056/1692/1056 1051/1693/1051 1050/1689/1050 
f 1050/1689/1050 1053/1688/1053 1056/1692/1056 
f 1057/1694/1057 1058/1695/1058 1051/1693/1051 
f 1051/1693/1051 1056/1692/1056 1057/1694/1057 
f 1056/1692/1056 1055/1691/1055 1059/1696/1059 
f 1059/1696/1059 1057/1694/1057 1056/1692/1056 
f 1057/1694/1057 1059/1696/1059 1060/1697/1060 
f 1060/1697/1060 1061/1698/1061 1057/1694/1057 
f 1061/1698/1061 1062/1699/1062 1058/1695/1058 
f 1058/1695/1058 1057/1694/1057 1061/1698/1061 
f 1063/1700/1063 241/342/241 240/341/240 
f 240/341/240 1064/1701/1064 1063/1700/1063 
f 1064/1702/1064 240/339/240 239/338/239 
f 239/338/239 1065/1703/1065 1064/1702/1064 
f 1065/1703/1065 1066/1704/1066 1067/1705/1067 
f 1067/1705/1067 1064/1702/1064 1065/1703/1065 
f 1064/1702/1064 1067/1705/1067 1068/1706/1068 
f 1068/1706/1068 1063/1707/1063 1064/1702/1064 
f 1069/1708/1069 1070/1709/1070 230/1710/230 
f 229/1711/229 228/1712/228 1071/1713/1071 
f 1069/1708/1069 1071/1713/1071 1072/1714/1072 
f 1072/1714/1072 1073/1715/1073 1069/1708/1069 
f 1073/1716/1073 1074/1717/1074 1070/1718/1070 
f 1075/1719/1075 1076/1720/1076 1077/1721/1077 
f 1077/1721/1077 1078/1722/1078 1075/1719/1075 
f 1078/1722/1078 1079/1723/1079 1080/1724/1080 
f 1080/1724/1080 1075/1719/1075 1078/1722/1078 
f 1075/1719/1075 1080/1724/1080 257/1725/257 
f 257/1725/257 256/1726/256 1075/1719/1075 
f 256/357/256 255/356/255 1076/1727/1076 
f 1076/1727/1076 1075/1728/1075 256/357/256 
f 1081/1729/1081 1082/1730/1082 1083/1731/1083 
f 1083/1731/1083 1084/1732/1084 1081/1729/1081 
f 1084/1732/1084 223/1733/223 222/1734/222 
f 222/1734/222 1081/1729/1081 1084/1732/1084 
f 1081/1729/1081 222/1734/222 217/310/217 
f 217/310/217 1085/1735/1085 1081/1729/1081 
f 1085/1735/1085 1086/1736/1086 1082/1730/1082 
f 1082/1730/1082 1081/1729/1081 1085/1735/1085 
f 1087/1737/1087 1088/1738/1088 1089/1739/1089 
f 1089/1739/1089 1090/1740/1090 1087/1737/1087 
f 1090/1741/1090 211/301/211 210/300/210 
f 210/300/210 1087/1742/1087 1090/1741/1090 
f 1087/1742/1087 210/300/210 88/124/88 
f 88/124/88 87/123/87 1087/1742/1087 
f 87/123/87 86/1743/86 1088/1744/1088 
f 1088/1744/1088 1087/1742/1087 87/123/87 
f 1091/1745/1091 1092/1746/1092 1086/1736/1086 
f 1086/1736/1086 1085/1735/1085 1091/1745/1091 
f 1085/1735/1085 217/310/217 216/309/216 
f 216/309/216 1091/1745/1091 1085/1735/1085 
f 1091/1745/1091 216/309/216 211/308/211 
f 211/308/211 1090/1740/1090 1091/1745/1091 
f 1090/1740/1090 1089/1739/1089 1092/1746/1092 
f 1092/1746/1092 1091/1745/1091 1090/1740/1090 
f 1093/1747/1093 1094/1748/1094 1095/1749/1095 
f 1095/1749/1095 1096/1750/1096 1093/1747/1093 
f 1096/1750/1096 1086/1736/1086 1092/1746/1092 
f 1092/1746/1092 1093/1747/1093 1096/1750/1096 
f 1093/1747/1093 1092/1746/1092 1089/1739/1089 
f 1089/1739/1089 1097/1751/1097 1093/1747/1093 
f 1097/1751/1097 1098/1752/1098 1094/1748/1094 
f 1094/1748/1094 1093/1747/1093 1097/1751/1097 
f 1099/1753/1099 86/1754/86 85/1755/85 
f 85/1755/85 1100/1756/1100 1099/1753/1099 
f 85/120/85 84/119/84 882/1757/882 
f 882/1757/882 1100/1758/1100 85/120/85 
f 882/1375/882 863/1347/863 1101/1759/1101 
f 1101/1759/1101 1100/1756/1100 882/1375/882 
f 1101/1759/1101 1102/1760/1102 1099/1753/1099 
f 1103/1761/1103 1104/1762/1104 1098/1752/1098 
f 1098/1752/1098 1097/1751/1097 1103/1761/1103 
f 1097/1751/1097 1089/1739/1089 1088/1738/1088 
f 1088/1738/1088 1103/1761/1103 1097/1751/1097 
f 1103/1763/1103 1088/1744/1088 86/1743/86 
f 86/1743/86 1099/1764/1099 1103/1763/1103 
f 1099/1764/1099 1102/1765/1102 1104/1766/1104 
f 1104/1766/1104 1103/1763/1103 1099/1764/1099 
f 1105/1767/1105 1106/1768/1106 1107/1769/1107 
f 1107/1769/1107 1108/1770/1108 1105/1767/1105 
f 1108/1771/1108 1109/1772/1109 1110/1773/1110 
f 1105/1774/1105 1110/1775/1110 1111/1776/1111 
f 1112/1777/1112 1113/1778/1113 1106/1779/1106 
f 1114/1780/1114 1115/1781/1115 1116/1782/1116 
f 1116/1782/1116 1117/1783/1117 1114/1780/1114 
f 1117/1784/1117 1118/1785/1118 1119/1786/1119 
f 1119/1786/1119 1114/1787/1114 1117/1784/1117 
f 1114/1787/1114 1119/1786/1119 1109/1788/1109 
f 1109/1788/1109 1108/1789/1108 1114/1787/1114 
f 1108/1770/1108 1107/1769/1107 1115/1781/1115 
f 1115/1781/1115 1114/1780/1114 1108/1770/1108 
f 1120/1790/1120 1121/1791/1121 1122/1792/1122 
f 1122/1792/1122 1123/1793/1123 1120/1790/1120 
f 1123/1793/1123 1122/1792/1122 1124/1794/1124 
f 1124/1794/1124 1125/1795/1125 1123/1793/1123 
f 1125/1795/1125 1126/1796/1126 1127/1797/1127 
f 1127/1797/1127 1123/1793/1123 1125/1795/1125 
f 1123/1793/1123 1127/1797/1127 1128/1798/1128 
f 1128/1798/1128 1120/1790/1120 1123/1793/1123 
f 1129/1799/1129 1130/1800/1130 1131/1801/1131 
f 1131/1801/1131 1132/1802/1132 1129/1799/1129 
f 1132/1803/1132 1133/1804/1133 1134/1805/1134 
f 1134/1805/1134 1129/1806/1129 1132/1803/1132 
f 1129/1806/1129 1134/1805/1134 1135/1807/1135 
f 1135/1807/1135 1136/1808/1136 1129/1806/1129 
f 1136/1809/1136 1137/1810/1137 1130/1800/1130 
f 1130/1800/1130 1129/1799/1129 1136/1809/1136 
f 1138/1811/1138 1139/1812/1139 1062/1699/1062 
f 1062/1699/1062 1061/1698/1061 1138/1811/1138 
f 1061/1698/1061 1060/1697/1060 1140/1813/1140 
f 1140/1813/1140 1138/1811/1138 1061/1698/1061 
f 1138/1811/1138 1140/1813/1140 1141/1814/1141 
f 1142/1815/1142 1143/1816/1143 1139/1817/1139 
f 1139/1817/1139 1138/1818/1138 1142/1815/1142 
f 1144/1819/1144 1145/1820/1145 1146/1821/1146 
f 1146/1821/1146 1147/1822/1147 1148/1823/1148 
f 1148/1823/1148 1149/1824/1149 1146/1821/1146 
f 1149/1824/1149 1148/1823/1148 1150/1825/1150 
f 1151/1826/1151 1152/1827/1152 1144/1819/1144 
f 1144/1819/1144 1149/1824/1149 1151/1826/1151 
f 1153/1828/1153 1154/1829/1154 1143/1816/1143 
f 1155/1830/1155 1153/1828/1153 1142/1815/1142 
f 1142/1815/1142 1141/1831/1141 1155/1830/1155 
f 1153/1832/1153 1155/1833/1155 1156/1834/1156 
f 1153/1828/1153 1157/1835/1157 1158/1836/1158 
f 1158/1836/1158 1154/1829/1154 1153/1828/1153 
f 1159/1837/1159 1160/1838/1160 1158/1839/1158 
f 1157/1840/1157 1156/1841/1156 1161/1842/1161 
f 1159/1843/1159 1161/1842/1161 1145/1820/1145 
f 1145/1820/1145 1144/1819/1144 1159/1843/1159 
f 1159/1843/1159 1144/1819/1144 1152/1827/1152 
f 1162/1844/1162 1163/1845/1163 900/1685/900 
f 900/1685/900 1052/1684/1052 1162/1844/1162 
f 1052/1683/1052 1051/1682/1051 1058/1846/1058 
f 1058/1846/1058 1162/1847/1162 1052/1683/1052 
f 1162/1847/1162 1058/1846/1058 1062/1848/1062 
f 1062/1848/1062 1164/1849/1164 1162/1847/1162 
f 1164/1849/1164 1165/1850/1165 1163/1851/1163 
f 1163/1851/1163 1162/1847/1162 1164/1849/1164 
f 1166/1852/1166 1165/1850/1165 1164/1849/1164 
f 1167/1853/1167 1164/1849/1164 1062/1848/1062 
f 1062/1848/1062 1139/1854/1139 1167/1853/1167 
f 1167/1853/1167 1139/1854/1139 1143/1855/1143 
f 1143/1855/1143 1166/1852/1166 1167/1853/1167 
f 1168/1856/1168 1169/1857/1169 1170/1858/1170 
f 1170/1858/1170 1171/1859/1171 1168/1856/1168 
f 1168/1856/1168 1171/1859/1171 1165/1850/1165 
f 1166/1852/1166 1143/1855/1143 1154/1860/1154 
f 1154/1829/1154 1158/1836/1158 1169/1861/1169 
f 1172/1862/1172 1169/1863/1169 1158/1839/1158 
f 1160/1838/1160 1152/1864/1152 1173/1865/1173 
f 1172/1866/1172 1173/1867/1173 1174/1868/1174 
f 1174/1868/1174 1175/1869/1175 1172/1866/1172 
f 1175/1869/1175 1170/1858/1170 1169/1857/1169 
f 1176/1870/1176 585/889/585 577/878/577 
f 577/878/577 576/877/576 1176/1870/1176 
f 576/877/576 575/876/575 1177/1871/1177 
f 1177/1871/1177 1176/1870/1176 576/877/576 
f 1176/1870/1176 1177/1871/1177 1178/1872/1178 
f 1178/1872/1178 1179/1873/1179 1176/1870/1176 
f 1179/1873/1179 586/890/586 585/889/585 
f 585/889/585 1176/1870/1176 1179/1873/1179 
f 1180/1874/1180 1177/1871/1177 575/876/575 
f 575/876/575 904/1402/904 1180/1874/1180 
f 904/1402/904 900/1397/900 1163/1875/1163 
f 1163/1875/1163 1180/1874/1180 904/1402/904 
f 1180/1874/1180 1163/1875/1163 1165/1876/1165 
f 1165/1876/1165 1181/1877/1181 1180/1874/1180 
f 1181/1877/1181 1178/1872/1178 1177/1871/1177 
f 1177/1871/1177 1180/1874/1180 1181/1877/1181 
f 1182/1878/1182 1183/1879/1183 593/1880/593 
f 593/1880/593 592/1881/592 1182/1878/1182 
f 592/1881/592 591/909/591 601/907/601 
f 1182/1878/1182 601/907/601 602/908/602 
f 602/908/602 1184/1882/1184 1182/1878/1182 
f 1184/1882/1184 1185/1883/1185 1183/1879/1183 
f 1183/1879/1183 1182/1878/1182 1184/1882/1184 
f 1181/1877/1181 1165/1876/1165 1171/1884/1171 
f 1171/1884/1171 1186/1885/1186 1181/1877/1181 
f 1171/1886/1171 1170/1887/1170 1187/1888/1187 
f 1187/1888/1187 1186/1889/1186 1171/1886/1171 
f 1187/1888/1187 1188/1890/1188 1189/1891/1189 
f 1189/1891/1189 1186/1889/1186 1187/1888/1187 
f 1186/1889/1186 1189/1891/1189 1178/1892/1178 
f 1178/1892/1178 1181/1893/1181 1186/1889/1186 
f 1190/1894/1190 1185/1895/1185 1191/1896/1191 
f 1191/1896/1191 1192/1897/1192 1190/1894/1190 
f 1191/1896/1191 1188/1898/1188 1193/1899/1193 
f 1193/1899/1193 1192/1897/1192 1191/1896/1191 
f 1192/1897/1192 1193/1899/1193 1194/1900/1194 
f 1194/1900/1194 1190/1894/1190 1192/1897/1192 
f 1195/1901/1195 1196/1902/1196 586/1903/586 
f 586/1903/586 1179/1904/1179 1195/1901/1195 
f 1179/1905/1179 1178/1892/1178 1189/1891/1189 
f 1189/1891/1189 1195/1906/1195 1179/1905/1179 
f 1195/1901/1195 1189/1907/1189 1188/1898/1188 
f 1188/1898/1188 1191/1896/1191 1195/1901/1195 
f 1191/1896/1191 1185/1895/1185 1196/1902/1196 
f 1196/1902/1196 1195/1901/1195 1191/1896/1191 
f 1197/1908/1197 1198/1909/1198 628/947/628 
f 628/947/628 627/946/627 1197/1908/1197 
f 627/946/627 588/945/588 587/1910/587 
f 587/1910/587 1197/1908/1197 627/946/627 
f 587/1910/587 586/1903/586 1196/1902/1196 
f 1196/1902/1196 1197/1908/1197 587/1910/587 
f 1196/1902/1196 1185/1895/1185 1198/1909/1198 
f 1184/1882/1184 602/908/602 612/925/612 
f 612/925/612 1199/1911/1199 1184/1882/1184 
f 1199/1911/1199 612/925/612 611/924/611 
f 611/924/611 635/963/635 1199/1911/1199 
f 635/962/635 628/947/628 1198/1909/1198 
f 1198/1912/1198 1185/1883/1185 1184/1882/1184 
f 1200/1913/1200 1187/1888/1187 1170/1887/1170 
f 1175/1914/1175 1174/1915/1174 1201/1916/1201 
f 1201/1916/1201 1200/1913/1200 1175/1914/1175 
f 1200/1917/1200 1201/1918/1201 1194/1900/1194 
f 1194/1900/1194 1193/1899/1193 1200/1917/1200 
f 1200/1913/1200 1193/1919/1193 1188/1890/1188 
f 1188/1890/1188 1187/1888/1187 1200/1913/1200 
f 1202/1920/1202 1203/1921/1203 1204/1922/1204 
f 1204/1922/1204 1205/1923/1205 1202/1920/1202 
f 1205/1923/1205 1206/1924/1206 1207/1925/1207 
f 1207/1925/1207 1202/1920/1202 1205/1923/1205 
f 1202/1926/1202 1207/1927/1207 1208/1928/1208 
f 1208/1928/1208 1209/1929/1209 1202/1926/1202 
f 1209/1930/1209 1210/1931/1210 1203/1921/1203 
f 1203/1921/1203 1202/1920/1202 1209/1930/1209 
f 1211/1932/1211 1212/1933/1212 1208/1934/1208 
f 1208/1934/1208 1207/1935/1207 1211/1932/1211 
f 1207/1925/1207 1206/1924/1206 1213/1936/1213 
f 1211/1937/1211 1213/1936/1213 1214/1938/1214 
f 1214/1938/1214 1215/1939/1215 1211/1937/1211 
f 1215/1940/1215 1216/1941/1216 1212/1933/1212 
f 1212/1933/1212 1211/1932/1211 1215/1940/1215 
f 1209/1929/1209 1208/1928/1208 1212/1942/1212 
f 1212/1942/1212 1217/1943/1217 1209/1929/1209 
f 1212/1933/1212 1216/1941/1216 1218/1944/1218 
f 1218/1944/1218 1217/1945/1217 1212/1933/1212 
f 1217/1946/1217 1218/1947/1218 1219/1948/1219 
f 1219/1948/1219 1220/1949/1220 1217/1946/1217 
f 1220/1949/1220 1210/1931/1210 1209/1930/1209 
f 1209/1930/1209 1217/1946/1217 1220/1949/1220 
f 1221/1950/1221 1222/1951/1222 1223/1952/1223 
f 1223/1952/1223 1224/1953/1224 1221/1950/1221 
f 1224/1953/1224 1223/1952/1223 1210/1931/1210 
f 1210/1931/1210 1220/1949/1220 1224/1953/1224 
f 1220/1949/1220 1219/1948/1219 1225/1954/1225 
f 1225/1954/1225 1224/1953/1224 1220/1949/1220 
f 1224/1953/1224 1225/1954/1225 1226/1955/1226 
f 1226/1955/1226 1221/1950/1221 1224/1953/1224 
f 1227/1956/1227 1218/1957/1218 1216/1958/1216 
f 1216/1958/1216 1228/1959/1228 1227/1956/1227 
f 1228/1959/1228 1229/1960/1229 1230/1961/1230 
f 1230/1961/1230 1227/1956/1227 1228/1959/1228 
f 1227/1956/1227 1230/1961/1230 1231/1962/1231 
f 1231/1962/1231 1232/1963/1232 1227/1956/1227 
f 1232/1964/1232 1219/1948/1219 1218/1947/1218 
f 1218/1947/1218 1227/1965/1227 1232/1964/1232 
f 1233/1966/1233 1234/1967/1234 1226/1968/1226 
f 1226/1968/1226 1225/1969/1225 1233/1966/1233 
f 1233/1970/1233 1225/1954/1225 1219/1948/1219 
f 1219/1948/1219 1232/1964/1232 1233/1970/1233 
f 1235/1971/1235 1233/1972/1233 1232/1963/1232 
f 1232/1963/1232 1231/1962/1231 1235/1971/1235 
f 1235/1973/1235 1236/1974/1236 1234/1975/1234 
f 1234/1975/1234 1233/1976/1233 1235/1973/1235 
f 1237/1977/1237 1236/1978/1236 1235/1971/1235 
f 1235/1971/1235 1238/1979/1238 1237/1977/1237 
f 1238/1979/1238 1235/1971/1235 1231/1962/1231 
f 1231/1962/1231 1239/1980/1239 1238/1979/1238 
f 1239/1980/1239 1240/1981/1240 1241/1982/1241 
f 1241/1982/1241 1238/1979/1238 1239/1980/1239 
f 1238/1983/1238 1241/1984/1241 1242/1985/1242 
f 1242/1985/1242 1237/1986/1237 1238/1983/1238 
f 1243/1987/1243 1244/1988/1244 1245/1989/1245 
f 1245/1989/1245 1246/1990/1246 1243/1987/1243 
f 1246/1990/1246 1109/1991/1109 1119/1992/1119 
f 1119/1992/1119 1243/1987/1243 1246/1990/1246 
f 1119/1992/1119 1118/1993/1118 1247/1994/1247 
f 1247/1994/1247 1243/1987/1243 1119/1992/1119 
f 1243/1987/1243 1247/1994/1247 1248/1995/1248 
f 1248/1995/1248 1244/1988/1244 1243/1987/1243 
f 1249/1996/1249 1250/1997/1250 1251/1998/1251 
f 1251/1998/1251 1252/1999/1252 1249/1996/1249 
f 1252/1999/1252 1095/1749/1095 1094/1748/1094 
f 1094/1748/1094 1249/1996/1249 1252/1999/1252 
f 1249/1996/1249 1094/1748/1094 1098/1752/1098 
f 1098/1752/1098 1253/2000/1253 1249/1996/1249 
f 1253/2001/1253 1254/2002/1254 1250/2003/1250 
f 1250/2003/1250 1249/2004/1249 1253/2001/1253 
f 1255/2005/1255 1256/2006/1256 1254/2002/1254 
f 1253/2000/1253 1098/1752/1098 1104/1762/1104 
f 1104/1762/1104 1255/2007/1255 1253/2000/1253 
f 1104/1766/1104 1102/1765/1102 1256/2008/1256 
f 1256/2008/1256 1255/2009/1255 1104/1766/1104 
f 1257/2010/1257 1258/2011/1258 1111/1776/1111 
f 1111/1776/1111 1110/1775/1110 1257/2010/1257 
f 1257/2010/1257 1110/1775/1110 1109/1991/1109 
f 1109/1991/1109 1246/1990/1246 1257/2010/1257 
f 1245/1989/1245 1259/2012/1259 1257/2010/1257 
f 1259/2013/1259 1260/2014/1260 1258/2015/1258 
f 1261/2016/1261 1262/2017/1262 1263/2018/1263 
f 1264/2019/1264 1111/1776/1111 1258/2011/1258 
f 1261/2020/1261 1258/2015/1258 1260/2014/1260 
f 1265/2021/1265 1266/2022/1266 1262/2017/1262 
f 1262/2017/1262 1261/2016/1261 1265/2021/1265 
f 1267/2023/1267 1268/2024/1268 1260/2025/1260 
f 1260/2025/1260 1259/2026/1259 1267/2023/1267 
f 1259/2026/1259 1245/2027/1245 1269/2028/1269 
f 1269/2028/1269 1267/2023/1267 1259/2026/1259 
f 1267/2023/1267 1269/2028/1269 1270/2029/1270 
f 1270/2029/1270 1271/2030/1271 1267/2023/1267 
f 1271/2030/1271 1272/2031/1272 1268/2024/1268 
f 1268/2024/1268 1267/2023/1267 1271/2030/1271 
f 1272/2031/1272 1273/2032/1273 1274/2033/1274 
f 1273/2032/1273 1254/2002/1254 1256/2006/1256 
f 1256/2008/1256 1102/1765/1102 1275/2034/1275 
f 1275/2035/1275 1266/2022/1266 1276/2036/1276 
f 1277/2037/1277 1275/2035/1275 1102/1760/1102 
f 1102/1760/1102 1101/1759/1101 1277/2037/1277 
f 1101/1759/1101 863/1347/863 862/1346/862 
f 1277/2037/1277 862/1346/862 861/1345/861 
f 861/1345/861 1278/2038/1278 1277/2037/1277 
f 1278/2038/1278 1266/2022/1266 1275/2035/1275 
f 1279/2039/1279 1268/2024/1268 1272/2031/1272 
f 1272/2031/1272 1276/2036/1276 1279/2039/1279 
f 1276/2036/1276 1266/2022/1266 1265/2021/1265 
f 1265/2021/1265 1279/2039/1279 1276/2036/1276 
f 1279/2039/1279 1265/2021/1265 1260/2025/1260 
f 1260/2025/1260 1268/2024/1268 1279/2039/1279 
f 1280/2040/1280 860/1344/860 855/1343/855 
f 855/1343/855 1281/2041/1281 1280/2040/1280 
f 1281/2041/1281 1263/2018/1263 1262/2017/1262 
f 1262/2017/1262 1280/2040/1280 1281/2041/1281 
f 1280/2040/1280 1262/2017/1262 1266/2022/1266 
f 1266/2022/1266 1278/2038/1278 1280/2040/1280 
f 1278/2038/1278 861/1345/861 860/1344/860 
f 860/1344/860 1280/2040/1280 1278/2038/1278 
f 1282/2042/1282 1271/2030/1271 1270/2029/1270 
f 1283/2043/1283 1251/1998/1251 1250/1997/1250 
f 1282/2042/1282 1250/2003/1250 1254/2002/1254 
f 1254/2002/1254 1273/2032/1273 1282/2042/1282 
f 1271/2030/1271 1282/2042/1282 1273/2032/1273 
f 1273/2032/1273 1272/2031/1272 1271/2030/1271 
f 1284/2044/1284 1285/2045/1285 853/1332/853 
f 853/1332/853 852/1331/852 1284/2044/1284 
f 852/2046/852 851/2047/851 1043/2048/1043 
f 1043/2048/1043 1284/2049/1284 852/2046/852 
f 1284/2049/1284 1043/2048/1043 1027/1630/1027 
f 1027/1630/1027 1026/1629/1026 1284/2049/1284 
f 1026/1629/1026 1025/2050/1025 1285/2051/1285 
f 1285/2051/1285 1284/2049/1284 1026/1629/1026 
f 1286/2052/1286 1024/2053/1024 1001/2054/1001 
f 1001/2054/1001 1000/2055/1000 1286/2052/1286 
f 1000/1593/1000 999/1592/999 1287/2056/1287 
f 1287/2056/1287 1286/2057/1286 1000/1593/1000 
f 1287/2058/1287 1288/2059/1288 1289/2060/1289 
f 1289/2060/1289 1286/2052/1286 1287/2058/1287 
f 1286/2052/1286 1289/2060/1289 1025/2061/1025 
f 1025/2061/1025 1024/2053/1024 1286/2052/1286 
f 1290/2062/1290 1291/2063/1291 1263/2064/1263 
f 1281/2065/1281 855/1337/855 854/1336/854 
f 854/1336/854 1290/2066/1290 1281/2065/1281 
f 1290/2062/1290 854/1333/854 853/1332/853 
f 853/1332/853 1292/2067/1292 1290/2062/1290 
f 1292/2067/1292 1293/2068/1293 1291/2063/1291 
f 1291/2063/1291 1290/2062/1290 1292/2067/1292 
f 1294/2069/1294 1112/2070/1112 1111/1776/1111 
f 1111/1776/1111 1264/2019/1264 1294/2069/1294 
f 1264/2019/1264 1263/2064/1263 1291/2063/1291 
f 1294/2069/1294 1291/2063/1291 1293/2068/1293 
f 1293/2068/1293 1295/2071/1295 1294/2069/1294 
f 1295/2071/1295 1113/2072/1113 1112/2070/1112 
f 1112/2070/1112 1294/2069/1294 1295/2071/1295 
f 1296/2073/1296 1297/2074/1297 1298/2075/1298 
f 1298/2075/1298 1299/2076/1299 1296/2073/1296 
f 1293/2077/1293 1292/2078/1292 1299/2076/1299 
f 1292/2078/1292 853/2079/853 1285/2080/1285 
f 1285/2080/1285 1299/2076/1299 1292/2078/1292 
f 1299/2076/1299 1285/2080/1285 1025/2061/1025 
f 1025/2061/1025 1296/2073/1296 1299/2076/1299 
f 1300/2081/1300 1289/2060/1289 1288/2059/1288 
f 1288/2059/1288 1301/2082/1301 1300/2081/1300 
f 1300/2081/1300 1301/2082/1301 1297/2074/1297 
f 1297/2074/1297 1296/2073/1296 1300/2081/1300 
f 1296/2073/1296 1025/2061/1025 1289/2060/1289 
f 1289/2060/1289 1300/2081/1300 1296/2073/1296 
f 1295/2083/1295 1293/2077/1293 1302/2084/1302 
f 1302/2084/1302 1303/2085/1303 1295/2083/1295 
f 1303/2085/1303 1302/2084/1302 1304/2086/1304 
f 1304/2086/1304 1305/2087/1305 1303/2085/1303 
f 1303/2085/1303 1305/2087/1305 1113/2088/1113 
f 1113/2088/1113 1295/2083/1295 1303/2085/1303 
f 1306/2089/1306 1307/2090/1307 1288/2059/1288 
f 1288/2059/1288 1287/2058/1287 1306/2089/1306 
f 1306/2091/1306 1287/2056/1287 999/1592/999 
f 999/1592/999 1308/2092/1308 1306/2091/1306 
f 1308/2092/1308 1309/2093/1309 1310/2094/1310 
f 1310/2094/1310 1306/2091/1306 1308/2092/1308 
f 1306/2089/1306 1310/2095/1310 1311/2096/1311 
f 1311/2096/1311 1307/2090/1307 1306/2089/1306 
f 1312/2097/1312 1297/2074/1297 1301/2082/1301 
f 1301/2082/1301 1313/2098/1313 1312/2097/1312 
f 1301/2082/1301 1288/2059/1288 1307/2090/1307 
f 1307/2090/1307 1313/2098/1313 1301/2082/1301 
f 1307/2090/1307 1311/2096/1311 1314/2099/1314 
f 1314/2099/1314 1313/2098/1313 1307/2090/1307 
f 1313/2098/1313 1314/2099/1314 1315/2100/1315 
f 1316/2101/1316 1317/2102/1317 1304/2086/1304 
f 1304/2086/1304 1302/2084/1302 1316/2101/1316 
f 1302/2084/1302 1293/2077/1293 1298/2075/1298 
f 1298/2075/1298 1316/2101/1316 1302/2084/1302 
f 1316/2101/1316 1298/2075/1298 1297/2074/1297 
f 1297/2074/1297 1312/2097/1312 1316/2101/1316 
f 1312/2097/1312 1315/2100/1315 1317/2102/1317 
f 1317/2102/1317 1316/2101/1316 1312/2097/1312 
f 1318/2103/1318 1311/2096/1311 1310/2095/1310 
f 1319/2104/1319 1310/2095/1310 1309/2105/1309 
f 1309/2105/1309 1320/2106/1320 1319/2104/1319 
f 1320/2106/1320 1321/2107/1321 1322/2108/1322 
f 1322/2108/1322 1319/2104/1319 1320/2106/1320 
f 1319/2104/1319 1322/2108/1322 1323/2109/1323 
f 1323/2109/1323 1318/2103/1318 1319/2104/1319 
f 1324/2110/1324 1107/1769/1107 1106/1768/1106 
f 1106/1768/1106 1325/2111/1325 1324/2110/1324 
f 1106/1768/1106 1113/2088/1113 1305/2087/1305 
f 1305/2087/1305 1325/2111/1325 1106/1768/1106 
f 1325/2111/1325 1305/2087/1305 1304/2086/1304 
f 1304/2086/1304 1326/2112/1326 1325/2111/1325 
f 1324/2110/1324 1325/2111/1325 1326/2112/1326 
f 1326/2112/1326 1327/2113/1327 1324/2110/1324 
f 1328/2114/1328 1329/2115/1329 1327/2113/1327 
f 1327/2113/1327 1326/2112/1326 1328/2114/1328 
f 1326/2112/1326 1304/2086/1304 1317/2102/1317 
f 1317/2102/1317 1328/2114/1328 1326/2112/1326 
f 1328/2114/1328 1317/2102/1317 1315/2100/1315 
f 1330/2116/1330 1331/2117/1331 1329/2115/1329 
f 1329/2115/1329 1328/2114/1328 1330/2116/1330 
f 1332/2118/1332 1333/2119/1333 1331/2117/1331 
f 1331/2117/1331 1330/2116/1330 1332/2118/1332 
f 1330/2116/1330 1315/2100/1315 1314/2099/1314 
f 1332/2118/1332 1314/2099/1314 1311/2096/1311 
f 1311/2096/1311 1318/2103/1318 1332/2118/1332 
f 1318/2103/1318 1323/2109/1323 1333/2119/1333 
f 1333/2119/1333 1332/2118/1332 1318/2103/1318 
f 1334/2120/1334 1335/2121/1335 1336/2122/1336 
f 1336/2122/1336 1337/2123/1337 1334/2120/1334 
f 1337/2123/1337 1323/2109/1323 1322/2108/1322 
f 1322/2108/1322 1334/2120/1334 1337/2123/1337 
f 1334/2120/1334 1322/2108/1322 1321/2107/1321 
f 1321/2107/1321 1338/2124/1338 1334/2120/1334 
f 1338/2125/1338 1339/2126/1339 1335/2127/1335 
f 1335/2127/1335 1334/2128/1334 1338/2125/1338 
f 1340/2129/1340 1115/1781/1115 1107/1769/1107 
f 1107/1769/1107 1324/2110/1324 1340/2129/1340 
f 1324/2110/1324 1327/2113/1327 1341/2130/1341 
f 1341/2130/1341 1340/2129/1340 1324/2110/1324 
f 1341/2130/1341 1342/2131/1342 1343/2132/1343 
f 1343/2132/1343 1340/2129/1340 1341/2130/1341 
f 1343/2132/1343 1116/1782/1116 1115/1781/1115 
f 1115/1781/1115 1340/2129/1340 1343/2132/1343 
f 1344/2133/1344 1345/2134/1345 1342/2135/1342 
f 1342/2135/1342 1341/2136/1341 1344/2133/1344 
f 1341/2136/1341 1327/2137/1327 1329/2138/1329 
f 1329/2138/1329 1344/2133/1344 1341/2136/1341 
f 1344/2139/1344 1329/2115/1329 1331/2117/1331 
f 1331/2117/1331 1346/2140/1346 1344/2139/1344 
f 1346/2141/1346 1347/2142/1347 1345/2134/1345 
f 1345/2134/1345 1344/2133/1344 1346/2141/1346 
f 1348/2143/1348 1349/2144/1349 1347/2145/1347 
f 1347/2145/1347 1346/2140/1346 1348/2143/1348 
f 1346/2140/1346 1331/2117/1331 1333/2119/1333 
f 1333/2119/1333 1348/2143/1348 1346/2140/1346 
f 1348/2143/1348 1333/2119/1333 1323/2109/1323 
f 1323/2109/1323 1337/2123/1337 1348/2143/1348 
f 1337/2123/1337 1336/2122/1336 1349/2144/1349 
f 1349/2144/1349 1348/2143/1348 1337/2123/1337 
f 1350/2146/1350 1351/2147/1351 1352/2148/1352 
f 1352/2148/1352 1353/2149/1353 1350/2146/1350 
f 1353/2149/1353 1354/2150/1354 1355/2151/1355 
f 1355/2151/1355 1350/2146/1350 1353/2149/1353 
f 1350/2146/1350 1355/2151/1355 1356/2152/1356 
f 1356/2152/1356 1357/2153/1357 1350/2146/1350 
f 1357/2153/1357 1358/2154/1358 1351/2147/1351 
f 1351/2147/1351 1350/2146/1350 1357/2153/1357 
f 1359/2155/1359 1360/2156/1360 1352/2148/1352 
f 1351/2147/1351 1358/2154/1358 1361/2157/1361 
f 1361/2157/1361 1359/2155/1359 1351/2147/1351 
f 1359/2158/1359 1361/2159/1361 1362/2160/1362 
f 1362/2160/1362 1363/2161/1363 1359/2158/1359 
f 1363/2161/1363 1364/2162/1364 1360/2163/1360 
f 1360/2163/1360 1359/2158/1359 1363/2161/1363 
f 1365/2164/1365 1366/2165/1366 1367/2166/1367 
f 1367/2166/1367 1368/2167/1368 1365/2164/1365 
f 1369/2168/1369 1366/2165/1366 1365/2164/1365 
f 1365/2164/1365 1370/2169/1370 1369/2168/1369 
f 1366/2170/1366 1369/2171/1369 1371/2172/1371 
f 1371/2172/1371 1372/2173/1372 1366/2170/1366 
f 1372/2173/1372 1373/2174/1373 1367/2175/1367 
f 1374/2176/1374 1375/2177/1375 1373/2174/1373 
f 1373/2174/1373 1372/2173/1372 1374/2176/1374 
f 1372/2173/1372 1371/2172/1371 1376/2178/1376 
f 1376/2178/1376 1374/2176/1374 1372/2173/1372 
f 1374/2176/1374 1376/2178/1376 1377/2179/1377 
f 1377/2179/1377 1378/2180/1378 1374/2176/1374 
f 1378/2180/1378 1379/2181/1379 1375/2177/1375 
f 1375/2177/1375 1374/2176/1374 1378/2180/1378 
f 1380/2182/1380 1148/1823/1148 1147/1822/1147 
f 1147/1822/1147 1381/2183/1381 1380/2182/1380 
f 1381/2184/1381 1382/2185/1382 1383/2186/1383 
f 1383/2186/1383 1380/2187/1380 1381/2184/1381 
f 1380/2182/1380 1383/2188/1383 1384/2189/1384 
f 1384/2189/1384 1385/2190/1385 1380/2182/1380 
f 1385/2190/1385 1150/1825/1150 1148/1823/1148 
f 1148/1823/1148 1380/2182/1380 1385/2190/1385 
f 1386/2191/1386 1387/2192/1387 1388/2193/1388 
f 1388/2193/1388 1389/2194/1389 1386/2191/1386 
f 1389/2194/1389 1373/2174/1373 1375/2177/1375 
f 1386/2191/1386 1375/2177/1375 1379/2181/1379 
f 1379/2181/1379 1390/2195/1390 1386/2191/1386 
f 1390/2195/1390 1391/2196/1391 1387/2192/1387 
f 1392/2197/1392 1387/2192/1387 1391/2196/1391 
f 1391/2196/1391 1393/2198/1393 1392/2197/1392 
f 1393/2199/1393 1384/2200/1384 1383/2186/1383 
f 1383/2186/1383 1392/2201/1392 1393/2199/1393 
f 1392/2201/1392 1383/2186/1383 1382/2185/1382 
f 1382/2185/1382 1394/2202/1394 1392/2201/1392 
f 1394/2202/1394 1388/2203/1388 1387/2204/1387 
f 1387/2204/1387 1392/2201/1392 1394/2202/1394 
f 1395/2205/1395 1396/2206/1396 1397/2207/1397 
f 1397/2207/1397 1398/2208/1398 1395/2205/1395 
f 1398/2209/1398 1399/2210/1399 1400/2211/1400 
f 1400/2211/1400 1395/2212/1395 1398/2209/1398 
f 1395/2213/1395 1400/2214/1400 1401/2215/1401 
f 1401/2215/1401 1402/2216/1402 1395/2213/1395 
f 1402/2217/1402 1403/2218/1403 1396/2206/1396 
f 1396/2206/1396 1395/2205/1395 1402/2217/1402 
f 1404/2219/1404 1405/2220/1405 1406/2221/1406 
f 1406/2221/1406 1407/2222/1407 1404/2219/1404 
f 1407/2223/1407 1174/1868/1174 1173/1867/1173 
f 1173/1867/1173 1404/2224/1404 1407/2223/1407 
f 1404/2219/1404 1173/2225/1173 1152/1827/1152 
f 1151/1826/1151 1150/1825/1150 1405/2220/1405 
f 1405/2220/1405 1404/2219/1404 1151/1826/1151 
f 1408/2226/1408 1406/2227/1406 1405/2228/1405 
f 1405/2228/1405 1409/2229/1409 1408/2226/1408 
f 1409/2230/1409 1405/2220/1405 1150/1825/1150 
f 1385/2190/1385 1384/2189/1384 1408/2231/1408 
f 1408/2231/1408 1409/2230/1409 1385/2190/1385 
f 1410/2232/1410 1411/2233/1411 1379/2181/1379 
f 1379/2181/1379 1378/2180/1378 1410/2232/1410 
f 1378/2234/1378 1377/2235/1377 1412/2236/1412 
f 1412/2236/1412 1410/2237/1410 1378/2234/1378 
f 1410/2237/1410 1412/2236/1412 1399/2210/1399 
f 1399/2210/1399 1398/2209/1398 1410/2237/1410 
f 1398/2209/1398 1397/2238/1397 1411/2239/1411 
f 1411/2239/1411 1410/2237/1410 1398/2209/1398 
f 1413/2240/1413 1201/1916/1201 1174/1915/1174 
f 1407/2223/1407 1406/2227/1406 1414/2241/1414 
f 1414/2241/1414 1413/2242/1413 1407/2223/1407 
f 1413/2242/1413 1414/2241/1414 1415/2243/1415 
f 1416/2244/1416 1194/1900/1194 1201/1918/1201 
f 1201/1918/1201 1413/2245/1413 1416/2244/1416 
f 1417/2246/1417 1418/2247/1418 1419/2248/1419 
f 1420/2249/1420 1415/2250/1415 1414/2251/1414 
f 1414/2251/1414 1417/2252/1417 1420/2249/1420 
f 1417/2246/1417 1414/2241/1414 1406/2227/1406 
f 1406/2227/1406 1418/2247/1418 1417/2246/1417 
f 1421/2253/1421 1403/2218/1403 1422/2254/1422 
f 1422/2254/1422 1423/2255/1423 1421/2253/1421 
f 1422/2256/1422 533/2257/533 594/2258/594 
f 594/2259/594 593/2260/593 1424/2261/1424 
f 1423/2255/1423 1424/2262/1424 1415/2243/1415 
f 1420/2263/1420 1419/2248/1419 1425/2264/1425 
f 1425/2264/1425 1397/2207/1397 1396/2206/1396 
f 1396/2206/1396 1426/2265/1426 1425/2264/1425 
f 1426/2265/1426 1396/2206/1396 1403/2218/1403 
f 1421/2253/1421 1415/2243/1415 1420/2263/1420 
f 1420/2263/1420 1426/2265/1426 1421/2253/1421 
f 1427/2266/1427 1424/2261/1424 593/2260/593 
f 1183/1879/1183 1185/1883/1185 1190/2267/1190 
f 1190/2267/1190 1427/2268/1427 1183/1879/1183 
f 1427/2269/1427 1190/1894/1190 1194/1900/1194 
f 1416/2270/1416 1415/2243/1415 1424/2262/1424 
f 1424/2262/1424 1427/2271/1427 1416/2270/1416 
f 1428/2272/1428 1429/2273/1429 1391/2196/1391 
f 1391/2196/1391 1390/2195/1390 1428/2272/1428 
f 1390/2195/1390 1379/2181/1379 1411/2233/1411 
f 1411/2233/1411 1428/2272/1428 1390/2195/1390 
f 1428/2272/1428 1411/2233/1411 1397/2207/1397 
f 1425/2264/1425 1419/2248/1419 1429/2273/1429 
f 1429/2273/1429 1428/2272/1428 1425/2264/1425 
f 1418/2247/1418 1406/2227/1406 1408/2226/1408 
f 1430/2274/1430 1408/2275/1408 1384/2276/1384 
f 1393/2198/1393 1391/2196/1391 1429/2273/1429 
f 1429/2273/1429 1419/2248/1419 1418/2247/1418 
f 1418/2247/1418 1430/2277/1430 1429/2273/1429 
f 1431/2278/1431 1432/2279/1432 1433/2280/1433 
f 1433/2280/1433 1434/2281/1434 1431/2278/1431 
f 1434/2281/1434 1401/2215/1401 1400/2214/1400 
f 1431/2278/1431 1400/2214/1400 1399/2282/1399 
f 1399/2282/1399 1412/2283/1412 1431/2278/1431 
f 1412/2283/1412 1377/2284/1377 1432/2279/1432 
f 1432/2279/1432 1431/2278/1431 1412/2283/1412 
f 1435/2285/1435 1433/2280/1433 1432/2279/1432 
f 1432/2279/1432 1436/2286/1436 1435/2285/1435 
f 1432/2279/1432 1377/2284/1377 1376/2287/1376 
f 1376/2287/1376 1436/2286/1436 1432/2279/1432 
f 1436/2286/1436 1376/2287/1376 1371/2288/1371 
f 1437/2289/1437 1438/2290/1438 1435/2285/1435 
f 1435/2285/1435 1436/2286/1436 1437/2289/1437 
f 1439/2291/1439 1440/2292/1440 1441/2293/1441 
f 1441/2293/1441 1442/2294/1442 1439/2291/1439 
f 1442/2294/1442 1433/2280/1433 1435/2285/1435 
f 1435/2285/1435 1439/2291/1439 1442/2294/1442 
f 1439/2291/1439 1435/2285/1435 1438/2290/1438 
f 1443/2295/1443 1444/2296/1444 1440/2292/1440 
f 1440/2292/1440 1439/2291/1439 1443/2295/1443 
f 1437/2289/1437 1371/2288/1371 1369/2297/1369 
f 1369/2297/1369 1445/2298/1445 1437/2289/1437 
f 1370/2169/1370 1446/2299/1446 1445/2300/1445 
f 1445/2298/1445 1446/2301/1446 1447/2302/1447 
f 1447/2302/1447 1448/2303/1448 1445/2298/1445 
f 1445/2298/1445 1448/2303/1448 1438/2290/1438 
f 1438/2290/1438 1437/2289/1437 1445/2298/1445 
f 1443/2295/1443 1438/2290/1438 1448/2303/1448 
f 1448/2303/1448 1449/2304/1449 1443/2295/1443 
f 1448/2303/1448 1447/2302/1447 1450/2305/1450 
f 1450/2305/1450 1449/2304/1449 1448/2303/1448 
f 1449/2304/1449 1450/2305/1450 1451/2306/1451 
f 1451/2306/1451 1452/2307/1452 1449/2304/1449 
f 1443/2295/1443 1449/2304/1449 1452/2307/1452 
f 1452/2307/1452 1444/2296/1444 1443/2295/1443 
f 1453/2308/1453 1454/2309/1454 1455/2310/1455 
f 1455/2310/1455 1456/2311/1456 1453/2308/1453 
f 1456/2311/1456 1457/2312/1457 1458/2313/1458 
f 1458/2313/1458 1453/2308/1453 1456/2311/1456 
f 1453/2308/1453 1458/2313/1458 1459/2314/1459 
f 1459/2314/1459 1460/2315/1460 1453/2308/1453 
f 1460/2315/1460 1461/2316/1461 1454/2309/1454 
f 1454/2309/1454 1453/2308/1453 1460/2315/1460 
f 1462/2317/1462 1463/2318/1463 1464/2319/1464 
f 1464/2319/1464 1465/2320/1465 1462/2317/1462 
f 1465/2321/1465 1356/2322/1356 1355/2323/1355 
f 1355/2323/1355 1462/2324/1462 1465/2321/1465 
f 1462/2324/1462 1355/2323/1355 1354/2325/1354 
f 1354/2325/1354 1466/2326/1466 1462/2324/1462 
f 1466/2326/1466 1467/2327/1467 1463/2328/1463 
f 1463/2328/1463 1462/2324/1462 1466/2326/1466 
f 1468/2329/1468 1469/2330/1469 1470/2331/1470 
f 1470/2331/1470 1471/2332/1471 1468/2329/1468 
f 1471/2332/1471 1472/2333/1472 1473/2334/1473 
f 1473/2334/1473 1468/2329/1468 1471/2332/1471 
f 1468/2329/1468 1473/2334/1473 1339/2126/1339 
f 1339/2126/1339 1338/2125/1338 1468/2329/1468 
f 1338/2125/1338 1321/2335/1321 1469/2330/1469 
f 1469/2330/1469 1468/2329/1468 1338/2125/1338 
f 1474/2336/1474 1475/2337/1475 1309/2093/1309 
f 1309/2093/1309 1308/2092/1308 1474/2336/1474 
f 1308/2092/1308 999/1592/999 998/1591/998 
f 998/1591/998 1474/2336/1474 1308/2092/1308 
f 1474/2338/1474 998/2339/998 997/2340/997 
f 997/2340/997 1476/2341/1476 1474/2338/1474 
f 1476/2341/1476 1477/2342/1477 1475/2343/1475 
f 1475/2343/1475 1474/2338/1474 1476/2341/1476 
f 1478/2344/1478 1475/2337/1475 1477/2345/1477 
f 1477/2345/1477 1479/2346/1479 1478/2344/1478 
f 1479/2346/1479 1470/2331/1470 1469/2330/1469 
f 1469/2330/1469 1478/2344/1478 1479/2346/1479 
f 1478/2344/1478 1469/2330/1469 1321/2335/1321 
f 1321/2335/1321 1320/2347/1320 1478/2344/1478 
f 1320/2347/1320 1309/2093/1309 1475/2337/1475 
f 1475/2337/1475 1478/2344/1478 1320/2347/1320 
f 1480/2348/1480 1481/2349/1481 1477/2342/1477 
f 1477/2342/1477 1476/2341/1476 1480/2348/1480 
f 1476/2341/1476 997/2340/997 1482/2350/1482 
f 1482/2350/1482 1480/2348/1480 1476/2341/1476 
f 1480/2348/1480 1482/2350/1482 1483/2351/1483 
f 1484/2352/1484 1485/2353/1485 1481/2349/1481 
f 1486/2354/1486 1482/2350/1482 997/2340/997 
f 997/2340/997 996/2355/996 1486/2354/1486 
f 996/1589/996 848/1588/848 847/2356/847 
f 847/2356/847 1486/2357/1486 996/1589/996 
f 1486/2357/1486 847/2356/847 846/2358/846 
f 846/2358/846 1487/2359/1487 1486/2357/1486 
f 1487/2359/1487 1483/2360/1483 1482/2361/1482 
f 1482/2361/1482 1486/2357/1486 1487/2359/1487 
f 1488/2362/1488 1481/2363/1481 1485/2364/1485 
f 1489/2365/1489 1490/2366/1490 1491/2367/1491 
f 1488/2368/1488 1491/2367/1491 1470/2331/1470 
f 1470/2331/1470 1479/2346/1479 1488/2368/1488 
f 1479/2346/1479 1477/2345/1477 1481/2369/1481 
f 1481/2369/1481 1488/2368/1488 1479/2346/1479 
f 1484/2352/1484 1483/2351/1483 1492/2370/1492 
f 1492/2370/1492 1493/2371/1493 1484/2352/1484 
f 1493/2372/1493 1492/2373/1492 1494/2374/1494 
f 1494/2374/1494 1495/2375/1495 1493/2372/1493 
f 1493/2371/1493 1495/2376/1495 1485/2353/1485 
f 1485/2353/1485 1484/2352/1484 1493/2371/1493 
f 1496/2377/1496 1497/2378/1497 1433/2280/1433 
f 1433/2280/1433 1442/2294/1442 1496/2377/1496 
f 1442/2294/1442 1441/2293/1441 1498/2379/1498 
f 1498/2379/1498 1496/2377/1496 1442/2294/1442 
f 1496/2377/1496 1498/2379/1498 1499/2380/1499 
f 1499/2380/1499 1500/2381/1500 1496/2377/1496 
f 1500/2381/1500 1501/2382/1501 1497/2378/1497 
f 1497/2378/1497 1496/2377/1496 1500/2381/1500 
f 1502/2383/1502 1503/2384/1503 1504/2385/1504 
f 1504/2385/1504 1505/2386/1505 1502/2383/1502 
f 1505/2386/1505 1506/2387/1506 1507/2388/1507 
f 1507/2388/1507 1502/2383/1502 1505/2386/1505 
f 1507/2388/1507 1501/2382/1501 1503/2384/1503 
f 1508/2389/1508 1509/2390/1509 1401/2215/1401 
f 1434/2281/1434 1433/2280/1433 1497/2378/1497 
f 1508/2389/1508 1497/2378/1497 1501/2382/1501 
f 1501/2382/1501 1507/2388/1507 1508/2389/1508 
f 1507/2388/1507 1506/2387/1506 1509/2390/1509 
f 1509/2390/1509 1508/2389/1508 1507/2388/1507 
f 1510/2391/1510 1511/2392/1511 1512/2393/1512 
f 1512/2393/1512 1513/2394/1513 1510/2391/1510 
f 1512/2395/1512 1514/2396/1514 1515/2397/1515 
f 1515/2397/1515 1513/2398/1513 1512/2395/1512 
f 1513/2398/1513 1515/2397/1515 1516/2399/1516 
f 1516/2399/1516 1517/2400/1517 1513/2398/1513 
f 1513/2401/1513 1517/2402/1517 1518/2403/1518 
f 1518/2403/1518 1510/2404/1510 1513/2401/1513 
f 1519/2405/1519 1520/2406/1520 1521/2407/1521 
f 1522/2408/1522 1523/2409/1523 1524/2410/1524 
f 1524/2410/1524 1519/2405/1519 1522/2408/1522 
f 1524/2411/1524 1525/2412/1525 1526/2413/1526 
f 1526/2413/1526 1519/2414/1519 1524/2411/1524 
f 1519/2415/1519 1526/2416/1526 1527/2417/1527 
f 1527/2417/1527 1520/2418/1520 1519/2415/1519 
f 1528/2419/1528 1529/2420/1529 1530/2421/1530 
f 1530/2421/1530 1531/2422/1531 1528/2419/1528 
f 1528/2419/1528 1531/2422/1531 1523/2423/1523 
f 1523/2423/1523 1522/2424/1522 1528/2419/1528 
f 1528/2419/1528 1522/2424/1522 1521/2425/1521 
f 1521/2425/1521 1532/2426/1532 1528/2419/1528 
f 1528/2419/1528 1532/2426/1532 1533/2427/1533 
f 1533/2427/1533 1529/2420/1529 1528/2419/1528 
f 1534/2428/1534 1533/2429/1533 1532/2430/1532 
f 1532/2430/1532 1535/2431/1535 1534/2428/1534 
f 1520/2432/1520 1535/2431/1535 1532/2430/1532 
f 1532/2430/1532 1521/2433/1521 1520/2432/1520 
f 1535/2434/1535 1520/2418/1520 1527/2417/1527 
f 1527/2417/1527 1536/2435/1536 1535/2434/1535 
f 1536/2435/1536 1537/2436/1537 1534/2437/1534 
f 1534/2437/1534 1535/2434/1535 1536/2435/1536 
f 1538/2438/1538 1516/2399/1516 1515/2397/1515 
f 1515/2397/1515 1539/2439/1539 1538/2438/1538 
f 1539/2439/1539 1515/2397/1515 1514/2396/1514 
f 1514/2396/1514 1540/2440/1540 1539/2439/1539 
f 1540/2440/1540 1530/2421/1530 1529/2420/1529 
f 1529/2420/1529 1539/2439/1539 1540/2440/1540 
f 1538/2438/1538 1539/2439/1539 1529/2420/1529 
f 1529/2420/1529 1533/2427/1533 1538/2438/1538 
f 1541/2441/1541 1542/2442/1542 1518/2443/1518 
f 1517/2400/1517 1516/2399/1516 1538/2438/1538 
f 1538/2438/1538 1541/2444/1541 1517/2400/1517 
f 1541/2444/1541 1538/2438/1538 1533/2427/1533 
f 1533/2427/1533 1534/2445/1534 1541/2444/1541 
f 1534/2437/1534 1537/2436/1537 1542/2442/1542 
f 1543/2446/1543 1544/2447/1544 1511/2448/1511 
f 1511/2448/1511 1510/2449/1510 1543/2446/1543 
f 1510/2449/1510 1518/2443/1518 1542/2442/1542 
f 1542/2442/1542 1543/2446/1543 1510/2449/1510 
f 1543/2446/1543 1542/2442/1542 1537/2436/1537 
f 1537/2436/1537 1545/2450/1545 1543/2446/1543 
f 1545/2450/1545 1546/2451/1546 1544/2447/1544 
f 1544/2447/1544 1543/2446/1543 1545/2450/1545 
f 1547/2452/1547 1526/2416/1526 1525/2453/1525 
f 1525/2453/1525 1548/2454/1548 1547/2452/1547 
f 1548/2454/1548 1546/2451/1546 1545/2450/1545 
f 1545/2450/1545 1547/2452/1547 1548/2454/1548 
f 1547/2452/1547 1545/2450/1545 1537/2436/1537 
f 1537/2436/1537 1536/2435/1536 1547/2452/1547 
f 1536/2435/1536 1527/2417/1527 1526/2416/1526 
f 1526/2416/1526 1547/2452/1547 1536/2435/1536 
f 1549/2455/1549 1550/2456/1550 1551/2457/1551 
f 1551/2457/1551 1552/2458/1552 1549/2455/1549 
f 1552/2458/1552 1553/2459/1553 1554/2460/1554 
f 1554/2460/1554 1549/2455/1549 1552/2458/1552 
f 1549/2455/1549 1554/2460/1554 1555/2461/1555 
f 1555/2461/1555 1556/2462/1556 1549/2455/1549 
f 1556/2462/1556 1557/2463/1557 1550/2456/1550 
f 1550/2456/1550 1549/2455/1549 1556/2462/1556 
f 1558/2464/1558 1559/2465/1559 1551/2457/1551 
f 1551/2457/1551 1550/2456/1550 1558/2464/1558 
f 1550/2456/1550 1557/2463/1557 1560/2466/1560 
f 1560/2466/1560 1558/2464/1558 1550/2456/1550 
f 1558/2464/1558 1560/2466/1560 1561/2467/1561 
f 1561/2467/1561 1562/2468/1562 1558/2464/1558 
f 1562/2468/1562 1563/2469/1563 1559/2465/1559 
f 1559/2465/1559 1558/2464/1558 1562/2468/1562 
f 1564/2470/1564 1565/2471/1565 1566/2472/1566 
f 1566/2472/1566 1567/2473/1567 1564/2470/1564 
f 1567/2473/1567 1568/2474/1568 1569/2475/1569 
f 1569/2475/1569 1564/2470/1564 1567/2473/1567 
f 1564/2470/1564 1569/2475/1569 1553/2459/1553 
f 1553/2459/1553 1552/2458/1552 1564/2470/1564 
f 1552/2458/1552 1551/2457/1551 1565/2471/1565 
f 1565/2471/1565 1564/2470/1564 1552/2458/1552 
f 1570/2476/1570 1571/2477/1571 1566/2472/1566 
f 1566/2472/1566 1565/2471/1565 1570/2476/1570 
f 1565/2471/1565 1551/2457/1551 1559/2465/1559 
f 1559/2465/1559 1570/2476/1570 1565/2471/1565 
f 1570/2476/1570 1559/2465/1559 1563/2469/1563 
f 1563/2469/1563 1572/2478/1572 1570/2476/1570 
f 1572/2478/1572 1573/2479/1573 1571/2477/1571 
f 1571/2477/1571 1570/2476/1570 1572/2478/1572 
f 1574/2480/1574 1575/2481/1575 1506/2387/1506 
f 1506/2387/1506 1505/2386/1505 1574/2480/1574 
f 1505/2386/1505 1504/2385/1504 1576/2482/1576 
f 1576/2482/1576 1574/2480/1574 1505/2386/1505 
f 1574/2480/1574 1576/2482/1576 1568/2474/1568 
f 1568/2474/1568 1577/2483/1577 1574/2480/1574 
f 1577/2483/1577 1578/2484/1578 1575/2481/1575 
f 1575/2481/1575 1574/2480/1574 1577/2483/1577 
f 1579/2485/1579 1573/2486/1573 1580/2487/1580 
f 1580/2487/1580 837/1314/837 836/1312/836 
f 836/1312/836 1581/2488/1581 1580/2487/1580 
f 1581/2488/1581 836/1312/836 831/1303/831 
f 1582/2489/1582 1583/2490/1583 1579/2491/1579 
f 1579/2491/1579 1581/2492/1581 1582/2489/1582 
f 1584/2493/1584 1582/2494/1582 831/1303/831 
f 830/1302/830 817/1284/817 824/2495/824 
f 824/2495/824 1584/2493/1584 830/1302/830 
f 1584/2496/1584 824/1294/824 524/788/524 
f 524/788/524 1585/2497/1585 1584/2496/1584 
f 1585/2497/1585 1583/2498/1583 1582/2499/1582 
f 1586/2500/1586 1587/2501/1587 1578/2484/1578 
f 1588/2502/1588 535/802/535 534/801/534 
f 1586/2503/1586 534/2504/534 533/2505/533 
f 1422/2254/1422 1403/2218/1403 1587/2506/1587 
f 1575/2481/1575 1578/2484/1578 1587/2501/1587 
f 1587/2501/1587 1589/2507/1589 1575/2481/1575 
f 1587/2506/1587 1403/2218/1403 1402/2217/1402 
f 1402/2216/1402 1401/2215/1401 1509/2390/1509 
f 1509/2390/1509 1589/2507/1589 1402/2216/1402 
f 1509/2390/1509 1506/2387/1506 1575/2481/1575 
f 1575/2481/1575 1589/2507/1589 1509/2390/1509 
f 1590/2508/1590 1585/2497/1585 524/788/524 
f 524/788/524 523/787/523 1590/2508/1590 
f 523/787/523 520/786/520 1591/2509/1591 
f 1591/2510/1591 1592/2511/1592 1593/2512/1593 
f 1593/2513/1593 1583/2498/1583 1585/2497/1585 
f 1585/2497/1585 1590/2508/1590 1593/2513/1593 
f 1594/2514/1594 1577/2483/1577 1568/2474/1568 
f 1567/2473/1567 1566/2472/1566 1595/2515/1595 
f 1594/2514/1594 1595/2515/1595 1596/2516/1596 
f 1596/2516/1596 1597/2517/1597 1594/2514/1594 
f 1597/2517/1597 1578/2484/1578 1577/2483/1577 
f 1598/2518/1598 1599/2519/1599 512/770/512 
f 512/770/512 530/797/530 1598/2518/1598 
f 530/797/530 529/796/529 536/803/536 
f 536/803/536 1598/2518/1598 530/797/530 
f 536/803/536 535/802/535 1600/2520/1600 
f 1600/2520/1600 1598/2518/1598 536/803/536 
f 1600/2520/1600 1592/2511/1592 1599/2519/1599 
f 1599/2519/1599 1598/2518/1598 1600/2520/1600 
f 1601/2521/1601 519/781/519 508/762/508 
f 507/761/507 512/770/512 1599/2519/1599 
f 1599/2519/1599 1601/2521/1601 507/761/507 
f 1591/2510/1591 1601/2521/1601 1599/2519/1599 
f 1599/2519/1599 1592/2511/1592 1591/2510/1591 
f 1591/2510/1591 520/782/520 519/781/519 
f 519/781/519 1601/2521/1601 1591/2510/1591 
f 1593/2512/1593 1592/2511/1592 1602/2522/1602 
f 1602/2522/1602 1603/2523/1603 1593/2512/1593 
f 1603/2524/1603 1602/2525/1602 1596/2526/1596 
f 1596/2526/1596 1604/2527/1604 1603/2524/1603 
f 1603/2524/1603 1604/2527/1604 1583/2498/1583 
f 1605/2528/1605 1600/2520/1600 535/802/535 
f 535/802/535 1588/2502/1588 1605/2528/1605 
f 1588/2502/1588 1578/2484/1578 1597/2517/1597 
f 1597/2517/1597 1605/2528/1605 1588/2502/1588 
f 1597/2529/1597 1596/2526/1596 1602/2525/1602 
f 1602/2522/1602 1592/2511/1592 1600/2520/1600 
f 1600/2520/1600 1605/2528/1605 1602/2522/1602 
f 1606/2530/1606 1595/2515/1595 1566/2472/1566 
f 1566/2472/1566 1571/2477/1571 1606/2530/1606 
f 1571/2477/1571 1573/2479/1573 1579/2491/1579 
f 1579/2491/1579 1606/2530/1606 1571/2477/1571 
f 1606/2530/1606 1579/2491/1579 1583/2490/1583 
f 1583/2490/1583 1604/2531/1604 1606/2530/1606 
f 1604/2531/1604 1596/2516/1596 1595/2515/1595 
f 1595/2515/1595 1606/2530/1606 1604/2531/1604 
f 1607/2532/1607 838/1315/838 837/1314/837 
f 837/1314/837 1580/2487/1580 1607/2532/1607 
f 1580/2487/1580 1573/2486/1573 1608/2533/1608 
f 1608/2533/1608 1609/2534/1609 1610/2535/1610 
f 1610/2535/1610 1607/2532/1607 1608/2533/1608 
f 1607/2532/1607 1610/2535/1610 839/2536/839 
f 1611/2537/1611 1612/2538/1612 1613/2539/1613 
f 1613/2539/1613 1614/2540/1614 1611/2537/1611 
f 1613/2539/1613 1483/2360/1483 1487/2359/1487 
f 1487/2359/1487 1614/2540/1614 1613/2539/1613 
f 1614/2540/1614 1487/2359/1487 846/2358/846 
f 1615/2541/1615 1616/2542/1616 1611/2543/1611 
f 1611/2543/1611 1616/2542/1616 1617/2544/1617 
f 1617/2544/1617 1618/2545/1618 1611/2543/1611 
f 1618/2545/1618 1617/2544/1617 1619/2546/1619 
f 1618/2547/1618 1620/2548/1620 1612/2538/1612 
f 1612/2538/1612 1611/2537/1611 1618/2547/1618 
f 1621/2549/1621 1617/2544/1617 1616/2542/1616 
f 1622/2550/1622 839/2536/839 1610/2535/1610 
f 1610/2535/1610 1621/2549/1621 1622/2550/1622 
f 1621/2549/1621 1610/2535/1610 1609/2534/1609 
f 1623/2551/1623 1619/2546/1619 1617/2544/1617 
f 1617/2544/1617 1621/2549/1621 1623/2551/1623 
f 1624/2552/1624 1625/2553/1625 1626/2554/1626 
f 1626/2554/1626 1494/2374/1494 1492/2373/1492 
f 1492/2373/1492 1627/2555/1627 1626/2554/1626 
f 1627/2555/1627 1492/2373/1492 1483/2556/1483 
f 1613/2557/1613 1612/2558/1612 1624/2552/1624 
f 1628/2559/1628 1629/2560/1629 1609/2534/1609 
f 1609/2534/1609 1608/2533/1608 1628/2559/1628 
f 1608/2533/1608 1573/2486/1573 1572/2561/1572 
f 1572/2561/1572 1628/2559/1628 1608/2533/1608 
f 1628/2559/1628 1572/2561/1572 1563/2562/1563 
f 1563/2562/1563 1630/2563/1630 1628/2559/1628 
f 1630/2563/1630 1631/2564/1631 1629/2560/1629 
f 1629/2560/1629 1628/2559/1628 1630/2563/1630 
f 1632/2565/1632 1633/2566/1633 1619/2546/1619 
f 1619/2546/1619 1623/2551/1623 1632/2565/1632 
f 1623/2551/1623 1609/2534/1609 1629/2560/1629 
f 1629/2560/1629 1632/2565/1632 1623/2551/1623 
f 1632/2565/1632 1629/2560/1629 1631/2564/1631 
f 1631/2564/1631 1634/2567/1634 1632/2565/1632 
f 1634/2567/1634 1635/2568/1635 1633/2566/1633 
f 1633/2566/1633 1632/2565/1632 1634/2567/1634 
f 1636/2569/1636 1637/2570/1637 1625/2571/1625 
f 1625/2571/1625 1624/2572/1624 1636/2569/1636 
f 1620/2548/1620 1636/2569/1636 1624/2572/1624 
f 1624/2572/1624 1612/2538/1612 1620/2548/1620 
f 1620/2573/1620 1619/2546/1619 1633/2566/1633 
f 1633/2566/1633 1636/2574/1636 1620/2573/1620 
f 1633/2566/1633 1635/2568/1635 1637/2575/1637 
f 1637/2575/1637 1636/2574/1636 1633/2566/1633 
f 1638/2576/1638 1639/2577/1639 1631/2564/1631 
f 1631/2564/1631 1630/2563/1630 1638/2576/1638 
f 1630/2563/1630 1563/2562/1563 1562/2578/1562 
f 1562/2578/1562 1638/2576/1638 1630/2563/1630 
f 1638/2576/1638 1562/2578/1562 1561/2579/1561 
f 1561/2579/1561 1640/2580/1640 1638/2576/1638 
f 1640/2580/1640 1641/2581/1641 1639/2577/1639 
f 1639/2577/1639 1638/2576/1638 1640/2580/1640 
f 1642/2582/1642 1643/2583/1643 1644/2584/1644 
f 1644/2584/1644 1645/2585/1645 1642/2582/1642 
f 1645/2585/1645 1625/2553/1625 1637/2586/1637 
f 1637/2586/1637 1642/2582/1642 1645/2585/1645 
f 1642/2587/1642 1637/2570/1637 1635/2588/1635 
f 1635/2588/1635 1646/2589/1646 1642/2587/1642 
f 1646/2589/1646 1647/2590/1647 1643/2591/1643 
f 1643/2591/1643 1642/2587/1642 1646/2589/1646 
f 1646/2592/1646 1635/2568/1635 1634/2567/1634 
f 1634/2567/1634 1648/2593/1648 1646/2592/1646 
f 1634/2567/1634 1631/2564/1631 1639/2577/1639 
f 1639/2577/1639 1648/2593/1648 1634/2567/1634 
f 1648/2593/1648 1639/2577/1639 1641/2581/1641 
f 1641/2581/1641 1649/2594/1649 1648/2593/1648 
f 1648/2593/1648 1649/2594/1649 1647/2595/1647 
f 1647/2595/1647 1646/2592/1646 1648/2593/1648 
f 1650/2596/1650 1651/2597/1651 1641/2581/1641 
f 1641/2581/1641 1640/2580/1640 1650/2596/1650 
f 1640/2580/1640 1561/2579/1561 1652/2598/1652 
f 1652/2598/1652 1650/2596/1650 1640/2580/1640 
f 1650/2599/1650 1652/2600/1652 1653/2601/1653 
f 1653/2601/1653 1654/2602/1654 1650/2599/1650 
f 1650/2596/1650 1654/2603/1654 1655/2604/1655 
f 1655/2604/1655 1651/2597/1651 1650/2596/1650 
f 1656/2605/1656 1657/2606/1657 1658/2607/1658 
f 1658/2607/1658 1659/2608/1659 1656/2605/1656 
f 1659/2608/1659 1644/2584/1644 1643/2583/1643 
f 1643/2583/1643 1656/2605/1656 1659/2608/1659 
f 1656/2609/1656 1643/2591/1643 1647/2590/1647 
f 1647/2590/1647 1660/2610/1660 1656/2609/1656 
f 1660/2611/1660 1661/2612/1661 1657/2613/1657 
f 1657/2613/1657 1656/2614/1656 1660/2611/1660 
f 1662/2615/1662 1663/2616/1663 1661/2612/1661 
f 1661/2612/1661 1660/2611/1660 1662/2615/1662 
f 1660/2611/1660 1647/2595/1647 1649/2594/1649 
f 1649/2594/1649 1662/2615/1662 1660/2611/1660 
f 1662/2615/1662 1649/2594/1649 1641/2581/1641 
f 1641/2581/1641 1651/2597/1651 1662/2615/1662 
f 1651/2597/1651 1655/2604/1655 1663/2616/1663 
f 1663/2616/1663 1662/2615/1662 1651/2597/1651 
f 1664/2617/1664 1665/2618/1665 1666/2619/1666 
f 1666/2619/1666 1667/2620/1667 1664/2617/1664 
f 1667/2620/1667 1668/2621/1668 1669/2622/1669 
f 1669/2622/1669 1664/2617/1664 1667/2620/1667 
f 1664/2623/1664 1669/2624/1669 1670/2625/1670 
f 1670/2625/1670 1671/2626/1671 1664/2623/1664 
f 1671/2626/1671 1672/2627/1672 1665/2628/1665 
f 1665/2628/1665 1664/2623/1664 1671/2626/1671 
f 1673/2629/1673 1674/2630/1674 1675/2631/1675 
f 1675/2631/1675 1676/2632/1676 1673/2629/1673 
f 1676/2632/1676 1675/2631/1675 1668/2621/1668 
f 1668/2621/1668 1667/2620/1667 1676/2632/1676 
f 1667/2620/1667 1666/2619/1666 1677/2633/1677 
f 1677/2633/1677 1676/2632/1676 1667/2620/1667 
f 1676/2632/1676 1677/2633/1677 1678/2634/1678 
f 1678/2634/1678 1673/2629/1673 1676/2632/1676 
f 1679/2635/1679 1680/2636/1680 1681/2637/1681 
f 1681/2637/1681 1682/2638/1682 1679/2635/1679 
f 1682/2638/1682 1683/2639/1683 1684/2640/1684 
f 1684/2640/1684 1679/2635/1679 1682/2638/1682 
f 1679/2641/1679 1684/2642/1684 1674/2630/1674 
f 1674/2630/1674 1673/2629/1673 1679/2641/1679 
f 1673/2629/1673 1678/2634/1678 1680/2643/1680 
f 1680/2643/1680 1679/2641/1679 1673/2629/1673 
f 1685/2644/1685 1686/2645/1686 1687/2646/1687 
f 1687/2646/1687 1688/2647/1688 1685/2644/1685 
f 1688/2647/1688 1689/2648/1689 1690/2649/1690 
f 1690/2649/1690 1685/2644/1685 1688/2647/1688 
f 1685/2644/1685 1690/2649/1690 171/240/171 
f 171/240/171 170/239/170 1685/2644/1685 
f 170/239/170 177/246/177 1686/2645/1686 
f 1686/2645/1686 1685/2644/1685 170/239/170 
f 1691/2650/1691 180/2651/180 179/2652/179 
f 179/2652/179 1692/2653/1692 1691/2650/1691 
f 179/2652/179 171/2654/171 1690/2655/1690 
f 1690/2655/1690 1692/2653/1692 179/2652/179 
f 1692/2653/1692 1690/2655/1690 1689/2656/1689 
f 1692/2653/1692 1693/2657/1693 1694/2658/1694 
f 1694/2658/1694 1691/2650/1691 1692/2653/1692 
f 1695/2659/1695 188/266/188 180/265/180 
f 180/265/180 1691/2660/1691 1695/2659/1695 
f 1691/2661/1691 1694/2662/1694 1696/2663/1696 
f 1696/2663/1696 1695/2664/1695 1691/2661/1691 
f 1695/2665/1695 1696/2666/1696 1697/2667/1697 
f 1698/2668/1698 189/267/189 188/266/188 
f 188/266/188 1695/2659/1695 1698/2668/1698 
f 1699/2669/1699 1700/2670/1700 1701/2671/1701 
f 1701/2671/1701 1702/2672/1702 1699/2669/1699 
f 1702/2673/1702 1701/2674/1701 1131/1801/1131 
f 1131/1801/1131 1703/2675/1703 1702/2673/1702 
f 1703/2675/1703 1704/2676/1704 1705/2677/1705 
f 1705/2677/1705 1702/2673/1702 1703/2675/1703 
f 1702/2672/1702 1705/2678/1705 1706/2679/1706 
f 1706/2679/1706 1699/2669/1699 1702/2672/1702 
f 1707/2680/1707 1708/2681/1708 273/380/273 
f 273/380/273 272/379/272 1707/2680/1707 
f 272/379/272 138/196/138 136/195/136 
f 136/195/136 1707/2680/1707 272/379/272 
f 1707/2682/1707 136/2683/136 135/2684/135 
f 135/2684/135 1709/2685/1709 1707/2682/1707 
f 1709/2686/1709 1710/2687/1710 1708/2688/1708 
f 1708/2688/1708 1707/2689/1707 1709/2686/1709 
f 1711/2690/1711 1712/2691/1712 130/184/130 
f 130/184/130 128/183/128 1711/2690/1711 
f 128/183/128 127/2692/127 143/2693/143 
f 143/2693/143 1711/2690/1711 128/183/128 
f 143/2693/143 142/2694/142 1713/2695/1713 
f 1713/2695/1713 1711/2690/1711 143/2693/143 
f 1711/2690/1711 1713/2695/1713 1714/2696/1714 
f 1714/2696/1714 1712/2691/1712 1711/2690/1711 
f 1715/2697/1715 1716/2698/1716 1717/2699/1717 
f 1717/2699/1717 1718/2700/1718 1715/2697/1715 
f 1718/2701/1718 328/469/328 327/468/327 
f 327/468/327 1715/2702/1715 1718/2701/1718 
f 1715/2702/1715 327/468/327 273/380/273 
f 273/380/273 1708/2681/1708 1715/2702/1715 
f 1708/2688/1708 1710/2687/1710 1716/2703/1716 
f 1716/2703/1716 1715/2704/1715 1708/2688/1708 
f 1719/2705/1719 1720/2706/1720 1229/1960/1229 
f 1229/1960/1229 1228/1959/1228 1719/2705/1719 
f 1719/2705/1719 1228/1959/1228 1216/1958/1216 
f 1216/1958/1216 1215/2707/1215 1719/2705/1719 
f 1719/2708/1719 1215/1940/1215 1214/2709/1214 
f 1214/2709/1214 1721/2710/1721 1719/2708/1719 
f 1721/2711/1721 1722/2712/1722 1720/2706/1720 
f 1723/2713/1723 1724/2714/1724 1725/2715/1725 
f 1725/2715/1725 1726/2716/1726 1723/2713/1723 
f 1726/2716/1726 1727/2717/1727 1728/2718/1728 
f 1728/2718/1728 1723/2713/1723 1726/2716/1726 
f 1723/2713/1723 1728/2718/1728 1722/2712/1722 
f 1721/2710/1721 1214/2709/1214 1724/2719/1724 
f 1724/2719/1724 1723/2720/1723 1721/2710/1721 
f 1729/2721/1729 1730/2722/1730 1240/1981/1240 
f 1240/1981/1240 1239/1980/1239 1729/2721/1729 
f 1239/1980/1239 1231/1962/1231 1230/1961/1230 
f 1230/1961/1230 1729/2721/1729 1239/1980/1239 
f 1729/2721/1729 1230/1961/1230 1229/1960/1229 
f 1229/1960/1229 1720/2706/1720 1729/2721/1729 
f 1720/2706/1720 1722/2712/1722 1730/2722/1730 
f 1730/2722/1730 1729/2721/1729 1720/2706/1720 
f 1731/2723/1731 1234/1975/1234 1236/1974/1236 
f 1236/1974/1236 1237/1986/1237 1731/2723/1731 
f 1237/1986/1237 1242/1985/1242 1732/2724/1732 
f 1732/2724/1732 1733/2725/1733 1734/2726/1734 
f 1734/2726/1734 1226/2727/1226 1234/1975/1234 
f 1234/1975/1234 1731/2723/1731 1734/2726/1734 
f 1735/2728/1735 1736/2729/1736 1737/2730/1737 
f 1737/2730/1737 1738/2731/1738 1735/2728/1735 
f 1737/2730/1737 1739/2732/1739 1740/2733/1740 
f 1740/2733/1740 1738/2731/1738 1737/2730/1737 
f 1738/2734/1738 1740/2735/1740 1525/2412/1525 
f 1525/2412/1525 1524/2411/1524 1738/2734/1738 
f 1738/2731/1738 1524/2410/1524 1523/2409/1523 
f 1523/2409/1523 1735/2728/1735 1738/2731/1738 
f 1741/2736/1741 1531/2422/1531 1530/2421/1530 
f 1742/2737/1742 1743/2738/1743 1744/2739/1744 
f 1744/2739/1744 1741/2736/1741 1742/2737/1742 
f 1741/2740/1741 1744/2741/1744 1736/2742/1736 
f 1735/2743/1735 1523/2423/1523 1531/2422/1531 
f 1531/2422/1531 1741/2736/1741 1735/2743/1735 
f 1745/2744/1745 1746/2745/1746 1747/2746/1747 
f 1748/2747/1748 1511/2392/1511 1544/2748/1544 
f 1544/2748/1544 1745/2749/1745 1748/2747/1748 
f 1745/2744/1745 1544/2447/1544 1546/2451/1546 
f 1546/2451/1546 1749/2750/1749 1745/2744/1745 
f 1749/2750/1749 1750/2751/1750 1746/2745/1746 
f 1746/2745/1746 1745/2744/1745 1749/2750/1749 
f 1751/2752/1751 1749/2750/1749 1546/2451/1546 
f 1546/2451/1546 1548/2454/1548 1751/2752/1751 
f 1548/2454/1548 1525/2453/1525 1740/2753/1740 
f 1740/2753/1740 1751/2752/1751 1548/2454/1548 
f 1740/2753/1740 1739/2754/1739 1752/2755/1752 
f 1752/2755/1752 1751/2752/1751 1740/2753/1740 
f 1752/2755/1752 1750/2751/1750 1749/2750/1749 
f 1749/2750/1749 1751/2752/1751 1752/2755/1752 
f 1753/2756/1753 1204/1922/1204 1203/1921/1203 
f 1203/1921/1203 1754/2757/1754 1753/2756/1753 
f 1203/1921/1203 1210/1931/1210 1223/1952/1223 
f 1223/1952/1223 1754/2757/1754 1203/1921/1203 
f 1754/2757/1754 1223/1952/1223 1222/1951/1222 
f 1222/1951/1222 1755/2758/1755 1754/2757/1754 
f 1755/2758/1755 1756/2759/1756 1753/2756/1753 
f 1753/2756/1753 1754/2757/1754 1755/2758/1755 
f 1757/2760/1757 1755/2758/1755 1222/1951/1222 
f 1222/1951/1222 1221/1950/1221 1757/2760/1757 
f 1221/2761/1221 1226/2727/1226 1734/2726/1734 
f 1734/2726/1734 1757/2762/1757 1221/2761/1221 
f 1757/2762/1757 1734/2726/1734 1733/2725/1733 
f 1758/2763/1758 1756/2759/1756 1755/2758/1755 
f 1755/2758/1755 1757/2760/1757 1758/2763/1758 
f 1759/2764/1759 1127/1797/1127 1126/1796/1126 
f 1126/1796/1126 1760/2765/1760 1759/2764/1759 
f 1760/2765/1760 1761/2766/1761 1762/2767/1762 
f 1762/2767/1762 1759/2764/1759 1760/2765/1760 
f 1759/2764/1759 1762/2767/1762 1763/2768/1763 
f 1763/2768/1763 1764/2769/1764 1759/2764/1759 
f 1764/2769/1764 1128/1798/1128 1127/1797/1127 
f 1127/1797/1127 1759/2764/1759 1764/2769/1764 
f 1765/2770/1765 1762/2771/1762 1761/2772/1761 
f 1761/2772/1761 1766/2773/1766 1765/2770/1765 
f 1363/2161/1363 1765/2770/1765 1766/2773/1766 
f 1766/2773/1766 1364/2162/1364 1363/2161/1363 
f 1767/2774/1767 1765/2770/1765 1363/2161/1363 
f 1363/2161/1363 1362/2160/1362 1767/2774/1767 
f 1767/2774/1767 1763/2775/1763 1762/2771/1762 
f 1762/2771/1762 1765/2770/1765 1767/2774/1767 
f 1768/2776/1768 1769/2777/1769 1770/2778/1770 
f 1770/2778/1770 1771/2779/1771 1768/2776/1768 
f 1771/2779/1771 1772/2780/1772 1773/2781/1773 
f 1773/2781/1773 1768/2776/1768 1771/2779/1771 
f 1768/2776/1768 1773/2781/1773 1774/2782/1774 
f 1774/2782/1774 1775/2783/1775 1768/2776/1768 
f 1775/2783/1775 1776/2784/1776 1769/2777/1769 
f 1769/2777/1769 1768/2776/1768 1775/2783/1775 
f 1777/2785/1777 1778/2786/1778 1779/2787/1779 
f 1779/2787/1779 1780/2788/1780 1777/2785/1777 
f 1777/2789/1777 158/2790/158 157/2791/157 
f 157/2791/157 1778/2792/1778 1777/2789/1777 
f 1778/2792/1778 157/2791/157 156/2793/156 
f 156/2793/156 1781/2794/1781 1778/2792/1778 
f 1779/2795/1779 1778/2796/1778 1781/2797/1781 
f 1781/2797/1781 1782/2798/1782 1779/2795/1779 
f 1783/2799/1783 1784/2800/1784 1785/2801/1785 
f 1785/2801/1785 1786/2802/1786 1783/2799/1783 
f 1786/2802/1786 1787/2803/1787 1788/2804/1788 
f 1788/2804/1788 1783/2799/1783 1786/2802/1786 
f 1783/2805/1783 1788/2806/1788 48/63/48 
f 48/63/48 47/62/47 1783/2805/1783 
f 47/62/47 46/61/46 1784/2807/1784 
f 1784/2807/1784 1783/2805/1783 47/62/47 
f 1789/2808/1789 48/2809/48 1788/2810/1788 
f 1788/2810/1788 1790/2811/1790 1789/2808/1789 
f 1790/2812/1790 1788/2804/1788 1787/2803/1787 
f 1787/2803/1787 1791/2813/1791 1790/2812/1790 
f 1790/2812/1790 1791/2813/1791 1792/2814/1792 
f 1792/2814/1792 1793/2815/1793 1790/2812/1790 
f 1790/2816/1790 1793/2817/1793 1794/2818/1794 
f 1794/2818/1794 1789/2819/1789 1790/2816/1790 
f 1795/2820/1795 1793/2815/1793 1792/2814/1792 
f 1792/2814/1792 1796/2821/1796 1795/2820/1795 
f 1796/2821/1796 1714/2696/1714 1713/2695/1713 
f 1713/2695/1713 1795/2820/1795 1796/2821/1796 
f 1795/2820/1795 1713/2695/1713 142/2694/142 
f 142/2694/142 1797/2822/1797 1795/2820/1795 
f 1797/2823/1797 1794/2824/1794 1793/2825/1793 
f 1793/2825/1793 1795/2826/1795 1797/2823/1797 
f 1798/2827/1798 1799/2828/1799 1794/2818/1794 
f 1797/2823/1797 142/2829/142 141/2830/141 
f 141/2830/141 1798/2831/1798 1797/2823/1797 
f 1798/2832/1798 141/210/141 147/209/147 
f 1800/2833/1800 1801/2834/1801 1799/2835/1799 
f 1799/2835/1799 1798/2832/1798 1800/2833/1800 
f 1802/2836/1802 49/64/49 48/63/48 
f 1789/2819/1789 1794/2818/1794 1799/2828/1799 
f 1799/2828/1799 1802/2836/1802 1789/2819/1789 
f 1802/2837/1802 1799/2838/1799 1801/2839/1801 
f 1801/2839/1801 1803/2840/1803 1802/2837/1802 
f 1803/2841/1803 50/65/50 49/64/49 
f 1804/2842/1804 1805/2843/1805 1806/2844/1806 
f 1806/2844/1806 1807/2845/1807 1804/2842/1804 
f 1807/2845/1807 1687/2646/1687 1686/2645/1686 
f 1686/2645/1686 1804/2842/1804 1807/2845/1807 
f 1804/2842/1804 1686/2645/1686 177/246/177 
f 177/246/177 1808/2846/1808 1804/2842/1804 
f 1808/2846/1808 1809/2847/1809 1805/2843/1805 
f 1805/2843/1805 1804/2842/1804 1808/2846/1808 
f 1810/2848/1810 1805/2843/1805 1809/2847/1809 
f 1809/2847/1809 1811/2849/1811 1810/2848/1810 
f 1811/2850/1811 1770/2778/1770 1769/2777/1769 
f 1769/2777/1769 1810/2851/1810 1811/2850/1811 
f 1810/2848/1810 1769/2852/1769 1776/2853/1776 
f 1776/2853/1776 1812/2854/1812 1810/2848/1810 
f 1812/2854/1812 1806/2844/1806 1805/2843/1805 
f 1805/2843/1805 1810/2848/1810 1812/2854/1812 
f 1813/2855/1813 1814/2856/1814 1727/2717/1727 
f 1727/2717/1727 1726/2716/1726 1813/2855/1813 
f 1726/2857/1726 1725/2858/1725 1815/2859/1815 
f 1815/2859/1815 1813/2860/1813 1726/2857/1726 
f 1813/2860/1813 1815/2859/1815 1072/1714/1072 
f 1072/1714/1072 1816/2861/1816 1813/2860/1813 
f 1816/2862/1816 1817/2863/1817 1814/2856/1814 
f 1818/2864/1818 1819/2865/1819 1066/2866/1066 
f 1066/2866/1066 1065/2867/1065 1818/2864/1818 
f 1065/1703/1065 239/338/239 1820/2868/1820 
f 1820/2868/1820 1818/2869/1818 1065/1703/1065 
f 1818/2869/1818 1820/2868/1820 1821/2870/1821 
f 1821/2870/1821 1822/2871/1822 1818/2869/1818 
f 1822/2871/1822 1823/2872/1823 1819/2873/1819 
f 1819/2873/1819 1818/2869/1818 1822/2871/1822 
f 1824/2874/1824 1705/2677/1705 1704/2676/1704 
f 1704/2676/1704 1825/2875/1825 1824/2874/1824 
f 1825/2875/1825 1066/2866/1066 1819/2865/1819 
f 1819/2865/1819 1824/2874/1824 1825/2875/1825 
f 1824/2874/1824 1819/2865/1819 1823/2876/1823 
f 1823/2876/1823 1826/2877/1826 1824/2874/1824 
f 1826/2877/1826 1706/2878/1706 1705/2677/1705 
f 1705/2677/1705 1824/2874/1824 1826/2877/1826 
f 1827/2879/1827 1828/2880/1828 1817/2881/1817 
f 1816/2861/1816 1072/1714/1072 1071/1713/1071 
f 1827/2879/1827 1071/1713/1071 228/1712/228 
f 228/1712/228 1829/2882/1829 1827/2879/1827 
f 1829/2882/1829 1830/2883/1830 1828/2880/1828 
f 1828/2880/1828 1827/2879/1827 1829/2882/1829 
f 1831/2884/1831 1832/2885/1832 1833/2886/1833 
f 1834/2887/1834 234/475/234 331/474/331 
f 331/474/331 1831/2888/1831 1834/2887/1834 
f 1831/2888/1831 331/474/331 328/469/328 
f 328/469/328 1718/2701/1718 1831/2888/1831 
f 1718/2700/1718 1717/2699/1717 1832/2885/1832 
f 1832/2885/1832 1831/2884/1831 1718/2700/1718 
f 1835/2889/1835 1836/2890/1836 1830/2891/1830 
f 1829/2882/1829 228/1712/228 227/2892/227 
f 227/2892/227 1835/2893/1835 1829/2882/1829 
f 1835/2893/1835 227/2892/227 234/475/234 
f 234/475/234 1834/2887/1834 1835/2893/1835 
f 1834/2894/1834 1833/2886/1833 1836/2890/1836 
f 1836/2890/1836 1835/2889/1835 1834/2894/1834 
f 1837/2895/1837 1838/2896/1838 1839/2897/1839 
f 1839/2897/1839 1840/2898/1840 1837/2895/1837 
f 1840/2899/1840 1821/2870/1821 1820/2868/1820 
f 1820/2868/1820 1837/2900/1837 1840/2899/1840 
f 1837/2900/1837 1820/2868/1820 239/338/239 
f 239/338/239 238/337/238 1837/2900/1837 
f 238/337/238 237/2901/237 1838/2902/1838 
f 1838/2902/1838 1837/2900/1837 238/337/238 
f 1841/2903/1841 1842/2904/1842 1843/2905/1843 
f 1843/2905/1843 1844/2906/1844 1841/2903/1841 
f 1844/2906/1844 1124/2907/1124 1122/2908/1122 
f 1841/2909/1841 1122/2910/1122 1121/2911/1121 
f 1121/2911/1121 1845/2912/1845 1841/2909/1841 
f 1845/2913/1845 1846/2914/1846 1842/2904/1842 
f 1842/2904/1842 1841/2903/1841 1845/2913/1845 
f 1847/2915/1847 1848/2916/1848 133/188/133 
f 133/188/133 139/197/139 1847/2915/1847 
f 1847/2915/1847 139/197/139 138/196/138 
f 138/196/138 271/378/271 1847/2915/1847 
f 271/378/271 270/377/270 1849/2917/1849 
f 1849/2917/1849 1847/2915/1847 271/378/271 
f 1849/2918/1849 1850/2919/1850 1848/2920/1848 
f 1848/2920/1848 1847/2921/1847 1849/2918/1849 
f 1851/2922/1851 144/2923/144 127/179/127 
f 127/179/127 126/178/126 1851/2922/1851 
f 126/189/126 133/188/133 1848/2916/1848 
f 1848/2916/1848 1851/2924/1851 126/189/126 
f 1852/2925/1852 1851/2926/1851 1848/2920/1848 
f 1848/2920/1848 1850/2919/1850 1852/2925/1852 
f 1852/2927/1852 145/207/145 144/205/144 
f 144/205/144 1851/2928/1851 1852/2927/1852 
f 1853/2929/1853 1854/2930/1854 1710/2687/1710 
f 1710/2687/1710 1709/2686/1709 1853/2929/1853 
f 1709/2685/1709 135/2684/135 134/2931/134 
f 134/2931/134 1853/2932/1853 1709/2685/1709 
f 1853/2933/1853 134/198/134 131/185/131 
f 131/185/131 1855/2934/1855 1853/2933/1853 
f 1855/2934/1855 1856/2935/1856 1854/2936/1854 
f 1854/2936/1854 1853/2933/1853 1855/2934/1855 
f 1857/2937/1857 1858/2938/1858 1856/2935/1856 
f 1856/2935/1856 1855/2934/1855 1857/2937/1857 
f 1855/2934/1855 131/185/131 129/181/129 
f 129/181/129 1857/2937/1857 1855/2934/1855 
f 129/181/129 130/184/130 1712/2691/1712 
f 1712/2691/1712 1857/2937/1857 129/181/129 
f 1712/2691/1712 1714/2696/1714 1858/2938/1858 
f 1858/2938/1858 1857/2937/1857 1712/2691/1712 
f 1859/2939/1859 1860/2940/1860 1861/2941/1861 
f 1861/2941/1861 1862/2942/1862 1859/2939/1859 
f 1862/2942/1862 1839/2897/1839 1838/2896/1838 
f 1838/2896/1838 1859/2939/1859 1862/2942/1862 
f 1859/2939/1859 1838/2896/1838 237/335/237 
f 237/335/237 338/486/338 1859/2939/1859 
f 338/486/338 335/483/335 1860/2940/1860 
f 1860/2940/1860 1859/2939/1859 338/486/338 
f 1863/2943/1863 1860/2940/1860 335/483/335 
f 335/483/335 334/482/334 1863/2943/1863 
f 1863/2943/1863 334/482/334 189/481/189 
f 189/481/189 1698/2944/1698 1863/2943/1863 
f 1864/2945/1864 1863/2943/1863 1698/2944/1698 
f 1698/2944/1698 1697/2667/1697 1864/2945/1864 
f 1864/2945/1864 1861/2941/1861 1860/2940/1860 
f 1860/2940/1860 1863/2943/1863 1864/2945/1864 
f 1865/2946/1865 1866/2947/1866 261/362/261 
f 261/362/261 260/361/260 1865/2946/1865 
f 260/361/260 259/360/259 1867/2948/1867 
f 1867/2948/1867 1865/2946/1865 260/361/260 
f 1865/2946/1865 1867/2948/1867 1868/2949/1868 
f 1868/2949/1868 1869/2950/1869 1865/2946/1865 
f 1865/2946/1865 1869/2950/1869 1870/2951/1870 
f 1870/2951/1870 1866/2947/1866 1865/2946/1865 
f 1871/2952/1871 280/2953/280 279/2954/279 
f 279/2954/279 1872/2955/1872 1871/2952/1871 
f 1872/2955/1872 1870/2951/1870 1869/2950/1869 
f 1869/2950/1869 1871/2952/1871 1872/2955/1872 
f 1871/2952/1871 1869/2950/1869 1868/2949/1868 
f 1868/2949/1868 1873/2956/1873 1871/2952/1871 
f 280/390/280 1871/2957/1871 1873/2958/1873 
f 1873/2958/1873 281/391/281 280/390/280 
f 1874/2959/1874 1875/2960/1875 1514/2961/1514 
f 1514/2961/1514 1512/2393/1512 1874/2959/1874 
f 1874/2959/1874 1512/2393/1512 1511/2392/1511 
f 1511/2392/1511 1748/2747/1748 1874/2959/1874 
f 1748/2747/1748 1747/2962/1747 1876/2963/1876 
f 1876/2963/1876 1874/2959/1874 1748/2747/1748 
f 1876/2963/1876 1877/2964/1877 1875/2960/1875 
f 1875/2960/1875 1874/2959/1874 1876/2963/1876 
f 1878/2965/1878 1875/2966/1875 1877/2967/1877 
f 1879/2968/1879 1743/2738/1743 1742/2737/1742 
f 1878/2965/1878 1742/2737/1742 1530/2421/1530 
f 1530/2421/1530 1540/2440/1540 1878/2965/1878 
f 1540/2440/1540 1514/2396/1514 1875/2966/1875 
f 1875/2966/1875 1878/2965/1878 1540/2440/1540 
f 1880/2969/1880 1881/2970/1881 1882/2971/1882 
f 1882/2971/1882 1883/2972/1883 1880/2969/1880 
f 1883/2972/1883 1884/2973/1884 1885/2974/1885 
f 1885/2974/1885 1880/2969/1880 1883/2972/1883 
f 1880/2969/1880 1885/2974/1885 1886/2975/1886 
f 1886/2975/1886 1887/2976/1887 1880/2969/1880 
f 1887/2976/1887 1888/2977/1888 1881/2970/1881 
f 1881/2970/1881 1880/2969/1880 1887/2976/1887 
f 1889/2978/1889 1456/2311/1456 1455/2310/1455 
f 1455/2310/1455 1890/2979/1890 1889/2978/1889 
f 1890/2980/1890 1882/2981/1882 1881/2982/1881 
f 1881/2982/1881 1889/2983/1889 1890/2980/1890 
f 1889/2984/1889 1881/2970/1881 1888/2977/1888 
f 1888/2977/1888 1891/2985/1891 1889/2984/1889 
f 1891/2986/1891 1457/2312/1457 1456/2311/1456 
f 1456/2311/1456 1889/2978/1889 1891/2986/1891 
f 1892/2987/1892 1893/2988/1893 1894/2989/1894 
f 1894/2989/1894 1895/2990/1895 1892/2987/1892 
f 1895/2990/1895 1896/2991/1896 1897/2992/1897 
f 1897/2992/1897 1892/2987/1892 1895/2990/1895 
f 1892/2987/1892 1897/2992/1897 1898/2993/1898 
f 1898/2993/1898 1899/2994/1899 1892/2987/1892 
f 1899/2994/1899 1900/2995/1900 1893/2988/1893 
f 1893/2988/1893 1892/2987/1892 1899/2994/1899 
f 1901/2996/1901 1902/2997/1902 1903/2998/1903 
f 1903/2998/1903 1904/2999/1904 1901/2996/1901 
f 1904/2999/1904 1905/3000/1905 1906/3001/1906 
f 1906/3001/1906 1901/2996/1901 1904/2999/1904 
f 1901/2996/1901 1906/3001/1906 1900/2995/1900 
f 1900/2995/1900 1899/2994/1899 1901/2996/1901 
f 1899/2994/1899 1898/2993/1898 1902/2997/1902 
f 1902/2997/1902 1901/2996/1901 1899/2994/1899 
f 1907/3002/1907 1908/3003/1908 1725/2858/1725 
f 1725/2858/1725 1724/3004/1724 1907/3002/1907 
f 1724/3004/1724 1214/1938/1214 1213/1936/1213 
f 1213/1936/1213 1907/3002/1907 1724/3004/1724 
f 1907/3002/1907 1213/1936/1213 1206/1924/1206 
f 1206/1924/1206 1909/3005/1909 1907/3002/1907 
f 1909/3005/1909 1910/3006/1910 1908/3003/1908 
f 1908/3003/1908 1907/3002/1907 1909/3005/1909 
f 1911/3007/1911 1912/3008/1912 1074/3009/1074 
f 1074/3009/1074 1073/1715/1073 1911/3007/1911 
f 1073/1715/1073 1072/1714/1072 1815/2859/1815 
f 1815/2859/1815 1911/3007/1911 1073/1715/1073 
f 1908/3003/1908 1911/3007/1911 1815/2859/1815 
f 1815/2859/1815 1725/2858/1725 1908/3003/1908 
f 1911/3007/1911 1908/3003/1908 1910/3006/1910 
f 1910/3006/1910 1912/3008/1912 1911/3007/1911 
f 1913/3010/1913 1914/3011/1914 1079/1723/1079 
f 1079/1723/1079 1078/1722/1078 1913/3010/1913 
f 1078/1722/1078 1077/1721/1077 1915/3012/1915 
f 1915/3012/1915 1913/3010/1913 1078/1722/1078 
f 1913/3010/1913 1915/3012/1915 1916/3013/1916 
f 1916/3013/1916 1917/3014/1917 1913/3010/1913 
f 1917/3014/1917 1918/3015/1918 1914/3011/1914 
f 1914/3011/1914 1913/3010/1913 1917/3014/1917 
f 1919/3016/1919 1920/3017/1920 1921/3018/1921 
f 1921/3018/1921 1922/3019/1922 1919/3016/1919 
f 1919/3016/1919 1922/3019/1922 1923/3020/1923 
f 1923/3020/1923 1924/3021/1924 1919/3016/1919 
f 1919/3022/1919 1924/3023/1924 1918/3015/1918 
f 1918/3015/1918 1917/3014/1917 1919/3022/1919 
f 1917/3014/1917 1916/3013/1916 1920/3024/1920 
f 1920/3024/1920 1919/3022/1919 1917/3014/1917 
f 1925/3025/1925 1926/3026/1926 1927/3027/1927 
f 1928/3028/1928 1929/3029/1929 1930/3030/1930 
f 1925/3031/1925 1930/3030/1930 1931/3032/1931 
f 1931/3032/1931 1932/3033/1932 1925/3031/1925 
f 1932/3034/1932 1933/3035/1933 1926/3036/1926 
f 1926/3036/1926 1925/3037/1925 1932/3034/1932 
f 1934/3038/1934 1926/3036/1926 1933/3035/1933 
f 1933/3035/1933 1935/3039/1935 1934/3038/1934 
f 1935/3040/1935 1756/2759/1756 1758/2763/1758 
f 1758/2763/1758 1733/3041/1733 1936/3042/1936 
f 1936/3042/1936 1934/3043/1934 1758/2763/1758 
f 1936/3044/1936 1927/3045/1927 1926/3046/1926 
f 1937/3047/1937 1938/3048/1938 1896/2991/1896 
f 1896/2991/1896 1895/2990/1895 1937/3047/1937 
f 1895/2990/1895 1894/2989/1894 1939/3049/1939 
f 1939/3049/1939 1937/3047/1937 1895/2990/1895 
f 1937/3047/1937 1939/3049/1939 1133/3050/1133 
f 1133/3050/1133 1940/3051/1940 1937/3047/1937 
f 1940/3051/1940 1941/3052/1941 1938/3048/1938 
f 1938/3048/1938 1937/3047/1937 1940/3051/1940 
f 1133/1804/1133 1132/1803/1132 1942/3053/1942 
f 1132/1802/1132 1131/1801/1131 1701/2674/1701 
f 1701/2674/1701 1942/3054/1942 1132/1802/1132 
f 1942/3054/1942 1701/2674/1701 1700/3055/1700 
f 1943/3056/1943 1941/3057/1941 1940/3058/1940 
f 1940/3058/1940 1942/3054/1942 1943/3056/1943 
f 1944/3059/1944 1945/3060/1945 1946/3061/1946 
f 1946/3061/1946 1947/3062/1947 1944/3059/1944 
f 1947/3062/1947 1843/3063/1843 1842/3064/1842 
f 1842/3064/1842 1944/3059/1944 1947/3062/1947 
f 1944/3059/1944 1842/3064/1842 1846/3065/1846 
f 1846/3065/1846 1948/3066/1948 1944/3059/1944 
f 1948/3066/1948 1949/3067/1949 1945/3060/1945 
f 1945/3060/1945 1944/3059/1944 1948/3066/1948 
f 1950/3068/1950 1945/3060/1945 1949/3067/1949 
f 1949/3067/1949 1951/3069/1951 1950/3068/1950 
f 1951/3069/1951 1923/3020/1923 1922/3019/1922 
f 1922/3019/1922 1950/3068/1950 1951/3069/1951 
f 1950/3068/1950 1922/3019/1922 1921/3018/1921 
f 1921/3018/1921 1952/3070/1952 1950/3068/1950 
f 1952/3070/1952 1946/3061/1946 1945/3060/1945 
f 1953/3071/1953 1931/3032/1931 1930/3030/1930 
f 1929/3072/1929 1954/3073/1954 1955/3074/1955 
f 1956/3075/1956 1955/3074/1955 1954/3073/1954 
f 1954/3073/1954 1957/3076/1957 1956/3075/1956 
f 1956/3077/1956 1958/3078/1958 1953/3071/1953 
f 1953/3071/1953 1955/3079/1955 1956/3077/1956 
f 1956/3080/1956 1957/3081/1957 1959/3082/1959 
f 1959/3083/1959 1747/2746/1747 1746/2745/1746 
f 1746/2745/1746 1960/3084/1960 1959/3083/1959 
f 1746/2745/1746 1750/2751/1750 1961/3085/1961 
f 1961/3085/1961 1960/3084/1960 1746/2745/1746 
f 1956/3077/1956 1960/3084/1960 1961/3085/1961 
f 1961/3085/1961 1958/3078/1958 1956/3077/1956 
f 1962/3086/1962 1963/3087/1963 1905/3000/1905 
f 1905/3000/1905 1904/2999/1904 1962/3086/1962 
f 1904/2999/1904 1903/2998/1903 1964/3088/1964 
f 1964/3088/1964 1962/3086/1962 1904/2999/1904 
f 1964/3089/1964 1965/3090/1965 1966/3091/1966 
f 1966/3091/1966 1962/3092/1962 1964/3089/1964 
f 1962/3093/1962 1966/3094/1966 1967/3095/1967 
f 1967/3095/1967 1963/3096/1963 1962/3093/1962 
f 1968/3097/1968 1966/3091/1966 1965/3090/1965 
f 1965/3090/1965 1969/3098/1969 1968/3097/1968 
f 1969/3099/1969 1886/3100/1886 1885/3101/1885 
f 1968/3097/1968 1885/2974/1885 1884/2973/1884 
f 1884/2973/1884 1970/3102/1970 1968/3097/1968 
f 1970/3102/1970 1967/3103/1967 1966/3091/1966 
f 1966/3091/1966 1968/3097/1968 1970/3102/1970 
f 1971/3104/1971 1972/3105/1972 1973/3106/1973 
f 1974/3107/1974 1736/2742/1736 1744/2741/1744 
f 1744/2741/1744 1971/3108/1971 1974/3107/1974 
f 1971/3109/1971 1744/2739/1744 1743/2738/1743 
f 1743/2738/1743 1975/3110/1975 1971/3109/1971 
f 1975/3110/1975 1976/3111/1976 1972/3112/1972 
f 1977/3113/1977 1978/3114/1978 1979/3115/1979 
f 1979/3115/1979 1980/3116/1980 1977/3113/1977 
f 1980/3116/1980 1464/3117/1464 1463/2328/1463 
f 1463/2328/1463 1977/3113/1977 1980/3116/1980 
f 1977/3113/1977 1463/2328/1463 1467/2327/1467 
f 1467/2327/1467 1981/3118/1981 1977/3113/1977 
f 1981/3118/1981 1982/3119/1982 1978/3114/1978 
f 1978/3114/1978 1977/3113/1977 1981/3118/1981 
f 1983/3120/1983 1984/3121/1984 1985/3122/1985 
f 1985/3122/1985 1986/3123/1986 1983/3120/1983 
f 1986/3123/1986 1987/3124/1987 1988/3125/1988 
f 1988/3125/1988 1983/3120/1983 1986/3123/1986 
f 1983/3120/1983 1988/3125/1988 1989/3126/1989 
f 1989/3126/1989 1990/3127/1990 1983/3120/1983 
f 1990/3127/1990 1991/3128/1991 1984/3121/1984 
f 1984/3121/1984 1983/3120/1983 1990/3127/1990 
f 1992/3129/1992 1984/3130/1984 1991/3131/1991 
f 1991/3131/1991 1993/3132/1993 1992/3129/1992 
f 1993/3133/1993 1672/2627/1672 1671/2626/1671 
f 1671/2626/1671 1992/3134/1992 1993/3133/1993 
f 1992/3134/1992 1671/2626/1671 1670/2625/1670 
f 1670/2625/1670 1994/3135/1994 1992/3134/1992 
f 1994/3136/1994 1985/3137/1985 1984/3130/1984 
f 1984/3130/1984 1992/3129/1992 1994/3136/1994 
f 1995/3138/1995 1996/3139/1996 1997/3140/1997 
f 1997/3140/1997 1998/3141/1998 1995/3138/1995 
f 1998/3141/1998 1999/3142/1999 2000/3143/2000 
f 2000/3143/2000 1995/3138/1995 1998/3141/1998 
f 1995/3138/1995 2000/3143/2000 1689/2648/1689 
f 1689/2648/1689 1688/2647/1688 1995/3138/1995 
f 1688/2647/1688 1687/2646/1687 1996/3139/1996 
f 1996/3139/1996 1995/3138/1995 1688/2647/1688 
f 2001/3144/2001 2002/3145/2002 2003/3146/2003 
f 2004/3147/2004 1697/2667/1697 1696/2666/1696 
f 1696/2666/1696 2001/3144/2001 2004/3147/2004 
f 2001/3148/2001 1696/2663/1696 1694/2662/1694 
f 2005/3149/2005 2006/3150/2006 2002/3145/2002 
f 2007/3151/2007 2008/3152/2008 2009/3153/2009 
f 2009/3153/2009 2010/3154/2010 2007/3151/2007 
f 2010/3154/2010 2011/3155/2011 2012/3156/2012 
f 2012/3156/2012 2007/3151/2007 2010/3154/2010 
f 2007/3151/2007 2012/3156/2012 1823/2872/1823 
f 1823/2872/1823 1822/2871/1822 2007/3151/2007 
f 1822/2871/1822 1821/2870/1821 2008/3152/2008 
f 2008/3152/2008 2007/3151/2007 1822/2871/1822 
f 2013/3157/2013 2014/3158/2014 2015/3159/2015 
f 2015/3159/2015 2016/3160/2016 2013/3157/2013 
f 2016/3160/2016 2017/3161/2017 2018/3162/2018 
f 2018/3162/2018 2013/3157/2013 2016/3160/2016 
f 2013/3157/2013 2018/3162/2018 1941/3057/1941 
f 1941/3057/1941 1943/3056/1943 2013/3157/2013 
f 1943/3056/1943 1700/3055/1700 2014/3158/2014 
f 2014/3158/2014 2013/3157/2013 1943/3056/1943 
f 2019/3163/2019 2020/3164/2020 2021/3165/2021 
f 2021/3165/2021 2022/3166/2022 2019/3163/2019 
f 2022/3166/2022 1717/2699/1717 1716/2698/1716 
f 1716/2698/1716 2019/3163/2019 2022/3166/2022 
f 2019/3163/2019 1716/2698/1716 1710/3167/1710 
f 1710/3167/1710 2023/3168/2023 2019/3163/2019 
f 2023/3168/2023 2024/3169/2024 2020/3164/2020 
f 2020/3164/2020 2019/3163/2019 2023/3168/2023 
f 2025/3170/2025 2026/3171/2026 2027/3172/2027 
f 2027/3172/2027 2028/3173/2028 2025/3170/2025 
f 2028/3173/2028 1240/1981/1240 1730/2722/1730 
f 1730/2722/1730 2025/3170/2025 2028/3173/2028 
f 2025/3170/2025 1730/2722/1730 1722/2712/1722 
f 1722/2712/1722 2029/3174/2029 2025/3170/2025 
f 2029/3174/2029 2030/3175/2030 2026/3171/2026 
f 2026/3171/2026 2025/3170/2025 2029/3174/2029 
f 2031/3176/2031 2032/3177/2032 2033/3178/2033 
f 2033/3178/2033 2034/3179/2034 2031/3176/2031 
f 2034/3180/2034 1817/3181/1817 1828/3182/1828 
f 1828/3182/1828 2031/3183/2031 2034/3180/2034 
f 2031/3183/2031 1828/3182/1828 1830/2891/1830 
f 1830/2891/1830 2035/3184/2035 2031/3183/2031 
f 2035/3184/2035 2036/3185/2036 2032/3186/2032 
f 2032/3186/2032 2031/3183/2031 2035/3184/2035 
f 2037/3187/2037 2038/3188/2038 2039/3189/2039 
f 2039/3189/2039 2040/3190/2040 2037/3187/2037 
f 2039/3189/2039 2041/3191/2041 2042/3192/2042 
f 2042/3192/2042 2040/3190/2040 2039/3189/2039 
f 2040/3190/2040 2042/3192/2042 1739/2732/1739 
f 1739/2732/1739 1737/2730/1737 2040/3190/2040 
f 1737/2730/1737 1736/2729/1736 2037/3187/2037 
f 2037/3187/2037 2040/3190/2040 1737/2730/1737 
f 2043/3193/2043 2044/3194/2044 2045/3195/2045 
f 2046/3196/2046 2017/3197/2017 2047/3198/2047 
f 2047/3198/2047 2043/3199/2043 2046/3196/2046 
f 2043/3199/2043 2047/3198/2047 1204/3200/1204 
f 1204/3200/1204 1753/3201/1753 2043/3199/2043 
f 1753/3202/1753 1756/3203/1756 2044/3194/2044 
f 2044/3194/2044 2043/3193/2043 1753/3202/1753 
f 2048/3204/2048 2049/3205/2049 2050/3206/2050 
f 2050/3206/2050 2051/3207/2051 2048/3204/2048 
f 2051/3207/2051 2052/3208/2052 2053/3209/2053 
f 2053/3209/2053 2048/3204/2048 2051/3207/2051 
f 2048/3210/2048 2053/3211/2053 1965/3090/1965 
f 1965/3090/1965 1964/3089/1964 2048/3210/2048 
f 1964/3088/1964 1903/2998/1903 2049/3212/2049 
f 2054/3213/2054 2055/3214/2055 2056/3215/2056 
f 2056/3215/2056 2057/3216/2057 2054/3213/2054 
f 2057/3216/2057 2058/3217/2058 2059/3218/2059 
f 2059/3218/2059 2054/3213/2054 2057/3216/2057 
f 2054/3213/2054 2059/3218/2059 1776/3219/1776 
f 1776/3219/1776 1775/3220/1775 2054/3213/2054 
f 1775/3220/1775 1774/3221/1774 2055/3214/2055 
f 2055/3214/2055 2054/3213/2054 1775/3220/1775 
f 2060/3222/2060 2061/3223/2061 147/209/147 
f 147/209/147 146/208/146 2060/3222/2060 
f 146/208/146 145/207/145 2062/3224/2062 
f 2062/3224/2062 2060/3222/2060 146/208/146 
f 2060/3222/2060 2062/3224/2062 1997/3140/1997 
f 1997/3140/1997 2063/3225/2063 2060/3222/2060 
f 2063/3225/2063 2064/3226/2064 2061/3223/2061 
f 2061/3223/2061 2060/3222/2060 2063/3225/2063 
f 1998/3141/1998 1997/3140/1997 2062/3224/2062 
f 2062/3224/2062 2065/3227/2065 1998/3141/1998 
f 2065/3227/2065 2062/3224/2062 145/207/145 
f 145/207/145 1852/2927/1852 2065/3227/2065 
f 2065/3228/2065 1852/2925/1852 1850/2919/1850 
f 1850/2919/1850 2066/3229/2066 2065/3228/2065 
f 2065/3227/2065 2066/3230/2066 1999/3142/1999 
f 1999/3142/1999 1998/3141/1998 2065/3227/2065 
f 2067/3231/2067 1996/3139/1996 1687/2646/1687 
f 1687/2646/1687 1807/2845/1807 2067/3231/2067 
f 1807/2845/1807 1806/2844/1806 2068/3232/2068 
f 2068/3232/2068 2067/3231/2067 1807/2845/1807 
f 2067/3231/2067 2068/3232/2068 2064/3226/2064 
f 2064/3226/2064 2063/3225/2063 2067/3231/2067 
f 2063/3225/2063 1997/3140/1997 1996/3139/1996 
f 1996/3139/1996 2067/3231/2067 2063/3225/2063 
f 2069/3233/2069 2066/3234/2066 1850/3235/1850 
f 1850/3235/1850 1849/3236/1849 2069/3233/2069 
f 2069/3233/2069 1849/3236/1849 270/3237/270 
f 270/3237/270 2070/3238/2070 2069/3233/2069 
f 2070/3238/2070 2006/3150/2006 2071/3239/2071 
f 2071/3239/2071 2069/3233/2069 2070/3238/2070 
f 2071/3239/2071 1999/3240/1999 2066/3234/2066 
f 2066/3234/2066 2069/3233/2069 2071/3239/2071 
f 2072/3241/2072 2002/3145/2002 2006/3150/2006 
f 2006/3150/2006 2070/3238/2070 2072/3241/2072 
f 2070/3238/2070 270/3237/270 269/3242/269 
f 269/3242/269 2072/3241/2072 2070/3238/2070 
f 2072/3243/2072 269/376/269 275/382/275 
f 275/382/275 2073/3244/2073 2072/3243/2072 
f 2073/3245/2073 2003/3146/2003 2002/3145/2002 
f 2002/3145/2002 2072/3241/2072 2073/3245/2073 
f 2005/3149/2005 1694/2658/1694 1693/2657/1693 
f 1693/3246/1693 1689/3247/1689 2000/3248/2000 
f 2000/3248/2000 2074/3249/2074 1693/3246/1693 
f 2074/3250/2074 2000/3143/2000 1999/3142/1999 
f 2074/3251/2074 2071/3239/2071 2006/3150/2006 
f 2006/3150/2006 2005/3149/2005 2074/3251/2074 
f 2075/3252/2075 2073/3244/2073 275/382/275 
f 275/382/275 326/467/326 2075/3252/2075 
f 326/467/326 325/466/325 2076/3253/2076 
f 2076/3253/2076 2075/3252/2075 326/467/326 
f 2075/3254/2075 2076/3255/2076 2077/3256/2077 
f 2077/3256/2077 2078/3257/2078 2075/3254/2075 
f 2075/3258/2075 2078/3259/2078 2003/3146/2003 
f 2003/3146/2003 2073/3245/2073 2075/3258/2075 
f 2004/3147/2004 2003/3146/2003 2078/3259/2078 
f 2078/3259/2078 2079/3260/2079 2004/3147/2004 
f 2078/3259/2078 2077/3261/2077 2080/3262/2080 
f 2080/3262/2080 2079/3260/2079 2078/3259/2078 
f 2079/3260/2079 2080/3262/2080 1861/2941/1861 
f 2079/3260/2079 1864/2945/1864 1697/2667/1697 
f 1697/2667/1697 2004/3147/2004 2079/3260/2079 
f 2081/3263/2081 2082/3264/2082 232/329/232 
f 232/329/232 231/328/231 2081/3263/2081 
f 231/328/231 230/3265/230 2083/3266/2083 
f 2083/3266/2083 2081/3263/2081 231/328/231 
f 2081/3263/2081 2083/3266/2083 2009/3267/2009 
f 2009/3267/2009 2084/3268/2084 2081/3263/2081 
f 2084/3268/2084 2085/3269/2085 2082/3264/2082 
f 2082/3264/2082 2081/3263/2081 2084/3268/2084 
f 2086/3270/2086 2083/3271/2083 230/3272/230 
f 230/3272/230 1070/1718/1070 2086/3270/2086 
f 1070/1718/1070 1074/1717/1074 2087/3273/2087 
f 2087/3273/2087 2086/3270/2086 1070/1718/1070 
f 2086/3274/2086 2087/3275/2087 2011/3276/2011 
f 2011/3276/2011 2010/3277/2010 2086/3274/2086 
f 2010/3278/2010 2009/3267/2009 2083/3266/2083 
f 2083/3266/2083 2086/3279/2086 2010/3278/2010 
f 2088/3280/2088 2008/3281/2008 1821/3282/1821 
f 1821/3282/1821 1840/2898/1840 2088/3280/2088 
f 1840/2898/1840 1839/2897/1839 2089/3283/2089 
f 2089/3283/2089 2088/3280/2088 1840/2898/1840 
f 2088/3280/2088 2089/3283/2089 2085/3269/2085 
f 2085/3269/2085 2084/3268/2084 2088/3280/2088 
f 2084/3268/2084 2009/3267/2009 2008/3281/2008 
f 2008/3281/2008 2088/3280/2088 2084/3268/2084 
f 2090/3284/2090 2091/3285/2091 1910/3286/1910 
f 1910/3286/1910 1909/3287/1909 2090/3284/2090 
f 1909/3288/1909 1206/3289/1206 2092/3290/2092 
f 2092/3290/2092 2090/3291/2090 1909/3288/1909 
f 2090/3284/2090 2092/3292/2092 2015/3159/2015 
f 2015/3159/2015 2093/3293/2093 2090/3284/2090 
f 2093/3293/2093 2094/3294/2094 2091/3285/2091 
f 2091/3285/2091 2090/3284/2090 2093/3293/2093 
f 2095/3295/2095 2092/3292/2092 1206/3296/1206 
f 1206/3296/1206 1205/3297/1205 2095/3295/2095 
f 1205/3298/1205 1204/3200/1204 2047/3198/2047 
f 2047/3198/2047 2095/3299/2095 1205/3298/1205 
f 2095/3295/2095 2047/3300/2047 2017/3161/2017 
f 2017/3161/2017 2016/3160/2016 2095/3295/2095 
f 2016/3160/2016 2015/3159/2015 2092/3292/2092 
f 2092/3292/2092 2095/3295/2095 2016/3160/2016 
f 2096/3301/2096 2014/3158/2014 1700/3055/1700 
f 1700/3055/1700 1699/3302/1699 2096/3301/2096 
f 1699/3302/1699 1706/2878/1706 2097/3303/2097 
f 2097/3303/2097 2096/3301/2096 1699/3302/1699 
f 2096/3301/2096 2097/3303/2097 2094/3294/2094 
f 2094/3294/2094 2093/3293/2093 2096/3301/2096 
f 2093/3293/2093 2015/3159/2015 2014/3158/2014 
f 2014/3158/2014 2096/3301/2096 2093/3293/2093 
f 2098/3304/2098 2099/3305/2099 2100/3306/2100 
f 2100/3306/2100 2101/3307/2101 2098/3304/2098 
f 2101/3307/2101 156/3308/156 155/231/155 
f 155/231/155 2098/3304/2098 2101/3307/2101 
f 2098/3304/2098 155/231/155 162/230/162 
f 162/230/162 2102/3309/2102 2098/3304/2098 
f 2102/3309/2102 2103/3310/2103 2099/3305/2099 
f 2099/3305/2099 2098/3304/2098 2102/3309/2102 
f 2104/3311/2104 2105/3312/2105 2103/3310/2103 
f 2103/3310/2103 2102/3309/2102 2104/3311/2104 
f 2102/3309/2102 162/230/162 164/233/164 
f 164/233/164 2104/3311/2104 2102/3309/2102 
f 2104/3311/2104 164/233/164 168/237/168 
f 168/237/168 2106/3313/2106 2104/3311/2104 
f 2106/3313/2106 2107/3314/2107 2105/3312/2105 
f 2105/3312/2105 2104/3311/2104 2106/3313/2106 
f 2108/3315/2108 2109/3316/2109 2103/3310/2103 
f 2103/3310/2103 2105/3312/2105 2108/3315/2108 
f 2108/3315/2108 2105/3312/2105 2107/3314/2107 
f 2107/3314/2107 2110/3317/2110 2108/3315/2108 
f 1858/2938/1858 2108/3315/2108 2110/3317/2110 
f 2110/3317/2110 1856/2935/1856 1858/2938/1858 
f 1858/2938/1858 1714/2696/1714 2109/3316/2109 
f 2109/3316/2109 2108/3315/2108 1858/2938/1858 
f 2111/3318/2111 1796/2821/1796 1792/2814/1792 
f 1792/2814/1792 2112/3319/2112 2111/3318/2111 
f 2112/3319/2112 2100/3306/2100 2099/3305/2099 
f 2099/3305/2099 2111/3318/2111 2112/3319/2112 
f 2111/3318/2111 2099/3305/2099 2103/3310/2103 
f 2103/3310/2103 2109/3316/2109 2111/3318/2111 
f 2109/3316/2109 1714/2696/1714 1796/2821/1796 
f 1796/2821/1796 2111/3318/2111 2109/3316/2109 
f 2113/3320/2113 2114/3321/2114 2107/3322/2107 
f 2107/3322/2107 2106/3323/2106 2113/3320/2113 
f 2106/3323/2106 168/385/168 277/384/277 
f 277/384/277 2113/3320/2113 2106/3323/2106 
f 2113/3320/2113 277/384/277 281/391/281 
f 281/391/281 2115/3324/2115 2113/3320/2113 
f 2115/3324/2115 2024/3325/2024 2114/3321/2114 
f 2114/3321/2114 2113/3320/2113 2115/3324/2115 
f 2116/3326/2116 2020/3327/2020 2024/3325/2024 
f 2024/3325/2024 2115/3324/2115 2116/3326/2116 
f 2115/3324/2115 281/391/281 1873/2958/1873 
f 1873/2958/1873 2116/3326/2116 2115/3324/2115 
f 2116/3328/2116 1873/2956/1873 1868/2949/1868 
f 1868/2949/1868 2117/3329/2117 2116/3328/2116 
f 2117/3329/2117 2021/3165/2021 2020/3164/2020 
f 2020/3164/2020 2116/3328/2116 2117/3329/2117 
f 2118/3330/2118 1854/2936/1854 1856/2935/1856 
f 1856/2935/1856 2110/3317/2110 2118/3330/2118 
f 2110/3331/2110 2107/3322/2107 2114/3321/2114 
f 2114/3321/2114 2118/3332/2118 2110/3331/2110 
f 2118/3332/2118 2114/3321/2114 2024/3325/2024 
f 2024/3325/2024 2023/3333/2023 2118/3332/2118 
f 2023/3333/2023 1710/3334/1710 1854/3335/1854 
f 1854/3335/1854 2118/3332/2118 2023/3333/2023 
f 2119/3336/2119 2120/3337/2120 2121/3338/2121 
f 2121/3338/2121 2122/3339/2122 2119/3336/2119 
f 2122/3340/2122 1918/3015/1918 1924/3023/1924 
f 1924/3023/1924 2119/3341/2119 2122/3340/2122 
f 2119/3336/2119 1924/3021/1924 1923/3020/1923 
f 1923/3020/1923 2123/3342/2123 2119/3336/2119 
f 2123/3342/2123 2030/3175/2030 2120/3337/2120 
f 2120/3337/2120 2119/3336/2119 2123/3342/2123 
f 2124/3343/2124 2123/3342/2123 1923/3020/1923 
f 1951/3069/1951 1949/3067/1949 2125/3344/2125 
f 2125/3344/2125 2124/3343/2124 1951/3069/1951 
f 2125/3344/2125 2027/3172/2027 2026/3171/2026 
f 2124/3343/2124 2026/3171/2026 2030/3175/2030 
f 2030/3175/2030 2123/3342/2123 2124/3343/2124 
f 2126/3345/2126 1728/2718/1728 1727/2717/1727 
f 1727/2717/1727 2127/3346/2127 2126/3345/2126 
f 2127/3346/2127 2121/3338/2121 2120/3337/2120 
f 2126/3345/2126 2120/3337/2120 2030/3175/2030 
f 2030/3175/2030 2029/3174/2029 2126/3345/2126 
f 2029/3174/2029 1722/2712/1722 1728/2718/1728 
f 1728/2718/1728 2126/3345/2126 2029/3174/2029 
f 2128/3347/2128 2129/3348/2129 2130/3349/2130 
f 2130/3349/2130 2131/3350/2131 2128/3347/2128 
f 2131/3350/2131 259/360/259 258/359/258 
f 258/359/258 2128/3347/2128 2131/3350/2131 
f 2128/3347/2128 258/359/258 257/358/257 
f 257/358/257 2132/3351/2132 2128/3347/2128 
f 2132/3351/2132 2036/3185/2036 2129/3348/2129 
f 2129/3348/2129 2128/3347/2128 2132/3351/2132 
f 2133/3352/2133 2032/3186/2032 2036/3185/2036 
f 2036/3185/2036 2132/3351/2132 2133/3352/2133 
f 2132/3351/2132 257/358/257 1080/3353/1080 
f 1080/3353/1080 2133/3352/2133 2132/3351/2132 
f 2133/3354/2133 1080/1724/1080 1079/1723/1079 
f 1079/1723/1079 2134/3355/2134 2133/3354/2133 
f 2134/3355/2134 2033/3178/2033 2032/3177/2032 
f 2032/3177/2032 2133/3354/2133 2134/3355/2134 
f 2135/3356/2135 1836/2890/1836 1833/2886/1833 
f 1833/2886/1833 2136/3357/2136 2135/3356/2135 
f 2136/3357/2136 2130/3349/2130 2129/3348/2129 
f 2129/3348/2129 2135/3356/2135 2136/3357/2136 
f 2135/3356/2135 2129/3348/2129 2036/3185/2036 
f 2036/3185/2036 2035/3184/2035 2135/3356/2135 
f 2035/3184/2035 1830/2891/1830 1836/2890/1836 
f 1836/2890/1836 2135/3356/2135 2035/3184/2035 
f 2137/3358/2137 2138/3359/2138 2139/3360/2139 
f 2139/3360/2139 2140/3361/2140 2137/3358/2137 
f 2140/3361/2140 1846/3362/1846 1845/2912/1845 
f 1845/2912/1845 2137/3358/2137 2140/3361/2140 
f 2137/3358/2137 1845/2912/1845 1121/2911/1121 
f 2141/3363/2141 2142/3364/2142 2138/3359/2138 
f 2141/3365/2141 1121/1791/1121 1120/1790/1120 
f 1120/1790/1120 2143/3366/2143 2141/3365/2141 
f 1120/1790/1120 1128/1798/1128 2144/3367/2144 
f 2144/3367/2144 2143/3366/2143 1120/1790/1120 
f 2143/3366/2143 2144/3367/2144 2145/3368/2145 
f 2145/3368/2145 2146/3369/2146 2143/3366/2143 
f 2143/3370/2143 2146/3371/2146 2142/3364/2142 
f 2147/3372/2147 2142/3364/2142 2146/3371/2146 
f 2146/3371/2146 2148/3373/2148 2147/3372/2147 
f 2146/3371/2146 2145/3374/2145 2149/3375/2149 
f 2149/3375/2149 2148/3373/2148 2146/3371/2146 
f 2148/3373/2148 2149/3375/2149 1927/3045/1927 
f 1927/3045/1927 1936/3044/1936 2148/3373/2148 
f 2148/3373/2148 1936/3044/1936 1733/2725/1733 
f 1733/2725/1733 2147/3372/2147 2148/3373/2148 
f 2150/3376/2150 1732/2724/1732 1242/1985/1242 
f 1242/1985/1242 2151/3377/2151 2150/3376/2150 
f 2151/3377/2151 2139/3360/2139 2138/3359/2138 
f 2150/3376/2150 2138/3359/2138 2142/3364/2142 
f 2142/3364/2142 2147/3372/2147 2150/3376/2150 
f 2147/3372/2147 1733/2725/1733 1732/2724/1732 
f 1732/2724/1732 2150/3376/2150 2147/3372/2147 
f 2152/3378/2152 2153/3379/2153 2154/3380/2154 
f 2154/3380/2154 2155/3381/2155 2152/3378/2152 
f 2155/3382/2155 1362/3383/1362 1361/2157/1361 
f 1361/2157/1361 2152/3384/2152 2155/3382/2155 
f 2152/3384/2152 1361/2157/1361 1358/2154/1358 
f 2156/3385/2156 2157/3386/2157 2153/3379/2153 
f 2158/3387/2158 2156/3388/2156 1358/2154/1358 
f 1358/2154/1358 1357/2153/1357 2158/3387/2158 
f 1357/2153/1357 1356/2152/1356 2159/3389/2159 
f 2159/3389/2159 2158/3387/2158 1357/2153/1357 
f 2158/3387/2158 2159/3389/2159 2160/3390/2160 
f 2160/3390/2160 2161/3391/2161 2158/3387/2158 
f 2161/3391/2161 2157/3392/2157 2156/3388/2156 
f 2162/3393/2162 2163/3394/2163 2157/3392/2157 
f 2157/3392/2157 2161/3391/2161 2162/3393/2162 
f 2161/3391/2161 2160/3390/2160 2164/3395/2164 
f 2164/3395/2164 2162/3393/2162 2161/3391/2161 
f 2162/3393/2162 2164/3395/2164 1877/2964/1877 
f 1877/2964/1877 1876/2963/1876 2162/3393/2162 
f 1876/2963/1876 1747/2962/1747 2163/3394/2163 
f 2163/3394/2163 2162/3393/2162 1876/2963/1876 
f 2165/3396/2165 1959/3397/1959 1957/3398/1957 
f 1957/3398/1957 2166/3399/2166 2165/3396/2165 
f 2166/3399/2166 2154/3400/2154 2153/3401/2153 
f 2153/3401/2153 2165/3396/2165 2166/3399/2166 
f 2165/3402/2165 2153/3379/2153 2157/3386/2157 
f 2157/3386/2157 2163/3403/2163 2165/3402/2165 
f 2163/3394/2163 1747/2962/1747 1959/3397/1959 
f 1959/3397/1959 2165/3396/2165 2163/3394/2163 
f 2167/3404/2167 2159/3405/2159 1356/2322/1356 
f 1356/2322/1356 1465/2321/1465 2167/3404/2167 
f 1465/2321/1465 1464/3117/1464 2168/3406/2168 
f 2167/3404/2167 2168/3406/2168 2169/3407/2169 
f 2169/3407/2169 2170/3408/2170 2167/3404/2167 
f 2170/3408/2170 2160/3409/2160 2159/3405/2159 
f 2159/3405/2159 2167/3404/2167 2170/3408/2170 
f 2171/3410/2171 2168/3406/2168 1464/3117/1464 
f 1464/3117/1464 1980/3116/1980 2171/3410/2171 
f 1980/3116/1980 1979/3115/1979 2172/3411/2172 
f 2172/3411/2172 2171/3410/2171 1980/3116/1980 
f 2171/3412/2171 2172/3413/2172 2173/3414/2173 
f 2173/3414/2173 2174/3415/2174 2171/3412/2171 
f 2174/3415/2174 2169/3416/2169 2168/3417/2168 
f 2168/3417/2168 2171/3412/2171 2174/3415/2174 
f 2175/3418/2175 2176/3419/2176 2169/3416/2169 
f 2169/3416/2169 2174/3415/2174 2175/3418/2175 
f 2174/3420/2174 2173/3421/2173 2177/3422/2177 
f 2177/3422/2177 2175/3423/2175 2174/3420/2174 
f 2175/3423/2175 2177/3422/2177 1976/3424/1976 
f 1975/3110/1975 1743/2738/1743 2176/3419/2176 
f 2176/3419/2176 2175/3418/2175 1975/3110/1975 
f 2178/3425/2178 2176/3419/2176 1743/2738/1743 
f 1743/2738/1743 1879/2968/1879 2178/3425/2178 
f 1879/2968/1879 1877/2967/1877 2164/3426/2164 
f 2164/3426/2164 2178/3425/2178 1879/2968/1879 
f 2178/3425/2178 2164/3426/2164 2160/3427/2160 
f 2160/3427/2160 2170/3428/2170 2178/3425/2178 
f 2170/3428/2170 2169/3416/2169 2176/3419/2176 
f 2176/3419/2176 2178/3425/2178 2170/3428/2170 
f 2179/3429/2179 2180/3430/2180 1681/2637/1681 
f 1681/2637/1681 1680/2636/1680 2179/3429/2179 
f 1680/2643/1680 1678/2634/1678 2181/3431/2181 
f 2181/3431/2181 2179/3432/2179 1680/2643/1680 
f 2179/3432/2179 2181/3431/2181 2182/3433/2182 
f 2182/3433/2182 2183/3434/2183 2179/3432/2179 
f 2183/3435/2183 2184/3436/2184 2180/3437/2180 
f 2180/3437/2180 2179/3438/2179 2183/3435/2183 
f 2181/3431/2181 2185/3439/2185 2186/3440/2186 
f 2186/3440/2186 2182/3433/2182 2181/3431/2181 
f 2181/3431/2181 1678/2634/1678 1677/2633/1677 
f 1677/2633/1677 2185/3439/2185 2181/3431/2181 
f 2185/3439/2185 1677/2633/1677 1666/2619/1666 
f 1666/2619/1666 2187/3441/2187 2185/3439/2185 
f 2187/3441/2187 2188/3442/2188 2186/3440/2186 
f 2186/3440/2186 2185/3439/2185 2187/3441/2187 
f 2189/3443/2189 2190/3444/2190 2188/3445/2188 
f 2188/3445/2188 2187/3446/2187 2189/3443/2189 
f 2187/3446/2187 1666/3447/1666 1665/2628/1665 
f 1665/2628/1665 2189/3443/2189 2187/3446/2187 
f 2189/3443/2189 1665/2628/1665 1672/2627/1672 
f 1672/2627/1672 2191/3448/2191 2189/3443/2189 
f 2191/3448/2191 2192/3449/2192 2190/3444/2190 
f 2190/3444/2190 2189/3443/2189 2191/3448/2191 
f 2193/3450/2193 2191/3448/2191 1672/2627/1672 
f 1672/2627/1672 1993/3133/1993 2193/3450/2193 
f 1993/3132/1993 1991/3131/1991 2194/3451/2194 
f 2194/3451/2194 2193/3452/2193 1993/3132/1993 
f 2193/3452/2193 2194/3451/2194 2195/3453/2195 
f 2195/3453/2195 2196/3454/2196 2193/3452/2193 
f 2196/3455/2196 2192/3449/2192 2191/3448/2191 
f 2191/3448/2191 2193/3450/2193 2196/3455/2196 
f 2197/3456/2197 2194/3457/2194 1991/3128/1991 
f 1991/3128/1991 1990/3127/1990 2197/3456/2197 
f 1990/3127/1990 1989/3126/1989 2198/3458/2198 
f 2197/3456/2197 2198/3458/2198 2199/3459/2199 
f 2199/3459/2199 2200/3460/2200 2197/3456/2197 
f 2200/3460/2200 2195/3461/2195 2194/3457/2194 
f 2194/3457/2194 2197/3456/2197 2200/3460/2200 
f 2201/3462/2201 2202/3463/2202 2203/3464/2203 
f 2203/3464/2203 2204/3465/2204 2201/3462/2201 
f 2204/3465/2204 1459/2314/1459 1458/2313/1458 
f 1458/2313/1458 2201/3462/2201 2204/3465/2204 
f 2201/3462/2201 1458/2313/1458 1457/2312/1457 
f 1457/2312/1457 2205/3466/2205 2201/3462/2201 
f 2205/3466/2205 2038/3188/2038 2202/3463/2202 
f 2202/3463/2202 2201/3462/2201 2205/3466/2205 
f 2206/3467/2206 2205/3466/2205 1457/2312/1457 
f 1457/2312/1457 1891/2986/1891 2206/3467/2206 
f 1891/3468/1891 1888/3469/1888 2207/3470/2207 
f 2206/3467/2206 2207/3471/2207 2041/3191/2041 
f 2041/3191/2041 2039/3189/2039 2206/3467/2206 
f 2039/3189/2039 2038/3188/2038 2205/3466/2205 
f 2205/3466/2205 2206/3467/2206 2039/3189/2039 
f 2208/3472/2208 1974/3473/1974 1973/3106/1973 
f 1973/3106/1973 2209/3474/2209 2208/3472/2208 
f 2209/3474/2209 2203/3464/2203 2202/3463/2202 
f 2202/3463/2202 2208/3472/2208 2209/3474/2209 
f 2208/3472/2208 2202/3463/2202 2038/3188/2038 
f 2038/3188/2038 2037/3187/2037 2208/3472/2208 
f 2037/3187/2037 1736/2729/1736 1974/3473/1974 
f 1974/3473/1974 2208/3472/2208 2037/3187/2037 
f 2210/3475/2210 2207/3476/2207 1888/2977/1888 
f 1888/2977/1888 1887/2976/1887 2210/3475/2210 
f 1887/2976/1887 1886/2975/1886 2211/3477/2211 
f 2211/3477/2211 2210/3475/2210 1887/2976/1887 
f 2210/3475/2210 2211/3477/2211 2212/3478/2212 
f 2212/3478/2212 2213/3479/2213 2210/3475/2210 
f 2213/3479/2213 2041/3480/2041 2207/3476/2207 
f 2207/3476/2207 2210/3475/2210 2213/3479/2213 
f 2214/3481/2214 2211/3482/2211 1886/3100/1886 
f 1886/3100/1886 1969/3099/1969 2214/3481/2214 
f 1969/3098/1969 1965/3090/1965 2053/3211/2053 
f 2214/3481/2214 2053/3209/2053 2052/3208/2052 
f 2052/3208/2052 2215/3483/2215 2214/3481/2214 
f 2215/3484/2215 2212/3478/2212 2211/3477/2211 
f 2215/3483/2215 2052/3208/2052 2216/3485/2216 
f 2216/3485/2216 2217/3486/2217 2215/3483/2215 
f 2217/3486/2217 2216/3485/2216 1958/3487/1958 
f 1958/3487/1958 1961/3488/1961 2217/3486/2217 
f 2217/3486/2217 1961/3488/1961 1750/3489/1750 
f 1750/3489/1750 2218/3490/2218 2217/3486/2217 
f 2217/3491/2217 2218/3492/2218 2212/3478/2212 
f 2212/3478/2212 2215/3484/2215 2217/3491/2217 
f 2219/3493/2219 1752/3494/1752 1739/3495/1739 
f 1739/3495/1739 2042/3496/2042 2219/3493/2219 
f 2219/3497/2219 2042/3498/2042 2041/3480/2041 
f 2041/3480/2041 2213/3479/2213 2219/3497/2219 
f 2219/3497/2219 2213/3479/2213 2212/3478/2212 
f 2212/3478/2212 2218/3492/2218 2219/3497/2219 
f 2218/3490/2218 1750/3489/1750 1752/3494/1752 
f 1752/3494/1752 2219/3493/2219 2218/3490/2218 
f 2220/3499/2220 2221/3500/2221 2222/3501/2222 
f 2222/3501/2222 2223/3502/2223 2220/3499/2220 
f 2223/3502/2223 1898/2993/1898 1897/2992/1897 
f 2220/3499/2220 1897/2992/1897 1896/2991/1896 
f 1896/2991/1896 2224/3503/2224 2220/3499/2220 
f 2224/3503/2224 2045/3195/2045 2221/3500/2221 
f 2221/3500/2221 2220/3499/2220 2224/3503/2224 
f 2224/3503/2224 1896/2991/1896 1938/3048/1938 
f 1938/3048/1938 1941/3052/1941 2018/3504/2018 
f 2225/3505/2225 2018/3504/2018 2017/3506/2017 
f 2017/3506/2017 2046/3507/2046 2225/3505/2225 
f 2046/3507/2046 2045/3195/2045 2224/3503/2224 
f 2224/3503/2224 2225/3505/2225 2046/3507/2046 
f 2226/3508/2226 1935/3039/1935 1933/3035/1933 
f 1933/3035/1933 2227/3509/2227 2226/3508/2226 
f 2227/3509/2227 2222/3501/2222 2221/3500/2221 
f 2226/3508/2226 2221/3500/2221 2045/3195/2045 
f 2045/3195/2045 2044/3194/2044 2226/3508/2226 
f 2044/3194/2044 1756/3203/1756 1935/3039/1935 
f 1935/3039/1935 2226/3508/2226 2044/3194/2044 
f 2228/3510/2228 2227/3509/2227 1933/3035/1933 
f 1933/3035/1933 1932/3034/1932 2228/3510/2228 
f 1932/3034/1932 1931/3511/1931 2229/3512/2229 
f 2229/3512/2229 2228/3510/2228 1932/3034/1932 
f 2228/3510/2228 2229/3512/2229 2050/3513/2050 
f 2050/3513/2050 2230/3514/2230 2228/3510/2228 
f 2230/3514/2230 2222/3501/2222 2227/3509/2227 
f 2227/3509/2227 2228/3510/2228 2230/3514/2230 
f 2231/3515/2231 2229/3516/2229 1931/3517/1931 
f 1931/3517/1931 1953/3518/1953 2231/3515/2231 
f 2216/3485/2216 2231/3515/2231 1953/3518/1953 
f 1953/3518/1953 1958/3487/1958 2216/3485/2216 
f 2231/3515/2231 2216/3485/2216 2052/3208/2052 
f 2051/3207/2051 2050/3206/2050 2229/3516/2229 
f 2229/3516/2229 2231/3515/2231 2051/3207/2051 
f 2232/3519/2232 2049/3212/2049 1903/2998/1903 
f 1903/2998/1903 1902/2997/1902 2232/3519/2232 
f 2232/3519/2232 1902/2997/1902 1898/2993/1898 
f 2232/3519/2232 2223/3502/2223 2222/3501/2222 
f 2222/3501/2222 2230/3514/2230 2232/3519/2232 
f 2230/3514/2230 2050/3513/2050 2049/3212/2049 
f 2049/3212/2049 2232/3519/2232 2230/3514/2230 
f 2233/3520/2233 2166/3521/2166 1957/3076/1957 
f 1957/3076/1957 1954/3073/1954 2233/3520/2233 
f 1954/3073/1954 1929/3072/1929 2234/3522/2234 
f 2234/3522/2234 2233/3520/2233 1954/3073/1954 
f 2233/3520/2233 2234/3522/2234 2235/3523/2235 
f 2235/3523/2235 2236/3524/2236 2233/3520/2233 
f 2166/3521/2166 2233/3520/2233 2236/3524/2236 
f 2236/3524/2236 2154/3525/2154 2166/3521/2166 
f 2237/3526/2237 2234/3527/2234 1929/3528/1929 
f 1928/3529/1928 1927/3530/1927 2149/3531/2149 
f 2149/3531/2149 2237/3526/2237 1928/3529/1928 
f 2237/3526/2237 2149/3531/2149 2145/3368/2145 
f 2145/3368/2145 2238/3532/2238 2237/3526/2237 
f 2238/3532/2238 2235/3533/2235 2234/3527/2234 
f 2239/3534/2239 2240/3535/2240 2235/3533/2235 
f 2235/3533/2235 2238/3532/2238 2239/3534/2239 
f 2238/3532/2238 2145/3368/2145 2144/3367/2144 
f 2239/3534/2239 2144/3367/2144 1128/1798/1128 
f 1128/1798/1128 1764/2769/1764 2239/3534/2239 
f 1764/2769/1764 1763/2768/1763 2240/3535/2240 
f 2240/3535/2240 2239/3534/2239 1764/2769/1764 
f 2241/3536/2241 2240/3537/2240 1763/2775/1763 
f 1763/2775/1763 1767/2774/1767 2241/3536/2241 
f 1767/2774/1767 1362/2160/1362 2155/3381/2155 
f 2155/3381/2155 2241/3536/2241 1767/2774/1767 
f 2241/3536/2241 2155/3381/2155 2154/3380/2154 
f 2154/3380/2154 2236/3538/2236 2241/3536/2241 
f 2236/3538/2236 2235/3539/2235 2240/3537/2240 
f 2240/3537/2240 2241/3536/2241 2236/3538/2236 
f 2242/3540/2242 2243/3541/2243 52/67/52 
f 52/67/52 51/66/51 2242/3540/2242 
f 51/66/51 50/3542/50 2244/3543/2244 
f 2244/3543/2244 2242/3540/2242 51/66/51 
f 2242/3540/2242 2244/3543/2244 2056/3215/2056 
f 2056/3215/2056 2245/3544/2245 2242/3540/2242 
f 2245/3544/2245 2246/3545/2246 2243/3541/2243 
f 2243/3541/2243 2242/3540/2242 2245/3544/2245 
f 2247/3546/2247 2244/3543/2244 50/3542/50 
f 1803/2840/1803 1801/2839/1801 2248/3547/2248 
f 2248/3547/2248 2247/3548/2247 1803/2840/1803 
f 2247/3546/2247 2248/3549/2248 2058/3217/2058 
f 2057/3216/2057 2056/3215/2056 2244/3543/2244 
f 2244/3543/2244 2247/3546/2247 2057/3216/2057 
f 2249/3550/2249 2055/3214/2055 1774/3221/1774 
f 1774/3221/1774 2250/3551/2250 2249/3550/2249 
f 2250/3551/2250 2251/3552/2251 2252/3553/2252 
f 2252/3553/2252 2249/3550/2249 2250/3551/2250 
f 2249/3550/2249 2252/3553/2252 2246/3545/2246 
f 2246/3545/2246 2245/3544/2245 2249/3550/2249 
f 2245/3544/2245 2056/3215/2056 2055/3214/2055 
f 2055/3214/2055 2249/3550/2249 2245/3544/2245 
f 2253/3554/2253 2254/3555/2254 2100/3306/2100 
f 2100/3306/2100 2112/3319/2112 2253/3554/2253 
f 2112/3319/2112 1792/2814/1792 1791/2813/1791 
f 1791/2813/1791 2253/3554/2253 2112/3319/2112 
f 2253/3554/2253 1791/2813/1791 1787/2803/1787 
f 1787/2803/1787 2255/3556/2255 2253/3554/2253 
f 2255/3556/2255 2256/3557/2256 2254/3555/2254 
f 2254/3555/2254 2253/3554/2253 2255/3556/2255 
f 2257/3558/2257 1782/2798/1782 1781/2797/1781 
f 1781/2797/1781 2258/3559/2258 2257/3558/2257 
f 2101/3307/2101 2258/3559/2258 1781/2797/1781 
f 1781/2797/1781 156/3308/156 2101/3307/2101 
f 2101/3307/2101 2100/3306/2100 2254/3555/2254 
f 2254/3555/2254 2258/3559/2258 2101/3307/2101 
f 2258/3559/2258 2254/3555/2254 2256/3557/2256 
f 2256/3557/2256 2257/3558/2257 2258/3559/2258 
f 2259/3560/2259 2068/3232/2068 1806/2844/1806 
f 1806/2844/1806 1812/2854/1812 2259/3560/2259 
f 1812/2854/1812 1776/2853/1776 2059/3561/2059 
f 2059/3561/2059 2259/3560/2259 1812/2854/1812 
f 2259/3560/2259 2059/3561/2059 2058/3562/2058 
f 2058/3562/2058 2260/3563/2260 2259/3560/2259 
f 2260/3563/2260 2064/3226/2064 2068/3232/2068 
f 2068/3232/2068 2259/3560/2259 2260/3563/2260 
f 2261/3564/2261 2248/3565/2248 1801/2834/1801 
f 1801/2834/1801 1800/2833/1800 2261/3564/2261 
f 1800/2833/1800 147/209/147 2061/3223/2061 
f 2061/3223/2061 2261/3564/2261 1800/2833/1800 
f 2261/3564/2261 2061/3223/2061 2064/3226/2064 
f 2064/3226/2064 2260/3563/2260 2261/3564/2261 
f 2260/3563/2260 2058/3562/2058 2248/3565/2248 
f 2248/3565/2248 2261/3564/2261 2260/3563/2260 
f 2262/3566/2262 2087/3273/2087 1074/1717/1074 
f 1074/1717/1074 1912/3567/1912 2262/3566/2262 
f 1912/3567/1912 1910/3568/1910 2091/3569/2091 
f 2091/3569/2091 2262/3566/2262 1912/3567/1912 
f 2262/3566/2262 2091/3569/2091 2094/3570/2094 
f 2094/3570/2094 2263/3571/2263 2262/3566/2262 
f 2263/3572/2263 2011/3276/2011 2087/3275/2087 
f 2087/3275/2087 2262/3573/2262 2263/3572/2263 
f 2264/3574/2264 2012/3575/2012 2011/3276/2011 
f 2011/3276/2011 2263/3572/2263 2264/3574/2264 
f 2263/3572/2263 2094/3294/2094 2097/3303/2097 
f 2097/3303/2097 2264/3574/2264 2263/3572/2263 
f 2264/3574/2264 2097/3303/2097 1706/2878/1706 
f 1706/2878/1706 1826/2877/1826 2264/3574/2264 
f 1826/2877/1826 1823/2876/1823 2012/3575/2012 
f 2012/3575/2012 2264/3574/2264 1826/2877/1826 
f 2265/3576/2265 2266/3577/2266 2033/3178/2033 
f 2033/3178/2033 2134/3355/2134 2265/3576/2265 
f 2134/3355/2134 1079/1723/1079 1914/3011/1914 
f 1914/3011/1914 2265/3576/2265 2134/3355/2134 
f 2265/3576/2265 1914/3011/1914 1918/3015/1918 
f 1918/3015/1918 2122/3340/2122 2265/3576/2265 
f 2122/3340/2122 2121/3578/2121 2266/3577/2266 
f 2266/3577/2266 2265/3576/2265 2122/3340/2122 
f 2267/3579/2267 2266/3580/2266 2121/3338/2121 
f 2121/3338/2121 2127/3346/2127 2267/3579/2267 
f 2127/3346/2127 1727/2717/1727 1814/2856/1814 
f 2267/3581/2267 1814/3582/1814 1817/3583/1817 
f 1817/3583/1817 2034/3584/2034 2267/3581/2267 
f 2034/3584/2034 2033/3585/2033 2266/3586/2266 
f 2266/3586/2266 2267/3581/2267 2034/3584/2034 
f 2268/3587/2268 2269/3588/2269 2021/3165/2021 
f 2021/3165/2021 2117/3329/2117 2268/3587/2268 
f 2117/3329/2117 1868/2949/1868 1867/2948/1867 
f 1867/2948/1867 2268/3587/2268 2117/3329/2117 
f 2268/3587/2268 1867/2948/1867 259/360/259 
f 259/360/259 2131/3350/2131 2268/3587/2268 
f 2131/3350/2131 2130/3349/2130 2269/3588/2269 
f 2269/3588/2269 2268/3587/2268 2131/3350/2131 
f 2270/3589/2270 1832/2885/1832 1717/2699/1717 
f 2022/3166/2022 2021/3165/2021 2269/3588/2269 
f 2269/3588/2269 2270/3589/2270 2022/3166/2022 
f 2270/3589/2270 2269/3588/2269 2130/3349/2130 
f 2130/3349/2130 2136/3357/2136 2270/3589/2270 
f 2136/3357/2136 1833/2886/1833 1832/2885/1832 
f 1832/2885/1832 2270/3589/2270 2136/3357/2136 
f 2271/3590/2271 2076/3253/2076 325/466/325 
f 330/471/330 232/329/232 2082/3264/2082 
f 2271/3591/2271 2082/3264/2082 2085/3269/2085 
f 2272/3592/2272 2077/3261/2077 2076/3593/2076 
f 2076/3593/2076 2271/3591/2271 2272/3592/2272 
f 2273/3594/2273 2089/3283/2089 1839/2897/1839 
f 1839/2897/1839 1862/2942/1862 2273/3594/2273 
f 1862/2942/1862 1861/2941/1861 2080/3262/2080 
f 2273/3594/2273 2080/3262/2080 2077/3261/2077 
f 2077/3261/2077 2272/3592/2272 2273/3594/2273 
f 2272/3592/2272 2085/3269/2085 2089/3283/2089 
f 2089/3283/2089 2273/3594/2273 2272/3592/2272 
f 2151/3377/2151 1242/1985/1242 1241/1984/1241 
f 1241/1984/1241 2274/3595/2274 2151/3377/2151 
f 2274/3596/2274 1241/1982/1241 1240/1981/1240 
f 1240/1981/1240 2028/3173/2028 2274/3596/2274 
f 2028/3173/2028 2027/3172/2027 2275/3597/2275 
f 2275/3597/2275 2274/3596/2274 2028/3173/2028 
f 2274/3596/2274 2275/3597/2275 2139/3598/2139 
f 2140/3599/2140 2139/3598/2139 2275/3597/2275 
f 2275/3597/2275 2276/3600/2276 2140/3599/2140 
f 2275/3597/2275 2027/3172/2027 2125/3344/2125 
f 2125/3344/2125 2276/3600/2276 2275/3597/2275 
f 2276/3600/2276 2125/3344/2125 1949/3067/1949 
f 1949/3067/1949 1948/3066/1948 2276/3600/2276 
f 2140/3599/2140 2276/3600/2276 1948/3066/1948 
f 1948/3066/1948 1846/3065/1846 2140/3599/2140 
f 2277/3601/2277 2278/3602/2278 1616/3603/1616 
f 1616/3603/1616 1615/3604/1615 2277/3601/2277 
f 1615/3604/1615 846/1324/846 845/1323/845 
f 845/1323/845 2277/3601/2277 1615/3604/1615 
f 2277/3601/2277 845/1323/845 844/1322/844 
f 2279/3605/2279 2280/3606/2280 2278/3602/2278 
f 2281/3607/2281 2282/3608/2282 1015/1614/1015 
f 1015/1614/1015 1014/1613/1014 2281/3607/2281 
f 2281/3607/2281 1014/1613/1014 1005/1612/1005 
f 1005/1612/1005 1004/3609/1004 2281/3607/2281 
f 2281/3607/2281 1004/3609/1004 828/3610/828 
f 828/3610/828 2283/3611/2283 2281/3607/2281 
f 2283/3611/2283 2284/3612/2284 2282/3608/2282 
f 2282/3608/2282 2281/3607/2281 2283/3611/2283 
f 2285/3613/2285 2286/3614/2286 2287/3615/2287 
f 2287/3615/2287 2288/3616/2288 2285/3613/2285 
f 2288/3616/2288 1038/1650/1038 1037/1649/1037 
f 1037/1649/1037 2285/3613/2285 2288/3616/2288 
f 2285/3613/2285 1037/1649/1037 1015/1648/1015 
f 1015/1648/1015 2282/3617/2282 2285/3613/2285 
f 2282/3617/2282 2284/3618/2284 2286/3614/2286 
f 2286/3614/2286 2285/3613/2285 2282/3617/2282 
f 2289/3619/2289 2284/3620/2284 2283/3621/2283 
f 2283/3621/2283 2290/3622/2290 2289/3619/2289 
f 2283/3623/2283 828/3624/828 827/3625/827 
f 827/3625/827 2290/3626/2290 2283/3623/2283 
f 2290/3626/2290 827/3625/827 833/1309/833 
f 833/1309/833 2291/3627/2291 2290/3626/2290 
f 2290/3626/2290 2291/3627/2291 2292/3628/2292 
f 2292/3628/2292 2289/3629/2289 2290/3626/2290 
f 2293/3630/2293 2286/3614/2286 2284/3618/2284 
f 2284/3618/2284 2289/3631/2289 2293/3630/2293 
f 2289/3631/2289 2292/3632/2292 2294/3633/2294 
f 2294/3633/2294 2293/3630/2293 2289/3631/2289 
f 2293/3630/2293 2294/3633/2294 2295/3634/2295 
f 2295/3634/2295 2296/3635/2296 2293/3630/2293 
f 2296/3635/2296 2287/3615/2287 2286/3614/2286 
f 2286/3614/2286 2293/3630/2293 2296/3635/2296 
f 2297/3636/2297 2295/3637/2295 2294/3638/2294 
f 2298/3639/2298 2294/3640/2294 2292/3628/2292 
f 2292/3628/2292 2291/3627/2291 2298/3639/2298 
f 2291/3627/2291 833/1309/833 835/1308/835 
f 835/1308/835 2298/3639/2298 2291/3627/2291 
f 835/1308/835 839/1317/839 2297/3641/2297 
f 2297/3642/2297 839/3643/839 1622/3644/1622 
f 1622/3644/1622 1616/3603/1616 2278/3602/2278 
f 2299/3645/2299 2278/3602/2278 2280/3606/2280 
f 2280/3606/2280 2300/3646/2300 2299/3645/2299 
f 2299/3645/2299 2300/3646/2300 2295/3647/2295 
f 2295/3647/2295 2297/3642/2297 2299/3645/2299 
f 2300/3646/2300 2280/3606/2280 2279/3605/2279 
f 2279/3605/2279 2301/3648/2301 2300/3646/2300 
f 2279/3605/2279 844/1322/844 2302/3649/2302 
f 2302/3649/2302 2301/3648/2301 2279/3605/2279 
f 2301/3650/2301 2302/3651/2302 2287/3652/2287 
f 2287/3652/2287 2296/3653/2296 2301/3650/2301 
f 2296/3654/2296 2295/3647/2295 2300/3646/2300 
f 2300/3646/2300 2301/3648/2301 2296/3654/2296 
f 2303/3655/2303 2302/3651/2302 844/3656/844 
f 844/3656/844 843/3657/843 2303/3655/2303 
f 843/3657/843 842/1641/842 1048/1679/1048 
f 1048/1679/1048 2303/3655/2303 843/3657/843 
f 2303/3658/2303 1048/1677/1048 1038/1650/1038 
f 1038/1650/1038 2288/3616/2288 2303/3658/2303 
f 2288/3616/2288 2287/3615/2287 2302/3659/2302 
f 2302/3659/2302 2303/3658/2303 2288/3616/2288 
f 2304/3660/2304 1503/2384/1503 1501/2382/1501 
f 1501/2382/1501 1500/2381/1500 2304/3660/2304 
f 1500/2381/1500 1499/2380/1499 2305/3661/2305 
f 2305/3661/2305 2304/3660/2304 1500/2381/1500 
f 2306/3662/2306 2304/3663/2304 2305/3664/2305 
f 2305/3664/2305 2307/3665/2307 2306/3662/2306 
f 2306/3666/2306 1504/2385/1504 1503/2384/1503 
f 1503/2384/1503 2304/3660/2304 2306/3666/2306 
f 2308/3667/2308 1553/3668/1553 1569/3669/1569 
f 1569/3669/1569 2309/3670/2309 2308/3667/2308 
f 1569/2475/1569 1568/2474/1568 1576/2482/1576 
f 2309/3670/2309 1576/3671/1576 1504/3672/1504 
f 1504/3672/1504 2306/3662/2306 2309/3670/2309 
f 2306/3673/2306 2307/3674/2307 2308/3675/2308 
f 2308/3675/2308 2309/3676/2309 2306/3673/2306 
f 2310/3677/2310 1555/3678/1555 1554/3679/1554 
f 2311/3680/2311 1554/3681/1554 1553/3668/1553 
f 1553/3668/1553 2308/3667/2308 2311/3680/2311 
f 2311/3682/2311 2308/3675/2308 2307/3674/2307 
f 2307/3674/2307 2312/3683/2312 2311/3682/2311 
f 2312/3683/2312 2313/3684/2313 2310/3677/2310 
f 2314/3685/2314 2315/3686/2315 1499/3687/1499 
f 1499/3687/1499 1498/3688/1498 2314/3685/2314 
f 2314/3689/2314 1498/2379/1498 1441/2293/1441 
f 1441/2293/1441 1440/2292/1440 2314/3689/2314 
f 2314/3689/2314 1440/2292/1440 1444/2296/1444 
f 1444/2296/1444 2316/3690/2316 2314/3689/2314 
f 2316/3690/2316 2317/3691/2317 2315/3692/2315 
f 2315/3692/2315 2314/3689/2314 2316/3690/2316 
f 2318/3693/2318 2305/3664/2305 1499/3687/1499 
f 1499/3687/1499 2315/3686/2315 2318/3693/2318 
f 2315/3686/2315 2317/3694/2317 2319/3695/2319 
f 2319/3695/2319 2318/3693/2318 2315/3686/2315 
f 2318/3696/2318 2319/3697/2319 2320/3698/2320 
f 2320/3698/2320 2321/3699/2321 2318/3696/2318 
f 2318/3693/2318 2321/3700/2321 2307/3665/2307 
f 2307/3665/2307 2305/3664/2305 2318/3693/2318 
f 2322/3701/2322 2321/3699/2321 2320/3698/2320 
f 2320/3698/2320 2323/3702/2323 2322/3701/2322 
f 2322/3701/2322 2323/3702/2323 2313/3684/2313 
f 2313/3684/2313 2312/3683/2312 2322/3701/2322 
f 2312/3683/2312 2307/3674/2307 2321/3699/2321 
f 2321/3699/2321 2322/3701/2322 2312/3683/2312 
f 2324/3703/2324 2325/3704/2325 2326/3705/2326 
f 2326/3705/2326 2327/3706/2327 2324/3703/2324 
f 2327/3707/2327 2328/3708/2328 2329/3709/2329 
f 2329/3709/2329 2324/3710/2324 2327/3707/2327 
f 2324/3703/2324 2329/3711/2329 1461/2316/1461 
f 1461/2316/1461 1460/2315/1460 2324/3703/2324 
f 1460/2315/1460 1459/2314/1459 2325/3704/2325 
f 2325/3704/2325 2324/3703/2324 1460/2315/1460 
f 2330/3712/2330 2331/3713/2331 2332/3714/2332 
f 2332/3714/2332 2333/3715/2333 2330/3712/2330 
f 2333/3715/2333 1989/3716/1989 1988/3717/1988 
f 1988/3717/1988 2330/3712/2330 2333/3715/2333 
f 2330/3718/2330 1988/3125/1988 1987/3124/1987 
f 1987/3124/1987 2334/3719/2334 2330/3718/2330 
f 2334/3719/2334 2335/3720/2335 2331/3721/2331 
f 2331/3721/2331 2330/3718/2330 2334/3719/2334 
f 2336/3722/2336 2337/3723/2337 2328/3708/2328 
f 2328/3708/2328 2327/3707/2327 2336/3722/2336 
f 2327/3707/2327 2326/3724/2326 2338/3725/2338 
f 2338/3725/2338 2336/3722/2336 2327/3707/2327 
f 2336/3722/2336 2338/3725/2338 2339/3726/2339 
f 2339/3726/2339 2340/3727/2340 2336/3722/2336 
f 2340/3727/2340 2341/3728/2341 2337/3723/2337 
f 2337/3723/2337 2336/3722/2336 2340/3727/2340 
f 2342/3729/2342 2332/3714/2332 2331/3713/2331 
f 2331/3713/2331 2343/3730/2343 2342/3729/2342 
f 2344/3731/2344 2343/3730/2343 2331/3713/2331 
f 2331/3713/2331 2335/3732/2335 2344/3731/2344 
f 2343/3730/2343 2344/3731/2344 2341/3728/2341 
f 2341/3728/2341 2340/3727/2340 2343/3730/2343 
f 2343/3730/2343 2340/3727/2340 2339/3726/2339 
f 2339/3726/2339 2342/3729/2342 2343/3730/2343 
f 2345/3733/2345 2325/3704/2325 1459/2314/1459 
f 1459/2314/1459 2204/3465/2204 2345/3733/2345 
f 2204/3465/2204 2203/3464/2203 2346/3734/2346 
f 2346/3734/2346 2345/3733/2345 2204/3465/2204 
f 2345/3733/2345 2346/3734/2346 2347/3735/2347 
f 2347/3735/2347 2348/3736/2348 2345/3733/2345 
f 2348/3736/2348 2326/3705/2326 2325/3704/2325 
f 2325/3704/2325 2345/3733/2345 2348/3736/2348 
f 2349/3737/2349 2350/3738/2350 2351/3739/2351 
f 2351/3739/2351 2352/3740/2352 2349/3737/2349 
f 2352/3740/2352 2199/3459/2199 2198/3458/2198 
f 2198/3458/2198 2349/3737/2349 2352/3740/2352 
f 2349/3737/2349 2198/3458/2198 1989/3126/1989 
f 1989/3126/1989 2333/3741/2333 2349/3737/2349 
f 2333/3741/2333 2332/3742/2332 2350/3738/2350 
f 2350/3738/2350 2349/3737/2349 2333/3741/2333 
f 2353/3743/2353 2354/3744/2354 2355/3745/2355 
f 2355/3745/2355 2356/3746/2356 2353/3743/2353 
f 2356/3747/2356 2351/3739/2351 2350/3738/2350 
f 2350/3738/2350 2353/3748/2353 2356/3747/2356 
f 2353/3748/2353 2350/3738/2350 2332/3742/2332 
f 2332/3742/2332 2342/3749/2342 2353/3748/2353 
f 2342/3749/2342 2339/3750/2339 2354/3751/2354 
f 2354/3751/2354 2353/3748/2353 2342/3749/2342 
f 2357/3752/2357 2354/3751/2354 2339/3750/2339 
f 2339/3750/2339 2338/3753/2338 2357/3752/2357 
f 2357/3754/2357 2338/3725/2338 2326/3724/2326 
f 2326/3724/2326 2348/3755/2348 2357/3754/2357 
f 2348/3755/2348 2347/3756/2347 2358/3757/2358 
f 2358/3757/2358 2357/3754/2357 2348/3755/2348 
f 2358/3757/2358 2355/3745/2355 2354/3744/2354 
f 2354/3744/2354 2357/3754/2357 2358/3757/2358 
f 2359/3758/2359 2360/3759/2360 2361/3760/2361 
f 2361/3760/2361 2362/3761/2362 2359/3758/2359 
f 2361/3760/2361 2347/3735/2347 2346/3734/2346 
f 2346/3734/2346 2362/3761/2362 2361/3760/2361 
f 2362/3761/2362 2346/3734/2346 2203/3464/2203 
f 2203/3464/2203 2209/3474/2209 2362/3761/2362 
f 2209/3474/2209 1973/3106/1973 2359/3758/2359 
f 2359/3758/2359 2362/3761/2362 2209/3474/2209 
f 2363/3762/2363 2364/3763/2364 2355/3745/2355 
f 2355/3745/2355 2358/3757/2358 2363/3762/2363 
f 2358/3757/2358 2347/3756/2347 2361/3764/2361 
f 2361/3764/2361 2363/3762/2363 2358/3757/2358 
f 2363/3765/2363 2361/3766/2361 2360/3767/2360 
f 2360/3767/2360 2365/3768/2365 2363/3765/2363 
f 2365/3768/2365 2366/3769/2366 2364/3770/2364 
f 2364/3770/2364 2363/3765/2363 2365/3768/2365 
f 2367/3771/2367 2368/3772/2368 2360/3759/2360 
f 2360/3759/2360 2359/3758/2359 2367/3771/2367 
f 2359/3758/2359 1973/3106/1973 1972/3105/1972 
f 1972/3105/1972 2367/3771/2367 2359/3758/2359 
f 2367/3773/2367 1972/3112/1972 1976/3111/1976 
f 1976/3111/1976 2369/3774/2369 2367/3773/2367 
f 2369/3774/2369 2370/3775/2370 2368/3776/2368 
f 2368/3776/2368 2367/3773/2367 2369/3774/2369 
f 2371/3777/2371 2372/3778/2372 2366/3769/2366 
f 2366/3769/2366 2365/3768/2365 2371/3777/2371 
f 2365/3768/2365 2360/3767/2360 2368/3779/2368 
f 2371/3780/2371 2368/3776/2368 2370/3775/2370 
f 2370/3775/2370 2373/3781/2373 2371/3780/2371 
f 2373/3781/2373 2374/3782/2374 2372/3783/2372 
f 2372/3783/2372 2371/3780/2371 2373/3781/2373 
f 2375/3784/2375 2376/3785/2376 2370/3775/2370 
f 2369/3786/2369 1976/3424/1976 2177/3422/2177 
f 2177/3422/2177 2375/3787/2375 2369/3786/2369 
f 2375/3788/2375 2177/3789/2177 2173/3790/2173 
f 2173/3790/2173 2377/3791/2377 2375/3788/2375 
f 2377/3791/2377 2378/3792/2378 2376/3793/2376 
f 2376/3793/2376 2375/3788/2375 2377/3791/2377 
f 2379/3794/2379 2380/3795/2380 2381/3796/2381 
f 2381/3796/2381 2382/3797/2382 2379/3794/2379 
f 2382/3798/2382 2374/3782/2374 2373/3781/2373 
f 2373/3781/2373 2370/3775/2370 2376/3785/2376 
f 2376/3785/2376 2379/3799/2379 2373/3781/2373 
f 2379/3799/2379 2376/3785/2376 2378/3800/2378 
f 2378/3800/2378 2380/3801/2380 2379/3799/2379 
f 2383/3802/2383 2384/3803/2384 2385/3804/2385 
f 2385/3804/2385 2386/3805/2386 2383/3802/2383 
f 2385/3804/2385 1681/3806/1681 2180/3437/2180 
f 2180/3437/2180 2386/3805/2386 2385/3804/2385 
f 2386/3807/2386 2180/3808/2180 2184/3809/2184 
f 2184/3809/2184 2387/3810/2387 2386/3807/2386 
f 2386/3805/2386 2387/3811/2387 2388/3812/2388 
f 2388/3812/2388 2383/3802/2383 2386/3805/2386 
f 2389/3813/2389 2390/3814/2390 2378/3792/2378 
f 2378/3792/2378 2377/3791/2377 2389/3813/2389 
f 2377/3791/2377 2173/3790/2173 2172/3815/2172 
f 2172/3815/2172 2389/3813/2389 2377/3791/2377 
f 2389/3813/2389 2172/3815/2172 1979/3816/1979 
f 1979/3816/1979 2391/3817/2391 2389/3813/2389 
f 2391/3817/2391 2392/3818/2392 2390/3814/2390 
f 2390/3814/2390 2389/3813/2389 2391/3817/2391 
f 2380/3795/2380 2378/3819/2378 2390/3820/2390 
f 2390/3820/2390 2393/3821/2393 2380/3795/2380 
f 2393/3821/2393 2390/3820/2390 2392/3822/2392 
f 2392/3822/2392 2394/3823/2394 2393/3821/2393 
f 2393/3824/2393 2394/3825/2394 2395/3826/2395 
f 2395/3826/2395 2396/3827/2396 2393/3824/2393 
f 2396/3828/2396 2381/3796/2381 2380/3795/2380 
f 2380/3795/2380 2393/3821/2393 2396/3828/2396 
f 2397/3829/2397 2398/3830/2398 2384/3803/2384 
f 2384/3803/2384 2383/3802/2383 2397/3829/2397 
f 2383/3802/2383 2388/3812/2388 2399/3831/2399 
f 2399/3831/2399 2397/3829/2397 2383/3802/2383 
f 2397/3829/2397 2399/3831/2399 2381/3796/2381 
f 2381/3796/2381 2396/3828/2396 2397/3829/2397 
f 2396/3827/2396 2395/3826/2395 2398/3832/2398 
f 2398/3832/2398 2397/3833/2397 2396/3827/2396 
f 2400/3834/2400 2401/3835/2401 1683/3836/1683 
f 1683/3836/1683 1682/3837/1682 2400/3834/2400 
f 1682/2638/1682 1681/2637/1681 2385/3838/2385 
f 2385/3838/2385 2400/3839/2400 1682/2638/1682 
f 2400/3834/2400 2385/3804/2385 2384/3803/2384 
f 2384/3803/2384 2402/3840/2402 2400/3834/2400 
f 2402/3840/2402 2403/3841/2403 2401/3835/2401 
f 2401/3835/2401 2400/3834/2400 2402/3840/2402 
f 2404/3842/2404 2405/3843/2405 2392/3818/2392 
f 2392/3818/2392 2391/3817/2391 2404/3842/2404 
f 2391/3817/2391 1979/3816/1979 1978/3844/1978 
f 1978/3844/1978 2404/3842/2404 2391/3817/2391 
f 2404/3842/2404 1978/3844/1978 1982/3845/1982 
f 1982/3845/1982 2406/3846/2406 2404/3842/2404 
f 2406/3846/2406 2407/3847/2407 2405/3843/2405 
f 2405/3843/2405 2404/3842/2404 2406/3846/2406 
f 2394/3823/2394 2392/3822/2392 2405/3848/2405 
f 2405/3848/2405 2408/3849/2408 2394/3823/2394 
f 2408/3849/2408 2405/3848/2405 2407/3850/2407 
f 2407/3850/2407 2409/3851/2409 2408/3849/2408 
f 2408/3849/2408 2409/3851/2409 2410/3852/2410 
f 2410/3852/2410 2411/3853/2411 2408/3849/2408 
f 2411/3853/2411 2395/3854/2395 2394/3823/2394 
f 2394/3823/2394 2408/3849/2408 2411/3853/2411 
f 2412/3855/2412 2413/3856/2413 2403/3841/2403 
f 2403/3841/2403 2402/3840/2402 2412/3855/2412 
f 2402/3840/2402 2384/3803/2384 2398/3830/2398 
f 2398/3830/2398 2412/3855/2412 2402/3840/2402 
f 2412/3855/2412 2398/3830/2398 2395/3854/2395 
f 2395/3854/2395 2411/3853/2411 2412/3855/2412 
f 2411/3853/2411 2410/3852/2410 2413/3856/2413 
f 2413/3856/2413 2412/3855/2412 2411/3853/2411 
f 2414/3857/2414 2415/3858/2415 2416/3859/2416 
f 2416/3859/2416 2417/3860/2417 2414/3857/2414 
f 2406/3846/2406 2414/3857/2414 2417/3860/2417 
f 2417/3860/2417 2407/3847/2407 2406/3846/2406 
f 2406/3846/2406 1982/3845/1982 2418/3861/2418 
f 2418/3861/2418 2414/3857/2414 2406/3846/2406 
f 2414/3857/2414 2418/3861/2418 2419/3862/2419 
f 2419/3862/2419 2415/3858/2415 2414/3857/2414 
f 2420/3863/2420 2409/3851/2409 2407/3850/2407 
f 2407/3850/2407 2417/3864/2417 2420/3863/2420 
f 2417/3864/2417 2416/3865/2416 2421/3866/2421 
f 2421/3866/2421 2420/3863/2420 2417/3864/2417 
f 2420/3863/2420 2421/3866/2421 2422/3867/2422 
f 2422/3867/2422 2423/3868/2423 2420/3863/2420 
f 2423/3868/2423 2410/3852/2410 2409/3851/2409 
f 2409/3851/2409 2420/3863/2420 2423/3868/2423 
f 2424/3869/2424 2425/3870/2425 1644/2584/1644 
f 1644/2584/1644 1659/2608/1659 2424/3869/2424 
f 1659/2608/1659 1658/2607/1658 2426/3871/2426 
f 2426/3871/2426 2424/3869/2424 1659/2608/1659 
f 2424/3872/2424 2426/3873/2426 2427/3874/2427 
f 2427/3874/2427 2428/3875/2428 2424/3872/2424 
f 2425/3876/2425 2424/3872/2424 2428/3875/2428 
f 2428/3875/2428 2429/3877/2429 2425/3876/2425 
f 2430/3878/2430 2431/3879/2431 2429/3880/2429 
f 2429/3880/2429 2432/3881/2432 2430/3878/2430 
f 2432/3882/2432 2433/3883/2433 2434/3884/2434 
f 2434/3884/2434 2430/3885/2430 2432/3882/2432 
f 2430/3878/2430 2434/3886/2434 2435/3887/2435 
f 2435/3887/2435 2436/3888/2436 2430/3878/2430 
f 2436/3888/2436 1494/2374/1494 2431/3879/2431 
f 2431/3879/2431 2430/3878/2430 2436/3888/2436 
f 1489/2365/1489 1485/3889/1485 1495/3890/1495 
f 2437/3891/2437 1495/3890/1495 1494/3892/1494 
f 1494/3892/1494 2436/3893/2436 2437/3891/2437 
f 2436/3888/2436 2435/3887/2435 2438/3894/2438 
f 2438/3894/2438 2437/3895/2437 2436/3888/2436 
f 1489/2365/1489 2437/3891/2437 2438/3896/2438 
f 2438/3896/2438 1490/2366/1490 1489/2365/1489 
f 2425/3870/2425 2429/3880/2429 2431/3879/2431 
f 2431/3879/2431 2439/3897/2439 2425/3870/2425 
f 2439/3897/2439 2431/3879/2431 1494/2374/1494 
f 2439/3897/2439 1626/2554/1626 1625/2553/1625 
f 1645/2585/1645 1644/2584/1644 2425/3870/2425 
f 2425/3870/2425 2439/3897/2439 1645/2585/1645 
f 2440/3898/2440 697/1095/697 696/1094/696 
f 696/1094/696 716/1126/716 2440/3898/2440 
f 716/1126/716 715/1125/715 2441/3899/2441 
f 2441/3899/2441 2440/3898/2440 716/1126/716 
f 2440/3898/2440 2441/3899/2441 2442/3900/2442 
f 2443/3901/2443 699/1097/699 697/1095/697 
f 697/1095/697 2440/3898/2440 2443/3901/2443 
f 2444/3902/2444 2441/3899/2441 715/1125/715 
f 715/1125/715 721/1138/721 2444/3902/2444 
f 721/1138/721 7/7/7 6/6/6 
f 6/6/6 2444/3902/2444 721/1138/721 
f 2444/3902/2444 6/6/6 5/5/5 
f 5/5/5 2445/3903/2445 2444/3902/2444 
f 2445/3904/2445 2442/3905/2442 2441/3906/2441 
f 2441/3906/2441 2444/3907/2444 2445/3904/2445 
f 2446/3908/2446 2447/3909/2447 699/1097/699 
f 699/1097/699 2443/3901/2443 2446/3908/2446 
f 2446/3908/2446 2443/3901/2443 2442/3900/2442 
f 2442/3900/2442 2448/3910/2448 2446/3908/2446 
f 2449/3911/2449 2446/3908/2446 2448/3910/2448 
f 2448/3910/2448 2450/3912/2450 2449/3911/2449 
f 2449/3911/2449 2451/3913/2451 2447/3909/2447 
f 2447/3909/2447 2446/3908/2446 2449/3911/2449 
f 2452/3914/2452 2453/3915/2453 2454/3916/2454 
f 2455/3917/2455 166/235/166 165/234/165 
f 165/234/165 2452/3914/2452 2455/3917/2455 
f 2452/3914/2452 165/234/165 160/227/160 
f 160/227/160 2456/3918/2456 2452/3914/2452 
f 2456/3918/2456 2457/3919/2457 2453/3915/2453 
f 2453/3915/2453 2452/3914/2452 2456/3918/2456 
f 2458/3920/2458 278/388/278 166/387/166 
f 166/387/166 2455/3921/2455 2458/3920/2458 
f 2455/3921/2455 2454/3922/2454 2459/3923/2459 
f 2459/3923/2459 2458/3920/2458 2455/3921/2455 
f 2458/3920/2458 2459/3923/2459 2460/3924/2460 
f 2460/3924/2460 2461/3925/2461 2458/3920/2458 
f 2461/3925/2461 279/389/279 278/388/278 
f 278/388/278 2458/3920/2458 2461/3925/2461 
f 2462/3926/2462 2463/3927/2463 2464/3928/2464 
f 2464/3928/2464 2465/3929/2465 2462/3926/2462 
f 2465/3930/2465 151/217/151 150/216/150 
f 2462/3926/2462 150/213/150 67/90/67 
f 67/90/67 65/88/65 2462/3926/2462 
f 65/3931/65 64/3932/64 2463/3933/2463 
f 2463/3933/2463 2462/3934/2462 65/3931/65 
f 2466/3935/2466 2467/3936/2467 2468/3937/2468 
f 2468/3937/2468 2469/3938/2469 2466/3935/2466 
f 2469/3938/2469 2468/3937/2468 1946/3061/1946 
f 1946/3061/1946 1952/3070/1952 2469/3938/2469 
f 2469/3938/2469 1952/3070/1952 1921/3018/1921 
f 1921/3018/1921 2470/3939/2470 2469/3938/2469 
f 2470/3939/2470 2471/3940/2471 2466/3935/2466 
f 2466/3935/2466 2469/3938/2469 2470/3939/2470 
f 2472/3941/2472 2473/3942/2473 2471/3943/2471 
f 2470/3939/2470 1921/3018/1921 1920/3017/1920 
f 1920/3017/1920 2472/3944/2472 2470/3939/2470 
f 2472/3945/2472 1920/3024/1920 1916/3013/1916 
f 1916/3013/1916 2474/3946/2474 2472/3945/2472 
f 2474/3947/2474 2475/3948/2475 2473/3942/2473 
f 2473/3942/2473 2472/3941/2472 2474/3947/2474 
f 2476/3949/2476 2477/3950/2477 2478/3951/2478 
f 2478/3951/2478 2479/3952/2479 2476/3949/2476 
f 2476/3953/2476 1141/1814/1141 1140/1813/1140 
f 1140/1813/1140 2477/3954/2477 2476/3953/2476 
f 2477/3954/2477 1140/1813/1140 1060/1697/1060 
f 1060/1697/1060 2480/3955/2480 2477/3954/2477 
f 2480/3955/2480 2481/3956/2481 2478/3957/2478 
f 2478/3957/2478 2477/3954/2477 2480/3955/2480 
f 2482/3958/2482 2483/3959/2483 287/398/287 
f 287/398/287 286/397/286 2482/3958/2482 
f 286/397/286 198/281/198 2484/3960/2484 
f 2484/3960/2484 2482/3958/2482 286/397/286 
f 2482/3958/2482 2484/3960/2484 2485/3961/2485 
f 2485/3961/2485 2486/3962/2486 2482/3958/2482 
f 2486/3962/2486 2487/3963/2487 2483/3959/2483 
f 2483/3959/2483 2482/3958/2482 2486/3962/2486 
f 2488/3964/2488 2489/3965/2489 2490/3966/2490 
f 2490/3966/2490 2491/3967/2491 2488/3964/2488 
f 2491/3967/2491 2419/3862/2419 2418/3861/2418 
f 2418/3861/2418 2488/3964/2488 2491/3967/2491 
f 2488/3964/2488 2418/3861/2418 1982/3845/1982 
f 1982/3845/1982 1981/3968/1981 2488/3964/2488 
f 1981/3968/1981 1467/3969/1467 2489/3965/2489 
f 2489/3965/2489 2488/3964/2488 1981/3968/1981 
f 2492/3970/2492 1669/2622/1669 1668/2621/1668 
f 1668/2621/1668 2493/3971/2493 2492/3970/2492 
f 2493/3971/2493 2494/3972/2494 2495/3973/2495 
f 2495/3973/2495 2492/3970/2492 2493/3971/2493 
f 2492/3974/2492 2495/3975/2495 2496/3976/2496 
f 2496/3976/2496 2497/3977/2497 2492/3974/2492 
f 2497/3977/2497 1670/2625/1670 1669/2624/1669 
f 1669/2624/1669 2492/3974/2492 2497/3977/2497 
f 2498/3978/2498 2497/3977/2497 2496/3976/2496 
f 2496/3976/2496 2499/3979/2499 2498/3978/2498 
f 2499/3980/2499 2500/3981/2500 2501/3982/2501 
f 2501/3982/2501 2498/3983/2498 2499/3980/2499 
f 2498/3983/2498 2501/3982/2501 1985/3137/1985 
f 1985/3137/1985 1994/3136/1994 2498/3983/2498 
f 1994/3135/1994 1670/2625/1670 2497/3977/2497 
f 2497/3977/2497 2498/3978/2498 1994/3135/1994 
f 2502/3984/2502 2503/3985/2503 1987/3124/1987 
f 1987/3124/1987 1986/3123/1986 2502/3984/2502 
f 1986/3123/1986 1985/3122/1985 2501/3986/2501 
f 2501/3986/2501 2502/3984/2502 1986/3123/1986 
f 2502/3984/2502 2501/3986/2501 2500/3987/2500 
f 2500/3987/2500 2504/3988/2504 2502/3984/2502 
f 2504/3988/2504 2505/3989/2505 2503/3985/2503 
f 2503/3985/2503 2502/3984/2502 2504/3988/2504 
f 2506/3990/2506 2503/3985/2503 2505/3989/2505 
f 2505/3989/2505 2507/3991/2507 2506/3990/2506 
f 2507/3991/2507 2508/3992/2508 2509/3993/2509 
f 2509/3993/2509 2506/3990/2506 2507/3991/2507 
f 2506/3990/2506 2509/3993/2509 2335/3720/2335 
f 2335/3720/2335 2334/3719/2334 2506/3990/2506 
f 2334/3719/2334 1987/3124/1987 2503/3985/2503 
f 2503/3985/2503 2506/3990/2506 2334/3719/2334 
f 2510/3994/2510 2511/3995/2511 2512/3996/2512 
f 2512/3996/2512 2513/3997/2513 2510/3994/2510 
f 2513/3997/2513 2514/3998/2514 2515/3999/2515 
f 2515/3999/2515 2510/3994/2510 2513/3997/2513 
f 2510/4000/2510 2515/4001/2515 1967/3095/1967 
f 1967/3095/1967 1970/4002/1970 2510/4000/2510 
f 1970/4002/1970 1884/4003/1884 2511/4004/2511 
f 2511/4004/2511 2510/4000/2510 1970/4002/1970 
f 2516/4005/2516 2517/4006/2517 2518/4007/2518 
f 2518/4007/2518 2519/4008/2519 2516/4005/2516 
f 2519/4008/2519 1894/2989/1894 1893/2988/1893 
f 1893/2988/1893 2516/4005/2516 2519/4008/2519 
f 2516/4005/2516 1893/2988/1893 1900/2995/1900 
f 1900/2995/1900 2520/4009/2520 2516/4005/2516 
f 2520/4009/2520 2521/4010/2521 2517/4006/2517 
f 2517/4006/2517 2516/4005/2516 2520/4009/2520 
f 2522/4011/2522 2523/4012/2523 1135/4013/1135 
f 1135/4013/1135 1134/4014/1134 2522/4011/2522 
f 1134/4014/1134 1133/3050/1133 1939/3049/1939 
f 1939/3049/1939 2522/4011/2522 1134/4014/1134 
f 2522/4011/2522 1939/3049/1939 1894/2989/1894 
f 1894/2989/1894 2519/4008/2519 2522/4011/2522 
f 2519/4008/2519 2518/4007/2518 2523/4012/2523 
f 2523/4012/2523 2522/4011/2522 2519/4008/2519 
f 2524/4015/2524 2525/4016/2525 2526/4017/2526 
f 2526/4017/2526 2527/4018/2527 2524/4015/2524 
f 2527/4018/2527 2320/4019/2320 2319/3695/2319 
f 2319/3695/2319 2524/4015/2524 2527/4018/2527 
f 2524/4015/2524 2319/3695/2319 2317/3694/2317 
f 2317/3694/2317 2528/4020/2528 2524/4015/2524 
f 2528/4020/2528 2529/4021/2529 2525/4016/2525 
f 2525/4016/2525 2524/4015/2524 2528/4020/2528 
f 2530/4022/2530 2531/4023/2531 2529/4024/2529 
f 2529/4024/2529 2528/4025/2528 2530/4022/2530 
f 2528/4025/2528 2317/3691/2317 2316/3690/2316 
f 2316/3690/2316 2530/4022/2530 2528/4025/2528 
f 2530/4022/2530 2316/3690/2316 1444/2296/1444 
f 1444/2296/1444 1452/2307/1452 2530/4022/2530 
f 1452/2307/1452 1451/2306/1451 2531/4023/2531 
f 2531/4023/2531 2530/4022/2530 1452/2307/1452 
f 2532/4026/2532 2533/4027/2533 2534/4028/2534 
f 2534/4028/2534 2535/4029/2535 2532/4026/2532 
f 2535/4029/2535 1905/4030/1905 1963/3096/1963 
f 1963/3096/1963 2532/4026/2532 2535/4029/2535 
f 1963/3096/1963 1967/3095/1967 2515/4001/2515 
f 2515/4001/2515 2532/4026/2532 1963/3096/1963 
f 2532/4026/2532 2515/4001/2515 2514/4031/2514 
f 2514/4031/2514 2533/4027/2533 2532/4026/2532 
f 2536/4032/2536 2537/4033/2537 2521/4010/2521 
f 2521/4010/2521 2520/4009/2520 2536/4032/2536 
f 2520/4009/2520 1900/2995/1900 1906/3001/1906 
f 1906/3001/1906 2536/4032/2536 2520/4009/2520 
f 2536/4032/2536 1906/3001/1906 1905/3000/1905 
f 1905/3000/1905 2535/4034/2535 2536/4032/2536 
f 2535/4034/2535 2534/4035/2534 2537/4033/2537 
f 2537/4033/2537 2536/4032/2536 2535/4034/2535 
f 2538/4036/2538 2539/4037/2539 69/95/69 
f 69/95/69 68/91/68 2538/4036/2538 
f 68/91/68 57/94/57 56/4038/56 
f 56/4038/56 2538/4036/2538 68/91/68 
f 2538/4039/2538 56/74/56 55/4040/55 
f 55/4040/55 2540/4041/2540 2538/4039/2538 
f 2540/4042/2540 2541/4043/2541 2539/4037/2539 
f 2539/4037/2539 2538/4036/2538 2540/4042/2540 
f 2542/4044/2542 2543/4045/2543 2457/3919/2457 
f 2457/3919/2457 2456/3918/2456 2542/4044/2542 
f 159/226/159 2542/4044/2542 2456/3918/2456 
f 2456/3918/2456 160/227/160 159/226/159 
f 159/225/159 158/224/158 2544/4046/2544 
f 2544/4046/2544 2542/4047/2542 159/225/159 
f 2544/4048/2544 2545/4049/2545 2543/4045/2543 
f 2543/4045/2543 2542/4044/2542 2544/4048/2544 
f 2546/4050/2546 2547/4051/2547 2548/4052/2548 
f 2548/4052/2548 2549/4053/2549 2546/4050/2546 
f 2549/4053/2549 2548/4052/2548 2550/4054/2550 
f 2550/4054/2550 2551/4055/2551 2549/4053/2549 
f 2551/4055/2551 2545/4056/2545 2552/4057/2552 
f 2552/4057/2552 2549/4053/2549 2551/4055/2551 
f 2546/4050/2546 2549/4053/2549 2552/4057/2552 
f 2552/4057/2552 2553/4058/2553 2546/4050/2546 
f 2554/4059/2554 2555/4060/2555 2556/4061/2556 
f 2556/4061/2556 2557/4062/2557 2554/4059/2554 
f 2557/4062/2557 2457/3919/2457 2543/4045/2543 
f 2543/4045/2543 2554/4059/2554 2557/4062/2557 
f 2554/4063/2554 2543/4064/2543 2545/4056/2545 
f 2545/4056/2545 2551/4055/2551 2554/4063/2554 
f 2551/4055/2551 2550/4054/2550 2555/4065/2555 
f 2555/4065/2555 2554/4063/2554 2551/4055/2551 
f 2558/4066/2558 2555/4065/2555 2550/4054/2550 
f 2550/4054/2550 2559/4067/2559 2558/4066/2558 
f 2559/4067/2559 37/4068/37 124/4069/124 
f 124/4069/124 2558/4066/2558 2559/4067/2559 
f 2558/4070/2558 124/176/124 123/175/123 
f 123/175/123 2560/4071/2560 2558/4070/2558 
f 2560/4071/2560 2556/4061/2556 2555/4060/2555 
f 2555/4060/2555 2558/4070/2558 2560/4071/2560 
f 2561/4072/2561 2562/4073/2562 2553/4058/2553 
f 2553/4058/2553 2552/4057/2552 2561/4072/2561 
f 2561/4072/2561 2552/4057/2552 2545/4056/2545 
f 2545/4056/2545 2544/4046/2544 2561/4072/2561 
f 2561/4074/2561 2544/4075/2544 158/2790/158 
f 158/2790/158 1777/2789/1777 2561/4074/2561 
f 2562/4073/2562 2561/4072/2561 1777/2785/1777 
f 1777/2785/1777 1780/2788/1780 2562/4073/2562 
f 2563/4076/2563 2564/4077/2564 28/38/28 
f 28/38/28 38/52/38 2563/4076/2563 
f 38/52/38 37/4068/37 2559/4067/2559 
f 2559/4067/2559 2563/4076/2563 38/52/38 
f 2559/4067/2559 2550/4054/2550 2548/4052/2548 
f 2548/4052/2548 2563/4076/2563 2559/4067/2559 
f 2563/4076/2563 2548/4052/2548 2547/4051/2547 
f 2547/4051/2547 2564/4077/2564 2563/4076/2563 
f 2565/4078/2565 2566/4079/2566 2567/4080/2567 
f 2567/4080/2567 2568/4081/2568 2565/4078/2565 
f 2566/4079/2566 2565/4078/2565 30/41/30 
f 30/41/30 29/40/29 2566/4079/2566 
f 29/39/29 28/38/28 2564/4077/2564 
f 2564/4077/2564 2566/4082/2566 29/39/29 
f 2564/4077/2564 2547/4051/2547 2567/4083/2567 
f 2567/4083/2567 2566/4082/2566 2564/4077/2564 
f 2569/4084/2569 2570/4085/2570 2571/4086/2571 
f 2571/4086/2571 2572/4087/2572 2569/4084/2569 
f 2572/4087/2572 1772/2780/1772 1771/2779/1771 
f 1771/2779/1771 2569/4084/2569 2572/4087/2572 
f 2573/4088/2573 2569/4084/2569 1771/2779/1771 
f 1771/2779/1771 1770/2778/1770 2573/4088/2573 
f 2573/4088/2573 2574/4089/2574 2570/4085/2570 
f 2570/4085/2570 2569/4084/2569 2573/4088/2573 
f 2575/4090/2575 2576/4091/2576 2577/4092/2577 
f 2577/4092/2577 2578/4093/2578 2575/4090/2575 
f 2578/4093/2578 2571/4086/2571 2570/4085/2570 
f 2570/4085/2570 2575/4090/2575 2578/4093/2578 
f 2575/4090/2575 2570/4085/2570 2574/4089/2574 
f 2574/4089/2574 2579/4094/2579 2575/4090/2575 
f 2579/4094/2579 2580/4095/2580 2576/4091/2576 
f 2576/4091/2576 2575/4090/2575 2579/4094/2579 
f 2581/4096/2581 2576/4097/2576 2580/4098/2580 
f 2580/4098/2580 2582/4099/2582 2581/4096/2581 
f 2582/4099/2582 69/95/69 2539/4037/2539 
f 2539/4037/2539 2581/4096/2581 2582/4099/2582 
f 2581/4096/2581 2539/4037/2539 2541/4043/2541 
f 2541/4043/2541 2583/4100/2583 2581/4096/2581 
f 2583/4100/2583 2577/4101/2577 2576/4097/2576 
f 2576/4097/2576 2581/4096/2581 2583/4100/2583 
f 2584/4102/2584 2585/4103/2585 2580/4098/2580 
f 2580/4098/2580 2579/4104/2579 2584/4102/2584 
f 2579/4094/2579 2574/4089/2574 2586/4105/2586 
f 2586/4105/2586 2584/4106/2584 2579/4094/2579 
f 2584/4106/2584 2586/4105/2586 2587/4107/2587 
f 2587/4107/2587 2588/4108/2588 2584/4106/2584 
f 2588/4108/2588 2589/4109/2589 2585/4110/2585 
f 2585/4110/2585 2584/4106/2584 2588/4108/2588 
f 2590/4111/2590 2585/4103/2585 2589/4112/2589 
f 2589/4112/2589 2591/4113/2591 2590/4111/2590 
f 2591/4113/2591 64/4114/64 63/96/63 
f 63/96/63 2590/4111/2590 2591/4113/2591 
f 2590/4111/2590 63/96/63 69/95/69 
f 69/95/69 2582/4099/2582 2590/4111/2590 
f 2582/4099/2582 2580/4098/2580 2585/4103/2585 
f 2585/4103/2585 2590/4111/2590 2582/4099/2582 
f 1808/2846/1808 177/246/177 176/245/176 
f 176/245/176 2592/4115/2592 1808/2846/1808 
f 176/245/176 175/244/175 2593/4116/2593 
f 2592/4115/2592 2593/4116/2593 2587/4117/2587 
f 2587/4117/2587 2594/4118/2594 2592/4115/2592 
f 2592/4115/2592 2594/4118/2594 1809/2847/1809 
f 1809/2847/1809 1808/2846/1808 2592/4115/2592 
f 2595/4119/2595 2588/4108/2588 2587/4107/2587 
f 2587/4107/2587 2593/4120/2593 2595/4119/2595 
f 2596/4121/2596 2595/4122/2595 2593/4116/2593 
f 2593/4116/2593 175/244/175 2596/4121/2596 
f 2595/4122/2595 2596/4121/2596 2597/4123/2597 
f 2598/4124/2598 2589/4109/2589 2588/4108/2588 
f 2588/4108/2588 2595/4119/2595 2598/4124/2598 
f 2599/4125/2599 2586/4105/2586 2574/4089/2574 
f 2574/4089/2574 2573/4088/2573 2599/4125/2599 
f 2599/4125/2599 2573/4088/2573 1770/2778/1770 
f 1770/2778/1770 1811/2850/1811 2599/4125/2599 
f 1811/2849/1811 1809/2847/1809 2594/4118/2594 
f 2594/4118/2594 2599/4126/2599 1811/2849/1811 
f 2594/4127/2594 2587/4107/2587 2586/4105/2586 
f 2586/4105/2586 2599/4125/2599 2594/4127/2594 
f 2600/4128/2600 2601/4129/2601 2475/3948/2475 
f 2475/3948/2475 2474/3947/2474 2600/4128/2600 
f 2474/3947/2474 1916/4130/1916 1915/4131/1915 
f 1915/4131/1915 2600/4128/2600 2474/3947/2474 
f 2600/4128/2600 1915/4131/1915 1077/4132/1077 
f 1077/4132/1077 2602/4133/2602 2600/4128/2600 
f 2602/4133/2602 2603/4134/2603 2601/4129/2601 
f 2601/4129/2601 2600/4128/2600 2602/4133/2602 
f 2604/4135/2604 2464/3928/2464 2463/3927/2463 
f 2463/3927/2463 2605/4136/2605 2604/4135/2604 
f 2605/4137/2605 2463/3933/2463 64/3932/64 
f 64/3932/64 2591/4138/2591 2605/4137/2605 
f 2598/4124/2598 2605/4136/2605 2591/4139/2591 
f 2591/4139/2591 2589/4109/2589 2598/4124/2598 
f 2598/4140/2598 2597/4123/2597 2604/4141/2604 
f 2604/4141/2604 2605/4142/2605 2598/4140/2598 
f 2602/4143/2602 1077/1721/1077 1076/1720/1076 
f 1076/1720/1076 2606/4144/2606 2602/4143/2602 
f 2606/4145/2606 1076/1727/1076 255/356/255 
f 255/356/255 2607/4146/2607 2606/4145/2606 
f 2606/4145/2606 2607/4146/2607 2608/4147/2608 
f 2608/4147/2608 2609/4148/2609 2606/4145/2606 
f 2609/4149/2609 2603/4150/2603 2602/4143/2602 
f 2602/4143/2602 2606/4144/2606 2609/4149/2609 
f 2610/4151/2610 2611/4152/2611 2603/4150/2603 
f 2603/4150/2603 2609/4149/2609 2610/4151/2610 
f 2609/4148/2609 2608/4147/2608 2612/4153/2612 
f 2612/4153/2612 2610/4154/2610 2609/4148/2609 
f 2610/4154/2610 2612/4153/2612 2613/4155/2613 
f 2613/4155/2613 2614/4156/2614 2610/4154/2610 
f 2614/4157/2614 2615/4158/2615 2611/4152/2611 
f 2611/4152/2611 2610/4151/2610 2614/4157/2614 
f 2616/4159/2616 2481/3956/2481 2480/3955/2480 
f 2480/3955/2480 2617/4160/2617 2616/4159/2616 
f 2480/3955/2480 1060/1697/1060 1059/1696/1059 
f 1059/1696/1059 2617/4160/2617 2480/3955/2480 
f 2617/4160/2617 1059/1696/1059 1055/1691/1055 
f 1055/1691/1055 2618/4161/2618 2617/4160/2617 
f 2616/4159/2616 2617/4160/2617 2618/4161/2618 
f 2618/4161/2618 2619/4162/2619 2616/4159/2616 
f 2620/4163/2620 2621/4164/2621 223/1733/223 
f 223/1733/223 1084/1732/1084 2620/4163/2620 
f 1084/1732/1084 1083/1731/1083 2622/4165/2622 
f 2622/4165/2622 2620/4163/2620 1084/1732/1084 
f 2620/4163/2620 2622/4165/2622 2615/4158/2615 
f 2615/4158/2615 2614/4157/2614 2620/4163/2620 
f 2614/4156/2614 2613/4155/2613 2621/4166/2621 
f 2621/4166/2621 2620/4167/2620 2614/4156/2614 
f 2623/4168/2623 2624/4169/2624 2619/4162/2619 
f 2619/4162/2619 2618/4161/2618 2623/4168/2623 
f 2618/4161/2618 1055/1691/1055 1054/1690/1054 
f 1054/1690/1054 2623/4168/2623 2618/4161/2618 
f 2623/4168/2623 1054/1690/1054 250/351/250 
f 250/351/250 2625/4170/2625 2623/4168/2623 
f 2625/4170/2625 2626/4171/2626 2624/4169/2624 
f 2624/4169/2624 2623/4168/2623 2625/4170/2625 
f 2627/4172/2627 2628/4173/2628 2619/4162/2619 
f 2619/4162/2619 2624/4169/2624 2627/4172/2627 
f 2624/4169/2624 2626/4171/2626 2629/4174/2629 
f 2629/4174/2629 2627/4172/2627 2624/4169/2624 
f 2627/4172/2627 2629/4174/2629 2630/4175/2630 
f 2630/4175/2630 2631/4176/2631 2627/4172/2627 
f 2631/4176/2631 2632/4177/2632 2628/4173/2628 
f 2628/4173/2628 2627/4172/2627 2631/4176/2631 
f 2633/4178/2633 2634/4179/2634 241/4180/241 
f 241/4180/241 1063/1707/1063 2633/4178/2633 
f 1063/1707/1063 1068/1706/1068 2635/4181/2635 
f 2635/4181/2635 2633/4178/2633 1063/1707/1063 
f 2633/4178/2633 2635/4181/2635 2632/4177/2632 
f 2632/4177/2632 2631/4176/2631 2633/4178/2633 
f 2631/4176/2631 2630/4175/2630 2634/4179/2634 
f 2634/4179/2634 2633/4178/2633 2631/4176/2631 
f 2636/4182/2636 2637/4183/2637 2608/4147/2608 
f 2608/4147/2608 2607/4146/2607 2636/4182/2636 
f 2607/4146/2607 255/356/255 254/355/254 
f 254/355/254 2636/4182/2636 2607/4146/2607 
f 2636/4182/2636 254/355/254 261/362/261 
f 261/362/261 2638/4184/2638 2636/4182/2636 
f 2637/4183/2637 2636/4182/2636 2638/4184/2638 
f 2638/4184/2638 2639/4185/2639 2637/4183/2637 
f 2612/4153/2612 2640/4186/2640 2641/4187/2641 
f 2641/4187/2641 2613/4155/2613 2612/4153/2612 
f 2637/4183/2637 2640/4186/2640 2612/4153/2612 
f 2612/4153/2612 2608/4147/2608 2637/4183/2637 
f 2637/4183/2637 2639/4185/2639 2642/4188/2642 
f 2642/4188/2642 2640/4186/2640 2637/4183/2637 
f 2640/4186/2640 2642/4188/2642 2643/4189/2643 
f 2643/4189/2643 2641/4187/2641 2640/4186/2640 
f 2641/4187/2641 2643/4189/2643 2644/4190/2644 
f 2644/4190/2644 2645/4191/2645 2641/4187/2641 
f 224/320/224 2645/4191/2645 2644/4190/2644 
f 2644/4190/2644 225/321/225 224/320/224 
f 224/320/224 223/319/223 2621/4166/2621 
f 2621/4166/2621 2645/4191/2645 224/320/224 
f 2645/4191/2645 2621/4166/2621 2613/4155/2613 
f 2613/4155/2613 2641/4187/2641 2645/4191/2645 
f 2625/4170/2625 250/351/250 249/350/249 
f 249/350/249 2646/4192/2646 2625/4170/2625 
f 249/350/249 248/349/248 2647/4193/2647 
f 2647/4193/2647 2646/4192/2646 249/350/249 
f 2646/4192/2646 2647/4193/2647 2648/4194/2648 
f 2648/4194/2648 2649/4195/2649 2646/4192/2646 
f 2649/4195/2649 2626/4171/2626 2625/4170/2625 
f 2625/4170/2625 2646/4192/2646 2649/4195/2649 
f 2650/4196/2650 2651/4197/2651 2652/4198/2652 
f 2652/4198/2652 2653/4199/2653 2650/4196/2650 
f 2653/4199/2653 2630/4200/2630 2629/4201/2629 
f 2629/4201/2629 2650/4196/2650 2653/4199/2653 
f 2650/4202/2650 2629/4174/2629 2626/4171/2626 
f 2626/4171/2626 2649/4195/2649 2650/4202/2650 
f 2649/4195/2649 2648/4194/2648 2651/4203/2651 
f 2651/4203/2651 2650/4202/2650 2649/4195/2649 
f 2654/4204/2654 2655/4205/2655 1843/3063/1843 
f 1843/3063/1843 1947/3062/1947 2654/4204/2654 
f 1947/3062/1947 1946/3061/1946 2468/3937/2468 
f 2468/3937/2468 2654/4204/2654 1947/3062/1947 
f 2654/4204/2654 2468/3937/2468 2467/3936/2467 
f 2467/3936/2467 2656/4206/2656 2654/4204/2654 
f 2656/4207/2656 2657/4208/2657 2655/4209/2655 
f 2655/4209/2655 2654/4210/2654 2656/4207/2656 
f 2658/4211/2658 2659/4212/2659 243/344/243 
f 243/344/243 242/343/242 2658/4211/2658 
f 242/343/242 241/342/241 2634/4213/2634 
f 2634/4213/2634 2658/4211/2658 242/343/242 
f 2658/4211/2658 2634/4213/2634 2630/4200/2630 
f 2630/4200/2630 2653/4199/2653 2658/4211/2658 
f 2653/4199/2653 2652/4198/2652 2659/4212/2659 
f 2659/4212/2659 2658/4211/2658 2653/4199/2653 
f 2660/4214/2660 2661/4215/2661 1124/2907/1124 
f 1124/2907/1124 1844/2906/1844 2660/4214/2660 
f 1844/4216/1844 1843/4217/1843 2655/4209/2655 
f 2655/4209/2655 2660/4218/2660 1844/4216/1844 
f 2660/4218/2660 2655/4209/2655 2657/4208/2657 
f 2657/4208/2657 2662/4219/2662 2660/4218/2660 
f 2662/4219/2662 2663/4220/2663 2661/4221/2661 
f 2664/4222/2664 2665/4223/2665 2666/4224/2666 
f 2666/4224/2666 2667/4225/2667 2664/4222/2664 
f 2667/4225/2667 2668/4226/2668 2669/4227/2669 
f 2669/4227/2669 2664/4222/2664 2667/4225/2667 
f 2664/4222/2664 2669/4227/2669 2663/4220/2663 
f 2662/4219/2662 2657/4208/2657 2665/4223/2665 
f 2665/4223/2665 2664/4222/2664 2662/4219/2662 
f 2670/4228/2670 2484/3960/2484 198/281/198 
f 198/281/198 197/280/197 2670/4228/2670 
f 2670/4228/2670 197/280/197 193/288/193 
f 193/288/193 2671/4229/2671 2670/4228/2670 
f 2670/4228/2670 2671/4229/2671 2672/4230/2672 
f 2672/4230/2672 2673/4231/2673 2670/4228/2670 
f 2673/4231/2673 2485/3961/2485 2484/3960/2484 
f 2484/3960/2484 2670/4228/2670 2673/4231/2673 
f 2667/4225/2667 2666/4224/2666 2674/4232/2674 
f 2674/4232/2674 2675/4233/2675 2667/4225/2667 
f 2674/4232/2674 1248/1995/1248 1247/1994/1247 
f 1247/1994/1247 2675/4233/2675 2674/4232/2674 
f 2675/4234/2675 1247/4235/1247 1118/1785/1118 
f 1118/1785/1118 2676/4236/2676 2675/4234/2675 
f 2675/4234/2675 2676/4236/2676 2668/4237/2668 
f 2677/4238/2677 2678/4239/2678 2556/4061/2556 
f 2556/4061/2556 2560/4071/2560 2677/4238/2677 
f 2679/4240/2679 2677/4238/2677 2560/4071/2560 
f 2560/4071/2560 123/175/123 2679/4240/2679 
f 2679/4240/2679 2680/4241/2680 2681/4242/2681 
f 2681/4242/2681 2677/4238/2677 2679/4240/2679 
f 2681/4242/2681 2682/4243/2682 2678/4239/2678 
f 2678/4239/2678 2677/4238/2677 2681/4242/2681 
f 2683/4244/2683 2684/4245/2684 2672/4246/2672 
f 2672/4246/2672 2671/4247/2671 2683/4244/2683 
f 2671/4247/2671 193/275/193 192/274/192 
f 192/274/192 2683/4244/2683 2671/4247/2671 
f 2683/4248/2683 192/271/192 151/217/151 
f 2465/3930/2465 2464/4249/2464 2684/4250/2684 
f 2684/4250/2684 2683/4248/2683 2465/3930/2465 
f 2685/4251/2685 2678/4239/2678 2682/4243/2682 
f 2682/4243/2682 2686/4252/2686 2685/4251/2685 
f 2686/4252/2686 2454/3916/2454 2453/3915/2453 
f 2685/4251/2685 2453/3915/2453 2457/3919/2457 
f 2457/3919/2457 2557/4062/2557 2685/4251/2685 
f 2557/4062/2557 2556/4061/2556 2678/4239/2678 
f 2678/4239/2678 2685/4251/2685 2557/4062/2557 
f 2687/4253/2687 2688/4254/2688 115/172/115 
f 115/172/115 120/171/120 2687/4253/2687 
f 120/171/120 119/170/119 320/456/320 
f 320/456/320 2687/4253/2687 120/171/120 
f 2687/4253/2687 320/456/320 319/455/319 
f 319/455/319 2689/4255/2689 2687/4253/2687 
f 2689/4256/2689 2680/4257/2680 2688/4258/2688 
f 2688/4258/2688 2687/4259/2687 2689/4256/2689 
f 2690/4260/2690 2681/4261/2681 2680/4257/2680 
f 2680/4257/2680 2689/4256/2689 2690/4260/2690 
f 2689/4255/2689 319/455/319 2691/4262/2691 
f 2691/4262/2691 2690/4263/2690 2689/4255/2689 
f 2691/4262/2691 2692/4264/2692 2693/4265/2693 
f 2693/4265/2693 2690/4263/2690 2691/4262/2691 
f 2690/4266/2690 2693/4267/2693 2682/4243/2682 
f 2682/4243/2682 2681/4242/2681 2690/4266/2690 
f 2694/4268/2694 122/174/122 111/160/111 
f 111/160/111 116/165/116 2694/4268/2694 
f 116/165/116 115/164/115 2688/4269/2688 
f 2688/4269/2688 2694/4268/2694 116/165/116 
f 2694/4268/2694 2688/4269/2688 2680/4241/2680 
f 2679/4240/2679 123/175/123 122/174/122 
f 122/174/122 2694/4268/2694 2679/4240/2679 
f 2695/4270/2695 2696/4271/2696 2697/4272/2697 
f 2697/4272/2697 2698/4273/2698 2695/4270/2695 
f 2698/4273/2698 2643/4189/2643 2642/4188/2642 
f 2642/4188/2642 2695/4270/2695 2698/4273/2698 
f 2695/4270/2695 2642/4188/2642 2639/4185/2639 
f 2639/4185/2639 2699/4274/2699 2695/4270/2695 
f 2699/4274/2699 2700/4275/2700 2696/4271/2696 
f 2696/4271/2696 2695/4270/2695 2699/4274/2699 
f 2701/4276/2701 2693/4265/2693 2692/4264/2692 
f 2692/4264/2692 2702/4277/2702 2701/4276/2701 
f 2702/4277/2702 2460/3924/2460 2459/3923/2459 
f 2459/3923/2459 2701/4276/2701 2702/4277/2702 
f 2701/4276/2701 2459/3923/2459 2454/3922/2454 
f 2686/4252/2686 2682/4243/2682 2693/4267/2693 
f 2703/4278/2703 2704/4279/2704 317/463/317 
f 317/463/317 322/462/322 2703/4278/2703 
f 322/462/322 225/321/225 2644/4190/2644 
f 2644/4190/2644 2703/4278/2703 322/462/322 
f 2703/4278/2703 2644/4190/2644 2643/4189/2643 
f 2643/4189/2643 2698/4273/2698 2703/4278/2703 
f 2698/4273/2698 2697/4272/2697 2704/4279/2704 
f 2704/4279/2704 2703/4278/2703 2698/4273/2698 
f 2705/4280/2705 2706/4281/2706 1870/2951/1870 
f 1870/2951/1870 1872/2955/1872 2705/4280/2705 
f 1872/2955/1872 279/2954/279 2461/4282/2461 
f 2461/4282/2461 2705/4280/2705 1872/2955/1872 
f 2705/4283/2705 2461/3925/2461 2460/3924/2460 
f 2460/3924/2460 2707/4284/2707 2705/4283/2705 
f 2707/4285/2707 2700/4275/2700 2706/4281/2706 
f 2706/4281/2706 2705/4280/2705 2707/4285/2707 
f 2708/4286/2708 2696/4271/2696 2700/4275/2700 
f 2700/4275/2700 2707/4285/2707 2708/4286/2708 
f 2707/4284/2707 2460/3924/2460 2702/4277/2702 
f 2708/4287/2708 2702/4277/2702 2692/4264/2692 
f 2709/4288/2709 2697/4272/2697 2696/4271/2696 
f 2696/4271/2696 2708/4286/2708 2709/4288/2709 
f 2710/4289/2710 2638/4184/2638 261/362/261 
f 261/362/261 1866/2947/1866 2710/4289/2710 
f 1866/2947/1866 1870/2951/1870 2706/4281/2706 
f 2710/4289/2710 2706/4281/2706 2700/4275/2700 
f 2700/4275/2700 2699/4274/2699 2710/4289/2710 
f 2699/4274/2699 2639/4185/2639 2638/4184/2638 
f 2638/4184/2638 2710/4289/2710 2699/4274/2699 
f 2711/4290/2711 2691/4262/2691 319/455/319 
f 319/455/319 318/454/318 2711/4290/2711 
f 318/454/318 317/4291/317 2704/4292/2704 
f 2704/4292/2704 2711/4290/2711 318/454/318 
f 2711/4290/2711 2704/4292/2704 2697/4293/2697 
f 2697/4293/2697 2709/4294/2709 2711/4290/2711 
f 2709/4294/2709 2692/4264/2692 2691/4262/2691 
f 2691/4262/2691 2711/4290/2711 2709/4294/2709 
f 2712/4295/2712 343/492/343 287/398/287 
f 287/398/287 2483/3959/2483 2712/4295/2712 
f 2712/4295/2712 2483/3959/2483 2487/3963/2487 
f 2487/3963/2487 2713/4296/2713 2712/4295/2712 
f 2714/4297/2714 2712/4295/2712 2713/4296/2713 
f 2713/4296/2713 2715/4298/2715 2714/4297/2714 
f 2714/4297/2714 292/494/292 343/492/343 
f 343/492/343 2712/4295/2712 2714/4297/2714 
f 2716/4299/2716 2648/4194/2648 2647/4193/2647 
f 2647/4193/2647 2717/4300/2717 2716/4299/2716 
f 2647/4193/2647 248/349/248 293/406/293 
f 293/406/293 2717/4300/2717 2647/4193/2647 
f 2717/4301/2717 293/4302/293 292/494/292 
f 292/494/292 2714/4297/2714 2717/4301/2717 
f 2717/4301/2717 2714/4297/2714 2715/4298/2715 
f 2715/4298/2715 2716/4303/2716 2717/4301/2717 
f 2718/4304/2718 2719/4305/2719 2720/4306/2720 
f 2720/4306/2720 2721/4307/2721 2718/4304/2718 
f 2721/4307/2721 2722/4308/2722 2723/4309/2723 
f 2723/4309/2723 2718/4304/2718 2721/4307/2721 
f 2718/4304/2718 2723/4309/2723 2490/4310/2490 
f 2490/4310/2490 2724/4311/2724 2718/4304/2718 
f 2724/4311/2724 2725/4312/2725 2719/4305/2719 
f 2719/4305/2719 2718/4304/2718 2724/4311/2724 
f 2726/4313/2726 2727/4314/2727 2728/4315/2728 
f 2728/4315/2728 2729/4316/2729 2726/4313/2726 
f 2729/4316/2729 1336/2122/1336 1335/2121/1335 
f 2726/4317/2726 1335/2127/1335 1339/2126/1339 
f 1339/2126/1339 2730/4318/2730 2726/4317/2726 
f 2730/4319/2730 2720/4320/2720 2727/4314/2727 
f 2727/4314/2727 2726/4313/2726 2730/4319/2730 
f 2731/4321/2731 2732/4322/2732 1354/2150/1354 
f 1354/2150/1354 1353/2149/1353 2731/4321/2731 
f 1353/2149/1353 1352/2148/1352 2733/4323/2733 
f 2733/4323/2733 2731/4321/2731 1353/2149/1353 
f 2731/4321/2731 2733/4323/2733 2734/4324/2734 
f 2734/4324/2734 2735/4325/2735 2731/4321/2731 
f 2735/4326/2735 2725/4327/2725 2732/4328/2732 
f 2732/4328/2732 2731/4329/2731 2735/4326/2735 
f 2735/4325/2735 2734/4324/2734 2736/4330/2736 
f 2736/4330/2736 2737/4331/2737 2735/4325/2735 
f 2736/4330/2736 2728/4315/2728 2727/4314/2727 
f 2727/4314/2727 2737/4331/2737 2736/4330/2736 
f 2737/4332/2737 2727/4333/2727 2720/4334/2720 
f 2720/4334/2720 2719/4335/2719 2737/4332/2737 
f 2737/4332/2737 2719/4335/2719 2725/4327/2725 
f 2725/4327/2725 2735/4326/2735 2737/4332/2737 
f 2738/4336/2738 2489/4337/2489 1467/4338/1467 
f 1467/4338/1467 1466/4339/1466 2738/4336/2738 
f 1466/2326/1466 1354/2325/1354 2732/4328/2732 
f 2732/4328/2732 2738/4340/2738 1466/2326/1466 
f 2738/4340/2738 2732/4328/2732 2725/4327/2725 
f 2725/4327/2725 2724/4341/2724 2738/4340/2738 
f 2724/4341/2724 2490/4342/2490 2489/4343/2489 
f 2489/4343/2489 2738/4340/2738 2724/4341/2724 
f 2730/4344/2730 1339/4345/1339 1473/4346/1473 
f 1473/4346/1473 2739/4347/2739 2730/4344/2730 
f 1473/4346/1473 1472/4348/1472 2740/4349/2740 
f 2739/4347/2739 2740/4349/2740 2722/4350/2722 
f 2722/4350/2722 2721/4351/2721 2739/4347/2739 
f 2721/4351/2721 2720/4352/2720 2730/4344/2730 
f 2730/4344/2730 2739/4347/2739 2721/4351/2721 
f 2741/4353/2741 2742/4354/2742 1882/4355/1882 
f 2741/4353/2741 1890/2979/1890 1455/2310/1455 
f 1455/2310/1455 2743/4356/2743 2741/4353/2741 
f 2741/4353/2741 2743/4356/2743 2744/4357/2744 
f 2744/4357/2744 2745/4358/2745 2741/4353/2741 
f 2745/4358/2745 2746/4359/2746 2742/4354/2742 
f 2742/4354/2742 2741/4353/2741 2745/4358/2745 
f 2747/4360/2747 2511/3995/2511 1884/4361/1884 
f 1884/4361/1884 1883/4362/1883 2747/4360/2747 
f 1883/4362/1883 1882/4363/1882 2742/4364/2742 
f 2742/4364/2742 2747/4360/2747 1883/4362/1883 
f 2747/4360/2747 2742/4364/2742 2746/4365/2746 
f 2746/4365/2746 2748/4366/2748 2747/4360/2747 
f 2748/4366/2748 2512/3996/2512 2511/3995/2511 
f 2511/3995/2511 2747/4360/2747 2748/4366/2748 
f 2749/4367/2749 2750/4368/2750 2751/4369/2751 
f 2751/4369/2751 2752/4370/2752 2749/4367/2749 
f 2752/4370/2752 2753/4371/2753 2754/4372/2754 
f 2754/4372/2754 2749/4367/2749 2752/4370/2752 
f 2749/4373/2749 2754/4374/2754 1382/2185/1382 
f 1382/2185/1382 1381/2184/1381 2749/4373/2749 
f 1381/2183/1381 1147/1822/1147 2750/4368/2750 
f 2750/4368/2750 2749/4367/2749 1381/2183/1381 
f 2755/4375/2755 1146/1821/1146 1145/1820/1145 
f 1145/1820/1145 2756/4376/2756 2755/4375/2755 
f 2756/4376/2756 2757/4377/2757 2758/4378/2758 
f 2758/4378/2758 2755/4375/2755 2756/4376/2756 
f 2755/4375/2755 2758/4378/2758 2751/4369/2751 
f 2751/4369/2751 2750/4368/2750 2755/4375/2755 
f 2750/4368/2750 1147/1822/1147 1146/1821/1146 
f 1146/1821/1146 2755/4375/2755 2750/4368/2750 
f 2759/4379/2759 2760/4380/2760 2761/4381/2761 
f 2761/4381/2761 2762/4382/2762 2759/4379/2759 
f 2762/4382/2762 2518/4007/2518 2517/4006/2517 
f 2759/4379/2759 2517/4006/2517 2521/4010/2521 
f 2521/4010/2521 2763/4383/2763 2759/4379/2759 
f 2763/4383/2763 2764/4384/2764 2760/4380/2760 
f 2760/4380/2760 2759/4379/2759 2763/4383/2763 
f 2765/4385/2765 2766/4386/2766 2764/4384/2764 
f 2764/4384/2764 2767/4387/2767 2765/4385/2765 
f 2767/4387/2767 2768/4388/2768 2769/4389/2769 
f 2769/4389/2769 2765/4385/2765 2767/4387/2767 
f 2765/4385/2765 2769/4389/2769 2753/4371/2753 
f 2753/4371/2753 2752/4370/2752 2765/4385/2765 
f 2752/4370/2752 2751/4369/2751 2766/4386/2766 
f 2766/4386/2766 2765/4385/2765 2752/4370/2752 
f 2770/4390/2770 2758/4378/2758 2757/4377/2757 
f 2771/4391/2771 2761/4381/2761 2760/4380/2760 
f 2770/4390/2770 2760/4380/2760 2764/4384/2764 
f 2764/4384/2764 2766/4386/2766 2770/4390/2770 
f 2766/4386/2766 2751/4369/2751 2758/4378/2758 
f 2758/4378/2758 2770/4390/2770 2766/4386/2766 
f 2772/4392/2772 2773/4393/2773 2774/4394/2774 
f 2774/4394/2774 2775/4395/2775 2772/4392/2772 
f 2775/4395/2775 1068/4396/1068 1067/4397/1067 
f 1067/4397/1067 2772/4392/2772 2775/4395/2775 
f 2772/4392/2772 1067/4397/1067 1066/2866/1066 
f 1066/2866/1066 1825/2875/1825 2772/4392/2772 
f 1825/2875/1825 1704/2676/1704 2773/4393/2773 
f 2773/4393/2773 2772/4392/2772 1825/2875/1825 
f 2763/4383/2763 2521/4010/2521 2537/4033/2537 
f 2537/4033/2537 2776/4398/2776 2763/4383/2763 
f 2777/4399/2777 2776/4398/2776 2537/4033/2537 
f 2537/4033/2537 2534/4035/2534 2777/4399/2777 
f 2776/4398/2776 2777/4399/2777 2768/4388/2768 
f 2768/4388/2768 2767/4387/2767 2776/4398/2776 
f 2767/4387/2767 2764/4384/2764 2763/4383/2763 
f 2763/4383/2763 2776/4398/2776 2767/4387/2767 
f 2778/4400/2778 2779/4401/2779 2481/3956/2481 
f 2481/3956/2481 2616/4159/2616 2778/4400/2778 
f 2616/4159/2616 2619/4162/2619 2628/4173/2628 
f 2628/4173/2628 2778/4400/2778 2616/4159/2616 
f 2778/4400/2778 2628/4173/2628 2632/4177/2632 
f 2632/4177/2632 2780/4402/2780 2778/4400/2778 
f 2780/4403/2780 2781/4404/2781 2779/4405/2779 
f 2779/4405/2779 2778/4406/2778 2780/4403/2780 
f 2782/4407/2782 2773/4393/2773 1704/2676/1704 
f 1704/2676/1704 1703/2675/1703 2782/4407/2782 
f 1703/2675/1703 1131/1801/1131 1130/1800/1130 
f 1130/1800/1130 2782/4407/2782 1703/2675/1703 
f 2782/4407/2782 1130/1800/1130 1137/1810/1137 
f 2783/4408/2783 2774/4394/2774 2773/4393/2773 
f 2773/4393/2773 2782/4407/2782 2783/4408/2783 
f 2784/4409/2784 2785/4410/2785 2774/4394/2774 
f 2774/4394/2774 2783/4408/2783 2784/4409/2784 
f 2783/4408/2783 1137/1810/1137 2786/4411/2786 
f 2786/4411/2786 2784/4409/2784 2783/4408/2783 
f 2784/4409/2784 2786/4411/2786 2787/4412/2787 
f 2787/4412/2787 2788/4413/2788 2784/4409/2784 
f 2788/4413/2788 2781/4404/2781 2785/4410/2785 
f 2785/4410/2785 2784/4409/2784 2788/4413/2788 
f 2789/4414/2789 2785/4410/2785 2781/4404/2781 
f 2781/4404/2781 2780/4403/2780 2789/4414/2789 
f 2780/4402/2780 2632/4177/2632 2635/4181/2635 
f 2635/4181/2635 2789/4415/2789 2780/4402/2780 
f 2789/4414/2789 2635/4416/2635 1068/4396/1068 
f 1068/4396/1068 2775/4395/2775 2789/4414/2789 
f 2775/4395/2775 2774/4394/2774 2785/4410/2785 
f 2785/4410/2785 2789/4414/2789 2775/4395/2775 
f 2790/4417/2790 2791/4418/2791 2792/4419/2792 
f 2792/4419/2792 2793/4420/2793 2790/4417/2790 
f 2793/4421/2793 1083/1731/1083 1082/1730/1082 
f 1082/1730/1082 2790/4422/2790 2793/4421/2793 
f 2790/4422/2790 1082/1730/1082 1086/1736/1086 
f 1086/1736/1086 1096/1750/1096 2790/4422/2790 
f 1096/1750/1096 1095/1749/1095 2791/4423/2791 
f 2791/4423/2791 2790/4422/2790 1096/1750/1096 
f 2794/4424/2794 2795/4425/2795 2479/3952/2479 
f 2479/3952/2479 2478/3951/2478 2794/4424/2794 
f 2478/3951/2478 2481/4426/2481 2779/4405/2779 
f 2779/4405/2779 2794/4424/2794 2478/3951/2478 
f 2794/4424/2794 2779/4405/2779 2781/4404/2781 
f 2781/4404/2781 2788/4413/2788 2794/4424/2794 
f 2788/4413/2788 2787/4412/2787 2795/4425/2795 
f 2796/4427/2796 2797/4428/2797 2475/3948/2475 
f 2475/3948/2475 2601/4129/2601 2796/4427/2796 
f 2601/4129/2601 2603/4134/2603 2611/4429/2611 
f 2611/4429/2611 2796/4427/2796 2601/4129/2601 
f 2796/4430/2796 2611/4152/2611 2615/4158/2615 
f 2615/4158/2615 2798/4431/2798 2796/4430/2796 
f 2798/4431/2798 2799/4432/2799 2797/4433/2797 
f 2797/4433/2797 2796/4430/2796 2798/4431/2798 
f 2800/4434/2800 2791/4423/2791 1095/1749/1095 
f 1095/1749/1095 1252/1999/1252 2800/4434/2800 
f 1252/1999/1252 1251/1998/1251 2801/4435/2801 
f 2801/4435/2801 2800/4434/2800 1252/1999/1252 
f 2800/4434/2800 2801/4435/2801 2802/4436/2802 
f 2802/4436/2802 2803/4437/2803 2800/4434/2800 
f 2803/4438/2803 2792/4419/2792 2791/4418/2791 
f 2791/4418/2791 2800/4439/2800 2803/4438/2803 
f 2803/4440/2803 2802/4441/2802 2804/4442/2804 
f 2804/4442/2804 2805/4443/2805 2803/4440/2803 
f 2804/4442/2804 2806/4444/2806 2807/4445/2807 
f 2807/4445/2807 2805/4443/2805 2804/4442/2804 
f 2807/4446/2807 2799/4432/2799 2808/4447/2808 
f 2808/4447/2808 2805/4448/2805 2807/4446/2807 
f 2805/4448/2805 2808/4447/2808 2792/4449/2792 
f 2792/4449/2792 2803/4437/2803 2805/4448/2805 
f 2809/4450/2809 2808/4451/2808 2799/4452/2799 
f 2799/4452/2799 2798/4453/2798 2809/4450/2809 
f 2798/4431/2798 2615/4158/2615 2622/4165/2622 
f 2622/4165/2622 2809/4454/2809 2798/4431/2798 
f 2809/4454/2809 2622/4165/2622 1083/1731/1083 
f 1083/1731/1083 2793/4421/2793 2809/4454/2809 
f 2793/4420/2793 2792/4419/2792 2808/4451/2808 
f 2808/4451/2808 2809/4450/2809 2793/4420/2793 
f 2810/4455/2810 2811/4456/2811 2812/4457/2812 
f 2812/4457/2812 2813/4458/2813 2810/4455/2810 
f 2810/4459/2810 2813/4460/2813 2814/4461/2814 
f 2814/4461/2814 2815/4462/2815 2810/4459/2810 
f 2810/4459/2810 2815/4462/2815 2816/4463/2816 
f 2816/4463/2816 2817/4464/2817 2810/4459/2810 
f 2817/4465/2817 2818/4466/2818 2811/4456/2811 
f 2811/4456/2811 2810/4455/2810 2817/4465/2817 
f 2819/4467/2819 2807/4445/2807 2806/4444/2806 
f 2806/4444/2806 2820/4468/2820 2819/4467/2819 
f 2820/4469/2820 2471/3943/2471 2473/3942/2473 
f 2819/4470/2819 2473/3942/2473 2475/3948/2475 
f 2475/3948/2475 2797/4428/2797 2819/4470/2819 
f 2797/4433/2797 2799/4432/2799 2807/4446/2807 
f 2807/4446/2807 2819/4471/2819 2797/4433/2797 
f 2821/4472/2821 2822/4473/2822 1116/1782/1116 
f 1116/1782/1116 1343/2132/1343 2821/4472/2821 
f 2821/4472/2821 1343/2132/1343 1342/2131/1342 
f 1342/2131/1342 2823/4474/2823 2821/4472/2821 
f 2823/4474/2823 2814/4475/2814 2813/4458/2813 
f 2813/4458/2813 2821/4472/2821 2823/4474/2823 
f 2813/4458/2813 2812/4457/2812 2822/4473/2822 
f 2822/4473/2822 2821/4472/2821 2813/4458/2813 
f 2824/4476/2824 2825/4477/2825 1126/1796/1126 
f 1126/1796/1126 1125/1795/1125 2824/4476/2824 
f 1125/1795/1125 1124/1794/1124 2661/4478/2661 
f 2661/4478/2661 2824/4476/2824 1125/1795/1125 
f 2824/4476/2824 2661/4478/2661 2663/4479/2663 
f 2663/4479/2663 2826/4480/2826 2824/4476/2824 
f 2826/4480/2826 2818/4466/2818 2825/4477/2825 
f 2825/4477/2825 2824/4476/2824 2826/4480/2826 
f 2827/4481/2827 2811/4456/2811 2818/4466/2818 
f 2818/4466/2818 2826/4480/2826 2827/4481/2827 
f 2826/4482/2826 2663/4483/2663 2669/4484/2669 
f 2669/4484/2669 2827/4485/2827 2826/4482/2826 
f 2827/4485/2827 2669/4484/2669 2668/4237/2668 
f 2668/4237/2668 2828/4486/2828 2827/4485/2827 
f 2828/4487/2828 2812/4457/2812 2811/4456/2811 
f 2811/4456/2811 2827/4481/2827 2828/4487/2828 
f 2829/4488/2829 2825/4477/2825 2818/4466/2818 
f 2818/4466/2818 2817/4465/2817 2829/4488/2829 
f 2817/4464/2817 2816/4463/2816 2830/4489/2830 
f 2830/4489/2830 2829/4490/2829 2817/4464/2817 
f 2829/4488/2829 2830/4491/2830 1761/2766/1761 
f 1761/2766/1761 1760/2765/1760 2829/4488/2829 
f 1760/2765/1760 1126/1796/1126 2825/4477/2825 
f 2825/4477/2825 2829/4488/2829 1760/2765/1760 
f 2831/4492/2831 2832/4493/2832 2757/4377/2757 
f 2757/4377/2757 2756/4376/2756 2831/4492/2831 
f 2756/4376/2756 1145/1820/1145 1161/1842/1161 
f 1161/1842/1161 2831/4492/2831 2756/4376/2756 
f 2831/4492/2831 1161/1842/1161 1156/1841/1156 
f 1156/1841/1156 2833/4494/2833 2831/4492/2831 
f 2833/4494/2833 2834/4495/2834 2832/4493/2832 
f 2832/4493/2832 2831/4492/2831 2833/4494/2833 
f 2676/4236/2676 1118/1785/1118 1117/1784/1117 
f 1117/1784/1117 2835/4496/2835 2676/4236/2676 
f 1117/1783/1117 1116/1782/1116 2822/4473/2822 
f 2822/4473/2822 2835/4497/2835 1117/1783/1117 
f 2835/4497/2835 2822/4473/2822 2812/4457/2812 
f 2812/4457/2812 2828/4487/2828 2835/4497/2835 
f 2828/4486/2828 2668/4237/2668 2676/4236/2676 
f 2676/4236/2676 2835/4496/2835 2828/4486/2828 
f 2836/4498/2836 2786/4411/2786 1137/1810/1137 
f 1137/1810/1137 1136/1809/1136 2836/4498/2836 
f 1136/1808/1136 1135/1807/1135 2837/4499/2837 
f 2837/4499/2837 2836/4500/2836 1136/1808/1136 
f 2836/4501/2836 2837/4502/2837 2838/4503/2838 
f 2838/4503/2838 2839/4504/2839 2836/4501/2836 
f 2839/4505/2839 2787/4412/2787 2786/4411/2786 
f 2786/4411/2786 2836/4498/2836 2839/4505/2839 
f 2833/4506/2833 1156/1834/1156 1155/1833/1155 
f 1155/1833/1155 2840/4507/2840 2833/4506/2833 
f 2840/4508/2840 1155/1830/1155 1141/1831/1141 
f 1141/1831/1141 2476/3949/2476 2840/4508/2840 
f 2840/4508/2840 2476/3949/2476 2479/3952/2479 
f 2479/3952/2479 2841/4509/2841 2840/4508/2840 
f 2833/4510/2833 2840/4508/2840 2841/4509/2841 
f 2841/4509/2841 2834/4511/2834 2833/4510/2833 
f 2842/4512/2842 2843/4513/2843 2834/4511/2834 
f 2834/4511/2834 2841/4509/2841 2842/4512/2842 
f 2841/4509/2841 2479/3952/2479 2795/4425/2795 
f 2795/4425/2795 2842/4512/2842 2841/4509/2841 
f 2842/4512/2842 2795/4425/2795 2787/4412/2787 
f 2787/4412/2787 2839/4505/2839 2842/4512/2842 
f 2839/4514/2839 2838/4515/2838 2843/4516/2843 
f 2843/4516/2843 2842/4517/2842 2839/4514/2839 
f 2844/4518/2844 2845/4519/2845 2761/4381/2761 
f 2761/4381/2761 2771/4391/2771 2844/4518/2844 
f 2771/4391/2771 2757/4377/2757 2832/4493/2832 
f 2832/4493/2832 2844/4518/2844 2771/4391/2771 
f 2844/4518/2844 2832/4493/2832 2834/4495/2834 
f 2834/4495/2834 2843/4520/2843 2844/4518/2844 
f 2844/4518/2844 2843/4520/2843 2838/4503/2838 
f 2846/4521/2846 1269/4522/1269 1245/4523/1245 
f 1244/1988/1244 1248/1995/1248 2847/4524/2847 
f 2847/4524/2847 2846/4525/2846 1244/1988/1244 
f 2847/4526/2847 2848/4527/2848 2849/4528/2849 
f 2849/4528/2849 2846/4529/2846 2847/4526/2847 
f 2849/4528/2849 1270/2029/1270 1269/2028/1269 
f 2845/4519/2845 2838/4503/2838 2837/4502/2837 
f 2837/4502/2837 2850/4530/2850 2845/4519/2845 
f 2850/4530/2850 2837/4502/2837 1135/4013/1135 
f 1135/4013/1135 2523/4012/2523 2850/4530/2850 
f 2850/4530/2850 2523/4012/2523 2518/4007/2518 
f 2762/4382/2762 2761/4381/2761 2845/4519/2845 
f 2845/4519/2845 2850/4530/2850 2762/4382/2762 
f 2851/4531/2851 2665/4223/2665 2657/4208/2657 
f 2657/4208/2657 2656/4207/2656 2851/4531/2851 
f 2656/4206/2656 2467/3936/2467 2852/4532/2852 
f 2852/4532/2852 2851/4533/2851 2656/4206/2656 
f 2851/4533/2851 2852/4532/2852 2853/4534/2853 
f 2853/4534/2853 2854/4535/2854 2851/4533/2851 
f 2854/4536/2854 2666/4537/2666 2665/4538/2665 
f 2665/4538/2665 2851/4539/2851 2854/4536/2854 
f 2855/4540/2855 2849/4528/2849 2848/4527/2848 
f 2848/4527/2848 2856/4541/2856 2855/4540/2855 
f 2856/4541/2856 2802/4441/2802 2801/4542/2801 
f 2855/4540/2855 2801/4542/2801 1251/4543/1251 
f 1283/4544/1283 1270/2029/1270 2849/4528/2849 
f 2849/4528/2849 2855/4540/2855 1283/4544/1283 
f 2857/4545/2857 2858/4546/2858 2853/4534/2853 
f 2853/4534/2853 2859/4547/2859 2857/4545/2857 
f 2859/4547/2859 2806/4444/2806 2804/4442/2804 
f 2804/4442/2804 2857/4545/2857 2859/4547/2859 
f 2857/4545/2857 2804/4442/2804 2802/4441/2802 
f 2856/4541/2856 2848/4527/2848 2858/4546/2858 
f 2858/4546/2858 2857/4545/2857 2856/4541/2856 
f 2860/4548/2860 2858/4546/2858 2848/4527/2848 
f 2848/4527/2848 2847/4526/2847 2860/4548/2860 
f 2847/4524/2847 1248/1995/1248 2674/4232/2674 
f 2674/4232/2674 2860/4549/2860 2847/4524/2847 
f 2860/4550/2860 2674/4551/2674 2666/4537/2666 
f 2666/4537/2666 2854/4536/2854 2860/4550/2860 
f 2854/4535/2854 2853/4534/2853 2858/4546/2858 
f 2858/4546/2858 2860/4548/2860 2854/4535/2854 
f 2736/4330/2736 2861/4552/2861 2862/4553/2862 
f 2862/4553/2862 2728/4315/2728 2736/4330/2736 
f 2861/4552/2861 2736/4330/2736 2734/4324/2734 
f 2734/4324/2734 2863/4554/2863 2861/4552/2861 
f 2861/4555/2861 2863/4556/2863 2864/4557/2864 
f 2864/4557/2864 2865/4558/2865 2861/4555/2861 
f 2865/4558/2865 2866/4559/2866 2862/4560/2862 
f 2862/4560/2862 2861/4555/2861 2865/4558/2865 
f 2867/4561/2867 2852/4532/2852 2467/3936/2467 
f 2467/3936/2467 2466/3935/2466 2867/4561/2867 
f 2466/3935/2466 2471/3940/2471 2820/4468/2820 
f 2820/4468/2820 2867/4561/2867 2466/3935/2466 
f 2867/4561/2867 2820/4468/2820 2806/4444/2806 
f 2806/4444/2806 2859/4547/2859 2867/4561/2867 
f 2859/4547/2859 2853/4534/2853 2852/4532/2852 
f 2852/4532/2852 2867/4561/2867 2859/4547/2859 
f 2868/4562/2868 1347/2145/1347 1349/2144/1349 
f 1349/2144/1349 2869/4563/2869 2868/4562/2868 
f 2729/4316/2729 2869/4563/2869 1349/2144/1349 
f 1349/2144/1349 1336/2122/1336 2729/4316/2729 
f 2729/4316/2729 2728/4315/2728 2862/4553/2862 
f 2862/4553/2862 2869/4563/2869 2729/4316/2729 
f 2869/4563/2869 2862/4553/2862 2866/4564/2866 
f 2866/4564/2866 2868/4562/2868 2869/4563/2869 
f 1766/4565/1766 2870/4566/2870 2871/4567/2871 
f 2871/4567/2871 1364/4568/1364 1766/4565/1766 
f 1766/2773/1766 1761/2772/1761 2830/4489/2830 
f 2830/4489/2830 2870/4569/2870 1766/2773/1766 
f 2870/4569/2870 2830/4489/2830 2816/4463/2816 
f 2816/4463/2816 2872/4570/2872 2870/4569/2870 
f 2870/4569/2870 2872/4570/2872 2864/4557/2864 
f 2864/4557/2864 2871/4571/2871 2870/4569/2870 
f 2873/4572/2873 2872/4570/2872 2816/4463/2816 
f 2816/4463/2816 2815/4462/2815 2873/4572/2873 
f 2815/4462/2815 2814/4461/2814 2874/4573/2874 
f 2874/4573/2874 2873/4572/2873 2815/4462/2815 
f 2873/4572/2873 2874/4573/2874 2866/4559/2866 
f 2866/4559/2866 2865/4558/2865 2873/4572/2873 
f 2865/4558/2865 2864/4557/2864 2872/4570/2872 
f 2872/4570/2872 2873/4572/2873 2865/4558/2865 
f 2863/4554/2863 2734/4324/2734 2733/4323/2733 
f 2733/4323/2733 2875/4574/2875 2863/4554/2863 
f 2733/4323/2733 1352/2148/1352 1360/2156/1360 
f 1360/2156/1360 2875/4574/2875 2733/4323/2733 
f 2875/4575/2875 1360/2163/1360 1364/2162/1364 
f 1364/2162/1364 2871/4571/2871 2875/4575/2875 
f 2871/4571/2871 2864/4557/2864 2863/4556/2863 
f 2863/4556/2863 2875/4575/2875 2871/4571/2871 
f 2876/4576/2876 2877/4577/2877 2878/4578/2878 
f 2878/4578/2878 2879/4579/2879 2876/4576/2876 
f 2879/4579/2879 1368/2167/1368 1367/2166/1367 
f 1367/2166/1367 2876/4576/2876 2879/4579/2879 
f 2876/4576/2876 1367/2166/1367 1373/4580/1373 
f 1373/4580/1373 1389/4581/1389 2876/4576/2876 
f 1389/4581/1389 1388/2203/1388 2877/4577/2877 
f 2877/4577/2877 2876/4576/2876 1389/4581/1389 
f 2880/4582/2880 2877/4577/2877 1388/2203/1388 
f 1388/2203/1388 1394/2202/1394 2880/4582/2880 
f 1394/2202/1394 1382/2185/1382 2754/4374/2754 
f 2754/4374/2754 2880/4582/2880 1394/2202/1394 
f 2880/4583/2880 2754/4372/2754 2753/4371/2753 
f 2753/4371/2753 2881/4584/2881 2880/4583/2880 
f 2881/4585/2881 2878/4578/2878 2877/4577/2877 
f 2877/4577/2877 2880/4582/2880 2881/4585/2881 
f 2882/4586/2882 2874/4573/2874 2814/4461/2814 
f 2814/4461/2814 2823/4587/2823 2882/4586/2882 
f 2823/4587/2823 1342/2135/1342 1345/2134/1345 
f 1345/2134/1345 2882/4586/2882 2823/4587/2823 
f 2882/4586/2882 1345/2134/1345 1347/2142/1347 
f 1347/2142/1347 2868/4588/2868 2882/4586/2882 
f 2868/4588/2868 2866/4559/2866 2874/4573/2874 
f 2874/4573/2874 2882/4586/2882 2868/4588/2868 
f 2883/4589/2883 2777/4590/2777 2534/4028/2534 
f 2534/4028/2534 2533/4027/2533 2883/4589/2883 
f 2533/4027/2533 2514/4031/2514 2884/4591/2884 
f 2884/4591/2884 2883/4589/2883 2533/4027/2533 
f 2883/4589/2883 2884/4591/2884 2885/4592/2885 
f 2885/4592/2885 2886/4593/2886 2883/4589/2883 
f 2886/4594/2886 2768/4388/2768 2777/4399/2777 
f 2777/4399/2777 2883/4595/2883 2886/4594/2886 
f 2887/4596/2887 2888/4597/2888 2885/4592/2885 
f 2885/4592/2885 2889/4598/2889 2887/4596/2887 
f 2889/4599/2889 2890/4600/2890 2891/4601/2891 
f 2891/4601/2891 2887/4602/2887 2889/4599/2889 
f 2887/4596/2887 2891/4603/2891 1368/2167/1368 
f 1368/2167/1368 2879/4579/2879 2887/4596/2887 
f 2879/4604/2879 2878/4605/2878 2888/4606/2888 
f 2888/4606/2888 2887/4607/2887 2879/4604/2879 
f 2892/4608/2892 2888/4597/2888 2878/4578/2878 
f 2878/4578/2878 2881/4585/2881 2892/4608/2892 
f 2881/4585/2881 2753/4609/2753 2769/4610/2769 
f 2769/4610/2769 2892/4608/2892 2881/4585/2881 
f 2892/4611/2892 2769/4389/2769 2768/4388/2768 
f 2768/4388/2768 2886/4594/2886 2892/4611/2892 
f 2886/4593/2886 2885/4592/2885 2888/4597/2888 
f 2888/4597/2888 2892/4608/2892 2886/4593/2886 
f 2893/4612/2893 2894/4613/2894 2895/4614/2895 
f 2895/4614/2895 2896/4615/2896 2893/4612/2893 
f 2896/4615/2896 2897/4616/2897 2898/4617/2898 
f 2898/4617/2898 2893/4612/2893 2896/4615/2896 
f 2893/4612/2893 2898/4617/2898 2899/4618/2899 
f 2899/4618/2899 2900/4619/2900 2893/4612/2893 
f 2900/4619/2900 2901/4620/2901 2894/4613/2894 
f 2894/4613/2894 2893/4612/2893 2900/4619/2900 
f 2902/4621/2902 2884/4591/2884 2514/4031/2514 
f 2514/4031/2514 2513/4622/2513 2902/4621/2902 
f 2513/3997/2513 2512/3996/2512 2903/4623/2903 
f 2903/4623/2903 2902/4624/2902 2513/3997/2513 
f 2902/4624/2902 2903/4623/2903 2890/4625/2890 
f 2890/4625/2890 2889/4626/2889 2902/4624/2902 
f 2889/4598/2889 2885/4592/2885 2884/4591/2884 
f 2884/4591/2884 2902/4621/2902 2889/4598/2889 
f 2904/4627/2904 2898/4617/2898 2897/4616/2897 
f 2897/4616/2897 2905/4628/2905 2904/4627/2904 
f 2905/4628/2905 2529/4024/2529 2531/4023/2531 
f 2531/4023/2531 2904/4627/2904 2905/4628/2905 
f 2904/4627/2904 2531/4023/2531 1451/2306/1451 
f 1451/2306/1451 2906/4629/2906 2904/4627/2904 
f 2906/4629/2906 2899/4618/2899 2898/4617/2898 
f 2898/4617/2898 2904/4627/2904 2906/4629/2906 
f 2907/4630/2907 2908/4631/2908 2744/4357/2744 
f 2744/4357/2744 2743/4356/2743 2907/4630/2907 
f 2743/4356/2743 1455/2310/1455 1454/2309/1454 
f 1454/2309/1454 2907/4630/2907 2743/4356/2743 
f 2907/4630/2907 1454/2309/1454 1461/2316/1461 
f 1461/2316/1461 2909/4632/2909 2907/4630/2907 
f 2909/4632/2909 2901/4620/2901 2908/4631/2908 
f 2908/4631/2908 2907/4630/2907 2909/4632/2909 
f 2910/4633/2910 2329/3711/2329 2328/4634/2328 
f 2328/4634/2328 2911/4635/2911 2910/4633/2910 
f 2911/4635/2911 2895/4614/2895 2894/4613/2894 
f 2894/4613/2894 2910/4633/2910 2911/4635/2911 
f 2910/4633/2910 2894/4613/2894 2901/4620/2901 
f 2901/4620/2901 2909/4632/2909 2910/4633/2910 
f 2909/4632/2909 1461/2316/1461 2329/3711/2329 
f 2329/3711/2329 2910/4633/2910 2909/4632/2909 
f 2912/4636/2912 2913/4637/2913 1472/2333/1472 
f 1472/2333/1472 1471/2332/1471 2912/4636/2912 
f 1471/4638/1471 1470/4639/1470 1491/4640/1491 
f 2912/4636/2912 1491/2367/1491 1490/2366/1490 
f 1490/2366/1490 2914/4641/2914 2912/4636/2912 
f 2914/4642/2914 2915/4643/2915 2913/4644/2913 
f 2913/4644/2913 2912/4645/2912 2914/4642/2914 
f 2916/4646/2916 2917/4647/2917 2918/4648/2918 
f 2918/4648/2918 2919/4649/2919 2916/4646/2916 
f 2919/4649/2919 2416/3859/2416 2415/3858/2415 
f 2415/3858/2415 2916/4646/2916 2919/4649/2919 
f 2916/4646/2916 2415/3858/2415 2419/3862/2419 
f 2419/3862/2419 2920/4650/2920 2916/4646/2916 
f 2920/4650/2920 2921/4651/2921 2917/4647/2917 
f 2917/4647/2917 2916/4646/2916 2920/4650/2920 
f 2740/4349/2740 2922/4652/2922 2923/4653/2923 
f 2923/4653/2923 2722/4350/2722 2740/4349/2740 
f 2740/4654/2740 1472/2333/1472 2913/4637/2913 
f 2922/4655/2922 2913/4644/2913 2915/4643/2915 
f 2915/4643/2915 2924/4656/2924 2922/4655/2922 
f 2924/4656/2924 2921/4651/2921 2923/4657/2923 
f 2923/4657/2923 2922/4655/2922 2924/4656/2924 
f 2925/4658/2925 2438/3894/2438 2435/3887/2435 
f 2435/3887/2435 2926/4659/2926 2925/4658/2925 
f 2926/4659/2926 2927/4660/2927 2928/4661/2928 
f 2928/4661/2928 2925/4658/2925 2926/4659/2926 
f 2925/4658/2925 2928/4661/2928 2915/4643/2915 
f 2915/4643/2915 2914/4642/2914 2925/4658/2925 
f 2914/4642/2914 1490/4662/1490 2438/3894/2438 
f 2438/3894/2438 2925/4658/2925 2914/4642/2914 
f 2929/4663/2929 2928/4661/2928 2927/4660/2927 
f 2927/4660/2927 2930/4664/2930 2929/4663/2929 
f 2930/4664/2930 2918/4648/2918 2917/4647/2917 
f 2917/4647/2917 2929/4663/2929 2930/4664/2930 
f 2929/4663/2929 2917/4647/2917 2921/4651/2921 
f 2921/4651/2921 2924/4656/2924 2929/4663/2929 
f 2924/4656/2924 2915/4643/2915 2928/4661/2928 
f 2928/4661/2928 2929/4663/2929 2924/4656/2924 
f 2931/4665/2931 2920/4650/2920 2419/3862/2419 
f 2419/3862/2419 2491/3967/2491 2931/4665/2931 
f 2491/3967/2491 2490/3966/2490 2723/4666/2723 
f 2931/4667/2931 2723/4668/2723 2722/4669/2722 
f 2931/4665/2931 2923/4657/2923 2921/4651/2921 
f 2921/4651/2921 2920/4650/2920 2931/4665/2931 
f 2932/4670/2932 2933/4671/2933 2934/4672/2934 
f 2934/4672/2934 2935/4673/2935 2932/4670/2932 
f 2935/4674/2935 1683/3836/1683 2401/3835/2401 
f 2401/3835/2401 2932/4675/2932 2935/4674/2935 
f 2932/4675/2932 2401/3835/2401 2403/3841/2403 
f 2403/3841/2403 2936/4676/2936 2932/4675/2932 
f 2936/4676/2936 2937/4677/2937 2933/4678/2933 
f 2933/4678/2933 2932/4675/2932 2936/4676/2936 
f 2938/4679/2938 2939/4680/2939 2940/4681/2940 
f 2940/4681/2940 2941/4682/2941 2938/4679/2938 
f 2941/4683/2941 2934/4672/2934 2933/4671/2933 
f 2933/4671/2933 2938/4684/2938 2941/4683/2941 
f 2938/4684/2938 2933/4671/2933 2937/4685/2937 
f 2942/4686/2942 2943/4687/2943 2939/4680/2939 
f 2939/4680/2939 2938/4679/2938 2942/4686/2942 
f 2944/4688/2944 2945/4689/2945 2937/4677/2937 
f 2937/4677/2937 2936/4676/2936 2944/4688/2944 
f 2936/4676/2936 2403/3841/2403 2413/3856/2413 
f 2413/3856/2413 2944/4688/2944 2936/4676/2936 
f 2944/4688/2944 2413/3856/2413 2410/3852/2410 
f 2410/3852/2410 2423/3868/2423 2944/4688/2944 
f 2423/3868/2423 2422/3867/2422 2945/4689/2945 
f 2945/4689/2945 2944/4688/2944 2423/3868/2423 
f 2946/4690/2946 2947/4691/2947 2948/4692/2948 
f 2948/4692/2948 2949/4693/2949 2946/4690/2946 
f 2949/4693/2949 2950/4694/2950 2951/4695/2951 
f 2951/4695/2951 2946/4690/2946 2949/4693/2949 
f 2946/4690/2946 2951/4695/2951 1555/3678/1555 
f 2946/4690/2946 2310/3677/2310 2313/3684/2313 
f 2313/3684/2313 2947/4691/2947 2946/4690/2946 
f 2952/4696/2952 2939/4680/2939 2943/4687/2943 
f 2943/4687/2943 2953/4697/2953 2952/4696/2952 
f 2953/4698/2953 2427/3874/2427 2426/3873/2426 
f 2952/4696/2952 2426/3871/2426 1658/2607/1658 
f 1658/2607/1658 2954/4699/2954 2952/4696/2952 
f 2954/4699/2954 2940/4681/2940 2939/4680/2939 
f 2939/4680/2939 2952/4696/2952 2954/4699/2954 
f 2955/4700/2955 2956/4701/2956 2957/4702/2957 
f 2957/4702/2957 2958/4703/2958 2955/4700/2955 
f 2958/4703/2958 2959/4704/2959 2960/4705/2960 
f 2960/4705/2960 2955/4700/2955 2958/4703/2958 
f 2955/4700/2955 2960/4705/2960 2950/4694/2950 
f 2950/4694/2950 2949/4693/2949 2955/4700/2955 
f 2949/4693/2949 2948/4692/2948 2956/4701/2956 
f 2956/4701/2956 2955/4700/2955 2949/4693/2949 
f 2961/4706/2961 2948/4692/2948 2947/4691/2947 
f 2947/4691/2947 2962/4707/2962 2961/4706/2961 
f 2947/4691/2947 2313/3684/2313 2323/3702/2323 
f 2323/3702/2323 2962/4707/2962 2947/4691/2947 
f 2323/4708/2323 2320/4019/2320 2527/4018/2527 
f 2527/4018/2527 2962/4709/2962 2323/4708/2323 
f 2527/4018/2527 2526/4017/2526 2961/4710/2961 
f 2961/4710/2961 2962/4709/2962 2527/4018/2527 
f 2963/4711/2963 2964/4712/2964 2965/4713/2965 
f 2965/4713/2965 2966/4714/2966 2963/4711/2963 
f 2966/4714/2966 1653/4715/1653 1652/4716/1652 
f 1652/4716/1652 2963/4711/2963 2966/4714/2966 
f 1652/4716/1652 1561/2467/1561 1560/2466/1560 
f 1560/2466/1560 2963/4711/2963 1652/4716/1652 
f 1560/2466/1560 1557/2463/1557 2964/4712/2964 
f 2964/4712/2964 2963/4711/2963 1560/2466/1560 
f 2967/4717/2967 2964/4712/2964 1557/2463/1557 
f 1557/2463/1557 1556/2462/1556 2967/4717/2967 
f 1556/2462/1556 1555/2461/1555 2951/4718/2951 
f 2967/4719/2967 2951/4695/2951 2950/4694/2950 
f 2968/4720/2968 2965/4721/2965 2964/4722/2964 
f 2958/4703/2958 2957/4702/2957 2969/4723/2969 
f 2969/4723/2969 2970/4724/2970 2958/4703/2958 
f 2970/4724/2970 2969/4723/2969 2508/3992/2508 
f 2508/3992/2508 2507/3991/2507 2970/4724/2970 
f 2507/3991/2507 2505/3989/2505 2971/4725/2971 
f 2970/4724/2970 2971/4725/2971 2959/4704/2959 
f 2959/4704/2959 2958/4703/2958 2970/4724/2970 
f 2972/4726/2972 2973/4727/2973 2974/4728/2974 
f 2974/4728/2974 2975/4729/2975 2972/4726/2972 
f 2975/4729/2975 2494/3972/2494 2976/4730/2976 
f 2976/4730/2976 2972/4726/2972 2975/4729/2975 
f 2972/4726/2972 2976/4730/2976 2977/4731/2977 
f 2977/4731/2977 2978/4732/2978 2972/4726/2972 
f 2978/4732/2978 2979/4733/2979 2973/4727/2973 
f 2973/4727/2973 2972/4726/2972 2978/4732/2978 
f 2980/4734/2980 2973/4727/2973 2979/4733/2979 
f 2979/4733/2979 2981/4735/2981 2980/4734/2980 
f 2981/4735/2981 1661/2612/1661 1663/2616/1663 
f 1663/2616/1663 2980/4734/2980 2981/4735/2981 
f 2980/4734/2980 1663/2616/1663 1655/2604/1655 
f 1655/2604/1655 2982/4736/2982 2980/4734/2980 
f 2982/4736/2982 2974/4728/2974 2973/4727/2973 
f 2973/4727/2973 2980/4734/2980 2982/4736/2982 
f 2983/4737/2983 1684/2640/1684 1683/2639/1683 
f 1683/2639/1683 2935/4738/2935 2983/4737/2983 
f 2935/4673/2935 2934/4672/2934 2984/4739/2984 
f 2983/4740/2983 2984/4741/2984 2977/4731/2977 
f 2977/4731/2977 2985/4742/2985 2983/4740/2983 
f 2985/4742/2985 1674/2630/1674 1684/2642/1684 
f 1684/2642/1684 2983/4740/2983 2985/4742/2985 
f 2986/4743/2986 2984/4739/2984 2934/4672/2934 
f 2934/4672/2934 2941/4683/2941 2986/4743/2986 
f 2941/4744/2941 2940/4745/2940 2987/4746/2987 
f 2987/4746/2987 2986/4747/2986 2941/4744/2941 
f 2986/4747/2986 2987/4746/2987 2979/4733/2979 
f 2979/4733/2979 2978/4732/2978 2986/4747/2986 
f 2978/4732/2978 2977/4731/2977 2984/4741/2984 
f 2984/4741/2984 2986/4747/2986 2978/4732/2978 
f 2976/4730/2976 2988/4748/2988 2985/4742/2985 
f 2985/4742/2985 2977/4731/2977 2976/4730/2976 
f 2988/4748/2988 2976/4730/2976 2494/3972/2494 
f 2494/3972/2494 2493/3971/2493 2988/4748/2988 
f 2988/4748/2988 2493/3971/2493 1668/2621/1668 
f 1668/2621/1668 1675/2631/1675 2988/4748/2988 
f 1675/2631/1675 1674/2630/1674 2985/4742/2985 
f 2985/4742/2985 2988/4748/2988 1675/2631/1675 
f 2989/4749/2989 2990/4750/2990 2991/4751/2991 
f 2991/4751/2991 2992/4752/2992 2989/4749/2989 
f 2991/4751/2991 2508/3992/2508 2969/4723/2969 
f 2969/4723/2969 2992/4752/2992 2991/4751/2991 
f 2992/4752/2992 2969/4723/2969 2957/4702/2957 
f 2957/4702/2957 2993/4753/2993 2992/4752/2992 
f 2992/4752/2992 2993/4753/2993 2994/4754/2994 
f 2994/4754/2994 2989/4749/2989 2992/4752/2992 
f 2995/4755/2995 2987/4746/2987 2940/4745/2940 
f 2940/4745/2940 2954/4756/2954 2995/4755/2995 
f 2954/4757/2954 1658/4758/1658 1657/4759/1657 
f 1657/4759/1657 2995/4760/2995 2954/4757/2954 
f 2995/4755/2995 1657/2613/1657 1661/2612/1661 
f 1661/2612/1661 2981/4735/2981 2995/4755/2995 
f 2981/4735/2981 2979/4733/2979 2987/4746/2987 
f 2987/4746/2987 2995/4755/2995 2981/4735/2981 
f 2993/4753/2993 2957/4702/2957 2956/4701/2956 
f 2956/4701/2956 2996/4761/2996 2993/4753/2993 
f 2996/4761/2996 2956/4701/2956 2948/4692/2948 
f 2948/4692/2948 2961/4706/2961 2996/4761/2996 
f 2996/4762/2996 2961/4710/2961 2526/4017/2526 
f 2526/4017/2526 2997/4763/2997 2996/4762/2996 
f 2997/4764/2997 2994/4754/2994 2993/4753/2993 
f 2993/4753/2993 2996/4761/2996 2997/4764/2997 
f 2998/4765/2998 2999/4766/2999 2895/4767/2895 
f 2895/4767/2895 2911/4768/2911 2998/4765/2998 
f 2911/4768/2911 2328/3708/2328 2337/3723/2337 
f 2337/3723/2337 2998/4765/2998 2911/4768/2911 
f 2998/4765/2998 2337/3723/2337 2341/3728/2341 
f 2341/3728/2341 3000/4769/3000 2998/4765/2998 
f 3000/4769/3000 2990/4770/2990 2999/4766/2999 
f 2999/4766/2999 2998/4765/2998 3000/4769/3000 
f 3001/4771/3001 3002/4772/3002 2897/4773/2897 
f 2897/4773/2897 2896/4774/2896 3001/4771/3001 
f 2896/4774/2896 2895/4767/2895 2999/4766/2999 
f 2999/4766/2999 3001/4771/3001 2896/4774/2896 
f 3001/4771/3001 2999/4766/2999 2990/4770/2990 
f 2990/4770/2990 2989/4775/2989 3001/4771/3001 
f 2989/4749/2989 2994/4754/2994 3002/4776/3002 
f 3002/4776/3002 3001/4777/3001 2989/4749/2989 
f 3003/4778/3003 2344/4779/2344 2335/3720/2335 
f 2335/3720/2335 2509/3993/2509 3003/4778/3003 
f 2991/4751/2991 3003/4778/3003 2509/3993/2509 
f 2509/3993/2509 2508/3992/2508 2991/4751/2991 
f 3003/4778/3003 2991/4751/2991 2990/4750/2990 
f 2990/4750/2990 3000/4780/3000 3003/4778/3003 
f 3000/4769/3000 2341/3728/2341 2344/3731/2344 
f 2344/3731/2344 3003/4781/3003 3000/4769/3000 
f 3004/4782/3004 3005/4783/3005 2427/3874/2427 
f 2427/3874/2427 2953/4698/2953 3004/4782/3004 
f 2953/4698/2953 2943/4784/2943 3006/4785/3006 
f 3006/4785/3006 3004/4782/3004 2953/4698/2953 
f 3004/4782/3004 3006/4785/3006 3007/4786/3007 
f 3007/4786/3007 3008/4787/3008 3004/4782/3004 
f 3008/4787/3008 3009/4788/3009 3005/4783/3005 
f 3005/4783/3005 3004/4782/3004 3008/4787/3008 
f 3010/4789/3010 3002/4776/3002 2994/4754/2994 
f 2994/4754/2994 2997/4764/2997 3010/4789/3010 
f 2997/4763/2997 2526/4017/2526 2525/4016/2525 
f 2525/4016/2525 3010/4790/3010 2997/4763/2997 
f 3010/4791/3010 2525/4792/2525 2529/4024/2529 
f 2529/4024/2529 2905/4628/2905 3010/4791/3010 
f 2905/4793/2905 2897/4773/2897 3002/4772/3002 
f 3002/4772/3002 3010/4790/3010 2905/4793/2905 
f 3011/4794/3011 3006/4785/3006 2943/4784/2943 
f 2943/4784/2943 2942/4795/2942 3011/4794/3011 
f 2942/4795/2942 2937/4677/2937 2945/4689/2945 
f 2945/4689/2945 3011/4794/3011 2942/4795/2942 
f 3011/4796/3011 2945/4797/2945 2422/4798/2422 
f 2422/4798/2422 3012/4799/3012 3011/4796/3011 
f 3012/4800/3012 3007/4786/3007 3006/4785/3006 
f 3006/4785/3006 3011/4794/3011 3012/4800/3012 
f 3013/4801/3013 3014/4802/3014 2927/4803/2927 
f 2927/4803/2927 2926/4804/2926 3013/4801/3013 
f 2926/4659/2926 2435/3887/2435 2434/3886/2434 
f 2434/3886/2434 3013/4805/3013 2926/4659/2926 
f 3013/4801/3013 2434/3884/2434 2433/3883/2433 
f 2433/3883/2433 3015/4806/3015 3013/4801/3013 
f 3015/4806/3015 3009/4788/3009 3014/4802/3014 
f 3014/4802/3014 3013/4801/3013 3015/4806/3015 
f 3016/4807/3016 3017/4808/3017 2918/4809/2918 
f 2918/4809/2918 2930/4810/2930 3016/4807/3016 
f 2930/4810/2930 2927/4803/2927 3014/4802/3014 
f 3014/4802/3014 3016/4807/3016 2930/4810/2930 
f 3016/4807/3016 3014/4802/3014 3009/4788/3009 
f 3009/4788/3009 3008/4787/3008 3016/4807/3016 
f 3008/4787/3008 3007/4786/3007 3017/4808/3017 
f 3017/4808/3017 3016/4807/3016 3008/4787/3008 
f 3018/4811/3018 3015/4806/3015 2433/3883/2433 
f 2433/3883/2433 2432/3882/2432 3018/4811/3018 
f 2432/3882/2432 2429/3877/2429 2428/3875/2428 
f 2428/3875/2428 3018/4811/3018 2432/3882/2432 
f 2428/3875/2428 2427/3874/2427 3005/4783/3005 
f 3005/4783/3005 3018/4811/3018 2428/3875/2428 
f 3018/4811/3018 3005/4783/3005 3009/4788/3009 
f 3009/4788/3009 3015/4806/3015 3018/4811/3018 
f 3019/4812/3019 3017/4808/3017 3007/4786/3007 
f 3007/4786/3007 3012/4800/3012 3019/4812/3019 
f 3012/4799/3012 2422/4798/2422 2421/4813/2421 
f 2421/4813/2421 3019/4814/3019 3012/4799/3012 
f 3019/4812/3019 2421/3866/2421 2416/3865/2416 
f 2416/3865/2416 2919/4815/2919 3019/4812/3019 
f 2919/4815/2919 2918/4809/2918 3017/4808/3017 
f 3017/4808/3017 3019/4812/3019 2919/4815/2919 
f 3020/4816/3020 3021/4817/3021 3022/4818/3022 
f 3022/4818/3022 3023/4819/3023 3020/4816/3020 
f 3023/4819/3023 173/255/173 183/253/183 
f 183/253/183 3020/4816/3020 3023/4819/3023 
f 3020/4816/3020 183/253/183 182/252/182 
f 182/252/182 3024/4820/3024 3020/4816/3020 
f 3024/4820/3024 3025/4821/3025 3021/4817/3021 
f 3021/4817/3021 3020/4816/3020 3024/4820/3024 
f 3026/4822/3026 3021/4817/3021 3025/4821/3025 
f 3025/4821/3025 3027/4823/3027 3026/4822/3026 
f 2673/4231/2673 3026/4822/3026 3027/4823/3027 
f 3027/4823/3027 2485/3961/2485 2673/4231/2673 
f 2673/4231/2673 2672/4230/2672 3028/4824/3028 
f 3028/4824/3028 3026/4822/3026 2673/4231/2673 
f 3028/4824/3028 3022/4818/3022 3021/4817/3021 
f 3021/4817/3021 3026/4822/3026 3028/4824/3028 
f 3029/4825/3029 3030/4826/3030 2597/4123/2597 
f 2597/4123/2597 2596/4121/2596 3029/4825/3029 
f 2596/4121/2596 175/244/175 174/243/174 
f 174/243/174 3029/4825/3029 2596/4121/2596 
f 3029/4825/3029 174/243/174 173/242/173 
f 173/242/173 3023/4827/3023 3029/4825/3029 
f 3023/4827/3023 3022/4828/3022 3030/4826/3030 
f 3030/4826/3030 3029/4825/3029 3023/4827/3023 
f 2684/4250/2684 3031/4829/3031 3028/4830/3028 
f 3028/4830/3028 2672/4831/2672 2684/4250/2684 
f 3031/4829/3031 2684/4250/2684 2464/4249/2464 
f 2464/4249/2464 2604/4141/2604 3031/4829/3031 
f 2604/4141/2604 2597/4123/2597 3030/4826/3030 
f 3031/4829/3031 3030/4826/3030 3022/4828/3022 
f 3022/4828/3022 3028/4830/3028 3031/4829/3031 
f 3032/4832/3032 2486/3962/2486 2485/3961/2485 
f 2485/3961/2485 3027/4823/3027 3032/4832/3032 
f 3027/4823/3027 3025/4821/3025 3033/4833/3033 
f 3033/4833/3033 3032/4832/3032 3027/4823/3027 
f 3032/4832/3032 3033/4833/3033 3034/4834/3034 
f 3034/4834/3034 3035/4835/3035 3032/4832/3032 
f 3035/4835/3035 2487/3963/2487 2486/3962/2486 
f 3036/4836/3036 3037/4837/3037 3038/4838/3038 
f 3038/4838/3038 3039/4839/3039 3036/4836/3036 
f 3039/4839/3039 2652/4198/2652 2651/4197/2651 
f 2651/4197/2651 3036/4836/3036 3039/4839/3039 
f 3036/4836/3036 2651/4197/2651 2648/4840/2648 
f 2648/4840/2648 2716/4303/2716 3036/4836/3036 
f 2716/4303/2716 2715/4298/2715 3037/4837/3037 
f 3037/4837/3037 3036/4836/3036 2716/4303/2716 
f 3040/4841/3040 187/479/187 333/478/333 
f 333/478/333 3041/4842/3041 3040/4841/3040 
f 3041/4842/3041 333/478/333 337/485/337 
f 337/485/337 3042/4843/3042 3041/4842/3041 
f 3041/4842/3041 3042/4843/3042 3038/4838/3038 
f 3038/4838/3038 3043/4844/3043 3041/4842/3041 
f 3043/4844/3043 3034/4834/3034 3040/4841/3040 
f 3040/4841/3040 3041/4842/3041 3043/4844/3043 
f 3044/4845/3044 3033/4833/3033 3025/4821/3025 
f 3025/4821/3025 3024/4820/3024 3044/4845/3044 
f 3024/4820/3024 182/252/182 184/4846/184 
f 184/4846/184 3044/4845/3044 3024/4820/3024 
f 3044/4847/3044 184/259/184 187/262/187 
f 187/262/187 3040/4848/3040 3044/4847/3044 
f 3040/4841/3040 3034/4834/3034 3033/4833/3033 
f 3033/4833/3033 3044/4845/3044 3040/4841/3040 
f 3045/4849/3045 3037/4837/3037 2715/4298/2715 
f 2715/4298/2715 2713/4296/2713 3045/4849/3045 
f 2713/4296/2713 2487/3963/2487 3035/4835/3035 
f 3035/4835/3035 3045/4849/3045 2713/4296/2713 
f 3045/4849/3045 3035/4835/3035 3034/4834/3034 
f 3043/4844/3043 3038/4838/3038 3037/4837/3037 
f 3037/4837/3037 3045/4849/3045 3043/4844/3043 
f 3042/4843/3042 337/485/337 340/488/340 
f 340/488/340 3046/4850/3046 3042/4843/3042 
f 2659/4212/2659 3046/4850/3046 340/488/340 
f 340/488/340 243/344/243 2659/4212/2659 
f 3046/4850/3046 2659/4212/2659 2652/4198/2652 
f 2652/4198/2652 3039/4839/3039 3046/4850/3046 
f 3039/4839/3039 3038/4838/3038 3042/4843/3042 
f 3042/4843/3042 3046/4850/3046 3039/4839/3039 
f 3047/4851/3047 2908/4631/2908 2901/4620/2901 
f 2901/4620/2901 2900/4619/2900 3047/4851/3047 
f 2900/4619/2900 2899/4618/2899 3048/4852/3048 
f 3048/4852/3048 3047/4851/3047 2900/4619/2900 
f 3048/4852/3048 3049/4853/3049 3050/4854/3050 
f 3050/4854/3050 3047/4851/3047 3048/4852/3048 
f 3047/4851/3047 3050/4854/3050 2744/4357/2744 
f 2744/4357/2744 2908/4631/2908 3047/4851/3047 
f 3051/4855/3051 3052/4856/3052 2890/4857/2890 
f 2890/4857/2890 2903/4858/2903 3051/4855/3051 
f 3051/4859/3051 2903/4623/2903 2512/3996/2512 
f 2512/3996/2512 2748/4366/2748 3051/4859/3051 
f 2748/4366/2748 2746/4365/2746 3053/4860/3053 
f 3053/4860/3053 3051/4859/3051 2748/4366/2748 
f 3051/4859/3051 3053/4860/3053 3054/4861/3054 
f 3054/4861/3054 3052/4862/3052 3051/4859/3051 
f 3055/4863/3055 1447/2302/1447 1446/2301/1446 
f 1446/2301/1446 3056/4864/3056 3055/4863/3055 
f 1446/2299/1446 1370/2169/1370 3057/4865/3057 
f 3057/4865/3057 3056/4866/3056 1446/2299/1446 
f 3056/4864/3056 3057/4867/3057 3054/4868/3054 
f 3054/4868/3054 3058/4869/3058 3056/4864/3056 
f 3058/4869/3058 3049/4853/3049 3055/4863/3055 
f 3055/4863/3055 3056/4864/3056 3058/4869/3058 
f 3059/4870/3059 3048/4852/3048 2899/4618/2899 
f 2899/4618/2899 2906/4629/2906 3059/4870/3059 
f 2906/4629/2906 1451/2306/1451 1450/2305/1450 
f 3059/4870/3059 1450/2305/1450 1447/2302/1447 
f 3059/4870/3059 3055/4863/3055 3049/4853/3049 
f 3049/4853/3049 3048/4852/3048 3059/4870/3059 
f 3060/4871/3060 3053/4872/3053 2746/4359/2746 
f 2746/4359/2746 2745/4358/2745 3060/4871/3060 
f 2745/4358/2745 2744/4357/2744 3050/4854/3050 
f 3050/4854/3050 3060/4871/3060 2745/4358/2745 
f 3060/4871/3060 3050/4854/3050 3049/4853/3049 
f 3049/4853/3049 3058/4869/3058 3060/4871/3060 
f 3058/4869/3058 3054/4868/3054 3053/4872/3053 
f 3053/4872/3053 3060/4871/3060 3058/4869/3058 
f 3061/4873/3061 3052/4874/3052 3054/4875/3054 
f 3054/4875/3054 3057/4865/3057 3061/4873/3061 
f 1365/4876/1365 3061/4877/3061 3057/4878/3057 
f 3057/4878/3057 1370/4879/1370 1365/4876/1365 
f 3061/4877/3061 1365/4876/1365 1368/4880/1368 
f 2891/4601/2891 2890/4600/2890 3052/4881/3052 
f 3052/4881/3052 3061/4877/3061 2891/4601/2891 
f 3062/4882/3062 2495/4883/2495 2494/4884/2494 
f 2494/4884/2494 2975/4885/2975 3062/4882/3062 
f 2975/4729/2975 2974/4728/2974 3063/4886/3063 
f 3063/4886/3063 3062/4887/3062 2975/4729/2975 
f 3062/4888/3062 3063/4889/3063 3064/4890/3064 
f 3064/4890/3064 3065/4891/3065 3062/4888/3062 
f 3065/4891/3065 2496/3976/2496 2495/3975/2495 
f 2495/3975/2495 3062/4888/3062 3065/4891/3065 
f 3066/4892/3066 3063/4886/3063 2974/4728/2974 
f 2974/4728/2974 2982/4736/2982 3066/4892/3066 
f 2982/4736/2982 1655/2604/1655 1654/2603/1654 
f 1654/2603/1654 3066/4892/3066 2982/4736/2982 
f 1654/2602/1654 1653/2601/1653 3067/4893/3067 
f 3067/4893/3067 3066/4894/3066 1654/2602/1654 
f 3067/4895/3067 3064/4890/3064 3063/4889/3063 
f 3063/4889/3063 3066/4896/3066 3067/4895/3067 
f 3068/4897/3068 3067/4895/3067 1653/4715/1653 
f 1653/4715/1653 2966/4714/2966 3068/4897/3068 
f 2966/4898/2966 2965/4721/2965 3069/4899/3069 
f 3069/4899/3069 3068/4900/3068 2966/4898/2966 
f 3068/4900/3068 3069/4899/3069 3070/4901/3070 
f 3070/4901/3070 3071/4902/3071 3068/4900/3068 
f 3071/4903/3071 3064/4890/3064 3067/4895/3067 
f 3067/4895/3067 3068/4897/3068 3071/4903/3071 
f 3072/4904/3072 3073/4905/3073 2500/4906/2500 
f 2500/4906/2500 2499/3979/2499 3072/4904/3072 
f 2499/3979/2499 2496/3976/2496 3065/4891/3065 
f 3065/4891/3065 3072/4904/3072 2499/3979/2499 
f 3072/4904/3072 3065/4891/3065 3064/4890/3064 
f 3064/4890/3064 3071/4903/3071 3072/4904/3072 
f 3071/4903/3071 3070/4907/3070 3073/4905/3073 
f 3073/4905/3073 3072/4904/3072 3071/4903/3071 
f 3074/4908/3074 2971/4725/2971 2505/3989/2505 
f 2505/3989/2505 2504/3988/2504 3074/4908/3074 
f 2504/3988/2504 2500/3987/2500 3073/4909/3073 
f 3073/4909/3073 3074/4908/3074 2504/3988/2504 
f 3074/4908/3074 3073/4909/3073 3070/4910/3070 
f 3070/4910/3070 3075/4911/3075 3074/4908/3074 
f 3075/4911/3075 2959/4704/2959 2971/4725/2971 
f 2971/4725/2971 3074/4908/3074 3075/4911/3075 
f 3076/4912/3076 3069/4913/3069 2965/4914/2965 
f 2965/4914/2965 2968/4915/2968 3076/4912/3076 
f 2968/4915/2968 2950/4694/2950 2960/4705/2960 
f 2960/4705/2960 3076/4912/3076 2968/4915/2968 
f 3076/4912/3076 2960/4705/2960 2959/4704/2959 
f 2959/4704/2959 3075/4911/3075 3076/4912/3076 
f 3075/4911/3075 3070/4910/3070 3069/4913/3069 
f 3069/4913/3069 3076/4912/3076 3075/4911/3075 
f 3077/4916/3077 3078/4917/3078 2374/3782/2374 
f 2374/3782/2374 2382/3798/2382 3077/4916/3077 
f 2382/3797/2382 2381/3796/2381 2399/3831/2399 
f 2399/3831/2399 3077/4918/3077 2382/3797/2382 
f 3077/4918/3077 2399/3831/2399 2388/3812/2388 
f 2388/3812/2388 3079/4919/3079 3077/4918/3077 
f 3079/4919/3079 3080/4920/3080 3078/4921/3078 
f 3081/4922/3081 3082/4923/3082 3083/4924/3083 
f 3083/4924/3083 3084/4925/3084 3081/4922/3081 
f 3081/4926/3081 3084/4927/3084 3080/4920/3080 
f 3080/4920/3080 3079/4919/3079 3081/4926/3081 
f 3079/4919/3079 2388/3812/2388 2387/3811/2387 
f 2387/3811/2387 3081/4926/3081 3079/4919/3079 
f 2387/3810/2387 2184/3809/2184 3082/4923/3082 
f 3082/4923/3082 3081/4922/3081 2387/3810/2387 
f 3085/4928/3085 3086/4929/3086 3087/4930/3087 
f 3087/4930/3087 3088/4931/3088 3085/4928/3085 
f 3088/4932/3088 3083/4933/3083 3082/4934/3082 
f 3082/4934/3082 3085/4935/3085 3088/4932/3088 
f 3085/4935/3085 3082/4934/3082 2184/3436/2184 
f 2184/3436/2184 2183/3435/2183 3085/4935/3085 
f 2183/3434/2183 2182/3433/2182 3086/4929/3086 
f 3086/4929/3086 3085/4928/3085 2183/3434/2183 
f 3086/4929/3086 3089/4936/3089 3090/4937/3090 
f 3090/4937/3090 3087/4930/3087 3086/4929/3086 
f 2186/3440/2186 3089/4936/3089 3086/4929/3086 
f 3086/4929/3086 2182/3433/2182 2186/3440/2186 
f 3089/4936/3089 2186/3440/2186 2188/3442/2188 
f 2188/3442/2188 3091/4938/3091 3089/4936/3089 
f 3091/4938/3091 3092/4939/3092 3090/4937/3090 
f 3090/4937/3090 3089/4936/3089 3091/4938/3091 
f 3093/4940/3093 3094/4941/3094 3092/4942/3092 
f 3092/4942/3092 3091/4943/3091 3093/4940/3093 
f 3091/4943/3091 2188/3445/2188 2190/3444/2190 
f 2190/3444/2190 3093/4940/3093 3091/4943/3091 
f 3093/4940/3093 2190/3444/2190 2192/3449/2192 
f 2192/3449/2192 3095/4944/3095 3093/4940/3093 
f 3095/4944/3095 3096/4945/3096 3094/4941/3094 
f 3094/4941/3094 3093/4940/3093 3095/4944/3095 
f 3097/4946/3097 3098/4947/3098 3099/4948/3099 
f 3099/4948/3099 3100/4949/3100 3097/4946/3097 
f 3100/4950/3100 3096/4945/3096 3095/4944/3095 
f 3095/4944/3095 3097/4951/3097 3100/4950/3100 
f 3097/4951/3097 3095/4944/3095 2192/3449/2192 
f 2192/3449/2192 2196/3455/2196 3097/4951/3097 
f 2196/3454/2196 2195/3453/2195 3098/4947/3098 
f 3098/4947/3098 3097/4946/3097 2196/3454/2196 
f 3101/4952/3101 3099/4953/3099 3098/4954/3098 
f 3098/4954/3098 3102/4955/3102 3101/4952/3101 
f 3102/4955/3102 3098/4954/3098 2195/3461/2195 
f 2195/3461/2195 2200/3460/2200 3102/4955/3102 
f 3103/4956/3103 3102/4955/3102 2200/3460/2200 
f 2200/3460/2200 2199/3459/2199 3103/4956/3103 
f 3103/4956/3103 3104/4957/3104 3101/4952/3101 
f 3101/4952/3101 3102/4955/3102 3103/4956/3103 
f 3105/4958/3105 3106/4959/3106 2351/4960/2351 
f 2351/4960/2351 2356/3746/2356 3105/4958/3105 
f 2356/3746/2356 2355/3745/2355 2364/3763/2364 
f 2364/3763/2364 3105/4958/3105 2356/3746/2356 
f 3105/4961/3105 2364/3770/2364 2366/3769/2366 
f 2366/3769/2366 3107/4962/3107 3105/4961/3105 
f 3107/4963/3107 3108/4964/3108 3106/4959/3106 
f 3106/4959/3106 3105/4958/3105 3107/4963/3107 
f 3109/4965/3109 3110/4966/3110 3104/4957/3104 
f 3104/4957/3104 3103/4956/3103 3109/4965/3109 
f 3103/4956/3103 2199/3459/2199 2352/3740/2352 
f 2352/3740/2352 3109/4965/3109 3103/4956/3103 
f 2352/3740/2352 2351/3739/2351 3106/4967/3106 
f 3106/4967/3106 3109/4965/3109 2352/3740/2352 
f 3106/4967/3106 3108/4968/3108 3110/4966/3110 
f 3110/4966/3110 3109/4965/3109 3106/4967/3106 
f 3111/4969/3111 2372/3783/2372 2374/3782/2374 
f 2374/3782/2374 3078/4917/3078 3111/4969/3111 
f 3078/4917/3078 3080/4970/3080 3112/4971/3112 
f 3111/4972/3111 3112/4973/3112 3108/4968/3108 
f 3107/4962/3107 2366/3769/2366 2372/3778/2372 
f 3113/4974/3113 3114/4975/3114 3115/4976/3115 
f 3115/4976/3115 3116/4977/3116 3113/4974/3113 
f 3113/4974/3113 3116/4977/3116 3117/4978/3117 
f 3117/4978/3117 3118/4979/3118 3113/4974/3113 
f 3118/4980/3118 3080/4981/3080 3084/4982/3084 
f 3084/4925/3084 3083/4924/3083 3114/4975/3114 
f 3114/4975/3114 3113/4974/3113 3084/4925/3084 
f 3119/4983/3119 3120/4984/3120 3115/4985/3115 
f 3115/4985/3115 3114/4986/3114 3119/4983/3119 
f 3119/4983/3119 3114/4986/3114 3083/4933/3083 
f 3083/4933/3083 3088/4932/3088 3119/4983/3119 
f 3119/4987/3119 3088/4931/3088 3087/4930/3087 
f 3087/4930/3087 3121/4988/3121 3119/4987/3119 
f 3121/4988/3121 3122/4989/3122 3120/4990/3120 
f 3120/4990/3120 3119/4987/3119 3121/4988/3121 
f 3123/4991/3123 3124/4992/3124 3122/4989/3122 
f 3122/4989/3122 3121/4988/3121 3123/4991/3123 
f 3121/4988/3121 3087/4930/3087 3090/4937/3090 
f 3090/4937/3090 3123/4991/3123 3121/4988/3121 
f 3123/4991/3123 3090/4937/3090 3092/4939/3092 
f 3092/4939/3092 3125/4993/3125 3123/4991/3123 
f 3125/4993/3125 3126/4994/3126 3124/4992/3124 
f 3124/4992/3124 3123/4991/3123 3125/4993/3125 
f 3127/4995/3127 3128/4996/3128 3126/4997/3126 
f 3126/4997/3126 3125/4998/3125 3127/4995/3127 
f 3125/4998/3125 3092/4942/3092 3094/4941/3094 
f 3094/4941/3094 3127/4995/3127 3125/4998/3125 
f 3094/4941/3094 3096/4945/3096 3129/4999/3129 
f 3129/4999/3129 3127/4995/3127 3094/4941/3094 
f 3128/4996/3128 3127/4995/3127 3129/4999/3129 
f 3129/4999/3129 3130/5000/3130 3128/4996/3128 
f 3131/5001/3131 3132/5002/3132 3133/5003/3133 
f 3133/5003/3133 3134/5004/3134 3131/5001/3131 
f 3134/5004/3134 3130/5000/3130 3129/4999/3129 
f 3129/4999/3129 3131/5001/3131 3134/5004/3134 
f 3131/5001/3131 3129/4999/3129 3096/4945/3096 
f 3096/4945/3096 3100/4950/3100 3131/5001/3131 
f 3100/4950/3100 3099/5005/3099 3132/5002/3132 
f 3132/5002/3132 3131/5001/3131 3100/4950/3100 
f 3135/5006/3135 3136/5007/3136 3115/4985/3115 
f 3115/4985/3115 3120/4984/3120 3135/5006/3135 
f 3137/5008/3137 3135/5009/3135 3120/4990/3120 
f 3120/4990/3120 3122/4989/3122 3137/5008/3137 
f 3135/5010/3135 3137/5011/3137 3138/5012/3138 
f 3138/5012/3138 3139/5013/3139 3135/5010/3135 
f 3139/5013/3139 3140/5014/3140 3136/5015/3136 
f 3136/5015/3136 3135/5010/3135 3139/5013/3139 
f 3141/5016/3141 3142/5017/3142 3138/5018/3138 
f 3138/5018/3138 3137/5008/3137 3141/5016/3141 
f 3137/5008/3137 3122/4989/3122 3124/4992/3124 
f 3124/4992/3124 3141/5016/3141 3137/5008/3137 
f 3141/5016/3141 3124/4992/3124 3126/4994/3126 
f 3126/4994/3126 3143/5019/3143 3141/5016/3141 
f 3141/5020/3141 3143/5021/3143 3144/5022/3144 
f 3144/5022/3144 3142/5023/3142 3141/5020/3141 
f 3145/5024/3145 3146/5025/3146 3147/5026/3147 
f 3147/5026/3147 3148/5027/3148 3145/5024/3145 
f 3148/5027/3148 3133/5028/3133 3132/5029/3132 
f 3132/5029/3132 3145/5024/3145 3148/5027/3148 
f 3145/5024/3145 3132/5029/3132 3099/4953/3099 
f 3099/4953/3099 3101/4952/3101 3145/5024/3145 
f 3101/4952/3101 3104/4957/3104 3146/5025/3146 
f 3146/5025/3146 3145/5024/3145 3101/4952/3101 
f 3149/5030/3149 3150/5031/3150 3144/5032/3144 
f 3144/5032/3144 3143/5033/3143 3149/5030/3149 
f 3143/5033/3143 3126/4997/3126 3128/4996/3128 
f 3128/4996/3128 3149/5030/3149 3143/5033/3143 
f 3149/5030/3149 3128/4996/3128 3130/5000/3130 
f 3130/5000/3130 3151/5034/3151 3149/5030/3149 
f 3149/5030/3149 3151/5034/3151 3152/5035/3152 
f 3152/5035/3152 3150/5031/3150 3149/5030/3149 
f 3153/5036/3153 3154/5037/3154 3140/5014/3140 
f 3140/5014/3140 3139/5013/3139 3153/5036/3153 
f 3139/5013/3139 3138/5012/3138 3142/5038/3142 
f 3142/5038/3142 3153/5036/3153 3139/5013/3139 
f 3153/5036/3153 3142/5038/3142 3144/5039/3144 
f 3144/5039/3144 3150/5040/3150 3153/5036/3153 
f 3150/5040/3150 3152/5041/3152 3154/5037/3154 
f 3154/5037/3154 3153/5036/3153 3150/5040/3150 
f 3155/5042/3155 3156/5043/3156 3157/5044/3157 
f 3157/5044/3157 3158/5045/3158 3155/5042/3155 
f 3158/5045/3158 3140/5014/3140 3154/5037/3154 
f 3154/5037/3154 3155/5042/3155 3158/5045/3158 
f 3155/5042/3155 3154/5037/3154 3152/5041/3152 
f 3152/5041/3152 3159/5046/3159 3155/5042/3155 
f 3159/5047/3159 3160/5048/3160 3156/5049/3156 
f 3156/5049/3156 3155/5050/3155 3159/5047/3159 
f 3161/5051/3161 3151/5034/3151 3130/5000/3130 
f 3130/5000/3130 3134/5004/3134 3161/5051/3161 
f 3134/5004/3134 3133/5003/3133 3162/5052/3162 
f 3162/5052/3162 3161/5051/3161 3134/5004/3134 
f 3161/5053/3161 3162/5054/3162 3160/5048/3160 
f 3160/5048/3160 3159/5047/3159 3161/5053/3161 
f 3159/5055/3159 3152/5035/3152 3151/5034/3151 
f 3151/5034/3151 3161/5051/3161 3159/5055/3159 
f 3163/5056/3163 3164/5057/3164 3165/5058/3165 
f 3165/5058/3165 3166/5059/3166 3163/5056/3163 
f 3166/5059/3166 3108/4968/3108 3112/4973/3112 
f 3112/4973/3112 3163/5056/3163 3166/5059/3166 
f 3163/5060/3163 3112/4971/3112 3080/4970/3080 
f 3118/5061/3118 3117/5062/3117 3164/5063/3164 
f 3167/5064/3167 3117/4978/3117 3116/4977/3116 
f 3116/4977/3116 3168/5065/3168 3167/5064/3167 
f 3116/4977/3116 3115/4976/3115 3136/5066/3136 
f 3136/5066/3136 3168/5065/3168 3116/4977/3116 
f 3168/5067/3168 3136/5015/3136 3140/5014/3140 
f 3140/5014/3140 3158/5045/3158 3168/5067/3168 
f 3158/5068/3158 3157/5069/3157 3167/5070/3167 
f 3167/5070/3167 3168/5071/3168 3158/5068/3158 
f 3166/5059/3166 3165/5058/3165 3169/5072/3169 
f 3169/5072/3169 3147/5026/3147 3146/5025/3146 
f 3146/5025/3146 3104/4957/3104 3110/4966/3110 
f 3110/4966/3110 3108/4968/3108 3166/5059/3166 
f 3170/5073/3170 3171/5074/3171 3172/5075/3172 
f 3172/5075/3172 3173/5076/3173 3170/5073/3170 
f 3173/5076/3173 3147/5026/3147 3169/5072/3169 
f 3169/5072/3169 3170/5073/3170 3173/5076/3173 
f 3170/5073/3170 3169/5072/3169 3165/5058/3165 
f 3165/5058/3165 3174/5077/3174 3170/5073/3170 
f 3174/5077/3174 3157/5078/3157 3171/5074/3171 
f 3171/5074/3171 3170/5073/3170 3174/5077/3174 
f 3167/5079/3167 3157/5078/3157 3174/5077/3174 
f 3174/5077/3174 3165/5058/3165 3164/5057/3164 
f 3164/5057/3164 3175/5080/3175 3174/5077/3174 
f 3175/5081/3175 3164/5063/3164 3117/5062/3117 
f 3117/5062/3117 3167/5070/3167 3175/5081/3175 
f 3176/5082/3176 3156/5049/3156 3160/5048/3160 
f 3160/5048/3160 3177/5083/3177 3176/5082/3176 
f 3177/5083/3177 3172/5075/3172 3171/5074/3171 
f 3171/5074/3171 3176/5082/3176 3177/5083/3177 
f 3171/5074/3171 3157/5078/3157 3156/5049/3156 
f 3156/5049/3156 3176/5082/3176 3171/5074/3171 
f 3178/5084/3178 3162/5054/3162 3133/5028/3133 
f 3133/5028/3133 3148/5027/3148 3178/5084/3178 
f 3148/5027/3148 3147/5026/3147 3173/5076/3173 
f 3173/5076/3173 3178/5084/3178 3148/5027/3148 
f 3178/5084/3178 3173/5076/3173 3172/5075/3172 
f 3172/5075/3172 3177/5083/3177 3178/5084/3178 
f 3177/5083/3177 3160/5048/3160 3162/5054/3162 
f 3162/5054/3162 3178/5084/3178 3177/5083/3177 
f 3179/5085/3179 3180/5086/3180 3181/5087/3181 
f 3181/5087/3181 3182/5088/3182 3179/5085/3179 
f 3181/5087/3181 3183/5089/3183 3184/5090/3184 
f 3184/5090/3184 3182/5088/3182 3181/5087/3181 
f 3182/5088/3182 3184/5090/3184 3/5091/3 
f 3/5091/3 24/30/24 3182/5088/3182 
f 3182/5088/3182 24/30/24 23/29/23 
f 3185/5092/3185 3186/5093/3186 3180/5086/3180 
f 3180/5086/3180 3179/5085/3179 3185/5092/3185 
f 3179/5085/3179 23/29/23 42/57/42 
f 42/57/42 3185/5092/3185 3179/5085/3179 
f 3185/5092/3185 42/57/42 34/46/34 
f 34/46/34 33/45/33 3185/5092/3185 
f 33/45/33 32/44/32 3186/5093/3186 
f 3186/5093/3186 3185/5092/3185 33/45/33 
f 3187/5094/3187 3188/5095/3188 3189/5096/3189 
f 3189/5096/3189 3190/5097/3190 3187/5094/3187 
f 3190/5097/3190 3189/5096/3189 3191/5098/3191 
f 3191/5098/3191 3192/5099/3192 3190/5097/3190 
f 3193/5100/3193 3189/5096/3189 3188/5095/3188 
f 3188/5095/3188 3194/5101/3194 3193/5100/3193 
f 3194/5101/3194 32/44/32 31/42/31 
f 31/42/31 3193/5100/3193 3194/5101/3194 
f 3193/5100/3193 31/42/31 30/41/30 
f 30/41/30 3195/5102/3195 3193/5100/3193 
f 3195/5102/3195 3191/5098/3191 3189/5096/3189 
f 3189/5096/3189 3193/5100/3193 3195/5102/3195 
f 3196/5103/3196 3197/5104/3197 1780/5105/1780 
f 1780/5105/1780 1779/2795/1779 3196/5103/3196 
f 1779/2795/1779 1782/2798/1782 3198/5106/3198 
f 3198/5106/3198 3196/5103/3196 1779/2795/1779 
f 3196/5103/3196 3198/5106/3198 3199/5107/3199 
f 3199/5107/3199 3200/5108/3200 3196/5103/3196 
f 3196/5103/3196 3200/5108/3200 3201/5109/3201 
f 3201/5109/3201 3197/5104/3197 3196/5103/3196 
f 3202/5110/3202 3203/5111/3203 3204/5112/3204 
f 3204/5112/3204 3205/5113/3205 3202/5110/3202 
f 3205/5113/3205 3204/5112/3204 3206/5114/3206 
f 3206/5114/3206 3207/5115/3207 3205/5113/3205 
f 3208/5116/3208 3199/5107/3199 3198/5106/3198 
f 3198/5106/3198 3209/5117/3209 3208/5116/3208 
f 3209/5117/3209 3198/5106/3198 1782/2798/1782 
f 1782/2798/1782 2257/3558/2257 3209/5117/3209 
f 2257/3558/2257 2256/3557/2256 3210/5118/3210 
f 3210/5118/3210 3209/5117/3209 2257/3558/2257 
f 3209/5117/3209 3210/5118/3210 3211/5119/3211 
f 3211/5119/3211 3208/5116/3208 3209/5117/3209 
f 3212/5120/3212 3204/5112/3204 3203/5111/3203 
f 3203/5111/3203 3213/5121/3213 3212/5120/3212 
f 3213/5121/3213 3201/5109/3201 3200/5108/3200 
f 3200/5108/3200 3212/5120/3212 3213/5121/3213 
f 3212/5120/3212 3200/5108/3200 3199/5107/3199 
f 3199/5107/3199 3214/5122/3214 3212/5120/3212 
f 3214/5122/3214 3206/5114/3206 3204/5112/3204 
f 3204/5112/3204 3212/5120/3212 3214/5122/3214 
f 3215/5123/3215 3210/5118/3210 2256/3557/2256 
f 2256/3557/2256 2255/3556/2255 3215/5123/3215 
f 3215/5123/3215 2255/3556/2255 1787/2803/1787 
f 1787/2803/1787 1786/2802/1786 3215/5123/3215 
f 3215/5123/3215 1786/2802/1786 1785/2801/1785 
f 1785/2801/1785 3216/5124/3216 3215/5123/3215 
f 3216/5124/3216 3211/5119/3211 3210/5118/3210 
f 3210/5118/3210 3215/5123/3215 3216/5124/3216 
f 3217/5125/3217 3218/5126/3218 3219/5127/3219 
f 3219/5127/3219 3220/5128/3220 3217/5125/3217 
f 3219/5127/3219 1785/2801/1785 1784/2800/1784 
f 1784/2800/1784 3220/5128/3220 3219/5127/3219 
f 3220/5128/3220 1784/2800/1784 46/5129/46 
f 46/5129/46 3221/5130/3221 3220/5128/3220 
f 3221/5130/3221 3222/5131/3222 3217/5125/3217 
f 3217/5125/3217 3220/5128/3220 3221/5130/3221 
f 3223/5132/3223 3224/5133/3224 3218/5126/3218 
f 3218/5126/3218 3217/5125/3217 3223/5132/3223 
f 3223/5132/3223 3217/5125/3217 3222/5131/3222 
f 3222/5131/3222 3225/5134/3225 3223/5132/3223 
f 3226/5135/3226 3227/5136/3227 3222/5137/3222 
f 3222/5137/3222 3221/5138/3221 3226/5135/3226 
f 3221/5138/3221 46/61/46 45/60/45 
f 45/60/45 3226/5135/3226 3221/5138/3221 
f 3226/5139/3226 45/68/45 52/67/52 
f 52/67/52 3228/5140/3228 3226/5139/3226 
f 3228/5141/3228 3229/5142/3229 3227/5143/3227 
f 3225/5144/3225 3222/5137/3222 3227/5136/3227 
f 3227/5136/3227 3230/5145/3230 3225/5144/3225 
f 3230/5146/3230 3227/5147/3227 3229/5148/3229 
f 3231/5149/3231 3232/5150/3232 3229/5151/3229 
f 3229/5151/3229 3228/5140/3228 3231/5149/3231 
f 3228/5140/3228 52/67/52 2243/3541/2243 
f 2243/3541/2243 3231/5149/3231 3228/5140/3228 
f 3231/5149/3231 2243/3541/2243 2246/3545/2246 
f 2246/3545/2246 3233/5152/3233 3231/5149/3231 
f 3233/5152/3233 3234/5153/3234 3232/5150/3232 
f 3232/5150/3232 3231/5149/3231 3233/5152/3233 
f 3235/5154/3235 3236/5155/3236 3234/5153/3234 
f 3234/5153/3234 3233/5152/3233 3235/5154/3235 
f 3233/5152/3233 2246/3545/2246 2252/3553/2252 
f 2252/3553/2252 3235/5154/3235 3233/5152/3233 
f 3235/5154/3235 2252/3553/2252 2251/3552/2251 
f 2251/3552/2251 3237/5156/3237 3235/5154/3235 
f 3237/5156/3237 3238/5157/3238 3236/5155/3236 
f 3236/5155/3236 3235/5154/3235 3237/5156/3237 
f 3239/5158/3239 3240/5159/3240 2251/3552/2251 
f 2251/3552/2251 2250/3551/2250 3239/5158/3239 
f 2250/5160/2250 1774/2782/1774 1773/2781/1773 
f 1773/2781/1773 3239/5161/3239 2250/5160/2250 
f 3239/5161/3239 1773/2781/1773 1772/2780/1772 
f 1772/2780/1772 3241/5162/3241 3239/5161/3239 
f 3239/5161/3239 3241/5162/3241 3242/5163/3242 
f 3242/5163/3242 3240/5164/3240 3239/5161/3239 
f 3243/5165/3243 3244/5166/3244 3245/5167/3245 
f 3245/5167/3245 3246/5168/3246 3243/5165/3243 
f 3243/5169/3243 3246/5170/3246 3238/5157/3238 
f 3238/5157/3238 3237/5156/3237 3243/5169/3243 
f 3237/5156/3237 2251/3552/2251 3240/5159/3240 
f 3240/5159/3240 3243/5169/3243 3237/5156/3237 
f 3240/5164/3240 3242/5163/3242 3244/5166/3244 
f 3244/5166/3244 3243/5165/3243 3240/5164/3240 
f 3247/5171/3247 3242/5163/3242 3241/5162/3241 
f 3241/5162/3241 3248/5172/3248 3247/5171/3247 
f 3248/5172/3248 3241/5162/3241 1772/2780/1772 
f 1772/2780/1772 2572/4087/2572 3248/5172/3248 
f 2572/4087/2572 2571/4086/2571 3249/5173/3249 
f 3249/5173/3249 3248/5172/3248 2572/4087/2572 
f 3248/5172/3248 3249/5173/3249 3250/5174/3250 
f 3250/5174/3250 3247/5171/3247 3248/5172/3248 
f 3251/5175/3251 3252/5176/3252 3253/5177/3253 
f 3253/5177/3253 3254/5178/3254 3251/5175/3251 
f 3254/5179/3254 3245/5167/3245 3244/5166/3244 
f 3244/5166/3244 3251/5180/3251 3254/5179/3254 
f 3251/5180/3251 3244/5166/3244 3242/5163/3242 
f 3242/5163/3242 3247/5171/3247 3251/5180/3251 
f 3247/5181/3247 3250/5182/3250 3252/5176/3252 
f 3252/5176/3252 3251/5175/3251 3247/5181/3247 
f 3255/5183/3255 3256/5184/3256 3257/5185/3257 
f 3257/5185/3257 3258/5186/3258 3255/5183/3255 
f 3258/5187/3258 3257/5188/3257 55/72/55 
f 55/72/55 54/71/54 3258/5187/3258 
f 3258/5189/3258 54/5190/54 61/112/61 
f 61/112/61 3259/5191/3259 3258/5189/3258 
f 3259/5191/3259 3260/5192/3260 3255/5193/3255 
f 3255/5193/3255 3258/5189/3258 3259/5191/3259 
f 3261/5194/3261 3262/5195/3262 3263/5196/3263 
f 3263/5196/3263 3264/5197/3264 3261/5194/3261 
f 3264/5198/3264 3265/5199/3265 3266/5200/3266 
f 3266/5200/3266 3261/5201/3261 3264/5198/3264 
f 3261/5201/3261 3266/5200/3266 3256/5184/3256 
f 3256/5184/3256 3255/5183/3255 3261/5201/3261 
f 3255/5193/3255 3260/5192/3260 3262/5195/3262 
f 3262/5195/3262 3261/5194/3261 3255/5193/3255 
f 3267/5202/3267 3268/5203/3268 3260/5192/3260 
f 3260/5192/3260 3259/5191/3259 3267/5202/3267 
f 3259/5191/3259 61/112/61 79/111/79 
f 79/111/79 3267/5202/3267 3259/5191/3259 
f 3267/5204/3267 79/109/79 78/108/78 
f 78/108/78 3269/5205/3269 3267/5204/3267 
f 3269/5206/3269 3270/5207/3270 3268/5208/3268 
f 3268/5208/3268 3267/5209/3267 3269/5206/3269 
f 3271/5210/3271 3272/5211/3272 3273/5212/3273 
f 3273/5212/3273 3274/5213/3274 3271/5210/3271 
f 3274/5213/3274 3263/5196/3263 3262/5195/3262 
f 3262/5195/3262 3271/5210/3271 3274/5213/3274 
f 3271/5210/3271 3262/5195/3262 3260/5192/3260 
f 3260/5192/3260 3268/5203/3268 3271/5210/3271 
f 3268/5203/3268 3270/5214/3270 3272/5211/3272 
f 3275/5215/3275 3276/5216/3276 3277/5217/3277 
f 3277/5217/3277 3278/5218/3278 3275/5215/3275 
f 3278/5218/3278 693/1099/693 700/1098/700 
f 3275/5215/3275 700/1098/700 699/1097/699 
f 699/1097/699 2447/3909/2447 3275/5215/3275 
f 3275/5215/3275 2447/3909/2447 2451/3913/2451 
f 2451/3913/2451 3276/5216/3276 3275/5215/3275 
f 3279/5219/3279 3278/5220/3278 3277/5221/3277 
f 3277/5221/3277 3280/5222/3280 3279/5219/3279 
f 3269/5223/3269 3279/5219/3279 3280/5222/3280 
f 3280/5222/3280 3270/5214/3270 3269/5223/3269 
f 3269/5223/3269 78/5224/78 694/1090/694 
f 694/1090/694 3279/5219/3279 3269/5223/3269 
f 3279/5219/3279 694/1090/694 693/1089/693 
f 693/1089/693 3278/5220/3278 3279/5219/3279 
f 3281/5225/3281 3282/5226/3282 3283/5227/3283 
f 3283/5227/3283 3284/5228/3284 3281/5225/3281 
f 3284/5228/3284 3273/5212/3273 3272/5211/3272 
f 3272/5211/3272 3281/5225/3281 3284/5228/3284 
f 3281/5225/3281 3272/5211/3272 3270/5214/3270 
f 3280/5222/3280 3277/5221/3277 3282/5226/3282 
f 3282/5226/3282 3281/5225/3281 3280/5222/3280 
f 3285/5229/3285 3283/5230/3283 3282/5231/3282 
f 3282/5231/3282 3286/5232/3286 3285/5229/3285 
f 3286/5232/3286 3282/5231/3282 3277/5217/3277 
f 3277/5217/3277 3276/5216/3276 3286/5232/3286 
f 3276/5216/3276 2451/3913/2451 3287/5233/3287 
f 3287/5233/3287 3286/5232/3286 3276/5216/3276 
f 3285/5229/3285 3286/5232/3286 3287/5233/3287 
f 3287/5233/3287 3288/5234/3288 3285/5229/3285 
f 3192/5099/3192 3191/5098/3191 3289/5235/3289 
f 3289/5235/3289 3290/5236/3290 3192/5099/3192 
f 3290/5236/3290 3289/5235/3289 3291/5237/3291 
f 3291/5237/3291 3292/5238/3292 3290/5236/3290 
f 3293/5239/3293 3294/5240/3294 3295/5241/3295 
f 3295/5241/3295 3296/5242/3296 3293/5239/3293 
f 3293/5239/3293 2568/4081/2568 2567/4080/2567 
f 2567/4080/2567 3294/5240/3294 3293/5239/3293 
f 3294/5243/3294 2567/4083/2567 2547/4051/2547 
f 2547/4051/2547 2546/4050/2546 3294/5243/3294 
f 2546/5244/2546 2553/5245/2553 3295/5241/3295 
f 3295/5241/3295 3294/5240/3294 2546/5244/2546 
f 3297/5246/3297 3289/5235/3289 3191/5098/3191 
f 3191/5098/3191 3195/5102/3195 3297/5246/3297 
f 3195/5102/3195 30/41/30 2565/4078/2565 
f 2565/4078/2565 3297/5246/3297 3195/5102/3195 
f 3297/5246/3297 2565/4078/2565 2568/4081/2568 
f 2568/4081/2568 3298/5247/3298 3297/5246/3297 
f 3298/5247/3298 3291/5237/3291 3289/5235/3289 
f 3289/5235/3289 3297/5246/3297 3298/5247/3298 
f 2562/5248/2562 3299/5249/3299 3295/5241/3295 
f 3295/5241/3295 2553/5245/2553 2562/5248/2562 
f 2562/5248/2562 1780/5105/1780 3197/5104/3197 
f 3197/5104/3197 3299/5249/3299 2562/5248/2562 
f 3300/5250/3300 3299/5249/3299 3197/5104/3197 
f 3197/5104/3197 3201/5109/3201 3300/5250/3300 
f 3299/5249/3299 3300/5250/3300 3296/5242/3296 
f 3296/5242/3296 3295/5241/3295 3299/5249/3299 
f 3301/5251/3301 3296/5242/3296 3300/5250/3300 
f 3300/5250/3300 3302/5252/3302 3301/5251/3301 
f 3302/5252/3302 3300/5250/3300 3201/5109/3201 
f 3201/5109/3201 3213/5121/3213 3302/5252/3302 
f 3213/5121/3213 3203/5111/3203 3303/5253/3303 
f 3303/5253/3303 3302/5252/3302 3213/5121/3213 
f 3302/5252/3302 3303/5253/3303 3304/5254/3304 
f 3304/5254/3304 3301/5251/3301 3302/5252/3302 
f 3301/5251/3301 3304/5254/3304 3305/5255/3305 
f 3305/5255/3305 3306/5256/3306 3301/5251/3301 
f 3306/5256/3306 3305/5255/3305 3291/5237/3291 
f 3291/5237/3291 3298/5247/3298 3306/5256/3306 
f 3298/5247/3298 2568/4081/2568 3293/5239/3293 
f 3293/5239/3293 3306/5256/3306 3298/5247/3298 
f 3306/5256/3306 3293/5239/3293 3296/5242/3296 
f 3296/5242/3296 3301/5251/3301 3306/5256/3306 
f 3307/5257/3307 3308/5258/3308 3309/5259/3309 
f 3309/5259/3309 3310/5260/3310 3307/5257/3307 
f 3310/5260/3310 3250/5182/3250 3249/5261/3249 
f 3249/5261/3249 3307/5257/3307 3310/5260/3310 
f 3307/5257/3307 3249/5261/3249 2571/5262/2571 
f 2571/5262/2571 2578/5263/2578 3307/5257/3307 
f 2578/5263/2578 2577/4101/2577 3308/5258/3308 
f 3308/5258/3308 3307/5257/3307 2578/5263/2578 
f 3311/5264/3311 3303/5253/3303 3203/5111/3203 
f 3203/5111/3203 3202/5110/3202 3311/5264/3311 
f 3303/5253/3303 3311/5264/3311 3312/5265/3312 
f 3312/5265/3312 3304/5254/3304 3303/5253/3303 
f 3312/5265/3312 3313/5266/3313 3305/5255/3305 
f 3305/5255/3305 3304/5254/3304 3312/5265/3312 
f 3292/5238/3292 3291/5237/3291 3305/5255/3305 
f 3305/5255/3305 3313/5266/3313 3292/5238/3292 
f 3314/5267/3314 3315/5268/3315 3316/5269/3316 
f 3316/5269/3316 3317/5270/3317 3314/5267/3314 
f 3317/5270/3317 3253/5177/3253 3252/5176/3252 
f 3252/5176/3252 3314/5267/3314 3317/5270/3317 
f 3314/5267/3314 3252/5176/3252 3250/5182/3250 
f 3250/5182/3250 3310/5260/3310 3314/5267/3314 
f 3310/5260/3310 3309/5259/3309 3315/5268/3315 
f 3315/5268/3315 3314/5267/3314 3310/5260/3310 
f 3318/5271/3318 3319/5272/3319 3320/5273/3320 
f 3320/5273/3320 3321/5274/3321 3318/5271/3318 
f 3321/5274/3321 3309/5259/3309 3308/5258/3308 
f 3308/5258/3308 3318/5271/3318 3321/5274/3321 
f 3318/5271/3318 3308/5258/3308 2577/4101/2577 
f 2577/4101/2577 2583/4100/2583 3318/5271/3318 
f 2583/4100/2583 2541/4043/2541 3319/5272/3319 
f 3319/5272/3319 3318/5271/3318 2583/4100/2583 
f 3322/5275/3322 3323/5276/3323 3324/5277/3324 
f 3324/5277/3324 3325/5278/3325 3322/5275/3322 
f 3325/5278/3325 3316/5269/3316 3315/5268/3315 
f 3315/5268/3315 3322/5275/3322 3325/5278/3325 
f 3322/5275/3322 3315/5268/3315 3309/5259/3309 
f 3309/5259/3309 3321/5274/3321 3322/5275/3322 
f 3321/5274/3321 3320/5273/3320 3323/5276/3323 
f 3323/5276/3323 3322/5275/3322 3321/5274/3321 
f 3326/5279/3326 3319/5272/3319 2541/4043/2541 
f 2541/4043/2541 2540/4042/2540 3326/5279/3326 
f 2540/4041/2540 55/4040/55 3257/5185/3257 
f 3257/5185/3257 3326/5280/3326 2540/4041/2540 
f 3326/5280/3326 3257/5185/3257 3256/5184/3256 
f 3256/5184/3256 3327/5281/3327 3326/5280/3326 
f 3327/5281/3327 3320/5282/3320 3319/5283/3319 
f 3319/5283/3319 3326/5280/3326 3327/5281/3327 
f 3328/5284/3328 3323/5276/3323 3320/5273/3320 
f 3320/5273/3320 3327/5285/3327 3328/5284/3328 
f 3327/5286/3327 3256/5287/3256 3266/5288/3266 
f 3266/5288/3266 3328/5289/3328 3327/5286/3327 
f 3328/5290/3328 3266/5200/3266 3265/5199/3265 
f 3265/5199/3265 3329/5291/3329 3328/5290/3328 
f 3329/5292/3329 3324/5277/3324 3323/5276/3323 
f 3323/5276/3323 3328/5284/3328 3329/5292/3329 
f 3330/5293/3330 3180/5086/3180 3186/5093/3186 
f 3186/5093/3186 3331/5294/3331 3330/5293/3330 
f 3331/5294/3331 3186/5093/3186 32/44/32 
f 32/44/32 3194/5101/3194 3331/5294/3331 
f 3194/5295/3194 3188/5296/3188 3332/5297/3332 
f 3332/5297/3332 3331/5298/3331 3194/5295/3194 
f 3331/5298/3331 3332/5297/3332 3333/5299/3333 
f 3333/5299/3333 3330/5300/3330 3331/5298/3331 
f 3334/5301/3334 3333/5302/3333 3332/5303/3332 
f 3332/5303/3332 3335/5304/3335 3334/5301/3334 
f 3335/5304/3335 3332/5303/3332 3188/5095/3188 
f 3188/5095/3188 3187/5094/3187 3335/5304/3335 
f 3336/5305/3336 3337/5306/3337 3338/5307/3338 
f 3338/5307/3338 3339/5308/3339 3336/5305/3336 
f 3336/5305/3336 3339/5308/3339 2442/5309/2442 
f 2445/3904/2445 5/5310/5 3340/5311/3340 
f 3340/5311/3340 3336/5312/3336 2445/3904/2445 
f 3340/5311/3340 3341/5313/3341 3337/5314/3337 
f 3337/5314/3337 3336/5312/3336 3340/5311/3340 
f 3342/5315/3342 3343/5316/3343 3344/5317/3344 
f 3345/5318/3345 3344/5319/3344 3183/5089/3183 
f 3345/5320/3345 3181/5321/3181 3180/5322/3180 
f 3180/5322/3180 3330/5323/3330 3345/5320/3345 
f 3330/5300/3330 3333/5299/3333 3342/5324/3342 
f 3342/5324/3342 3345/5325/3345 3330/5300/3330 
f 3346/5326/3346 3340/5327/3340 5/5/5 
f 5/5/5 4/4/4 3346/5326/3346 
f 4/4/4 3/3/3 3184/5328/3184 
f 3346/5326/3346 3184/5328/3184 3183/5329/3183 
f 3346/5330/3346 3347/5331/3347 3341/5313/3341 
f 3341/5313/3341 3340/5311/3340 3346/5330/3346 
f 3348/5332/3348 3349/5333/3349 3350/5334/3350 
f 3350/5334/3350 3351/5335/3351 3348/5332/3348 
f 3351/5335/3351 3338/5307/3338 3337/5306/3337 
f 3337/5306/3337 3348/5332/3348 3351/5335/3351 
f 3348/5332/3348 3337/5306/3337 3341/5336/3341 
f 3341/5336/3341 3352/5337/3352 3348/5332/3348 
f 3352/5337/3352 3353/5338/3353 3349/5333/3349 
f 3349/5333/3349 3348/5332/3348 3352/5337/3352 
f 3352/5339/3352 3341/5313/3341 3347/5331/3347 
f 3347/5331/3347 3354/5340/3354 3352/5339/3352 
f 3354/5340/3354 3347/5331/3347 3183/5341/3183 
f 3183/5341/3183 3344/5342/3344 3354/5340/3354 
f 3344/5317/3344 3343/5316/3343 3355/5343/3355 
f 3355/5343/3355 3354/5344/3354 3344/5317/3344 
f 3354/5344/3354 3355/5343/3355 3353/5338/3353 
f 3353/5338/3353 3352/5337/3352 3354/5344/3354 
f 3356/5345/3356 3357/5346/3357 3211/5119/3211 
f 3211/5119/3211 3216/5124/3216 3356/5345/3356 
f 3216/5124/3216 1785/2801/1785 3219/5127/3219 
f 3219/5127/3219 3356/5345/3356 3216/5124/3216 
f 3356/5345/3356 3219/5127/3219 3218/5126/3218 
f 3218/5126/3218 3358/5347/3358 3356/5345/3356 
f 3358/5347/3358 3359/5348/3359 3357/5346/3357 
f 3357/5346/3357 3356/5345/3356 3358/5347/3358 
f 3360/5349/3360 3207/5115/3207 3206/5114/3206 
f 3206/5114/3206 3361/5350/3361 3360/5349/3360 
f 3361/5350/3361 3359/5348/3359 3362/5351/3362 
f 3362/5351/3362 3360/5349/3360 3361/5350/3361 
f 3363/5352/3363 3362/5351/3362 3359/5348/3359 
f 3359/5348/3359 3358/5347/3358 3363/5352/3363 
f 3358/5347/3358 3218/5126/3218 3224/5133/3224 
f 3224/5133/3224 3363/5352/3363 3358/5347/3358 
f 3364/5353/3364 3357/5346/3357 3359/5348/3359 
f 3359/5348/3359 3361/5350/3361 3364/5353/3364 
f 3364/5353/3364 3361/5350/3361 3206/5114/3206 
f 3206/5114/3206 3214/5122/3214 3364/5353/3364 
f 3364/5353/3364 3214/5122/3214 3199/5107/3199 
f 3199/5107/3199 3208/5116/3208 3364/5353/3364 
f 3208/5116/3208 3211/5119/3211 3357/5346/3357 
f 3357/5346/3357 3364/5353/3364 3208/5116/3208 
f 3365/5354/3365 3288/5234/3288 3287/5233/3287 
f 3287/5233/3287 3366/5355/3366 3365/5354/3365 
f 3366/5355/3366 3287/5233/3287 2451/3913/2451 
f 2451/3913/2451 2449/3911/2449 3366/5355/3366 
f 3366/5355/3366 2449/3911/2449 2450/3912/2450 
f 2450/3912/2450 3367/5356/3367 3366/5355/3366 
f 3367/5356/3367 3368/5357/3368 3365/5354/3365 
f 3365/5354/3365 3366/5355/3366 3367/5356/3367 
f 3369/5358/3369 3370/5359/3370 3371/5360/3371 
f 3372/5361/3372 3371/5362/3371 3338/5307/3338 
f 3338/5307/3338 3351/5335/3351 3372/5361/3372 
f 3351/5335/3351 3350/5334/3350 3373/5363/3373 
f 3373/5363/3373 3372/5361/3372 3351/5335/3351 
f 3372/5364/3372 3373/5365/3373 3374/5366/3374 
f 3374/5366/3374 3369/5358/3369 3372/5364/3372 
f 3375/5367/3375 3376/5368/3376 2450/3912/2450 
f 2450/3912/2450 2448/3910/2448 3375/5367/3375 
f 2448/3910/2448 2442/3900/2442 3339/5369/3339 
f 3375/5367/3375 3339/5369/3339 3338/5370/3338 
f 3371/5360/3371 3370/5359/3370 3376/5368/3376 
f 3376/5368/3376 3375/5367/3375 3371/5360/3371 
f 3377/5371/3377 3370/5359/3370 3369/5358/3369 
f 3369/5358/3369 3378/5372/3378 3377/5371/3377 
f 3369/5358/3369 3374/5366/3374 3379/5373/3379 
f 3379/5373/3379 3378/5372/3378 3369/5358/3369 
f 3378/5372/3378 3379/5373/3379 3380/5374/3380 
f 3380/5374/3380 3377/5371/3377 3378/5372/3378 
f 3381/5375/3381 3382/5376/3382 3368/5357/3368 
f 3368/5357/3368 3367/5356/3367 3381/5375/3381 
f 3367/5356/3367 2450/3912/2450 3376/5368/3376 
f 3376/5368/3376 3381/5375/3381 3367/5356/3367 
f 3381/5375/3381 3376/5368/3376 3370/5359/3370 
f 3370/5359/3370 3377/5371/3377 3381/5375/3381 
f 3377/5371/3377 3380/5374/3380 3382/5376/3382 
f 3382/5376/3382 3381/5375/3381 3377/5371/3377 
f 21/27/21 17/17/17 16/16/16 
f 50/5377/50 51/5378/51 44/5379/44 
f 96/136/96 95/135/95 99/5380/99 
f 100/143/100 99/142/99 105/151/105 
f 110/159/110 109/158/109 17/17/17 
f 94/5381/94 98/5382/98 117/5383/117 
f 118/169/118 117/166/117 98/138/98 
f 136/5384/136 137/5385/137 134/5386/134 
f 142/5387/142 143/203/143 140/206/140 
f 151/217/151 152/270/152 149/215/149 
f 148/211/148 149/212/149 152/218/152 
f 228/1712/228 229/1711/229 226/5388/226 
f 231/328/231 226/331/226 229/5389/229 
f 226/5388/226 233/476/233 234/475/234 
f 199/283/199 282/392/282 285/395/285 
f 198/5390/198 286/5391/286 282/5392/282 
f 311/440/311 312/458/312 309/5393/309 
f 233/476/233 329/473/329 331/474/331 
f 284/394/284 283/393/283 341/497/341 
f 363/560/363 386/1513/386 384/558/384 
f 388/565/388 391/616/391 389/569/389 
f 403/598/403 402/5394/402 401/590/401 
f 400/589/400 422/625/422 426/635/426 
f 439/5395/439 440/657/440 437/660/437 
f 445/666/445 449/1462/449 450/674/450 
f 465/695/465 466/818/466 463/693/463 
f 468/704/468 442/659/442 441/658/441 
f 497/5396/497 498/749/498 494/742/494 
f 510/765/510 506/5397/506 509/764/509 
f 503/768/503 511/5398/511 506/766/506 
f 507/761/507 506/760/506 511/769/511 
f 504/758/504 526/790/526 525/789/525 
f 499/5399/499 498/792/498 526/790/526 
f 525/789/525 526/790/526 498/792/498 
f 533/5400/533 534/5401/534 531/805/531 
f 532/5402/532 531/5403/531 537/5404/537 
f 538/813/538 537/5405/537 539/811/539 
f 540/5406/540 539/5407/539 466/5408/466 
f 469/5409/469 542/5410/542 540/812/540 
f 541/819/541 542/821/542 543/825/543 
f 501/5411/501 545/827/545 440/657/440 
f 544/826/544 546/831/546 547/833/547 
f 561/853/561 562/854/562 559/851/559 
f 563/855/563 564/856/564 559/851/559 
f 574/5412/574 569/5413/569 572/5414/572 
f 575/876/575 576/877/576 569/875/569 
f 582/885/582 581/886/581 580/884/580 
f 590/894/590 589/893/589 532/799/532 
f 597/901/597 598/902/598 595/899/595 
f 597/901/597 596/900/596 603/910/603 
f 565/857/565 564/856/564 605/915/605 
f 606/916/606 605/915/605 564/856/564 
f 608/918/608 605/915/605 606/916/606 
f 627/946/627 623/941/623 626/944/626 
f 616/5415/616 615/929/615 631/953/631 
f 588/956/588 626/957/626 631/954/631 
f 632/5416/632 638/5417/638 621/5418/621 
f 637/966/637 643/982/643 644/983/644 
f 618/935/618 644/986/644 643/5419/643 
f 640/992/640 639/993/639 646/990/646 
f 624/942/624 646/990/646 639/993/639 
f 630/949/630 634/961/634 646/990/646 
f 645/991/645 646/990/646 634/961/634 
f 671/1066/671 670/5420/670 201/5421/201 
f 672/5422/672 669/5423/669 670/5424/670 
f 284/394/284 342/496/342 677/1059/677 
f 679/1057/679 682/5425/682 681/1061/681 
f 671/5426/671 681/1061/681 682/5425/682 
f 200/284/200 285/395/285 681/5427/681 
f 680/1060/680 681/5427/681 285/395/285 
f 690/1101/690 704/1111/704 705/1109/705 
f 769/5428/769 775/1225/775 774/1223/774 
f 493/739/493 815/1282/815 496/744/496 
f 490/5429/490 816/1283/816 815/1281/815 
f 490/5430/490 489/5431/489 823/5432/823 
f 828/1300/828 829/1301/829 826/1298/826 
f 830/1302/830 826/1298/826 829/1301/829 
f 831/1303/831 832/1311/832 826/1298/826 
f 827/1299/827 826/1298/826 832/1311/832 
f 835/1308/835 834/1307/834 838/1316/838 
f 872/1356/872 873/5433/873 870/1354/870 
f 869/5434/869 874/1362/874 870/1354/870 
f 798/5435/798 898/5436/898 897/5437/897 
f 900/1397/900 904/1402/904 903/1401/903 
f 896/1391/896 895/1390/895 903/5438/903 
f 879/1373/879 881/1372/881 906/1405/906 
f 907/1406/907 906/1405/906 908/1407/908 
f 875/1363/875 874/1362/874 910/1411/910 
f 877/1415/877 910/1411/910 874/1362/874 
f 911/1412/911 910/1411/910 907/1417/907 
f 913/1420/913 912/1419/912 911/1412/911 
f 916/1423/916 919/5439/919 914/1421/914 
f 918/5440/918 919/5441/919 916/5442/916 
f 909/1431/909 914/1421/914 919/5439/919 
f 923/1433/923 924/1434/924 920/1429/920 
f 908/1407/908 929/1441/929 922/1432/922 
f 943/5443/943 949/5444/949 948/5445/948 
f 436/5446/436 953/5447/953 952/5448/952 
f 950/1490/950 949/1491/949 952/1482/952 
f 954/1493/954 953/1496/953 436/5449/436 
f 375/544/375 955/1499/955 959/1518/959 
f 973/1536/973 972/1535/972 916/1545/916 
f 984/5450/984 985/5451/985 983/5452/983 
f 915/1422/915 921/1430/921 985/1567/985 
f 980/1558/980 990/1576/990 572/871/572 
f 561/5453/561 568/5454/568 991/5455/991 
f 981/1559/981 991/1577/991 987/5456/987 
f 1007/1604/1007 1006/5457/1006 1008/1602/1008 
f 1009/1603/1009 1011/1606/1011 1010/1605/1010 
f 965/1528/965 1010/1605/1010 1011/1606/1011 
f 964/5458/964 978/5459/978 1010/5460/1010 
f 1007/1600/1007 1010/5461/1010 978/1551/978 
f 1014/1613/1014 1012/1610/1012 1008/1602/1008 
f 230/3272/230 229/5462/229 1069/5463/1069 
f 1071/1713/1071 1069/1708/1069 229/1711/229 
f 1070/1709/1070 1069/1708/1069 1073/1715/1073 
f 1099/1753/1099 1100/1756/1100 1101/1759/1101 
f 1110/1775/1110 1105/1774/1105 1108/5464/1108 
f 1111/1776/1111 1112/2070/1112 1105/1774/1105 
f 1106/1768/1106 1105/1767/1105 1112/5465/1112 
f 1141/1831/1141 1142/1815/1142 1138/1818/1138 
f 1146/1821/1146 1149/1824/1149 1144/1819/1144 
f 1150/1825/1150 1151/1826/1151 1149/1824/1149 
f 1143/1816/1143 1142/1815/1142 1153/1828/1153 
f 1156/5466/1156 1157/1835/1157 1153/1828/1153 
f 1158/5467/1158 1157/1840/1157 1159/1843/1159 
f 1161/1842/1161 1159/1843/1159 1157/1840/1157 
f 1152/1827/1152 1160/5468/1160 1159/1843/1159 
f 1164/1849/1164 1167/1853/1167 1166/1852/1166 
f 1165/1850/1165 1166/1852/1166 1168/1856/1168 
f 1154/1860/1154 1168/1856/1168 1166/1852/1166 
f 1169/1857/1169 1168/1856/1168 1154/1860/1154 
f 1158/1839/1158 1160/1838/1160 1172/1862/1172 
f 1173/1865/1173 1172/1862/1172 1160/1838/1160 
f 1169/1857/1169 1172/1866/1172 1175/1869/1175 
f 601/907/601 1182/1878/1182 592/1881/592 
f 1198/1909/1198 1197/1908/1197 1196/1902/1196 
f 1198/1909/1198 1199/5469/1199 635/962/635 
f 1184/5470/1184 1199/5469/1199 1198/1909/1198 
f 1170/1858/1170 1175/1869/1175 1200/5471/1200 
f 1213/1936/1213 1211/1937/1211 1207/1925/1207 
f 1254/2002/1254 1253/2001/1253 1255/2005/1255 
f 1257/2010/1257 1246/1990/1246 1245/1989/1245 
f 1258/2011/1258 1257/2010/1257 1259/2012/1259 
f 1263/2064/1263 1264/2019/1264 1261/5472/1261 
f 1258/2011/1258 1261/5472/1261 1264/2019/1264 
f 1260/2025/1260 1265/2021/1265 1261/2016/1261 
f 1274/2033/1274 1276/2036/1276 1272/2031/1272 
f 1256/2006/1256 1274/2033/1274 1273/2032/1273 
f 1275/2035/1275 1274/2033/1274 1256/2006/1256 
f 1276/2036/1276 1274/2033/1274 1275/2035/1275 
f 862/1346/862 1277/2037/1277 1101/1759/1101 
f 1275/2035/1275 1277/2037/1277 1278/2038/1278 
f 1270/2029/1270 1283/4544/1283 1282/2042/1282 
f 1250/2003/1250 1282/2042/1282 1283/4544/1283 
f 1263/5473/1263 1281/2065/1281 1290/2066/1290 
f 1291/2063/1291 1294/2069/1294 1264/2019/1264 
f 1299/2076/1299 1298/2075/1298 1293/2077/1293 
f 1315/2100/1315 1312/2097/1312 1313/2098/1313 
f 1310/2095/1310 1319/2104/1319 1318/2103/1318 
f 1315/2100/1315 1330/2116/1330 1328/2114/1328 
f 1314/2099/1314 1332/2118/1332 1330/2116/1330 
f 1352/2148/1352 1351/2147/1351 1359/2155/1359 
f 1367/2166/1367 1366/2165/1366 1372/5474/1372 
f 1375/2177/1375 1386/2191/1386 1389/2194/1389 
f 1387/2192/1387 1386/2191/1386 1390/2195/1390 
f 1152/1827/1152 1151/1826/1151 1404/2219/1404 
f 1150/1825/1150 1385/2190/1385 1409/2230/1409 
f 1174/1868/1174 1407/2223/1407 1413/2242/1413 
f 1415/2250/1415 1416/5475/1416 1413/2240/1413 
f 1419/5476/1419 1420/5477/1420 1417/5478/1417 
f 594/5479/594 1423/5480/1423 1422/5481/1422 
f 1424/2261/1424 1423/5482/1423 594/2259/594 
f 1415/2243/1415 1421/2253/1421 1423/2255/1423 
f 1425/5483/1425 1426/5484/1426 1420/2249/1420 
f 1403/5485/1403 1421/5486/1421 1426/5487/1426 
f 593/2260/593 1183/5488/1183 1427/2266/1427 
f 1194/5489/1194 1416/5475/1416 1427/2266/1427 
f 1397/2207/1397 1425/2264/1425 1428/2272/1428 
f 1408/2226/1408 1430/2277/1430 1418/2247/1418 
f 1384/2200/1384 1393/2199/1393 1430/5490/1430 
f 1429/2273/1429 1430/2277/1430 1393/2198/1393 
f 1400/2214/1400 1431/2278/1431 1434/2281/1434 
f 1371/2288/1371 1437/2289/1437 1436/2286/1436 
f 1438/2290/1438 1443/2295/1443 1439/2291/1439 
f 1445/2298/1445 1369/2297/1369 1370/5491/1370 
f 1483/2351/1483 1484/2352/1484 1480/2348/1480 
f 1481/2349/1481 1480/2348/1480 1484/2352/1484 
f 1485/2364/1485 1489/5492/1489 1488/2362/1488 
f 1491/2367/1491 1488/2368/1488 1489/2365/1489 
f 1503/2384/1503 1502/2383/1502 1507/2388/1507 
f 1401/2215/1401 1434/2281/1434 1508/2389/1508 
f 1497/2378/1497 1508/2389/1508 1434/2281/1434 
f 1521/2407/1521 1522/2408/1522 1519/2405/1519 
f 1518/2443/1518 1517/5493/1517 1541/2441/1541 
f 1542/2442/1542 1541/2441/1541 1534/2437/1534 
f 1580/5494/1580 1581/2492/1581 1579/2491/1579 
f 831/1303/831 1582/2494/1582 1581/2488/1581 
f 831/1303/831 830/1302/830 1584/2493/1584 
f 1582/2494/1582 1584/2493/1584 1585/5495/1585 
f 1578/5496/1578 1588/5497/1588 1586/2503/1586 
f 534/2504/534 1586/2503/1586 1588/5497/1588 
f 533/5498/533 1422/5499/1422 1586/2500/1586 
f 1587/2501/1587 1586/2500/1586 1422/5499/1422 
f 1402/2216/1402 1589/2507/1589 1587/2501/1587 
f 1591/2510/1591 1590/5500/1590 523/5501/523 
f 1593/2512/1593 1590/5500/1590 1591/2510/1591 
f 1568/2474/1568 1567/2473/1567 1594/2514/1594 
f 1595/2515/1595 1594/2514/1594 1567/2473/1567 
f 1577/2483/1577 1594/2514/1594 1597/2517/1597 
f 508/762/508 507/761/507 1601/2521/1601 
f 1583/2498/1583 1593/2513/1593 1603/2524/1603 
f 1602/2522/1602 1605/2528/1605 1597/2517/1597 
f 1608/2533/1608 1607/2532/1607 1580/2487/1580 
f 839/2536/839 838/1315/838 1607/2532/1607 
f 846/5502/846 1615/5503/1615 1614/5504/1614 
f 1611/2537/1611 1614/2540/1614 1615/5505/1615 
f 1619/2546/1619 1620/2573/1620 1618/2545/1618 
f 1616/2542/1616 1622/2550/1622 1621/2549/1621 
f 1609/2534/1609 1623/2551/1623 1621/2549/1621 
f 1626/2554/1626 1627/2555/1627 1624/2552/1624 
f 1483/2360/1483 1613/2539/1613 1627/5506/1627 
f 1624/2552/1624 1627/2555/1627 1613/2557/1613 
f 1689/2656/1689 1693/2657/1693 1692/2653/1692 
f 1697/2667/1697 1698/2944/1698 1695/2665/1695 
f 1720/2706/1720 1719/2705/1719 1721/2711/1721 
f 1722/2712/1722 1721/2711/1721 1723/2713/1723 
f 1732/2724/1732 1731/2723/1731 1237/1986/1237 
f 1734/2726/1734 1731/2723/1731 1732/2724/1732 
f 1530/2421/1530 1742/2737/1742 1741/2736/1741 
f 1736/5507/1736 1735/2743/1735 1741/2736/1741 
f 1747/2962/1747 1748/2747/1748 1745/2749/1745 
f 1733/2725/1733 1758/5508/1758 1757/2762/1757 
f 1794/2818/1794 1797/5509/1797 1798/2827/1798 
f 147/209/147 1800/2833/1800 1798/2832/1798 
f 48/63/48 1789/2819/1789 1802/2836/1802 
f 49/5510/49 1802/2837/1802 1803/2840/1803 
f 1814/2856/1814 1813/2855/1813 1816/2862/1816 
f 1817/2863/1817 1816/2862/1816 1827/5511/1827 
f 1071/1713/1071 1827/2879/1827 1816/2861/1816 
f 1833/5512/1833 1834/2887/1834 1831/2888/1831 
f 1830/2883/1830 1829/2882/1829 1835/2893/1835 
f 1122/2910/1122 1841/2909/1841 1844/5513/1844 
f 1877/2967/1877 1879/2968/1879 1878/2965/1878 
f 1742/2737/1742 1878/2965/1878 1879/2968/1879 
f 1927/5514/1927 1928/3028/1928 1925/3031/1925 
f 1930/3030/1930 1925/3031/1925 1928/3028/1928 
f 1758/2763/1758 1934/3043/1934 1935/3040/1935 
f 1926/5515/1926 1934/3043/1934 1936/3042/1936 
f 1942/3054/1942 1940/3058/1940 1133/5516/1133 
f 1700/3055/1700 1943/3056/1943 1942/3054/1942 
f 1945/3060/1945 1950/3068/1950 1952/3070/1952 
f 1930/3030/1930 1955/3079/1955 1953/3071/1953 
f 1955/3079/1955 1930/3030/1930 1929/3029/1929 
f 1959/3083/1959 1960/3084/1960 1956/3077/1956 
f 1885/2974/1885 1968/3097/1968 1969/3098/1969 
f 1973/3106/1973 1974/3473/1974 1971/3104/1971 
f 1972/3112/1972 1971/3109/1971 1975/3110/1975 
f 2003/3146/2003 2004/3147/2004 2001/3144/2001 
f 1694/2658/1694 2005/3149/2005 2001/3144/2001 
f 2002/3145/2002 2001/3144/2001 2005/3149/2005 
f 2045/3195/2045 2046/3507/2046 2043/3193/2043 
f 2049/5517/2049 2048/3210/2048 1964/3089/1964 
f 1693/2657/1693 2074/3251/2074 2005/3149/2005 
f 1999/3240/1999 2071/3239/2071 2074/3251/2074 
f 1861/2941/1861 1864/2945/1864 2079/3260/2079 
f 1923/3020/1923 1951/3069/1951 2124/3343/2124 
f 2026/3171/2026 2124/3343/2124 2125/3344/2125 
f 2120/3337/2120 2126/3345/2126 2127/3346/2127 
f 1121/1791/1121 2141/3365/2141 2137/5518/2137 
f 2138/5519/2138 2137/5518/2137 2141/3365/2141 
f 2142/5520/2142 2141/3365/2141 2143/3366/2143 
f 2138/3359/2138 2150/3376/2150 2151/3377/2151 
f 1358/2154/1358 2156/3388/2156 2152/3384/2152 
f 2153/3401/2153 2152/3384/2152 2156/3388/2156 
f 2156/3388/2156 2158/3387/2158 2161/3391/2161 
f 2168/3406/2168 2167/3404/2167 1465/2321/1465 
f 1976/3111/1976 1975/3110/1975 2175/3418/2175 
f 2198/3458/2198 2197/3456/2197 1990/3127/1990 
f 2207/3471/2207 2206/3467/2206 1891/2986/1891 
f 2053/3209/2053 2214/3481/2214 1969/3099/1969 
f 2211/3482/2211 2214/3481/2214 2215/3483/2215 
f 1897/2992/1897 2220/3499/2220 2223/3502/2223 
f 1938/3048/1938 2225/3505/2225 2224/3503/2224 
f 2018/5521/2018 2225/5522/2225 1938/5523/1938 
f 2221/3500/2221 2226/3508/2226 2227/3509/2227 
f 2052/5524/2052 2051/5525/2051 2231/5526/2231 
f 1898/2993/1898 2223/3502/2223 2232/3519/2232 
f 1929/3528/1929 1928/3529/1928 2237/3526/2237 
f 2234/3527/2234 2237/3526/2237 2238/3532/2238 
f 2144/3367/2144 2239/3534/2239 2238/3532/2238 
f 50/3542/50 1803/5527/1803 2247/3546/2247 
f 2058/3217/2058 2057/3216/2057 2247/3546/2247 
f 1814/2856/1814 2267/3579/2267 2127/3346/2127 
f 1717/2699/1717 2022/3166/2022 2270/3589/2270 
f 325/5528/325 330/471/330 2271/3591/2271 
f 2082/3264/2082 2271/3591/2271 330/471/330 
f 2085/3269/2085 2272/3592/2272 2271/3591/2271 
f 2080/3262/2080 2273/3594/2273 1862/2942/1862 
f 2139/5529/2139 2151/5530/2151 2274/5531/2274 
f 844/1322/844 2279/3605/2279 2277/3601/2277 
f 2278/3602/2278 2277/3601/2277 2279/3605/2279 
f 2294/3640/2294 2298/3639/2298 2297/3641/2297 
f 2297/3641/2297 2298/3639/2298 835/1308/835 
f 1622/3644/1622 2299/3645/2299 2297/3642/2297 
f 2278/3602/2278 2299/3645/2299 1622/3644/1622 
f 1576/5532/1576 2309/5533/2309 1569/5534/1569 
f 1554/3679/1554 2311/3682/2311 2310/3677/2310 
f 2310/3677/2310 2311/3682/2311 2312/3683/2312 
f 2368/3779/2368 2371/3777/2371 2365/3768/2365 
f 2370/5535/2370 2369/5536/2369 2375/5537/2375 
f 2373/3781/2373 2379/3799/2379 2382/3798/2382 
f 1495/3890/1495 2437/3891/2437 1489/2365/1489 
f 1494/2374/1494 1626/2554/1626 2439/3897/2439 
f 1625/2553/1625 1645/2585/1645 2439/3897/2439 
f 2442/3900/2442 2443/3901/2443 2440/3898/2440 
f 2454/3916/2454 2455/3917/2455 2452/3914/2452 
f 150/213/150 2462/3926/2462 2465/3929/2465 
f 2471/3940/2471 2470/3939/2470 2472/3944/2472 
f 2593/4116/2593 2592/4115/2592 176/245/176 
f 2597/4123/2597 2598/4140/2598 2595/4122/2595 
f 2661/5538/2661 2660/5539/2660 2662/5540/2662 
f 2663/4220/2663 2662/4219/2662 2664/4222/2664 
f 2668/4226/2668 2667/4225/2667 2675/4233/2675 
f 151/217/151 2465/3930/2465 2683/4248/2683 
f 2453/3915/2453 2685/4251/2685 2686/4252/2686 
f 2680/4241/2680 2679/4240/2679 2694/4268/2694 
f 2454/3922/2454 2686/5541/2686 2701/4276/2701 
f 2693/5542/2693 2701/5543/2701 2686/5544/2686 
f 2702/4277/2702 2708/4287/2708 2707/4284/2707 
f 2692/4264/2692 2709/4294/2709 2708/4287/2708 
f 2706/4281/2706 2710/4289/2710 1866/2947/1866 
f 1335/2121/1335 2726/4313/2726 2729/4316/2729 
f 2740/4349/2740 2739/4347/2739 1473/4346/1473 
f 1882/5545/1882 1890/5546/1890 2741/5547/2741 
f 2517/4006/2517 2759/4379/2759 2762/4382/2762 
f 2757/4377/2757 2771/4391/2771 2770/4390/2770 
f 2760/4380/2760 2770/4390/2770 2771/4391/2771 
f 1137/1810/1137 2783/4408/2783 2782/4407/2782 
f 2795/4425/2795 2794/4424/2794 2788/4413/2788 
f 2473/5548/2473 2819/4467/2819 2820/4468/2820 
f 2838/4503/2838 2845/4519/2845 2844/4518/2844 
f 1245/1989/1245 1244/1988/1244 2846/4525/2846 
f 1269/2028/1269 2846/4529/2846 2849/4528/2849 
f 2518/4007/2518 2762/4382/2762 2850/4530/2850 
f 2801/4542/2801 2855/4540/2855 2856/4541/2856 
f 1251/1998/1251 1283/2043/1283 2855/5549/2855 
f 2802/4441/2802 2856/4541/2856 2857/4545/2857 
f 1491/2367/1491 2912/4636/2912 1471/2332/1471 
f 2913/5550/2913 2922/4652/2922 2740/4349/2740 
f 2723/4668/2723 2931/4667/2931 2491/5551/2491 
f 2722/4350/2722 2923/4653/2923 2931/5552/2931 
f 2937/5553/2937 2942/4686/2942 2938/4679/2938 
f 1555/3678/1555 2310/3677/2310 2946/4690/2946 
f 2426/3871/2426 2952/4696/2952 2953/4697/2953 
f 2951/4695/2951 2967/4719/2967 1556/5554/1556 
f 2950/4694/2950 2968/4915/2968 2967/4719/2967 
f 2964/4712/2964 2967/4717/2967 2968/5555/2968 
f 2971/4725/2971 2970/4724/2970 2507/3991/2507 
f 2984/5556/2984 2983/4737/2983 2935/4738/2935 
f 3030/4826/3030 3031/4829/3031 2604/4141/2604 
f 2486/3962/2486 3032/4832/3032 3035/4835/3035 
f 3034/4834/3034 3043/4844/3043 3045/4849/3045 
f 1450/2305/1450 3059/4870/3059 2906/4629/2906 
f 1447/2302/1447 3055/4863/3055 3059/4870/3059 
f 1368/4880/1368 2891/4601/2891 3061/4877/3061 
f 3078/4917/3078 3077/4916/3077 3079/5557/3079 
f 3112/4971/3112 3111/4969/3111 3078/4917/3078 
f 3108/5558/3108 3107/5559/3107 3111/4969/3111 
f 2372/3783/2372 3111/4969/3111 3107/5559/3107 
f 3084/4925/3084 3113/4974/3113 3118/4979/3118 
f 3080/5560/3080 3118/5061/3118 3163/5561/3163 
f 3164/5063/3164 3163/5561/3163 3118/5061/3118 
f 3169/5072/3169 3383/5562/3383 3166/5059/3166 
f 3146/5025/3146 3383/5562/3383 3169/5072/3169 
f 3110/4966/3110 3383/5562/3383 3146/5025/3146 
f 3166/5059/3166 3383/5562/3383 3110/4966/3110 
f 3174/5077/3174 3175/5080/3175 3167/5079/3167 
f 23/29/23 3179/5085/3179 3182/5088/3182 
f 3227/5147/3227 3226/5563/3226 3228/5564/3228 
f 3272/5565/3272 3271/5566/3271 3268/5567/3268 
f 700/1098/700 3275/5215/3275 3278/5218/3278 
f 3270/5214/3270 3280/5222/3280 3281/5225/3281 
f 2442/3905/2442 2445/3904/2445 3336/5312/3336 
f 3344/5319/3344 3345/5318/3345 3342/5568/3342 
f 3183/5089/3183 3181/5087/3181 3345/5318/3345 
f 3184/5328/3184 3346/5326/3346 4/4/4 
f 3183/5341/3183 3347/5331/3347 3346/5330/3346 
f 3371/5360/3371 3372/5364/3372 3369/5358/3369 
f 3339/5369/3339 3375/5367/3375 2448/3910/2448 
f 3338/5307/3338 3371/5362/3371 3375/5569/3375 
s 2
f 3313/5570/3384 3312/5571/3384 3311/5572/3384 
f 3311/5572/3384 3202/5573/3384 3205/5574/3384 
f 3313/5570/3384 3311/5572/3384 3205/5574/3384 
f 3205/5574/3384 3207/5575/3384 3360/5576/3384 
f 3360/5576/3384 3362/5577/3384 3363/5578/3384 
f 3224/5579/3384 3223/5580/3384 3225/5581/3384 
f 3225/5581/3384 3230/5582/3384 3229/5583/3384 
f 3224/5579/3384 3225/5581/3384 3229/5583/3384 
f 3229/5583/3384 3232/5584/3384 3234/5585/3384 
f 3224/5579/3384 3229/5583/3384 3234/5585/3384 
f 3363/5578/3384 3224/5579/3384 3234/5585/3384 
f 3363/5578/3384 3234/5585/3384 3236/5586/3384 
f 3360/5576/3384 3363/5578/3384 3236/5586/3384 
f 3360/5576/3384 3236/5586/3384 3238/5587/3384 
f 3205/5574/3384 3360/5576/3384 3238/5587/3384 
f 3205/5574/3384 3238/5587/3384 3246/5588/3384 
f 3313/5570/3384 3205/5574/3384 3246/5588/3384 
f 3292/5589/3384 3313/5570/3384 3246/5588/3384 
f 3290/5590/3384 3292/5589/3384 3246/5588/3384 
f 3290/5590/3384 3246/5588/3384 3245/5591/3384 
f 3192/5592/3384 3290/5590/3384 3245/5591/3384 
f 3192/5592/3384 3245/5591/3384 3254/5593/3384 
f 3253/5594/3384 3317/5595/3384 3316/5596/3384 
f 3316/5596/3384 3325/5597/3384 3324/5598/3384 
f 3253/5594/3384 3316/5596/3384 3324/5598/3384 
f 3265/5599/3384 3264/5600/3384 3263/5601/3384 
f 3263/5601/3384 3274/5602/3384 3273/5603/3384 
f 3265/5599/3384 3263/5601/3384 3273/5603/3384 
f 3284/5604/3384 3283/5605/3384 3285/5606/3384 
f 3285/5606/3384 3288/5607/3384 3365/5608/3384 
f 3285/5606/3384 3365/5608/3384 3368/5609/3384 
f 3284/5604/3384 3285/5606/3384 3368/5609/3384 
f 3273/5603/3384 3284/5604/3384 3368/5609/3384 
f 3380/5610/3384 3379/5611/3384 3374/5612/3384 
f 3373/5613/3384 3350/5614/3384 3349/5615/3384 
f 3374/5612/3384 3373/5613/3384 3349/5615/3384 
f 3380/5610/3384 3374/5612/3384 3349/5615/3384 
f 3382/5616/3384 3380/5610/3384 3349/5615/3384 
f 3368/5609/3384 3382/5616/3384 3349/5615/3384 
f 3273/5603/3384 3368/5609/3384 3349/5615/3384 
f 3355/5617/3384 3343/5618/3384 3342/5619/3384 
f 3353/5620/3384 3355/5617/3384 3342/5619/3384 
f 3349/5615/3384 3353/5620/3384 3342/5619/3384 
f 3273/5603/3384 3349/5615/3384 3342/5619/3384 
f 3265/5599/3384 3273/5603/3384 3342/5619/3384 
f 3329/5621/3384 3265/5599/3384 3342/5619/3384 
f 3342/5619/3384 3333/5622/3384 3334/5623/3384 
f 3334/5623/3384 3335/5624/3384 3187/5625/3384 
f 3342/5619/3384 3334/5623/3384 3187/5625/3384 
f 3329/5621/3384 3342/5619/3384 3187/5625/3384 
f 3324/5598/3384 3329/5621/3384 3187/5625/3384 
f 3324/5598/3384 3187/5625/3384 3190/5626/3384 
f 3253/5594/3384 3324/5598/3384 3190/5626/3384 
f 3254/5593/3384 3253/5594/3384 3190/5626/3384 
f 3192/5592/3384 3254/5593/3384 3190/5626/3384 
# 6762 faces

