# 3ds Max Wavefront OBJ Exporter v0.99 - (c)2007 guruware
# File Created: 25.04.2025 18:47:38

mtllib AlaIzquierda.mtl

#
# object AlaIzquierda
#

v  -3.6517 3.5598 5.2412
v  -3.5007 2.8086 4.2600
v  -3.3057 2.4316 4.6027
v  -3.3932 3.2311 5.5626
v  -3.4487 3.9405 6.5076
v  -3.7492 4.2792 6.1891
v  -4.0132 4.5427 5.9161
v  -3.8827 3.8107 4.9633
v  -3.7497 3.0332 4.0142
v  -3.7752 4.8507 7.0633
v  -3.7692 5.2744 7.7909
v  -4.1217 5.6975 7.5415
v  -4.0842 5.1873 6.8034
v  -3.4497 4.4324 7.3497
v  -3.4192 4.7709 8.0448
v  -2.8822 4.0535 7.6244
v  -2.9162 3.5526 6.8653
v  -1.8032 3.6486 6.7827
v  -1.7507 4.1067 7.5746
v  -1.7747 4.1538 8.2839
v  -2.8307 4.3661 8.2526
v  -2.7212 2.2506 4.8627
v  -1.7342 2.4314 4.7397
v  -1.8017 2.9992 5.8340
v  -2.8372 2.9475 5.8923
v  2.1078 1.7771 5.3045
v  2.7183 1.3687 5.3193
v  2.9868 1.9095 6.1522
v  2.2978 2.3083 6.2179
v  1.2553 2.7902 6.3632
v  1.1443 2.2505 5.3772
v  1.0393 1.6751 4.3480
v  1.9178 1.1809 4.3174
v  2.4693 0.7736 4.3582
v  -0.2957 2.8823 5.5161
v  -0.3207 2.2628 4.4747
v  -0.2332 3.5155 6.5095
v  -3.0002 -1.4644 0.3946
v  -2.8227 -0.9280 1.0344
v  -3.4037 -0.6859 1.3191
v  -3.4572 -1.1407 0.6018
v  -3.8142 -0.3556 1.4442
v  -3.9067 -0.8209 0.6434
v  -0.2122 -0.4119 0.0975
v  -1.1347 -0.4367 0.3941
v  -1.0812 -0.8398 -0.7200
v  -0.2687 -0.8481 -0.8639
v  0.5303 -1.0349 -0.9974
v  0.6973 -0.7405 0.0714
v  0.7668 -0.6189 0.4337
v  -0.1917 -0.2193 0.5379
v  -1.2647 0.1148 0.4679
v  3.9183 -2.8232 -0.2162
v  3.7943 -3.1208 -1.4999
v  4.1813 -3.2667 -1.4020
v  4.2903 -2.9791 -0.2038
v  4.3953 -2.8111 0.1493
v  4.0413 -2.6404 0.1898
v  3.6968 -2.4606 0.2287
v  3.5568 -2.6487 -0.2182
v  3.4308 -2.9311 -1.6400
v  1.3308 -1.0335 -0.0090
v  1.0888 -1.3126 -1.0353
v  1.5013 -1.6563 -1.0733
v  1.7568 -1.3232 -0.0483
v  1.8798 -1.2306 0.3277
v  1.4383 -0.9369 0.3530
v  -1.7857 -0.8011 0.7522
v  -2.2832 -1.2786 0.9365
v  -1.9002 -1.5322 -0.0885
v  -1.5482 -1.1464 -0.2977
v  -2.0912 -0.3665 0.7767
v  -2.1082 -1.8689 0.0409
v  -2.5532 -1.7220 0.1156
v  -1.0227 5.3878 3.1537
v  -0.4672 4.8611 3.3852
v  -0.6072 4.3107 2.3589
v  -1.1232 4.8603 2.1142
v  -1.7777 5.2022 1.9147
v  -1.6012 5.8455 2.8435
v  -1.4362 6.4415 3.7936
v  -0.9417 5.8953 4.1903
v  -0.3097 5.3999 4.3941
v  0.6753 5.3986 5.3847
v  0.8903 5.8682 6.0150
v  1.6598 5.4435 6.0524
v  1.4468 4.9847 5.4055
v  1.2318 4.5025 4.5013
v  0.4688 4.9090 4.4950
v  -0.1432 5.8706 5.2954
v  0.0153 6.2916 5.9830
v  -0.8517 6.3656 5.1101
v  -1.2922 6.9674 4.6436
v  -1.1117 7.5035 5.1866
v  -0.6392 6.8690 5.7097
v  -2.4907 5.8104 2.7437
v  -3.2772 5.3521 2.9544
v  -3.1682 6.1228 3.7585
v  -2.3137 6.4791 3.6364
v  -2.6627 5.1211 1.8997
v  -3.3657 4.5855 2.2308
v  -5.5497 11.7014 12.7286
v  -5.9017 11.7856 12.4921
v  -5.6442 10.7298 11.8466
v  -5.2197 10.5533 12.1046
v  -4.7397 10.4469 12.3008
v  -5.1382 11.6579 12.9068
v  -5.6032 12.7254 13.6717
v  -5.9847 12.7512 13.4710
v  -6.2517 12.8026 13.1977
v  -2.7717 4.5852 8.7054
v  -1.7547 4.2658 8.7357
v  -1.6912 4.4476 9.0382
v  -2.6797 4.8042 9.0541
v  -3.3162 5.2291 8.9447
v  -3.3702 5.0232 8.5394
v  -2.5687 5.0476 9.3812
v  -1.6012 4.6900 9.2858
v  -1.5092 5.0279 9.4334
v  -2.4562 5.3624 9.6134
v  -3.1627 5.7141 9.6479
v  -3.2412 5.4553 9.3399
v  -3.7772 5.7542 8.7057
v  -3.7647 5.5554 8.2988
v  -4.1777 6.2586 8.4333
v  -4.1537 6.0219 8.0476
v  -3.7952 5.9486 9.1221
v  -3.8137 6.1696 9.4748
v  -4.2777 6.7439 9.1635
v  -4.2152 6.4874 8.8175
v  -0.1657 3.8324 7.4482
v  1.4103 3.2435 7.2796
v  1.3678 3.0876 8.1675
v  -0.2367 3.6373 8.2928
v  -0.2732 3.6588 8.8172
v  1.2873 3.0485 8.7697
v  1.2783 3.2886 9.1368
v  -0.2412 3.8885 9.1154
v  -0.1737 4.2088 9.2436
v  1.3258 3.6625 9.2812
v  1.3863 4.0470 9.2835
v  -0.1102 4.5650 9.2775
v  2.5108 2.7200 7.0326
v  3.2608 2.2814 6.8441
v  3.3598 2.2722 7.5787
v  2.5623 2.6862 7.8523
v  11.6943 -0.0170 7.3023
v  11.3753 -0.1555 7.0346
v  11.6518 0.3043 6.5635
v  11.9718 0.5259 6.8347
v  12.1078 0.6958 7.0817
v  11.8258 0.1594 7.5458
v  11.1608 0.0169 7.8906
v  11.0423 -0.1294 7.6655
v  10.9818 -0.1996 7.3634
v  11.7248 0.6288 7.9621
v  11.3913 0.4288 8.1348
v  11.2838 0.2078 8.0465
v  11.8858 0.3607 7.7607
v  12.1163 0.8653 7.3517
v  11.9268 1.0417 7.6742
v  10.8423 0.6555 6.2469
v  10.9348 0.2462 6.4523
v  10.1488 0.2192 6.2864
v  10.1808 0.4400 5.9952
v  10.0143 0.7770 5.9022
v  10.5863 1.0221 6.1803
v  11.0913 1.2437 6.2821
v  11.5028 0.8183 6.2980
v  -0.9942 7.8431 5.4701
v  -0.4957 7.2339 6.0391
v  -0.9532 8.1020 5.6976
v  -0.3842 7.5318 6.1894
v  0.2853 6.9993 6.4535
v  0.0998 6.6285 6.3996
v  6.6548 0.6514 6.9240
v  6.3218 0.0364 6.1375
v  6.8688 -0.2314 6.0950
v  7.2873 0.3640 6.8626
v  7.6048 0.5862 7.6784
v  6.8288 0.8150 7.8120
v  6.1648 1.1303 7.8577
v  6.0593 0.9396 6.9653
v  5.7828 0.3180 6.1634
v  6.9673 0.8855 8.4151
v  7.7918 0.6425 8.2485
v  7.9648 0.8120 8.5921
v  7.1348 1.1109 8.7614
v  6.4108 1.3716 8.8734
v  6.2618 1.1300 8.5127
v  5.0653 4.8412 6.4444
v  5.3328 5.3009 6.6582
v  6.1333 4.6285 6.7616
v  5.8543 4.2682 6.5397
v  5.5193 3.8512 6.5411
v  4.7773 4.3798 6.4595
v  4.2033 4.8534 6.4003
v  4.4083 5.3361 6.4315
v  4.5868 5.7932 6.7069
v  5.4358 5.4810 7.1937
v  5.3348 5.3249 7.7011
v  6.1483 4.6297 7.5751
v  6.2033 4.7164 7.1771
v  4.6888 6.0179 7.2526
v  4.6273 5.8951 7.8113
v  5.0013 4.7739 8.3903
v  5.1958 5.0825 8.0700
v  4.4933 5.6363 8.2023
v  4.3288 5.3447 8.5350
v  5.8458 4.1370 8.2440
v  6.0158 4.4166 7.9063
v  -0.3627 7.7936 6.4224
v  -0.9857 8.3868 6.0180
v  -1.0647 8.6265 6.3921
v  -0.4057 8.0003 6.7162
v  0.3933 7.4818 6.8952
v  0.3808 7.2903 6.6288
v  -0.4752 8.1471 7.0294
v  -0.5197 8.2207 7.3890
v  0.2888 7.5814 7.5152
v  0.3513 7.5800 7.1947
v  -1.1507 8.8243 6.8025
v  -1.1822 8.9753 7.2396
v  -4.9467 9.3701 11.5449
v  -5.4117 9.6568 11.2288
v  -5.0732 8.7502 10.6115
v  -4.5642 8.3868 10.8861
v  -3.9272 8.1615 11.0094
v  -4.3717 9.2062 11.7339
v  -3.8242 9.1371 11.8073
v  -3.3132 8.0410 11.0101
v  -2.3817 7.7714 11.0781
v  -2.8947 8.9029 11.9486
v  -3.3767 10.1222 12.7846
v  -4.2637 10.4039 12.4605
v  -1.1607 8.2775 12.3132
v  -0.7722 7.1806 11.2990
v  0.8918 6.2399 11.7914
v  0.6458 7.2478 12.9877
v  0.3503 8.3343 14.1999
v  -1.5722 9.4269 13.3416
v  2.2668 6.4584 13.5177
v  2.4058 5.5945 12.1481
v  3.5633 5.0792 12.4471
v  3.5498 5.9160 13.8923
v  3.4278 6.8285 15.3701
v  2.0608 7.4383 14.8951
v  13.1868 3.2328 15.3388
v  14.1033 4.0485 17.3811
v  14.1563 3.6901 17.4032
v  12.7518 2.4272 13.1529
v  12.5373 2.7086 13.1397
v  12.2713 2.8665 13.1173
v  12.9428 3.3731 15.3870
v  13.9478 4.3296 17.3970
v  6.2208 6.5425 13.5427
v  7.5173 5.7253 13.8574
v  6.9718 5.2377 12.1827
v  5.7778 5.9092 12.0983
v  4.7018 6.4256 12.0794
v  4.9808 7.1057 13.3960
v  5.1798 7.8467 14.7957
v  6.5518 7.2767 15.0485
v  8.0163 6.4957 15.4950
v  -0.8082 10.2514 11.4159
v  -0.7477 9.5012 10.5207
v  -1.6217 10.2083 10.1091
v  -1.7887 10.9129 10.9081
v  -2.0372 11.7820 11.6966
v  -0.9547 11.1413 12.2833
v  0.1908 10.5621 12.7551
v  0.2578 9.7124 11.7800
v  0.2048 8.9284 10.8175
v  8.3073 3.9559 14.9211
v  8.6228 4.9326 16.7015
v  7.3553 5.3640 16.4215
v  7.1878 4.4066 14.7015
v  7.0678 3.7380 12.8528
v  8.1378 3.4923 12.9097
v  9.2978 3.0051 13.0525
v  9.5838 3.4124 15.1782
v  10.0213 4.3104 17.1061
v  -2.5227 12.0294 9.9401
v  -2.2947 11.3802 9.3004
v  -3.6057 11.8207 8.9523
v  -3.7927 12.5078 9.3924
v  -4.0317 13.3545 9.9450
v  -2.8332 12.8369 10.6385
v  11.4538 1.5248 7.9550
v  11.8043 1.4227 7.4965
v  11.4978 1.7802 7.4105
v  11.2613 1.8448 7.8601
v  11.0693 1.9519 8.3195
v  11.2173 1.6827 8.4521
v  11.2683 1.4439 8.5784
v  11.4993 1.2425 8.0766
v  7.3028 1.4176 8.9686
v  8.1528 1.0794 8.8330
v  8.3278 1.4223 8.9006
v  7.4413 1.7356 9.0468
v  6.6858 2.0657 9.0714
v  6.5608 1.7180 9.0344
v  -0.5522 8.1191 7.8156
v  -1.1287 9.0083 7.7530
v  -1.1692 8.8638 8.1838
v  -0.5307 8.0585 8.2234
v  0.2273 7.4348 8.1905
v  0.2003 7.4303 7.8405
v  -0.6962 8.7906 9.6357
v  -0.5912 8.3178 8.8834
v  -1.3087 9.0869 8.7225
v  -1.4617 9.5569 9.3398
v  0.1383 8.1698 9.8398
v  0.1523 7.6603 8.9832
v  -3.8652 6.4264 9.6988
v  -3.1537 5.9556 9.8135
v  -3.2662 6.3702 10.0017
v  -3.9772 6.8487 9.9174
v  -4.5332 7.4780 9.7133
v  -4.3782 7.0599 9.4322
v  -4.2147 7.5355 10.3175
v  -3.5292 7.1854 10.3830
v  -4.7597 8.0413 10.0996
v  -2.4167 5.6907 9.7516
v  -1.4622 5.4374 9.5220
v  -1.5442 6.0351 9.7301
v  -2.5257 6.1923 9.9347
v  -2.8472 7.0421 10.3358
v  -1.8877 6.8144 10.3051
v  -0.0632 4.9506 9.3073
v  1.4188 4.3415 9.3673
v  1.3473 4.6919 9.7878
v  -0.1142 5.4880 9.6302
v  -0.3977 6.2163 10.3795
v  1.1378 5.3340 10.6691
v  2.6853 3.8990 9.5463
v  3.6438 3.4926 9.8207
v  3.6863 3.8698 10.1275
v  2.6698 4.2447 9.9329
v  2.6323 3.6123 9.4245
v  3.5583 3.1936 9.7364
v  2.5388 4.7938 10.9002
v  3.6013 4.3272 11.1444
v  11.2373 1.7950 8.8474
v  11.0613 2.0312 8.7206
v  11.2698 2.1801 9.4812
v  11.4618 1.9456 9.5761
v  11.5448 1.6834 9.6226
v  11.3128 1.5435 8.9379
v  11.9698 2.2909 11.0961
v  11.7368 2.5155 11.0278
v  12.0163 1.9988 11.1628
v  4.9883 4.7492 8.8740
v  4.2503 5.2245 9.0157
v  4.3548 5.4699 9.7038
v  5.1018 4.9272 9.5859
v  6.0303 4.3448 9.4293
v  5.8663 4.1657 8.7158
v  6.4328 4.7348 10.6481
v  5.3678 5.3123 10.7327
v  4.4613 5.8093 10.8114
v  -0.5097 8.1335 8.4910
v  -1.2262 8.8671 8.4198
v  0.2128 7.4835 8.4917
v  -2.0937 10.7832 8.6883
v  -1.9322 10.3103 8.1810
v  -3.2202 10.7883 8.0052
v  -3.4052 11.2573 8.4525
v  -11.8872 19.9086 14.3929
v  -11.8007 20.0229 14.6068
v  -11.9447 19.8919 14.6195
v  -12.0672 19.7740 14.4672
v  -12.1702 19.7905 14.2876
v  -12.0552 19.9030 14.1920
v  -11.8567 20.1541 14.1295
v  -11.7062 20.1564 14.3625
v  -11.5992 20.2708 14.5983
v  -12.5412 20.4955 14.1896
v  -12.6277 20.2493 14.4150
v  -12.5187 20.4613 14.5038
v  -12.4322 20.6677 14.4056
v  -12.2032 21.0355 14.2824
v  -12.2817 20.8371 14.0441
v  -12.2307 20.5597 13.8892
v  -12.5037 20.2369 14.0100
v  -12.6037 19.9921 14.2944
v  -12.3047 20.7699 14.6185
v  -12.4532 20.4679 14.6957
v  -12.2957 20.5222 14.8419
v  -12.1462 20.7621 14.8165
v  -11.9012 21.1208 14.7735
v  -12.0687 21.1364 14.5304
v  -11.7617 20.1536 14.8265
v  -11.5227 20.4446 14.8274
v  -11.5487 20.6798 15.0240
v  -11.8312 20.3570 14.9874
v  -12.1192 20.0965 14.9014
v  -12.0082 19.9288 14.7663
v  -11.4562 20.4795 14.3781
v  -11.3602 20.6044 14.6104
v  -11.5942 20.5042 14.1370
v  -11.2567 20.7823 14.1554
v  -11.1492 20.7593 14.4235
v  -11.0202 20.8138 14.6772
v  -11.7297 20.6533 13.9011
v  -12.0452 20.2813 13.8943
v  -11.8702 20.9249 13.7461
v  -11.4192 21.2167 13.7114
v  -11.3577 20.9539 13.9179
v  -11.9327 21.2631 13.8721
v  -11.8772 21.5122 14.1407
v  -11.3812 21.8785 14.0246
v  -11.4457 21.6014 13.7412
v  -11.7237 21.5839 14.4438
v  -11.5532 21.5281 14.7251
v  -11.1132 21.8548 14.6838
v  -11.2532 21.9460 14.3702
v  -11.3822 21.3313 14.9448
v  -11.7157 20.9525 14.9699
v  -11.2437 21.0372 15.0134
v  -10.9182 21.3228 15.0328
v  -10.9882 21.6221 14.9066
v  -11.2547 20.7856 14.8224
v  -10.9217 20.9854 14.9613
v  -10.8097 20.7928 14.5018
v  -10.7172 20.8376 14.8156
v  -10.8962 20.8486 14.2055
v  -10.5597 20.8160 14.2847
v  -10.5087 20.7678 14.6040
v  -10.4317 20.8661 14.9014
v  -10.9457 21.0260 13.9425
v  -10.9482 21.3080 13.7659
v  -10.5312 21.2961 13.8674
v  -10.5647 20.9894 13.9962
v  -10.8972 21.6676 13.7813
v  -10.8157 21.9515 14.0212
v  -10.3522 21.8701 14.1162
v  -10.4492 21.6169 13.9111
v  -10.7187 22.0265 14.3653
v  -10.6292 21.9338 14.6768
v  -10.2082 21.9477 14.7432
v  -10.2627 22.0238 14.4158
v  -10.5772 21.4284 15.0462
v  -10.5787 21.7217 14.9180
v  -10.2492 21.4308 15.1082
v  -10.2057 21.7301 14.9855
v  -10.6392 21.0943 15.0386
v  -10.3447 21.1102 15.1070
v  -10.2737 20.9401 11.6035
v  -9.8567 20.8780 11.8438
v  -10.0617 20.8040 12.1087
v  -10.4607 20.8707 11.8789
v  -10.8237 20.9601 11.6838
v  -10.6242 21.0373 11.3699
v  -10.3902 21.2360 11.3162
v  -10.1107 21.1806 11.4266
v  -9.6777 21.1059 11.6470
v  -9.9252 20.6029 12.7054
v  -9.5927 20.5314 12.9563
v  -9.7247 20.8249 13.2161
v  -10.0052 20.9676 12.9123
v  -10.3982 21.0440 12.6269
v  -10.3177 20.6878 12.4234
v  -9.6417 20.7467 12.4051
v  -9.2747 20.6474 12.7051
v  -10.0432 21.2918 13.0340
v  -9.7232 21.1944 13.3140
v  -9.5602 21.5469 13.2125
v  -9.9212 21.6364 12.9550
v  -10.4342 21.3657 12.7465
v  -10.3512 21.7145 12.7130
v  -9.7392 21.8578 12.7677
v  -9.3827 21.8206 13.0799
v  -9.1557 21.9689 12.8696
v  -9.5407 21.9635 12.5356
v  -9.9522 22.0620 12.2695
v  -10.1752 21.9865 12.5465
v  -9.3407 21.9205 12.2713
v  -8.9002 21.9343 12.5908
v  -8.7222 21.6864 12.3517
v  -9.1862 21.7256 12.0324
v  -9.6147 21.7998 11.7270
v  -9.7417 22.0507 11.9671
v  -9.1317 21.3918 11.8934
v  -8.6667 21.3201 12.2193
v  -8.8787 21.0181 12.3870
v  -9.2457 21.0482 11.9693
v  -9.5932 21.4562 11.6115
v  -9.4417 20.8624 12.1784
v  -9.0722 20.8396 12.5565
v  -10.2727 20.9421 14.0475
v  -10.2752 20.7880 14.3694
v  -10.2282 21.2649 13.9176
v  -9.9722 21.2561 13.9447
v  -10.0187 20.9299 14.0881
v  -10.0117 20.7703 14.4205
v  -10.1387 21.5947 13.9707
v  -9.8717 21.6048 13.9817
v  -10.0312 21.8748 14.1611
v  -9.7562 21.8781 14.2081
v  -9.9412 22.0447 14.4812
v  -9.8947 21.9532 14.8317
v  -9.6152 21.9361 14.9133
v  -9.6617 22.0590 14.5431
v  -9.9032 21.7090 15.0666
v  -9.9627 21.4037 15.1938
v  -9.6822 21.3323 15.2998
v  -9.6217 21.6626 15.1599
v  -10.0662 21.0777 15.1902
v  -10.1507 20.8396 14.9876
v  -9.8937 20.7110 15.0618
v  -9.7952 20.9708 15.2858
v  -10.2302 20.7414 14.6991
v  -9.9622 20.6762 14.7445
v  -9.7847 20.9563 14.0714
v  -9.7107 21.3091 13.9504
v  -9.4622 21.3641 13.9475
v  -9.5597 20.9920 14.0212
v  -9.5402 20.6423 14.2402
v  -9.7392 20.7442 14.4031
v  -9.5672 21.0856 13.5156
v  -9.5742 20.6689 13.3875
v  -9.5037 20.4493 13.5593
v  -9.5017 21.0054 13.6466
v  -9.2332 21.3979 13.6509
v  -9.3422 21.4703 13.4539
v  -9.1052 21.6896 13.8667
v  -9.3132 21.6848 13.9857
v  -9.1292 21.8597 14.2212
v  -8.8747 21.8462 14.0578
v  -8.6582 21.8517 13.7092
v  -9.0247 21.7019 13.6556
v  -9.2452 21.3536 13.8586
v  -9.5827 21.6449 14.0079
v  -9.4422 21.8883 14.2430
v  -9.1422 21.7739 13.3932
v  -8.8637 21.9225 13.2368
v  -9.3462 22.0623 14.5841
v  -9.3067 21.9295 14.9808
v  -8.9727 21.9077 15.0059
v  -9.0182 22.0141 14.5658
v  -9.3157 21.5926 15.2613
v  -9.3887 21.2122 15.4470
v  -9.1112 21.1088 15.6376
v  -8.9947 21.5357 15.3651
v  -9.5902 20.5228 13.9069
v  -9.4452 20.9774 13.8358
v  -8.5577 21.8601 12.9882
v  -8.2707 21.7494 13.4718
v  -7.9757 21.5660 13.2344
v  -8.3237 21.6336 12.7380
v  -7.4027 21.2122 13.6214
v  -6.9472 21.1647 14.2267
v  -6.8597 20.7747 14.0524
v  -7.4027 20.8368 13.5461
v  -8.0832 20.7722 13.0959
v  -7.8142 21.2186 12.9959
v  -7.6277 21.4875 13.8518
v  -7.2642 21.4401 14.4721
v  -8.2217 21.2484 12.5312
v  -8.5482 20.9343 12.7665
v  -8.5032 20.4771 13.0816
v  -8.7717 20.6884 12.8694
v  -8.8312 20.1819 13.1343
v  -9.0322 20.4889 12.9611
v  -9.3722 20.4374 13.1389
v  -9.2647 20.2106 13.2537
v  -9.1507 19.9051 13.3489
v  -8.7997 19.8328 13.2008
v  -8.6972 19.5084 13.2277
v  -9.0232 19.5430 13.4125
v  -9.3122 19.5920 13.7647
v  -9.4047 20.0020 13.6804
v  -8.8687 19.1532 13.4453
v  -8.6057 19.1372 13.1948
v  -8.4322 18.7908 13.2163
v  -8.6797 18.7747 13.4504
v  -8.9322 18.7355 13.7637
v  -9.1562 19.1566 13.7822
v  -8.0717 19.0350 12.8084
v  -7.9977 18.8035 12.7182
v  -7.9212 18.7506 13.0031
v  -8.0752 19.0542 13.0228
v  -8.2292 19.3050 12.9854
v  -8.2207 19.2175 12.7224
v  -8.1412 19.0345 12.3744
v  -8.2847 19.1020 13.1520
v  -8.4182 19.4124 13.1373
v  -8.1042 18.7761 13.1794
v  -7.2232 17.5292 11.8876
v  -7.3957 17.3646 12.1335
v  -7.6567 17.9727 12.2465
v  -7.4972 18.0986 11.9533
v  -7.2277 18.2743 11.8133
v  -6.9597 17.7967 11.8025
v  -6.5562 17.2454 11.8362
v  -6.8242 16.8752 11.8103
v  -7.1142 16.6491 11.9681
v  -7.9802 19.0214 11.8270
v  -7.5962 19.1078 11.5610
v  -7.4532 18.6992 11.7143
v  -7.7557 18.5890 11.9345
v  -7.9042 18.5076 12.3019
v  -7.1257 18.8897 11.7157
v  -7.2497 19.2351 11.5147
v  -6.9592 19.4378 11.6426
v  -6.8522 19.1632 11.8852
v  -6.6807 18.8727 12.0528
v  -6.9307 18.5279 11.8353
v  -7.3087 20.5230 13.4954
v  -7.1587 20.3048 13.3791
v  -7.6072 20.2548 13.2009
v  -7.8507 20.4268 13.2974
v  -6.8132 20.4264 13.9129
v  -6.7472 20.1497 13.7140
v  -8.2287 20.2603 13.2074
v  -7.9587 20.0843 13.2014
v  -8.1967 19.8785 13.0746
v  -8.4687 19.9912 13.1829
v  -7.8062 20.0788 12.9489
v  -7.7487 20.1145 13.0682
v  -7.4387 20.2325 13.0700
v  -7.3812 20.2236 12.9116
v  -8.5072 19.7060 13.1541
v  -8.3367 19.5955 12.9862
v  -8.4217 19.5258 12.6941
v  -8.2642 19.9005 12.7254
v  -8.3732 20.0206 12.2052
v  -8.3112 19.4954 12.2643
v  -7.8617 20.3250 12.3760
v  -7.8487 20.1335 12.7166
v  -7.3622 20.2794 12.6998
v  -7.3447 20.4712 12.4022
v  -8.0672 19.4690 11.6834
v  -8.0427 19.9059 11.4894
v  -7.6622 19.8739 10.9681
v  -7.6382 19.5088 11.2862
v  -8.0117 20.3034 11.2161
v  -8.1727 20.4681 11.6942
v  -8.0012 20.7417 11.3551
v  -7.9287 20.6734 10.9570
v  -7.7522 20.5308 10.6788
v  -7.7162 20.2517 10.7449
v  -6.7297 19.9829 11.4875
v  -6.9772 19.7034 11.3171
v  -6.9787 20.0006 10.9923
v  -6.7497 20.2805 11.1512
v  -6.7002 20.4823 11.3821
v  -6.6772 20.3352 11.6999
v  -6.7127 20.0717 12.1395
v  -6.7732 19.7387 11.8829
v  -7.2862 19.5814 11.2253
v  -7.2817 19.8757 10.8486
v  -6.8692 20.6476 11.8651
v  -6.8772 20.7846 11.3418
v  -7.2202 20.9662 11.3608
v  -7.2867 20.7590 11.9275
v  -6.8922 20.3948 12.3376
v  -7.3427 20.2388 10.5070
v  -7.4662 20.7314 10.4291
v  -7.1382 20.7171 10.6432
v  -7.0257 20.3900 10.7206
v  -7.7837 20.6383 11.9017
v  -7.6772 20.9363 11.3695
v  -7.5907 21.0387 10.8314
v  -7.1607 20.9145 10.8911
v  -6.8947 20.6394 10.9592
v  -2.1597 7.0921 4.4139
v  -3.0552 6.8353 4.4584
v  -2.9597 7.4372 4.9644
v  -2.0322 7.6745 4.9161
v  -1.9482 8.0439 5.1725
v  -2.8977 7.8193 5.2437
v  -2.8702 8.1176 5.4640
v  -1.9167 8.3336 5.3738
v  -3.5312 7.6459 5.3487
v  -3.6492 7.2297 5.0401
v  -4.2012 7.1178 5.0568
v  -4.0562 7.5727 5.3907
v  -3.9592 7.9637 5.6619
v  -3.4542 7.9739 5.5949
v  -2.8772 8.4824 5.7654
v  -1.9322 8.6938 5.6667
v  -2.9017 8.8639 6.1173
v  -1.9717 9.0319 6.0348
v  -3.4317 8.3482 5.9067
v  -3.9402 8.3878 5.9320
v  -3.9332 8.7124 6.2951
v  -3.4397 8.7232 6.2531
v  -2.9227 9.2439 6.4696
v  -2.0022 9.3494 6.4715
v  -2.9307 9.6038 6.8000
v  -1.9812 9.6314 6.9054
v  -3.4577 9.0656 6.5906
v  -3.9362 8.9765 6.6526
v  -3.9747 9.2427 6.9581
v  -3.4927 9.3770 6.9123
v  -1.8342 10.0541 7.8984
v  -1.8157 9.9633 7.7550
v  -2.9457 10.2284 7.4229
v  -3.0562 10.4704 7.6836
v  -1.8832 9.8486 7.3781
v  -2.9227 9.9306 7.1161
v  -3.5517 9.6597 7.2092
v  -4.0457 9.4984 7.2416
v  -4.2267 9.7716 7.5461
v  -3.6932 9.9385 7.5216
v  -3.8002 6.6087 4.5267
v  -3.9317 5.8778 3.8549
v  -4.6747 5.8383 3.9361
v  -4.3717 6.5364 4.5661
v  -3.9982 5.1343 3.0756
v  -4.5857 5.0316 3.1242
v  -4.0627 4.4865 2.3284
v  -4.5937 4.4096 2.4253
v  -4.6932 4.4376 3.6377
v  -4.8692 5.1308 4.4677
v  -5.0407 5.4111 4.0726
v  -4.9067 4.7328 3.3255
v  -4.8197 4.1218 2.6290
v  -4.6137 3.8231 2.8562
v  -4.6477 7.0573 5.0651
v  -4.6947 6.6195 4.6716
v  -4.9677 6.3602 4.5271
v  -5.0547 6.8877 5.0506
v  -5.1617 6.0099 4.7346
v  -5.0362 5.7604 5.1691
v  -5.3127 6.2867 5.7376
v  -5.3612 6.5681 5.2919
v  -5.1322 7.4170 5.5411
v  -5.1782 7.8706 5.9930
v  -4.6142 8.0281 5.7266
v  -4.6367 7.5821 5.3741
v  -4.8512 5.7197 5.6573
v  -4.6412 5.0532 4.8821
v  -4.4827 4.9472 5.3118
v  -4.6237 5.6804 6.1351
v  -4.9992 6.2864 6.9046
v  -5.1722 6.2000 6.2326
v  -4.3802 5.4746 6.5097
v  -4.5197 6.0148 7.2451
v  -4.2617 4.7731 5.6393
v  -5.4787 6.7632 6.1813
v  -5.5332 7.1356 6.6027
v  -5.5117 7.5428 6.2884
v  -5.4827 7.1036 5.8129
v  -5.3627 6.5710 6.4844
v  -5.3812 6.7621 6.8618
v  -4.6102 6.3624 7.7827
v  -4.6062 6.6702 8.1744
v  -5.0837 6.9748 7.9356
v  -5.0612 6.6549 7.5180
v  -4.6197 8.4000 6.0554
v  -5.2222 8.2086 6.3395
v  -5.2697 8.4918 6.6279
v  -4.6467 8.7268 6.3581
v  -5.4457 7.3045 7.6142
v  -5.4062 7.0113 7.2429
v  -5.6027 7.6804 7.2556
v  -5.5662 7.4191 6.9501
v  -5.5107 7.8424 6.6506
v  -5.5367 8.0961 6.9422
v  -4.6797 9.0180 6.6554
v  -5.3107 8.7695 6.9193
v  -5.3307 9.0442 7.2092
v  -4.7107 9.2712 6.9534
v  -5.5792 8.3787 7.2256
v  -5.6322 7.9816 7.5514
v  -5.6342 8.2976 7.8170
v  -5.5967 8.6758 7.5049
v  -5.4727 7.6329 7.9559
v  -5.0552 7.3323 8.2916
v  -5.4717 7.9743 8.1929
v  -5.0907 7.7952 8.6094
v  -4.6087 6.9688 8.5437
v  -4.6562 7.2782 8.8829
v  -5.5767 8.9729 7.7752
v  -5.6062 8.6069 8.0433
v  -5.5552 8.8684 8.3033
v  -5.5272 9.2800 8.0539
v  -5.2887 9.5885 7.7861
v  -5.3132 9.3123 7.4882
v  -4.7307 9.4935 7.2597
v  -4.7912 9.7078 7.5724
v  -5.4992 8.2923 8.2811
v  -5.4017 8.3981 8.5125
v  -3.9717 10.2446 7.8884
v  -4.5972 10.0912 7.9107
v  -5.1817 10.3879 8.3790
v  -4.2747 10.6477 8.2610
v  -4.7592 7.6294 9.1639
v  -4.9082 8.0470 9.4490
v  -5.1887 8.5736 9.1945
v  -5.0972 8.1510 8.9269
v  -4.9432 9.9365 7.8831
v  -5.2932 9.9014 8.1253
v  -5.3632 8.6884 8.7393
v  -5.4012 9.1010 9.0104
v  -5.5462 9.5941 8.8556
v  -5.5242 9.1934 8.5624
v  -5.4967 9.6263 8.3549
v  -5.5192 10.0406 8.6760
v  -4.4767 11.1620 8.6526
v  -5.2467 10.9245 8.8300
v  -5.3322 11.4944 9.2422
v  -4.6272 11.7404 9.0768
v  -5.0962 8.5546 9.8081
v  -5.3502 9.1977 10.2684
v  -5.4902 9.6825 9.9656
v  -5.3157 9.0660 9.5337
v  -5.4942 9.5845 9.3557
v  -5.6182 10.1759 9.7798
v  -5.7047 10.6571 9.6330
v  -5.6192 10.0797 9.2113
v  -5.5697 10.5372 9.0402
v  -5.6372 11.1076 9.4554
v  -5.4252 12.1104 9.6802
v  -4.7847 12.3576 9.5307
v  -5.5707 12.8550 10.2204
v  -4.9862 13.1283 10.0858
v  -5.6192 10.0560 10.8375
v  -5.8597 11.0267 11.4749
v  -5.8662 11.3922 11.1288
v  -5.6627 10.4931 10.5030
v  -5.7152 10.9179 10.2955
v  -5.8527 11.7504 10.9047
v  -5.8817 12.1088 10.7052
v  -5.7897 11.3309 10.1211
v  -5.7137 11.7417 9.9108
v  -5.8287 12.4879 10.4655
v  -6.4042 12.9137 12.8641
v  -6.0942 11.9856 12.1489
v  -6.4277 13.1394 12.5473
v  -6.1122 12.2817 11.8202
v  -9.5037 20.3498 14.5184
v  -9.3442 20.0516 15.0051
v  -9.6607 20.4840 15.0711
v  -9.6952 20.5439 14.7043
v  -9.2672 19.2815 14.2930
v  -9.0492 18.8051 14.2158
v  -8.8982 18.8993 14.6922
v  -9.0712 19.3870 14.8024
v  -9.4292 19.7440 14.2924
v  -9.5617 20.7586 15.4331
v  -9.3492 20.6059 15.5694
v  -9.5472 20.1310 14.1186
v  -8.8887 19.4881 15.7794
v  -8.8752 19.4470 15.5011
v  -9.2007 18.9520 15.8619
v  -9.3002 19.1145 16.1065
v  -9.3977 19.2892 16.4085
v  -8.9497 19.5133 16.1727
v  -8.8677 19.9828 15.9910
v  -8.9922 20.0119 15.5679
v  -8.9582 19.6045 16.5507
v  -9.3427 19.3336 16.7438
v  -9.2312 19.3866 17.1680
v  -8.9052 19.7348 16.8700
v  -8.7997 20.0120 16.6409
v  -8.8242 19.9894 16.3630
v  -9.3947 17.3716 17.5311
v  -10.0117 17.3037 17.0299
v  -9.8717 17.0002 16.9362
v  -9.2602 17.1136 17.4400
v  -8.5662 17.3494 17.8362
v  -8.6657 17.5902 17.8958
v  -8.7717 17.8623 17.9152
v  -9.5087 17.6778 17.5583
v  -10.1217 17.6515 17.0824
v  -8.1747 15.5813 16.4443
v  -8.3267 15.8540 16.6418
v  -8.7197 15.4941 16.0483
v  -8.4612 15.2792 15.8176
v  -8.2032 15.0603 15.5778
v  -8.0002 15.3054 16.1879
v  -7.6872 15.6388 16.6180
v  -7.7792 15.9559 16.8947
v  -7.8522 16.2466 17.1030
v  -7.7572 15.0194 15.8485
v  -7.8932 14.8296 15.2696
v  -7.4467 14.4914 14.8946
v  -7.4677 14.8162 15.6402
v  -7.3817 15.0879 16.0162
v  -7.5287 15.2999 16.2774
v  -8.5867 15.1554 15.2333
v  -8.9022 15.4098 15.4763
v  -8.9607 15.4125 14.9913
v  -8.5877 15.1835 14.7301
v  -8.2352 14.9965 14.4792
v  -8.2667 14.9529 14.9809
v  -8.5342 15.2922 14.3355
v  -8.8862 15.5054 14.5492
v  -8.6887 15.7119 14.1960
v  -8.3727 15.4814 14.0244
v  -8.1532 15.3325 13.9457
v  -8.2077 15.1425 14.1298
v  -7.9222 14.7472 14.6911
v  -7.8892 14.8055 14.2077
v  -7.4317 14.5289 13.8543
v  -7.4552 14.4338 14.2734
v  -6.8587 13.8026 13.6215
v  -6.8847 13.9341 13.2727
v  -6.7652 13.7572 13.9918
v  -8.7322 16.2930 14.3862
v  -9.1642 16.5954 14.6300
v  -8.7127 16.7751 14.8284
v  -8.2987 16.5103 14.6085
v  -7.8127 16.2078 14.4342
v  -8.2847 16.0103 14.1708
v  -9.0932 16.0180 14.4628
v  -9.4697 16.3687 14.7673
v  -6.0857 12.6254 11.5947
v  -6.3692 13.4882 12.3423
v  -6.2817 13.8908 12.1715
v  -6.0217 13.0019 11.4101
v  -5.7617 13.7825 10.9886
v  -6.1637 14.8685 11.7808
v  -5.7222 15.2829 11.2410
v  -5.3192 14.2574 10.6308
v  -4.9582 15.6818 11.5707
v  -4.3327 14.4600 10.6512
v  -5.9457 13.3877 11.2113
v  -6.2082 14.2791 11.9702
v  -6.2602 16.1154 11.6602
v  -5.9152 16.6043 11.7374
v  -6.6432 15.8668 11.9081
v  -6.8397 14.2669 13.0708
v  -7.3797 14.8347 13.6361
v  -7.2437 15.4329 13.6751
v  -6.7132 14.6546 12.9186
v  -7.8667 15.0346 13.8899
v  -7.8512 15.3878 13.8344
v  -7.9867 15.6992 13.9776
v  -7.5282 15.9080 14.1179
v  -7.2592 16.7738 13.9129
v  -7.1647 16.7999 13.5008
v  -7.0157 16.2122 13.6427
v  -7.2252 16.3051 14.0531
v  -7.5027 16.5240 14.3749
v  -7.3412 16.8224 14.2722
v  -6.9897 16.2281 13.1891
v  -7.1432 16.8397 13.1125
v  -7.2252 16.8030 12.7222
v  -6.9887 16.1841 12.7418
v  -6.8127 15.6942 12.7686
v  -6.8927 15.5592 13.1144
v  -6.8952 15.9680 12.2925
v  -6.5997 15.3481 12.3941
v  -7.2682 16.6677 12.3205
v  -6.6072 14.9575 12.6388
v  -10.7017 20.7780 12.1909
v  -11.0537 20.9364 12.0075
v  -10.7582 21.1186 12.3844
v  -10.9877 21.1557 12.2252
v  -10.0282 21.5175 11.4011
v  -10.4347 21.5221 11.2601
v  -10.4667 21.8688 11.3816
v  -10.0417 21.8526 11.5167
v  -10.6002 22.0608 12.3330
v  -10.3472 22.1387 12.0536
v  -10.6212 22.1529 11.9075
v  -10.9162 22.0517 12.0456
v  -11.1432 21.7371 12.2014
v  -10.7797 21.7472 12.4808
v  -10.7987 21.4106 12.4703
v  -11.0762 21.4021 12.2048
v  -10.1562 22.0875 11.7579
v  -10.5597 22.0689 11.6540
v  -10.9767 21.9531 11.6801
v  -10.9052 21.7449 11.3938
v  -11.1597 21.5706 11.5148
v  -11.3047 21.6772 11.7897
v  -11.2932 21.2753 11.8920
v  -11.1567 21.2320 11.4928
v  -10.8142 21.3879 11.3044
v  -12.4692 19.9144 14.7014
v  -12.2857 19.7457 14.5869
v  -12.4182 19.7567 14.2368
v  -12.2822 19.9994 14.0124
v  -12.4987 20.1875 14.7203
v  -12.2452 20.3253 14.9375
v  -11.9877 20.6050 14.9854
v  -7.8412 16.8213 14.7002
v  -8.1452 17.1167 14.9420
v  -7.8467 17.4502 14.4956
v  -7.5417 17.0910 14.3851
v  -8.8397 18.3772 14.1512
v  -8.6912 18.3578 13.7253
v  -8.4212 18.0205 13.6818
v  -8.5102 18.0529 14.1056
v  -8.4347 18.1303 14.5976
v  -8.6967 18.4824 14.6251
v  -7.5372 17.1154 13.9195
v  -7.8532 17.4323 13.9997
v  -7.7977 17.4415 13.6016
v  -7.4367 17.1821 13.5351
v  -8.1962 17.7276 14.0545
v  -8.1217 17.7143 13.6440
v  -8.1597 17.7895 14.5531
v  -7.8467 18.3852 12.6652
v  -7.6327 17.8688 12.6001
v  -7.5512 17.8181 13.0054
v  -7.7672 18.3304 12.9690
v  -7.6527 17.5778 13.2933
v  -7.3962 17.3101 12.8303
v  -7.3522 17.2717 13.1881
v  -7.9282 17.8676 13.3546
v  -8.2067 18.1463 13.3865
v  -8.0892 18.2349 13.2320
v  -7.8467 18.0850 13.1639
v  -7.4957 17.2949 12.4549
v  -7.8972 18.4306 13.1764
v  -8.2247 18.4813 13.2061
v  -8.4592 18.4430 13.4238
v  -8.0792 17.2425 18.2028
v  -8.1842 17.4390 18.2867
v  -8.4692 17.1525 17.7663
v  -8.3622 16.9959 17.6727
v  -7.9682 17.0800 18.1187
v  -7.5957 17.1648 18.5228
v  -7.7077 17.3647 18.5956
v  -7.7997 17.5947 18.6703
v  -8.8497 19.1184 15.3065
v  -8.7837 18.6757 15.1970
v  -9.0592 18.2682 15.5489
v  -9.1072 18.6526 15.6947
v  -8.6597 18.2384 15.1430
v  -8.5027 17.8313 15.1299
v  -8.9362 17.4188 15.3032
v  -8.9627 17.8293 15.4809
v  -8.3492 17.4545 15.0760
v  -8.8987 17.0774 15.0512
v  -9.6137 17.6041 15.2737
v  -9.5177 17.2580 15.0797
v  -9.8962 17.0097 15.2066
v  -10.0572 17.3179 15.4073
v  -10.2562 17.6650 15.5923
v  -9.7282 17.9807 15.4530
v  -9.7177 16.6991 15.0079
v  -9.4032 16.9282 14.8576
v  -8.8587 16.5602 17.1207
v  -8.9932 16.7284 17.2302
v  -9.5802 16.5505 16.7253
v  -9.4237 16.3578 16.6119
v  -9.2297 16.1360 16.4636
v  -8.7057 16.3700 16.9933
v  -8.0477 16.7104 17.5014
v  -8.2507 16.8518 17.5695
v  -9.9357 16.5100 15.3340
v  -9.6862 16.1987 15.1173
v  -9.7412 16.0963 15.5659
v  -9.9792 16.3754 15.7587
v  -10.1377 16.6213 15.9058
v  -10.1122 16.7875 15.5114
v  -9.7267 16.7566 16.8306
v  -9.1267 16.9030 17.3392
v  -10.2642 17.0660 15.6928
v  -10.4392 17.3907 15.8874
v  -10.2702 16.8756 16.0469
v  -10.4202 17.1819 16.1986
v  -9.2617 15.7324 15.7535
v  -9.5807 16.0593 16.0041
v  -9.3797 15.7422 15.2894
v  -8.9852 15.8228 16.2669
v  -9.9462 16.5415 16.2913
v  -9.7972 16.3138 16.1726
v  -9.3132 15.8300 14.8254
v  -10.0922 16.7662 16.4095
v  -10.2527 17.0319 16.5370
v  -3.2127 13.9597 11.3756
v  -3.6242 15.1208 12.0904
v  -2.9942 14.0359 13.1562
v  -2.4712 12.8969 12.4542
v  -1.3072 12.2242 13.1196
v  -1.7427 13.3256 13.8797
v  -0.3292 12.6241 14.5908
v  -0.0432 11.5781 13.7183
v  -2.1592 14.2534 14.5394
v  -3.4647 15.0153 13.7435
v  -3.8237 15.6960 14.2066
v  -2.4722 14.9378 15.0440
v  -0.6817 14.2975 15.7792
v  -0.5432 13.5721 15.2829
v  5.3038 8.8487 16.1810
v  6.7533 8.3744 16.4707
v  5.4673 9.9994 17.3409
v  6.9378 9.6173 17.6741
v  8.6278 9.1200 18.1385
v  8.3648 7.7539 16.9213
v  14.9158 5.1946 19.2121
v  14.8343 5.5041 19.1373
v  15.5613 6.7346 20.6062
v  15.7953 6.4292 20.7100
v  15.6913 6.0854 20.9150
v  14.8308 4.8865 19.2958
v  8.9073 6.1369 18.2306
v  9.1713 7.4272 19.5697
v  7.6113 7.8198 19.1615
v  7.4828 6.5376 17.9053
v  10.4398 5.4856 18.7799
v  10.8568 6.8122 20.1928
v  1.7763 8.6423 16.1112
v  3.1978 8.0132 16.6253
v  2.9593 9.2846 17.6410
v  1.4948 9.8808 17.1471
v  -0.3167 10.7181 16.3253
v  0.0088 9.5428 15.3180
v  -4.6757 11.6298 13.0545
v  -3.7587 11.3535 13.4371
v  -4.1252 12.4435 14.1263
v  -5.1157 12.6885 13.7789
v  -1.9857 10.5863 14.2800
v  -2.3367 11.6982 15.1316
v  -2.5857 12.6818 15.9325
v  -0.5507 11.7230 17.1885
v  -0.7037 12.4996 17.8106
v  -2.7677 13.4403 16.5381
v  -4.6777 14.1016 15.5438
v  -4.4467 13.3825 14.9184
v  -6.0677 13.6589 14.5553
v  -6.5072 13.6981 14.3236
v  -6.4112 14.5069 15.4150
v  -6.9617 14.3695 15.1673
v  -5.4932 13.6541 14.5844
v  -5.7067 14.4285 15.1659
v  -3.4057 15.7101 18.3996
v  -1.2757 15.0518 19.6639
v  -1.4102 15.2382 19.9069
v  -3.5157 15.9039 18.6330
v  -5.4142 16.3067 17.7222
v  -5.3912 16.0748 17.5680
v  -5.4462 15.7365 17.6014
v  -3.3972 15.4136 18.3198
v  -1.1722 14.8510 19.4286
v  0.5358 14.3889 20.8078
v  1.9728 13.9159 21.6760
v  1.7988 14.2171 21.9843
v  0.4023 14.6523 21.0612
v  0.5808 14.1955 20.6484
v  2.0183 13.7173 21.4861
v  8.6363 11.2913 24.1036
v  10.7758 10.5539 25.0834
v  10.7053 10.7117 25.3890
v  8.5548 11.5199 24.3908
v  10.4318 11.1027 26.0007
v  8.2308 11.8181 25.0356
v  6.3708 12.3425 24.4026
v  6.7243 12.0906 23.8175
v  6.8673 11.9214 23.5100
v  7.6208 12.8816 20.1564
v  9.2878 12.3882 20.7722
v  9.1473 11.9277 20.6104
v  7.4278 12.3835 19.9693
v  6.1538 12.8176 19.1973
v  6.4828 13.4563 19.3121
v  6.5478 13.9250 19.8754
v  7.6763 13.2711 20.5077
v  9.2848 12.7595 21.0891
v  -2.5972 15.3330 15.3432
v  -3.9407 16.0323 14.5272
v  -3.9302 16.4293 14.6024
v  -2.5312 15.7297 15.4705
v  -0.7412 15.0125 16.3006
v  -0.7277 14.6936 16.0529
v  -1.1787 16.6735 17.7816
v  -1.0352 16.4720 17.5097
v  -2.5972 17.2318 16.3418
v  -3.8217 17.8385 15.3308
v  -3.9297 17.8701 15.6142
v  -2.7642 17.2838 16.6045
v  -4.0647 17.8238 15.9884
v  -2.8547 17.4727 16.9395
v  -1.3597 16.8473 18.1836
v  -2.2387 16.3477 15.3764
v  -3.7902 16.8951 14.6583
v  -3.6637 17.3513 14.7856
v  -2.1837 16.9056 15.6192
v  -0.5032 16.2762 16.6763
v  -0.4577 15.7197 16.2445
v  -2.4042 17.1235 16.0370
v  -3.7232 17.6538 15.0484
v  -0.8522 16.2957 17.2052
v  -4.0977 16.0717 12.7719
v  -5.0452 16.7376 12.2221
v  -5.0987 17.5543 12.7709
v  -4.3242 16.7331 13.2692
v  -4.4712 17.1655 13.5187
v  -4.3947 16.7735 13.6919
v  -4.6207 17.5114 13.7612
v  -5.1332 18.0499 13.0626
v  -5.0852 18.3463 13.3899
v  -4.6957 17.7884 14.0971
v  -4.6392 18.0821 14.3154
v  -5.1757 18.5200 13.7594
v  -5.1787 18.7103 14.1663
v  -4.6062 18.3570 14.6323
v  -6.6952 18.1423 11.9125
v  -6.4777 18.5433 12.1687
v  -6.1872 18.2114 12.2741
v  -6.3542 17.7168 11.9965
v  -5.8232 17.2488 12.0737
v  -5.8247 17.8801 12.4825
v  -7.0332 20.1752 13.1959
v  -6.6442 19.9844 13.4015
v  -6.4757 19.8393 12.9493
v  -6.9457 20.1368 12.9376
v  -5.6992 18.3459 12.7989
v  -6.0697 18.6276 12.6463
v  -5.9407 18.9739 12.9573
v  -5.5907 18.6602 13.1051
v  -6.1877 19.3504 12.8761
v  -6.2052 19.6078 13.2906
v  -6.1122 19.4247 13.1067
v  -5.9717 19.2896 13.5220
v  -5.9112 19.1519 13.2198
v  -6.2982 19.0048 12.5091
v  -6.4862 19.3301 12.3972
v  -6.7042 19.5336 12.2120
v  -6.6167 19.9443 12.5052
v  -6.9132 20.2162 12.6606
v  -5.5762 18.8819 13.4063
v  -5.7052 18.9373 13.8225
v  18.1543 9.5833 24.5484
v  17.6923 9.8384 24.0470
v  17.9573 10.4088 24.5392
v  18.3623 10.0184 24.9074
v  18.7408 9.6097 25.2213
v  18.5833 9.3001 24.9561
v  18.2788 9.0815 24.7593
v  17.9433 9.1528 24.3699
v  17.2993 9.2199 23.6940
v  17.8253 8.8259 24.4803
v  18.2968 8.8289 24.9073
v  18.2003 8.5211 25.0395
v  17.7643 8.5300 24.6715
v  17.4043 8.4539 24.2149
v  17.4478 8.7752 23.9176
v  18.7048 8.9689 25.1685
v  18.9133 9.2320 25.4520
v  18.8558 8.8557 25.6686
v  18.6043 8.6348 25.3379
v  18.7788 9.8891 25.5502
v  18.6443 10.0728 25.8501
v  18.6978 9.8108 26.1056
v  18.9228 9.4910 25.8040
v  18.5953 9.4086 26.4320
v  18.8403 9.1050 26.0707
v  18.3953 8.3343 25.5916
v  18.0433 8.2595 25.2810
v  18.5648 8.4945 25.8987
v  18.0103 8.2616 25.9995
v  17.9413 8.1890 25.7245
v  17.7803 8.1743 25.4215
v  18.5238 8.6975 26.2460
v  18.2618 8.9000 26.5779
v  17.8658 8.5665 26.5038
v  17.9853 8.3743 26.2984
v  17.3188 8.5444 26.4789
v  17.2318 8.2657 26.1915
v  16.5973 8.5311 26.5155
v  16.4793 8.1161 26.1704
v  16.5218 7.9294 25.7870
v  17.2728 8.1041 25.9175
v  0.5353 13.7988 20.5376
v  -1.2327 14.3617 19.3804
v  -1.3622 13.8298 19.3954
v  0.3978 13.2661 20.4947
v  1.8513 12.9156 21.2017
v  1.9768 13.3828 21.3090
v  -2.9202 13.8980 16.8270
v  -0.8212 12.9480 18.1275
v  -0.9092 13.2218 18.2784
v  -3.0632 14.1716 17.0094
v  -5.0137 14.7497 15.9811
v  -4.8082 14.5396 15.7948
v  -5.7292 14.7350 15.4372
v  -6.0182 14.8416 15.6136
v  -3.5192 14.9012 18.3458
v  -5.5857 15.2275 17.6074
v  -5.5742 14.8637 17.2960
v  -3.5642 14.4648 18.1843
v  -6.5412 15.4113 17.0543
v  -6.5387 15.7623 17.3033
v  -7.0392 15.7366 17.0974
v  -6.9607 15.4677 16.7620
v  -6.7712 15.2519 16.3627
v  -6.4227 15.2079 16.7225
v  -3.5097 14.2966 17.8887
v  -5.4492 14.7627 16.9530
v  -5.3807 14.7350 16.6507
v  -3.4102 14.2488 17.5785
v  -1.1507 13.5579 18.7220
v  -1.3152 13.5625 19.0895
v  -6.2977 15.1015 16.3081
v  -6.2072 15.0139 15.9346
v  -6.6807 14.9835 15.8643
v  -5.2302 14.7485 16.3071
v  -7.1072 14.8267 15.7317
v  -7.1477 15.1751 16.1357
v  -6.2557 15.0990 16.5566
v  -7.2757 15.4489 16.5381
v  -7.3912 15.7503 16.8809
v  -3.2467 14.2581 17.2829
v  -1.0027 13.4764 18.4655
v  -8.5157 16.1335 16.8242
v  -7.9692 16.4826 17.2677
v  -7.8472 16.9374 18.0186
v  -7.7062 16.8205 17.9462
v  -7.3202 16.8396 18.3081
v  -7.4672 16.9778 18.4303
v  -7.4237 16.0651 17.1766
v  -7.0037 16.1136 17.2773
v  -6.9082 16.4521 17.5368
v  -7.4242 16.3787 17.3763
v  -6.4807 16.1450 17.3471
v  -6.4262 16.3789 17.5053
v  -7.0272 16.5586 17.7912
v  -7.1037 16.6378 17.9938
v  -7.5627 16.6579 17.7602
v  -7.5027 16.5489 17.5808
v  -7.5287 16.7359 17.9407
v  -7.1772 16.7318 18.1802
v  -6.4322 16.5459 17.8468
v  -6.3002 16.4866 17.7081
v  -5.4387 16.4899 18.0161
v  -5.5057 16.6699 18.2761
v  -6.9707 17.0367 18.8520
v  -6.8082 16.8601 18.6705
v  -5.9267 16.9673 19.3054
v  -6.1147 17.1501 19.5389
v  -6.2862 17.4317 19.7227
v  -7.1137 17.2874 18.9801
v  -6.5657 16.6767 18.2491
v  -6.6687 16.7609 18.4606
v  -5.6662 16.9129 18.7987
v  -5.7812 16.9149 19.0587
v  -6.5042 16.6105 18.0369
v  -5.5712 16.8333 18.5267
v  -4.4487 17.1833 20.5302
v  -4.7117 17.2176 20.8380
v  -2.8287 17.2678 22.1702
v  -3.1372 17.3425 22.4788
v  -3.4177 17.6579 22.7180
v  -4.9542 17.4855 21.0770
v  -1.6472 15.6031 20.3258
v  -3.6582 16.1580 18.9906
v  -3.8232 16.4393 19.3864
v  -1.9302 16.0960 20.8229
v  -4.0087 16.7284 19.7593
v  -2.2247 16.6268 21.3119
v  -2.4797 17.0562 21.7159
v  -4.1667 16.9951 20.0623
v  -4.2862 17.1599 20.2868
v  -2.6392 17.2600 21.9473
v  -1.7497 17.7223 24.1722
v  -1.4132 17.5161 23.8783
v  -0.3147 17.7834 25.3228
v  -0.7322 17.9889 25.6746
v  -1.0362 18.4732 25.9024
v  -2.0292 18.1195 24.3884
v  0.0813 15.1633 21.5723
v  1.3808 14.8077 22.6059
v  0.9108 15.6432 23.3781
v  -0.2982 15.8604 22.2033
v  -0.6282 16.6531 22.8353
v  0.5833 16.6615 24.1272
v  0.2633 17.4333 24.7783
v  -0.9317 17.2682 23.3722
v  -1.1612 17.5048 23.6544
v  -0.0062 17.7361 25.0936
v  4.9333 17.9624 31.1449
v  3.2013 18.1087 29.8075
v  3.6948 18.0552 29.3808
v  5.4033 17.9681 30.6743
v  7.4898 17.8554 32.1955
v  7.0303 17.7974 32.7244
v  6.5058 18.0486 33.1889
v  4.4223 18.2243 31.5784
v  2.7248 18.4608 30.1735
v  5.5118 17.7453 30.3511
v  3.8943 17.9453 29.0450
v  3.9708 17.3172 28.6831
v  5.5748 17.0919 29.9329
v  7.6973 16.9768 31.2306
v  7.5488 17.5664 31.8437
v  -0.2422 19.2133 22.2565
v  -0.3662 19.7000 22.4583
v  1.2948 19.5871 24.1444
v  1.4368 18.9958 23.9908
v  -2.1062 19.3798 20.3376
v  -2.0687 19.8244 20.4475
v  -2.1412 20.2931 20.6523
v  -0.4782 20.2204 22.6273
v  1.1698 20.2532 24.2326
v  -3.3512 19.8113 18.7751
v  -3.3067 19.4716 18.6480
v  -4.1617 19.5081 17.3558
v  -4.2327 19.7832 17.4502
v  -4.3702 20.0588 17.5541
v  -3.4587 20.1628 18.9440
v  -2.9302 17.8064 17.4891
v  -1.5037 17.2301 18.8284
v  -4.0692 18.0661 16.4850
v  -4.1397 18.4030 16.8971
v  -3.0447 18.1651 18.0460
v  -1.6167 17.7697 19.4548
v  -3.3362 19.1773 18.6097
v  -2.0242 19.0800 20.2098
v  -1.9367 18.7498 20.0897
v  -3.2997 18.8859 18.5279
v  -4.2672 18.9891 17.2608
v  -4.1927 19.2543 17.3007
v  -3.1722 18.5419 18.3563
v  -4.2302 18.6954 17.1404
v  -1.7817 18.2915 19.8568
v  -5.7127 20.0427 15.7162
v  -5.3392 19.8507 16.0668
v  -5.3827 19.6854 15.9187
v  -5.7597 19.8582 15.4507
v  -6.2342 20.0847 15.1049
v  -6.0132 20.3204 15.5706
v  -5.8937 20.3514 16.0979
v  -5.5762 20.1417 16.1386
v  -5.3012 19.9934 16.2735
v  -4.6027 18.4774 15.0637
v  -5.0777 18.8955 14.7278
v  -5.1502 18.8102 15.4503
v  -4.7082 18.3297 15.5450
v  -4.9582 18.4397 16.2319
v  -4.7422 18.1995 16.0238
v  -4.8462 19.7992 16.5781
v  -4.8297 19.5856 16.4828
v  -4.9697 19.9952 16.6755
v  -5.5357 19.1864 14.3556
v  -6.0387 19.3899 14.0114
v  -5.8937 19.6316 14.5575
v  -5.4357 19.3064 14.8799
v  -5.4262 19.3161 15.1833
v  -5.6247 19.4959 15.1358
v  -5.3882 19.2846 15.6995
v  -5.3667 19.0081 15.6906
v  -6.0482 19.8869 14.7836
v  -6.4062 20.1693 14.3444
v  -6.3757 19.9023 14.0815
v  -6.5427 20.4601 14.5703
v  -5.3842 19.5091 15.7767
v  -5.7482 19.6655 15.2483
v  -6.3482 19.6895 13.6832
v  -4.8872 19.3648 16.4221
v  -4.9467 19.1229 16.3660
v  -5.0147 18.7973 16.3403
v  -5.2342 20.1826 16.7469
v  -5.5917 20.2982 16.7597
v  -5.0737 20.3506 17.7819
v  -4.6277 20.2886 17.7018
v  -4.1182 20.4903 19.5497
v  -3.7437 20.4748 19.2008
v  -2.9697 20.5158 21.4786
v  -2.5342 20.5069 21.0551
v  -4.3487 20.5616 19.8618
v  -5.1352 20.4238 18.4220
v  -5.0537 20.5763 19.0367
v  -4.4997 20.7670 20.1161
v  -3.4262 20.9423 21.9881
v  -3.2092 20.7149 21.7524
v  -0.8437 20.5435 22.9829
v  -1.3352 20.4836 23.4363
v  0.2838 20.7427 25.0243
v  0.8183 20.7975 24.5530
v  -1.6272 20.7225 23.6729
v  -1.9792 21.0096 23.8738
v  -0.5272 21.2239 25.4025
v  -0.0677 20.8995 25.2484
v  5.9348 21.0392 31.4522
v  6.3768 20.8748 30.9482
v  4.7648 20.6613 29.8239
v  4.3993 20.8128 30.3445
v  3.6828 21.0945 30.8144
v  5.0848 21.3282 31.8996
v  6.6188 21.5458 33.1238
v  7.6278 21.3280 32.7271
v  8.1613 21.1710 32.2870
v  4.1078 18.6884 31.8512
v  6.1903 18.6498 33.3945
v  5.9193 19.1744 33.4995
v  3.9408 19.2323 31.9126
v  2.3008 19.3580 30.4769
v  2.4623 18.8886 30.3956
v  -2.2007 18.4986 24.4937
v  -2.3817 18.8572 24.5886
v  -3.6767 18.5003 22.8742
v  -3.5577 18.0915 22.8095
v  -1.2212 18.8543 25.9957
v  -1.3987 19.1912 26.0617
v  -7.2282 17.5520 19.0780
v  -6.4162 17.7525 19.8574
v  -6.4822 18.0809 19.9310
v  -7.3032 17.8284 19.1530
v  -5.1222 17.8544 21.2303
v  -5.2027 18.2497 21.2911
v  -7.3412 18.0929 19.2309
v  -6.5062 18.3472 19.9820
v  -6.4657 18.6345 19.9503
v  -7.3157 18.3539 19.3114
v  -7.9517 18.1790 18.9854
v  -7.8777 17.8613 18.7788
v  -8.2892 17.6865 18.3883
v  -8.4237 17.9436 18.4858
v  -5.2412 18.5764 21.3122
v  -5.3112 18.8710 21.3345
v  -3.7642 18.8735 22.9025
v  -3.9462 19.2165 22.9890
v  -7.5307 18.6433 19.3903
v  -7.2202 18.6150 19.4199
v  -6.5482 18.9194 20.0067
v  -6.8187 19.2274 20.1929
v  -5.6827 20.4176 17.8731
v  -5.8052 20.2527 17.2740
v  -6.2397 20.3411 17.0800
v  -6.0487 20.5585 17.7642
v  -5.6277 20.8851 18.8194
v  -5.3887 20.6659 18.7891
v  -6.4657 20.5474 16.6198
v  -6.5782 20.6141 16.4734
v  -6.7252 20.6106 16.9139
v  -6.5267 20.4876 17.0006
v  -6.2617 20.4963 16.5906
v  -6.3602 20.6214 16.2664
v  -5.9497 20.4007 16.6666
v  -6.1442 20.5161 16.1370
v  13.6828 18.5619 36.8085
v  14.1233 18.4942 36.1709
v  14.4298 18.8263 36.4380
v  14.0793 18.8540 36.9974
v  14.5763 19.1029 36.6244
v  14.3783 19.2342 37.0362
v  14.0283 19.3746 37.2704
v  13.6713 19.2197 37.2953
v  13.1898 19.0090 37.1630
v  14.0848 20.7225 36.2986
v  13.7078 20.6338 36.8666
v  14.1228 20.4641 36.9171
v  14.4228 20.3531 36.5732
v  14.4578 20.1701 36.1338
v  14.2498 20.2521 35.7968
v  13.9238 20.4141 35.3554
v  13.6468 20.9985 35.9535
v  13.1173 20.8364 36.6280
v  13.5238 20.3184 37.1440
v  12.8853 20.4254 36.9748
v  12.8518 19.9609 37.1565
v  13.4843 19.9939 37.3173
v  14.0618 19.9290 37.2602
v  14.1113 20.1923 37.1302
v  14.6193 19.7966 36.8389
v  14.5823 20.0494 36.7225
v  14.5963 19.6011 36.1351
v  14.5428 19.8843 36.0969
v  14.0318 19.6502 37.2978
v  13.5088 19.6146 37.3605
v  12.9453 19.5007 37.2021
v  14.5503 19.5658 36.9638
v  14.6498 19.3409 36.3726
v  14.4798 19.0678 35.9236
v  14.2133 18.7811 35.5448
v  14.0843 19.2480 35.1661
v  14.3373 19.4226 35.6251
v  14.2543 19.8010 35.6099
v  13.9428 19.7740 35.1660
v  -6.4472 22.8844 20.1774
v  -6.9392 22.1130 18.6273
v  -7.2757 22.1802 18.7474
v  -6.7917 22.9510 20.2840
v  -6.1937 24.0092 22.1340
v  -5.8292 23.8500 22.0164
v  -5.5472 23.5850 21.9359
v  -6.1502 22.7158 20.0764
v  -6.6507 21.9344 18.5259
v  -7.2132 22.8831 20.2914
v  -7.6687 22.1148 18.7663
v  -8.1092 21.9330 18.8954
v  -7.6752 22.7012 20.4035
v  -7.1967 23.8607 22.3213
v  -6.6742 24.0055 22.1830
v  -7.2472 21.4210 17.5023
v  -7.4202 20.8655 16.7275
v  -7.7112 20.9354 16.7906
v  -7.5642 21.4975 17.5898
v  -6.9862 21.2498 17.4603
v  -7.1552 20.7645 16.7135
v  -7.9042 21.4468 17.6361
v  -7.9792 20.9342 16.8486
v  -8.3897 20.8007 16.9218
v  -8.3187 21.3077 17.7919
v  -6.7857 20.7484 16.2751
v  -6.5782 20.7705 15.9415
v  -6.9292 21.0075 15.5951
v  -7.0767 20.8781 16.1249
v  -6.9317 20.6934 16.7950
v  -8.7157 20.3405 16.7150
v  -8.3532 20.7918 16.3284
v  -8.4667 21.0115 15.9291
v  -8.9062 20.5720 16.1021
v  -8.7617 20.5154 16.3525
v  -9.0912 20.5683 15.8062
v  -8.8237 21.0783 15.8142
v  -6.7787 20.8315 14.8066
v  -7.0287 21.2813 15.0350
v  -6.4782 20.6911 15.2599
v  -6.3027 20.6030 15.6745
v  -8.6527 21.5318 15.4556
v  -8.3522 21.5257 15.5296
v  -8.1632 21.8089 14.9600
v  -8.6097 21.8875 14.9781
v  -7.4427 20.8840 16.1108
v  -7.4197 21.1886 15.6846
v  -7.8297 21.1310 15.7564
v  -7.7837 20.8754 16.1794
v  -7.9742 21.6903 14.0637
v  -8.3662 21.8519 14.2708
v  -7.6807 21.6658 14.6828
v  -8.7047 21.9345 14.4503
v  -7.8952 21.5756 15.4334
v  -8.1532 21.4507 15.6146
v  -8.1127 21.0320 15.8405
v  -7.4772 21.5105 15.2397
v  -8.0512 20.8463 16.2541
v  -8.8377 20.0100 17.1559
v  -9.0782 19.6496 17.6015
v  -9.0572 19.9921 18.1245
v  -8.7722 20.4174 17.5686
v  -8.2482 18.4099 19.0556
v  -8.5337 18.6395 19.1593
v  -8.8307 18.4338 18.6120
v  -8.6237 18.1910 18.5499
v  -8.9667 18.4953 17.8211
v  -8.8762 18.1410 17.8556
v  -9.1217 18.8730 18.3809
v  -8.9777 18.6864 18.7120
v  -8.8377 18.9351 19.1716
v  -9.1462 19.2329 18.9744
v  -9.1057 19.2339 18.0029
v  -9.2252 18.9291 17.5321
v  -9.2467 19.6058 18.6062
v  -7.8057 19.2983 20.4300
v  -8.2297 18.8426 19.6926
v  -7.8602 18.6832 19.5366
v  -7.3757 19.2665 20.2062
v  -8.6872 20.9275 18.2861
v  -8.9107 20.4673 18.8663
v  -8.6667 21.0934 19.9267
v  -8.5192 21.5832 19.3679
v  -9.0157 20.0529 19.3172
v  -8.9537 19.6227 19.6337
v  -8.5697 20.1649 20.5331
v  -8.7207 20.6377 20.3218
v  -8.6222 19.1938 19.7306
v  -8.2492 19.6615 20.5579
v  -8.0852 22.3393 20.8606
v  -8.2517 21.8564 21.3968
v  -7.8062 22.9792 23.2739
v  -7.6082 23.4723 22.7691
v  -7.6967 20.5101 21.8736
v  -7.2202 20.2324 21.6657
v  -6.6487 21.3320 23.5094
v  -7.1522 21.6006 23.7034
v  -7.5252 22.0733 23.7326
v  -8.0137 20.9977 21.8888
v  -8.2067 21.4169 21.7399
v  -7.7052 22.5249 23.5785
v  -7.1377 25.1624 25.1274
v  -7.3527 24.6493 25.5519
v  -6.9702 26.2026 27.5915
v  -6.7987 26.7974 27.2211
v  -6.2897 27.1300 26.7986
v  -6.6782 25.4741 24.7281
v  -6.6712 22.9366 25.9452
v  -6.1177 22.6327 25.8020
v  -5.7702 23.6950 27.9269
v  -6.3352 24.1102 27.9755
v  -6.7232 24.7812 27.8791
v  -7.1017 23.4735 25.9401
v  -7.2702 24.0807 25.7936
v  -6.9012 25.5161 27.7664
v  -3.8617 29.9797 33.5234
v  -4.3067 29.5616 33.7668
v  -3.9152 30.6379 35.3786
v  -3.3507 31.1316 35.0733
v  -2.6572 31.3486 34.8055
v  -3.3352 30.2275 33.3099
v  -3.9652 29.4411 31.9399
v  -4.4622 29.2103 32.1403
v  -4.8412 28.7832 32.3842
v  -5.0252 28.2663 32.7527
v  -4.9617 27.6386 33.0733
v  -4.5082 28.4054 34.4279
v  -4.6012 29.0516 34.1182
v  -4.0827 29.2956 36.0313
v  -4.1977 30.0064 35.7228
v  -4.0997 27.6754 34.5986
v  -3.3447 27.3457 34.4015
v  -2.8392 28.2741 36.2032
v  -3.6117 28.5905 36.2729
v  -4.5692 26.9255 33.1444
v  -3.9267 26.4947 32.9184
v  6.8928 3.7392 6.6257
v  8.0508 3.2161 6.6897
v  7.7693 2.8592 6.6268
v  6.5733 3.3441 6.6065
v  7.1643 4.0699 6.8218
v  8.3008 3.5389 6.8359
v  7.1993 4.0679 7.5338
v  7.2628 4.1824 7.1762
v  8.4113 3.6935 7.5455
v  8.4423 3.7332 7.1418
v  7.0393 3.8301 7.8317
v  6.8783 3.5778 8.1987
v  8.0648 3.2755 8.2464
v  8.1978 3.3993 7.8547
v  10.9958 11.3874 21.2470
v  12.8148 10.7353 22.0168
v  12.7328 10.4467 21.7399
v  10.9878 11.1017 20.9591
v  12.6018 10.0240 21.2713
v  10.9018 10.6352 20.5283
v  9.0563 11.0690 19.9583
v  9.1178 11.5683 20.3715
v  11.3993 0.8930 8.2581
v  11.1973 1.0883 8.6570
v  10.8768 0.7123 8.6566
v  11.1373 0.5351 8.3537
v  10.7748 -0.0750 6.8631
v  10.5458 -0.0988 7.3343
v  9.9828 -0.0178 7.0623
v  10.1013 0.0510 6.5969
v  11.1803 1.2011 8.9613
v  11.3733 1.3600 9.6464
v  11.0653 1.1495 9.6426
v  10.9098 0.9266 8.9544
v  17.5608 8.2448 24.8981
v  17.3423 8.0625 25.1942
v  16.5708 8.0213 24.7269
v  17.1188 8.0757 24.4416
v  16.7683 7.8876 24.0907
v  16.3593 7.6589 23.5305
v  16.6508 7.9884 23.2626
v  17.0988 8.2956 23.8188
v  16.1653 7.9314 24.2229
v  15.7938 7.7307 23.5731
v  17.2793 8.0146 25.5585
v  16.5588 7.8966 25.2971
v  17.6988 9.1433 26.7190
v  18.1013 9.8309 26.5715
v  17.6023 10.3168 26.8132
v  17.0688 9.3552 26.6273
v  12.7808 21.2998 35.2178
v  12.0268 21.3000 36.0268
v  12.6008 21.0463 36.3462
v  13.2243 21.1855 35.6064
v  13.6053 20.5762 34.9449
v  13.2463 20.6905 34.5643
v  12.2183 20.5038 36.7849
v  12.1453 19.8273 36.8673
v  11.5938 20.6494 36.8060
v  11.2038 19.6822 36.8481
v  13.9188 18.5643 35.2180
v  13.7648 18.3036 35.8775
v  13.3828 18.0247 35.5526
v  13.7108 18.3064 34.8895
v  13.6028 18.8674 34.2807
v  13.8593 19.0742 34.7631
v  13.6623 19.7502 34.7657
v  13.3493 19.7771 34.4005
v  18.0823 10.8744 25.1740
v  18.4488 10.3830 25.3708
v  17.9653 11.1535 25.9754
v  18.3793 10.4879 25.8733
v  18.2803 10.2793 26.2810
v  17.9788 10.8199 26.5579
v  7.4683 12.6489 26.3768
v  5.6143 13.0958 25.5843
v  9.7693 12.2661 27.2966
v  8.9753 13.9123 28.7976
v  6.6213 14.0126 27.8870
v  4.8143 14.3580 26.9170
v  5.9318 15.6438 29.1402
v  4.2368 15.9228 28.0086
v  8.2518 15.6505 30.1317
v  4.6743 0.7607 3.6728
v  3.7878 1.5572 3.4947
v  4.1798 2.1144 4.5790
v  5.0918 1.3114 4.8291
v  6.1823 0.6724 5.0058
v  5.6428 0.0240 3.9095
v  5.1848 -0.5118 2.7151
v  4.2533 0.2031 2.5225
v  3.4528 1.0437 2.3606
v  5.5723 -1.2532 4.5724
v  5.9728 -0.6368 5.4253
v  5.4343 -0.3406 5.4521
v  5.0453 -0.9529 4.6171
v  6.0928 -1.5126 4.4894
v  6.5083 -0.8996 5.3679
v  7.9063 -1.4377 3.5304
v  8.0018 -1.3226 3.3627
v  8.6388 -0.8387 4.3120
v  8.5343 -0.9717 4.4778
v  9.2028 -0.3463 5.1532
v  9.1053 -0.4674 5.3164
v  8.9158 -0.5710 5.4775
v  8.3538 -1.0832 4.6449
v  7.7673 -1.5551 3.7061
v  9.5898 -0.1322 6.0415
v  9.4348 -0.2069 6.2714
v  9.6533 -0.0180 5.8088
v  9.6738 0.1797 5.5807
v  9.1088 -0.1654 5.0466
v  8.8588 -0.0190 5.0268
v  9.4313 0.4266 5.5782
v  8.5433 -0.6329 4.1888
v  8.0633 -1.1198 3.1636
v  7.8883 -0.8746 3.0127
v  8.3153 -0.5037 4.1271
v  6.3333 3.0260 6.4978
v  7.5253 2.5530 6.5000
v  7.2068 2.1147 6.2870
v  6.0368 2.6081 6.2597
v  5.0213 3.2156 6.0912
v  5.2948 3.5688 6.3747
v  5.5788 1.9715 5.7214
v  4.6053 2.6812 5.4913
v  6.7358 1.4354 5.7914
v  15.9043 6.9603 22.4660
v  15.4228 7.0074 22.4772
v  15.0373 5.7281 21.2095
v  15.4378 5.8239 21.1030
v  16.2338 7.1801 22.2642
v  9.8513 7.1647 17.4867
v  10.2663 8.6056 18.6869
v  11.7648 7.9563 19.4177
v  11.3083 6.6424 18.0447
v  10.7468 5.4026 16.4343
v  9.3418 5.8129 16.0410
v  10.6393 9.7816 19.7332
v  8.8793 10.2439 19.1740
v  12.2583 9.1648 20.4613
v  14.7198 4.6362 19.4148
v  14.5028 4.3728 19.6038
v  13.8648 3.0775 17.7207
v  14.0643 3.3929 17.5294
v  11.8628 1.6515 11.2033
v  12.6558 1.9936 13.2274
v  12.3333 1.6257 13.3235
v  11.5433 1.4516 11.2239
v  13.4818 2.4771 15.3886
v  13.1223 2.1660 15.5534
v  13.5938 2.9223 15.2511
v  8.6643 4.9085 14.3211
v  9.9168 4.3575 14.6843
v  9.1748 3.7653 12.7227
v  8.0343 4.4283 12.4594
v  8.6788 10.7706 23.8986
v  7.0093 11.4906 23.1984
v  7.1433 11.0262 22.9531
v  8.7968 10.3435 23.6315
v  10.7488 9.5276 24.6047
v  10.7513 10.0441 24.8668
v  11.9513 1.3454 7.1050
v  11.9218 1.2276 6.7821
v  11.4688 1.6460 6.6727
v  11.5503 1.7394 7.0042
v  11.8098 1.0431 6.5252
v  11.3568 1.4716 6.4302
v  10.8423 0.2775 8.2526
v  10.4903 0.3789 8.4146
v  10.1958 0.1279 8.1395
v  10.6163 0.0952 8.0292
v  10.5088 -0.0361 7.7194
v  10.0768 -0.0131 7.7133
v  7.5063 4.0982 10.7072
v  8.6448 3.5592 10.7913
v  8.2068 3.2979 9.3488
v  7.0818 3.7920 9.3700
v  6.9013 3.6319 8.6514
v  8.0493 3.2462 8.6186
v  7.9043 2.9163 11.0805
v  6.9608 3.1454 11.1022
v  6.7943 2.4654 9.8766
v  7.6423 2.2439 9.7909
v  8.6023 1.9259 9.7142
v  8.9643 2.5429 11.0947
v  7.5193 1.9182 9.2312
v  6.7398 2.2161 9.3040
v  8.4373 1.6289 9.1014
v  13.2843 18.3567 36.5117
v  12.7153 18.8102 36.8651
v  12.2338 18.6245 36.5557
v  12.8413 18.2069 36.2001
v  12.3368 19.3345 36.9011
v  11.6973 19.1084 36.7269
v  6.9303 19.4558 29.7463
v  5.4398 19.2932 28.5012
v  5.4178 19.8539 28.7115
v  6.9438 19.9767 29.8883
v  8.8093 20.2946 31.1015
v  8.7828 19.7191 31.0063
v  8.8148 19.2619 30.8049
v  6.9448 18.9920 29.5144
v  5.3858 18.7387 28.3289
v  6.7908 20.6808 30.2517
v  5.2163 20.5557 29.1159
v  8.6268 21.0007 31.5474
v  10.5053 12.6527 22.6908
v  10.6993 12.5569 22.3853
v  8.7433 13.0308 21.8396
v  8.5003 13.0633 22.1819
v  8.1063 13.2744 22.8082
v  10.1393 12.9477 23.3056
v  12.2123 12.3813 24.1883
v  12.6058 12.0759 23.5146
v  12.7928 11.9555 23.1913
v  9.3268 13.6012 24.5988
v  8.3328 14.5605 26.2184
v  10.3993 14.2691 27.2850
v  11.4633 13.3078 25.4930
v  7.3303 13.8419 24.0254
v  6.4713 14.8185 25.4444
v  17.1568 8.6445 23.4598
v  16.7258 8.2931 22.9468
v  16.4708 8.6076 22.6945
v  16.8853 8.9925 23.1878
v  16.3543 7.5040 21.9838
v  16.0803 7.8150 21.8025
v  9.3853 8.5991 20.8540
v  11.2298 8.0700 21.4481
v  11.4553 8.9698 22.4634
v  9.5293 9.4972 21.8414
v  7.8933 10.0672 21.0441
v  7.7623 9.0700 20.2413
v  9.6033 10.0073 22.2775
v  9.5343 10.2325 22.5867
v  7.8228 10.6417 21.9123
v  7.8993 10.4962 21.5656
v  11.5418 9.3922 22.9635
v  11.5018 9.5704 23.2605
v  16.0913 12.2391 29.0367
v  15.8968 12.0031 29.2066
v  16.8523 11.2279 27.6030
v  17.2403 11.5681 27.5561
v  16.9613 11.8750 27.1898
v  15.9143 12.4443 28.7241
v  14.9428 13.6966 30.5884
v  15.2068 13.4976 31.0220
v  15.1198 12.9554 31.5977
v  17.7768 11.1842 26.8808
v  17.5418 11.5062 26.4374
v  17.4553 10.7514 27.0813
v  11.0018 12.5184 22.0245
v  13.0518 11.9247 22.7869
v  13.1888 11.6740 22.3954
v  11.2023 12.2617 21.6585
v  9.0418 12.9282 21.4722
v  11.1053 11.7837 21.4832
v  13.0518 11.2071 22.1521
v  8.9298 10.1543 23.4181
v  7.3113 10.8039 22.7354
v  7.4873 10.7227 22.5243
v  9.1023 10.1501 23.2081
v  11.0403 9.3739 23.9636
v  10.8483 9.3002 24.2751
v  9.3433 10.2776 22.9359
v  11.3063 9.5846 23.6429
v  7.6713 10.6996 22.2445
v  14.2468 15.7300 32.2142
v  13.5463 17.4965 33.4331
v  13.7758 17.1626 33.9740
v  14.3968 15.3995 32.7461
v  13.9643 15.0212 33.0353
v  13.2883 16.8191 34.2345
v  13.2993 17.5938 35.0431
v  13.5483 18.3827 33.9810
v  13.6668 17.9681 34.5754
v  7.4718 15.9088 27.7406
v  5.7993 16.1286 26.6664
v  5.4243 17.4085 27.5255
v  6.9883 17.3882 28.7631
v  9.0008 17.5952 29.9895
v  9.3828 15.6790 29.0840
v  6.9308 18.4157 29.2048
v  8.9558 18.7773 30.3562
v  5.3598 18.2108 28.0094
v  11.0868 20.8083 36.9651
v  11.2783 21.4285 36.2966
v  9.8833 21.5373 36.3534
v  9.8993 21.3304 37.2306
v  9.4453 20.6258 37.6572
v  10.5538 20.0258 37.0506
v  3.6468 19.6412 31.9788
v  5.6063 19.5643 33.5632
v  4.8548 20.1995 33.7736
v  2.9973 20.2839 32.1916
v  1.3488 20.2882 30.8495
v  1.9653 19.7292 30.5932
v  -2.3727 28.9864 32.9491
v  -2.9237 28.1766 31.4197
v  -3.0357 28.8924 31.5501
v  -2.4252 29.7020 32.9630
v  -1.5582 30.7235 34.4386
v  -1.4347 29.9988 34.4983
v  -1.2567 29.3852 34.4763
v  -2.2622 28.3358 32.8533
v  -2.8657 27.5003 31.2836
v  -2.8057 30.1717 33.0773
v  -2.0162 31.2461 34.5401
v  -3.4277 29.3872 31.6937
v  9.1963 2.6657 6.7089
v  10.1933 2.2035 6.5905
v  9.9453 1.9842 6.4603
v  8.9383 2.3797 6.6220
v  9.4098 2.9348 6.8248
v  10.3698 2.4089 6.7494
v  9.4103 3.1419 7.8697
v  9.2438 3.0555 8.2387
v  10.2033 2.7208 8.2071
v  10.3608 2.6890 7.8058
v  10.5088 2.6285 7.3831
v  9.6128 3.2766 7.4749
v  12.7338 6.0882 18.6184
v  13.9428 5.7661 18.9463
v  13.1633 4.5656 17.2226
v  12.0858 4.9187 16.8861
v  13.2588 7.3167 20.0994
v  14.6333 7.0739 20.3103
v  14.9798 10.6805 22.8451
v  16.5438 10.2900 23.3694
v  16.0968 9.6836 23.2093
v  14.6573 10.1595 22.6591
v  15.1998 11.2324 23.1719
v  16.8093 10.9047 23.8343
v  10.5598 0.8626 8.9553
v  10.7568 1.1539 9.6181
v  10.3113 1.3358 9.5966
v  10.0638 0.9911 8.9690
v  9.9378 0.7999 8.7521
v  10.4363 0.6902 8.7173
v  16.0208 8.0796 25.1231
v  15.9643 8.0724 25.6206
v  15.1168 8.5485 25.2864
v  15.1988 8.5575 24.8458
v  15.1733 8.4597 24.3524
v  15.9703 8.0981 24.6105
v  14.0438 4.3532 19.6809
v  14.6228 5.7402 21.2310
v  13.8658 5.8457 21.1558
v  13.2738 4.5143 19.5965
v  12.6333 3.3802 17.6790
v  13.3498 3.0889 17.8046
v  11.6753 21.2635 34.2020
v  11.0523 21.3210 34.9036
v  11.7213 21.4504 35.4934
v  12.3778 21.3351 34.8301
v  12.8543 20.7495 34.2004
v  12.0898 20.6975 33.6032
v  17.6853 11.1575 24.9299
v  16.8543 11.3510 24.4893
v  16.7488 11.7410 25.0925
v  17.4923 11.3897 25.6536
v  17.5833 10.6631 24.2402
v  11.5138 15.8479 30.2045
v  13.0703 15.7675 31.3565
v  13.8548 13.6733 29.8495
v  12.2293 13.7177 28.7762
v  11.1358 17.8986 31.1023
v  12.4868 17.6801 32.4895
v  6.5638 -0.2891 4.0608
v  7.3493 -0.3099 4.0869
v  6.7878 -0.9647 3.0802
v  6.0423 -0.8551 2.9261
v  7.1908 0.4464 5.0066
v  7.9878 0.3761 4.9600
v  10.2038 1.3937 6.1937
v  9.6698 1.1000 5.9849
v  9.1143 1.4386 6.0854
v  9.5808 1.7634 6.3126
v  10.6163 1.5952 6.3735
v  10.8498 1.7976 6.5229
v  10.9858 1.9727 6.7089
v  8.6418 2.1168 6.4705
v  8.2638 1.7438 6.2142
v  11.0948 2.0813 6.9957
v  10.4898 2.5360 7.0201
v  11.0898 2.1420 7.3719
v  10.9183 2.2150 7.8050
v  10.7578 2.2989 8.2360
v  9.5748 3.1597 7.0651
v  10.7558 2.3550 8.5997
v  10.2093 2.7656 8.5233
v  10.4728 2.9811 9.2121
v  11.0033 2.5168 9.3328
v  9.2348 3.0528 8.5577
v  9.4758 3.2797 9.2319
v  12.7643 3.4358 15.3456
v  11.9943 2.9413 13.0829
v  11.4688 3.0619 13.0102
v  12.2758 3.6110 15.2066
v  13.7223 4.4424 17.3589
v  14.5743 5.6488 19.0729
v  15.2868 6.8989 20.4908
v  11.2533 3.9765 14.9485
v  10.4523 3.3811 12.8734
v  16.5138 9.1687 23.0598
v  16.1318 8.7569 22.5706
v  15.4763 8.9642 22.3609
v  15.8138 9.3955 22.8340
v  16.8183 9.4387 23.4902
v  17.2903 10.0341 23.7328
v  14.4728 9.8766 22.3377
v  14.2038 9.4152 21.9204
v  7.9953 0.1093 6.7451
v  7.5218 -0.4232 5.9486
v  8.1358 -0.5751 5.7920
v  8.6408 -0.0930 6.6072
v  9.0733 0.1270 7.3855
v  8.4023 0.3813 7.5165
v  8.6063 0.3202 8.1199
v  9.2968 0.0335 7.9920
v  9.4988 0.1977 8.3661
v  8.8008 0.4663 8.4756
v  9.5428 0.0200 7.2146
v  9.7358 -0.0434 7.8270
v  9.9003 0.1334 8.2415
v  9.1153 -0.1783 6.4512
v  8.6008 -0.6400 5.6454
v  9.0093 0.7436 8.7100
v  9.7323 0.4935 8.6004
v  9.1968 1.0708 8.8166
v  9.3198 1.2725 9.0234
v  9.5458 1.6080 9.6360
v  10.1748 0.4294 8.4963
v  13.4033 8.6958 23.5860
v  13.2358 8.3736 23.0389
v  14.6683 7.9741 23.3787
v  14.9723 8.3388 23.9406
v  13.4943 8.8525 23.8916
v  13.4463 9.0595 24.3244
v  13.2578 8.9127 24.7133
v  15.7258 8.0701 24.1681
v  15.4113 7.8562 23.4853
v  10.8358 2.8518 15.4255
v  10.3773 2.4096 13.2195
v  11.2828 1.9382 13.3322
v  11.9018 2.4357 15.5859
v  11.4583 3.8058 17.4250
v  12.0163 4.9741 19.2153
v  12.5463 6.3007 20.7082
v  12.5883 2.1695 15.6424
v  11.8728 1.6789 13.3652
v  13.2908 9.6916 25.6458
v  13.1118 9.1114 25.3467
v  15.0773 8.8164 25.9584
v  15.3958 9.4455 26.4152
v  15.7103 10.0614 26.8197
v  13.3518 10.0855 26.2256
v  13.3298 10.2300 26.4912
v  15.7323 10.3421 27.0341
v  15.3328 10.7996 27.5545
v  13.0123 10.6349 27.0024
v  16.9203 10.1955 26.8344
v  16.9398 10.5814 27.0802
v  16.4663 11.1445 27.6205
v  16.5103 9.4278 26.5414
v  16.0083 8.5840 26.4187
v  9.9383 17.6858 33.1445
v  10.0853 17.0061 32.4014
v  11.8123 16.6337 33.7311
v  11.7083 17.3533 34.5339
v  11.7113 17.7273 34.9598
v  9.8283 17.9088 33.6667
v  9.3488 17.8123 34.2658
v  11.3098 17.9515 35.4355
v  10.7118 18.2150 35.8755
v  8.7608 17.9752 34.7674
v  12.3253 18.0925 35.9497
v  12.7338 17.8820 35.4334
v  11.7243 18.4507 36.3387
v  12.7443 17.4347 35.0295
v  12.8188 16.6952 34.1627
v  8.2738 18.5154 35.0653
v  10.1458 18.6907 36.1598
v  9.6183 19.1408 36.3502
v  7.8228 18.9716 35.2697
v  7.4688 19.3692 35.2959
v  9.1558 19.5318 36.4400
v  8.2003 20.3916 36.4960
v  6.6823 20.2130 35.3430
v  10.0538 19.6874 36.9716
v  10.5773 19.3517 36.7775
v  8.9448 20.4181 37.0979
v  11.1418 18.9221 36.5725
v  -2.8577 29.6556 37.8548
v  -2.2002 29.3243 37.8932
v  -1.7067 30.1338 39.2766
v  -2.2562 30.4757 39.1716
v  -2.5887 31.0048 38.9221
v  -3.3507 30.2350 37.6550
v  -2.5912 31.5401 38.6280
v  -3.4597 30.9063 37.3626
v  -2.3597 32.0315 38.3487
v  -3.2062 31.5404 37.0325
v  -2.5722 31.9422 36.7266
v  -1.8147 32.3620 38.0883
v  -1.2187 32.4986 37.8480
v  -1.8702 32.0637 36.4734
v  -1.3047 31.9088 36.2358
v  -0.7387 32.3932 37.5936
v  -0.3987 31.9920 37.4899
v  -0.8802 31.4761 36.1093
v  -0.6437 30.8684 36.1588
v  -0.2207 31.4667 37.6004
v  -0.1787 30.9598 37.8038
v  -0.6127 30.2817 36.3002
v  9.1863 21.3201 34.1296
v  8.1018 21.7188 34.4233
v  9.1688 21.4851 35.6167
v  10.4133 21.3435 35.2495
v  9.7733 21.1809 33.7614
v  10.2898 21.0185 33.0744
v  10.6078 20.4982 32.4973
v  11.0638 21.4882 35.8022
v  9.7108 21.4938 36.0897
v  10.6013 19.8876 32.4063
v  12.1423 19.9923 33.4798
v  12.1868 19.3829 33.3188
v  10.6158 19.3648 32.2573
v  10.7978 18.8277 31.8204
v  12.2838 18.7721 33.0198
v  13.1583 17.5584 33.1572
v  13.0803 18.6142 33.6407
v  13.0543 19.1986 33.8773
v  12.9563 19.9091 34.0537
v  14.7683 12.0744 24.5591
v  14.2323 12.1445 25.3567
v  15.8358 12.1304 26.3808
v  16.4443 11.9882 25.5621
v  15.0328 11.9570 24.1373
v  15.1993 11.6711 23.6404
v  17.1783 11.6549 26.1336
v  16.5988 12.0009 26.9076
v  15.6408 12.5010 28.4862
v  14.8793 12.5086 27.9872
v  14.6678 13.7246 30.3392
v  13.9043 15.8020 31.8778
v  13.2998 12.6004 26.9126
v  13.4003 14.9996 32.8554
v  12.3278 14.9517 32.5122
v  13.1428 12.9066 31.0199
v  14.3198 12.9106 31.3694
v  15.4903 11.9057 29.2287
v  14.3338 11.6105 29.0939
v  12.2148 11.8136 28.3347
v  11.2208 13.3400 30.0504
v  10.4838 15.2945 31.4317
v  7.9448 -0.3520 4.0682
v  7.4173 -0.8924 3.0498
v  8.5223 0.1748 4.9892
v  8.0848 -1.1687 4.8284
v  7.6833 -1.1831 5.0230
v  7.1888 -1.7737 4.1409
v  7.5458 -1.6840 3.9113
v  6.6623 -1.7189 4.3515
v  7.1163 -1.1064 5.2320
v  7.7778 1.1883 5.6829
v  8.5833 0.9793 5.6106
v  9.1013 0.6773 5.6118
v  15.7748 7.9758 21.6721
v  15.1498 8.2118 21.4248
v  13.8078 8.5411 21.1274
v  12.9803 7.5490 21.9771
v  14.3238 7.0915 22.4147
v  15.0653 7.0193 22.4691
v  9.9738 2.0981 11.1262
v  10.8008 1.7622 11.1476
v  11.2503 1.5489 11.1889
v  11.4178 2.6985 10.9463
v  10.8808 2.9915 10.8491
v  9.8633 3.2318 10.8177
v  15.9073 8.2022 26.0164
v  15.0518 8.6097 25.5795
v  13.1398 8.9125 25.0123
v  -9.5832 18.0037 17.4664
v  -9.7102 18.3228 17.3881
v  -10.1822 18.2388 17.2216
v  -10.2212 17.9857 17.1150
v  -9.9067 18.4005 15.5961
v  -10.5352 18.0889 15.7594
v  -10.7612 18.5326 15.9649
v  -10.0912 18.8298 15.7401
v  -10.7397 17.7908 16.0781
v  -10.6642 17.5650 16.3809
v  -10.8882 17.9667 16.5936
v  -11.0142 18.2210 16.2887
v  -10.1407 19.1408 16.0819
v  -10.8012 18.9223 16.2566
v  -10.6357 19.1742 16.4942
v  -10.1557 19.3684 16.4531
v  -11.0622 18.6461 16.5677
v  -10.9372 18.3591 16.8359
v  -10.7027 18.7620 17.0776
v  -10.7707 19.0364 16.7890
v  -10.0947 19.1996 17.2545
v  -10.1467 19.4157 16.8428
v  -9.9167 18.7373 17.3907
v  -10.4967 18.4485 17.1644
v  -10.6542 18.1224 16.9622
v  -10.5862 17.7620 16.8198
v  -10.4257 17.3887 16.6699
v  -6.3677 20.7141 17.6889
v  -6.6292 20.8907 17.6168
v  -5.9272 21.1153 18.7641
v  -6.1987 21.4750 18.8050
v  -6.4422 21.7095 18.5476
v  -6.8107 21.0681 17.5223
v  -5.4157 23.2605 22.0238
v  -5.2902 22.9570 22.1905
v  -5.7332 22.2729 20.3559
v  -5.9512 22.4536 20.1224
v  -4.6862 21.0168 20.3332
v  -4.9222 21.2960 20.4521
v  -4.0952 21.6666 22.3970
v  -3.7332 21.2882 22.2321
v  -5.2137 21.5867 20.4059
v  -5.4197 21.9030 20.4571
v  -4.7987 22.3193 22.3402
v  -4.4687 21.9946 22.3886
v  -5.4232 22.2519 20.8801
v  -5.0457 22.6726 22.3942
v  3.5573 22.1633 32.2478
v  1.9568 23.2616 32.4805
v  3.0258 23.4394 33.8395
v  4.8213 22.2408 33.5623
v  2.2948 21.8602 31.1970
v  0.8483 22.9145 31.4114
v  -2.1212 27.9278 32.7661
v  -1.0972 29.0254 34.4229
v  -0.8002 28.4681 34.3771
v  -1.8047 27.4137 32.7381
v  -2.5537 26.5927 31.2638
v  -2.7887 27.0844 31.2070
v  0.8033 24.2722 32.6707
v  -0.1747 23.8577 31.5450
v  -1.0117 24.7719 31.5668
v  -0.0982 25.3392 32.7450
v  0.8488 25.9185 34.1907
v  1.7783 24.6312 34.0571
v  -0.0587 27.3280 34.2811
v  -1.0507 26.4662 32.7525
v  -1.8917 25.7447 31.4372
v  6.0613 22.4935 34.9034
v  3.8853 23.5510 35.4223
v  4.5718 23.7475 36.7267
v  6.9113 22.4492 36.1442
v  -0.4792 29.9363 36.3202
v  -0.0447 30.6259 37.8982
v  0.2673 29.9296 37.9342
v  -0.1667 29.3136 36.2857
v  0.5938 27.9569 36.1650
v  1.1553 28.4786 37.7736
v  2.3348 26.8107 37.4376
v  1.6233 26.3725 35.9396
v  2.5783 24.9272 35.7114
v  3.2873 25.2797 37.0999
v  4.8658 23.8057 37.3659
v  4.8933 23.8634 37.5741
v  7.3333 22.3669 36.8017
v  7.2833 22.3733 36.6856
v  3.6903 25.4988 37.9082
v  2.8528 27.1388 38.3403
v  3.0668 27.2732 39.0075
v  3.8628 25.6079 38.4356
v  7.2948 22.3309 37.3999
v  4.9133 23.9061 38.2208
v  4.4053 23.5791 38.3012
v  6.8823 21.9496 37.5306
v  3.6498 25.4571 39.0005
v  2.8118 27.1409 39.6628
v  2.1658 26.8527 39.7014
v  3.0638 25.1789 39.0530
v  6.6068 21.9423 37.3066
v  4.0468 23.3704 38.1809
v  3.4563 23.0583 37.7372
v  6.0288 21.8658 36.8651
v  2.6103 24.8989 38.8697
v  1.7343 26.6079 39.3113
v  1.2288 26.2622 38.5818
v  2.0418 24.5799 38.2630
v  -2.4347 28.0421 36.1981
v  -1.9792 27.6235 36.0975
v  -1.2067 28.6593 37.8010
v  -1.7722 29.1065 37.9340
v  -0.6002 29.4573 39.1950
v  -1.2207 29.9734 39.3050
v  4.7163 21.4611 35.8849
v  2.4153 22.6541 36.7365
v  1.3928 22.6163 35.1172
v  3.2033 21.3201 34.3962
v  1.1043 24.1391 37.1790
v  0.3778 25.7452 37.3683
v  -0.3462 25.3605 35.5934
v  0.3143 23.9708 35.4699
v  -0.3827 27.4283 37.5501
v  -1.2042 26.6461 35.8566
v  0.3948 28.1426 38.8125
v  -2.9912 27.0710 34.3566
v  -3.5832 26.1502 32.8319
v  -3.2667 25.7073 32.7694
v  -2.6552 26.6366 34.3021
v  1.6408 21.2801 32.8298
v  0.1808 22.4315 33.5152
v  -0.9372 22.1464 32.0949
v  0.1713 21.0381 31.5272
v  -0.7182 23.5833 33.8236
v  -1.3897 24.6628 33.9924
v  -2.2162 24.0443 32.5075
v  -1.6567 23.1454 32.3606
v  -2.0712 25.7618 34.1606
v  -2.7822 24.9511 32.6527
v  -0.6582 20.9982 30.4064
v  -1.5952 21.9088 30.9467
v  -2.0257 21.6753 30.0770
v  -1.2182 20.8460 29.5933
v  -0.3842 20.2261 29.0973
v  0.2948 20.2944 29.8420
v  -2.2077 22.7775 31.2472
v  -2.6767 23.5810 31.4201
v  -2.9967 23.1970 30.6368
v  -2.5732 22.4602 30.4175
v  -5.7532 22.4212 25.7092
v  -6.3082 21.1172 23.4511
v  -5.4437 22.1238 25.7214
v  -5.9422 20.9641 23.5210
v  -4.9987 23.1167 27.7187
v  -5.3467 23.4711 27.7872
v  -5.6512 20.0276 22.4754
v  -5.4477 20.8041 23.7789
v  -6.3812 20.0020 21.7720
v  -5.6362 19.4937 21.7119
v  -4.5807 19.8893 23.3912
v  -4.8607 20.3034 23.7468
v  -4.9612 20.7955 24.3750
v  -5.4947 19.1349 21.4115
v  -4.2537 19.5414 23.1502
v  -6.8492 20.0763 21.5641
v  4.7128 -3.1417 -0.2119
v  4.6183 -3.4302 -1.3061
v  4.9988 -3.5516 -1.1964
v  5.1038 -3.2784 -0.2411
v  5.2233 -3.1447 0.0472
v  4.8058 -2.9909 0.0983
v  5.3828 -3.3539 -0.2516
v  5.2238 -3.6048 -1.1541
v  5.4008 -3.6572 -1.1303
v  5.5908 -3.4936 -0.2898
v  5.9613 -3.2444 -0.1563
v  5.6038 -3.2469 0.0133
v  5.0188 -2.4678 -1.8863
v  5.7563 -2.4928 -1.6331
v  5.7698 -2.6394 -2.9917
v  5.0878 -2.5003 -3.2375
v  4.3023 -2.0499 -3.4436
v  4.1918 -2.0574 -2.1691
v  4.2113 -1.8944 -1.8256
v  5.0653 -2.2517 -1.5215
v  5.8113 -2.2862 -1.2648
v  3.3798 -1.3441 -2.2977
v  3.4758 -1.3420 -3.5461
v  2.6678 -0.5707 -3.5796
v  2.7113 -0.5157 -3.3199
v  2.7158 -0.4133 -1.9836
v  3.4058 -1.2192 -1.9624
v  1.9823 0.1036 -3.2624
v  2.0258 0.1386 -2.9171
v  5.7403 -3.7491 -1.1103
v  5.8743 -4.0550 -1.0050
v  6.1953 -3.8923 -1.3165
v  6.0003 -3.5792 -0.3883
v  5.4193 -3.8001 -0.9470
v  5.9253 -3.3708 -0.7565
v  6.2718 -3.6823 -1.7612
v  6.3188 -3.4141 -2.1582
v  6.1043 -3.0835 -0.9587
v  6.3873 -2.8662 -0.5559
v  6.2158 -3.0544 -0.3414
v  6.2973 -2.8467 -1.1731
v  6.5088 -3.1144 -2.3889
v  6.6128 -2.8081 -2.6787
v  6.3513 -2.6253 -1.3618
v  6.4273 -2.3734 -1.0363
v  6.5088 -2.6231 -0.8133
v  6.2558 -2.6295 -2.8372
v  6.1833 -2.5111 -1.5000
v  6.2073 -2.3010 -1.1407
v  -3.0397 2.6429 -2.8780
v  -3.1462 2.7648 -2.5502
v  -2.5927 2.8359 -1.4317
v  -3.6762 2.7541 -2.1417
v  -4.2507 2.7032 -1.6924
v  -4.0487 2.9170 -0.3667
v  -3.3822 2.9336 -0.8778
v  -4.7207 2.6446 -1.3520
v  -4.5957 2.9493 0.0321
v  -5.0462 2.7450 -1.1116
v  -4.9632 2.9748 0.2085
v  -4.5357 4.2860 3.9715
v  -4.4342 3.6464 3.0962
v  -4.4077 3.2577 3.3209
v  -4.3907 4.1491 4.3378
v  -4.1132 4.0229 4.6486
v  -4.0272 3.2020 3.7128
v  -5.0617 1.7441 -0.1378
v  -4.9457 1.5684 0.2191
v  -5.4682 2.2066 -0.4840
v  -5.3547 2.2065 -0.1635
v  -4.7367 1.1137 0.1388
v  -4.6707 1.2973 1.3417
v  -4.7327 1.4834 1.0116
v  5.7153 1.2597 8.5510
v  5.8543 1.4526 8.9569
v  5.3683 1.3966 9.0562
v  5.2333 1.2822 8.5504
v  5.1558 1.4684 7.8743
v  5.6278 1.3404 7.8835
v  6.0213 1.8529 9.1046
v  6.1663 2.2748 9.0812
v  5.7373 2.4099 9.1814
v  5.5768 1.8888 9.2554
v  1.0108 6.1838 6.3797
v  1.0673 6.4010 6.6584
v  1.8998 5.9549 6.6515
v  1.8133 5.7643 6.3786
v  6.3538 11.0139 22.0347
v  5.4278 11.0036 21.7282
v  5.6648 10.9822 21.2278
v  6.5433 10.9538 21.6655
v  5.8068 10.9601 20.7675
v  6.6868 10.9089 21.2603
v  6.6918 10.7130 20.9169
v  5.7243 10.6856 20.5065
v  5.6398 10.2476 20.1580
v  6.6203 10.2246 20.5117
v  2.8008 13.1695 17.7777
v  1.1063 13.8163 17.0600
v  1.1178 14.1618 17.3135
v  2.8253 13.5125 18.0362
v  2.7773 12.7916 17.4624
v  1.1138 13.4276 16.7542
v  1.1468 6.8200 7.9670
v  1.1313 6.8328 8.2820
v  2.0393 6.4115 8.4119
v  2.0618 6.3612 8.1002
v  2.1583 6.4926 7.8209
v  1.2418 6.9618 7.6817
v  0.8863 19.8622 29.5469
v  0.1693 19.9054 28.7897
v  0.5268 19.6554 28.6161
v  1.2673 19.5742 29.3736
v  -4.8822 28.6914 31.2042
v  -5.2212 28.2600 31.4112
v  -4.4097 28.9656 30.9886
v  -4.7727 28.7203 30.2336
v  -5.3177 28.4523 30.4936
v  -5.6747 27.9565 30.7079
v  -3.8297 28.9284 30.6884
v  -4.1197 28.6653 29.8829
v  -3.4307 28.3649 30.5166
v  -3.6357 28.0808 29.6352
v  -3.2812 27.6429 30.3392
v  -3.1932 26.9666 30.1981
v  -3.3927 26.5988 29.3642
v  -3.4032 27.3182 29.4371
v  -3.1322 26.5634 30.1789
v  -3.3757 26.1951 29.4211
v  -2.9117 26.1209 30.2565
v  -3.1592 25.7866 29.5084
v  4.4973 18.1817 27.0371
v  3.9613 18.2126 26.3149
v  3.9073 18.6116 26.4911
v  4.4883 18.6362 27.2880
v  4.5523 17.5549 26.6382
v  3.9813 17.6865 26.0309
v  6.9368 13.6124 21.8522
v  7.1783 13.5066 21.4518
v  6.0068 14.0148 21.1339
v  5.7688 14.1513 21.5771
v  5.4548 14.4147 22.1646
v  6.5673 13.8359 22.4675
v  7.4983 13.4893 20.9684
v  6.3788 14.1593 20.5316
v  -3.6477 22.4736 24.3058
v  -4.0952 22.8494 24.2677
v  -3.4492 23.3430 25.9339
v  -2.9227 22.8730 25.9311
v  -2.2917 22.3416 25.8686
v  -3.1497 22.0465 24.2788
v  -2.5392 21.5054 24.1039
v  -1.4102 21.6870 25.6749
v  4.8228 16.4885 25.8728
v  5.3138 15.3448 24.7983
v  4.5323 15.7900 24.3058
v  4.1473 16.7510 25.3388
v  5.9493 14.4137 23.5627
v  4.9993 14.9784 23.1649
v  0.2693 4.3717 3.4885
v  1.0073 3.9852 3.4818
v  0.7553 3.4214 2.4750
v  0.0653 3.8084 2.4773
v  5.4963 1.2088 6.9988
v  4.9918 1.4448 7.0024
v  4.6108 0.9602 6.1997
v  5.1833 0.6556 6.1804
v  3.4653 0.8262 5.4159
v  3.1828 0.2334 4.4948
v  3.5153 0.0013 4.5577
v  3.8118 0.6034 5.4497
v  4.2443 0.3545 5.4616
v  3.9238 -0.2600 4.6017
v  4.1708 1.1877 6.2004
v  3.8033 1.3886 6.1852
v  4.5658 1.6436 6.9518
v  4.7048 1.5914 7.7911
v  4.2918 1.7692 7.6681
v  4.1853 1.8191 6.8773
v  3.7813 2.0018 6.8192
v  3.4443 1.6080 6.1605
v  3.8983 2.0010 7.5552
v  4.8273 0.0259 5.4540
v  4.4673 -0.5954 4.6206
v  3.1333 1.0649 5.3666
v  2.8608 0.4735 4.4234
v  1.8158 -1.8458 -1.2377
v  2.0403 -2.0313 -1.3321
v  2.2893 -1.7531 -0.1143
v  2.0538 -1.5544 -0.0820
v  2.4328 -1.6406 0.3145
v  2.1878 -1.4561 0.3190
v  3.1713 2.1892 3.4101
v  2.8798 1.7028 2.2933
v  2.4158 2.1794 2.3051
v  2.7243 2.6890 3.3787
v  3.0778 3.2375 4.4126
v  3.5463 2.7437 4.4594
v  2.3523 3.1079 3.3498
v  2.0118 2.5350 2.3361
v  1.6333 2.8253 2.3814
v  1.9843 3.4574 3.3473
v  2.2498 3.9529 4.4015
v  2.6653 3.6374 4.3873
v  1.5538 3.7158 3.4138
v  1.7988 4.2147 4.4534
v  1.2393 3.0977 2.4418
v  2.9558 4.1063 5.3316
v  2.5048 4.4084 5.3438
v  2.7578 4.8403 6.0224
v  3.2353 4.5238 6.0292
v  3.7518 4.1937 6.0071
v  3.4213 3.7403 5.3407
v  2.0323 4.6850 5.3753
v  2.2568 5.1239 6.0422
v  4.5738 4.0938 6.2917
v  4.3083 3.7567 6.0106
v  3.9868 4.5041 6.3508
v  3.4388 4.7947 6.4381
v  2.9348 5.1155 6.4098
v  3.0843 5.3752 6.6203
v  3.6423 5.1777 6.4504
v  3.9383 3.2790 5.3683
v  6.5783 9.2736 19.8216
v  5.6783 9.3606 19.5496
v  5.7693 8.2150 18.6687
v  6.5683 8.0880 18.8414
v  2.5383 5.6363 6.6403
v  2.4313 5.4418 6.3714
v  6.5488 6.8396 17.6521
v  5.8393 7.0053 17.5101
v  5.8873 5.8771 16.0851
v  6.5113 5.6709 16.2228
v  5.2173 7.2138 17.3269
v  5.0818 8.4153 18.4570
v  4.4798 8.6848 18.1935
v  4.6508 7.4535 17.1135
v  4.8098 6.3262 15.7580
v  5.3363 6.1077 15.9213
v  2.6993 12.1235 16.8387
v  1.1283 12.7303 16.1897
v  1.2048 11.8491 15.3683
v  2.5763 11.2058 16.0200
v  4.0513 7.6441 16.9414
v  4.2493 6.4930 15.6295
v  3.8373 8.8961 17.9908
v  1.3158 10.8400 14.3955
v  2.5283 10.1964 14.9842
v  2.4623 9.2019 13.8569
v  1.3753 9.8335 13.3493
v  3.3003 9.7816 15.3671
v  3.4123 10.8132 16.4412
v  3.9913 10.5549 16.7377
v  3.8688 9.4976 15.6298
v  3.7658 8.5058 14.3749
v  3.1968 8.7912 14.1703
v  4.4433 9.2150 15.8904
v  4.3443 8.2329 14.5700
v  4.5878 10.3095 17.0191
v  6.4303 4.6909 14.5649
v  5.8953 4.9496 14.4369
v  6.3603 3.9103 12.8128
v  5.8853 4.1748 12.7248
v  4.8673 5.4187 14.1932
v  5.3963 5.2258 14.2943
v  4.8393 4.5743 12.6385
v  5.3848 4.4154 12.6604
v  4.3028 4.7655 12.5899
v  4.3233 5.5882 14.1012
v  1.4043 9.0780 12.2226
v  2.3768 8.4295 12.6739
v  2.2223 7.7149 11.5105
v  1.2688 8.3039 11.1701
v  3.0728 8.0230 12.9307
v  3.6283 7.7404 13.0918
v  3.4468 7.0448 11.8583
v  2.9198 7.3490 11.7061
v  6.1558 11.1712 22.3443
v  5.9753 11.4947 22.6179
v  5.0083 11.6900 22.5763
v  5.1893 11.2373 22.2009
v  4.1933 7.4738 13.2439
v  3.9833 6.7716 11.9904
v  5.8428 12.0316 22.8528
v  5.6443 12.4129 23.2577
v  4.7688 12.7572 23.1307
v  4.9018 12.2830 22.8374
v  4.0643 12.4833 22.7162
v  3.4258 12.7760 22.3155
v  3.3388 12.1848 22.1899
v  4.0543 11.8009 22.5617
v  4.0918 13.0294 22.8071
v  3.4638 13.2058 22.4546
v  1.3038 7.0175 7.3539
v  2.2023 6.5706 7.4595
v  2.1718 6.5089 7.0873
v  1.3123 6.9585 7.0202
v  2.7373 12.5702 21.7292
v  2.8498 13.0639 21.8614
v  2.8508 13.3952 22.0820
v  3.7868 1.7149 8.3104
v  4.2298 1.4748 8.3938
v  4.2433 1.3983 9.1687
v  3.7213 1.6256 9.1399
v  3.1598 2.0659 9.0924
v  3.2423 2.0685 8.3283
v  1.2333 6.7440 6.7610
v  2.0483 6.2550 6.8373
v  4.7283 1.3294 8.4861
v  4.8243 1.3541 9.1315
v  2.5053 3.1389 9.3567
v  2.4188 2.7137 9.0641
v  3.3108 2.5502 9.6786
v  3.9458 2.1194 9.8786
v  4.5308 1.9250 9.8122
v  4.7928 2.6546 9.7395
v  4.2393 2.8663 9.8598
v  2.4443 2.5382 8.5371
v  5.3663 3.6477 11.1473
v  4.8463 3.8444 11.1882
v  4.8853 3.3815 10.0708
v  5.3878 3.1769 9.9595
v  5.8593 2.9609 9.8757
v  5.8678 3.4675 11.1108
v  5.0898 1.8894 9.5389
v  5.2848 2.5283 9.4367
v  4.3198 4.0515 11.2075
v  4.3693 3.5880 10.1551
v  6.2383 2.4761 9.3030
v  6.2673 2.7254 9.8716
v  5.8243 2.6549 9.3620
v  5.3613 2.8338 9.5210
v  4.8603 2.9906 9.7381
v  6.3218 3.2651 11.1270
v  4.3238 3.1834 9.8825
v  1.1013 6.8661 8.6053
v  1.0833 7.0528 9.1487
v  2.0273 6.4539 8.7362
v  2.0083 6.5753 9.3220
v  2.0498 6.9967 10.3521
v  1.1448 7.5746 10.0792
v  0.0293 19.1472 28.1490
v  -0.4872 18.9899 27.6704
v  -0.2797 18.4797 27.6324
v  0.2543 18.6800 28.1177
v  0.9208 18.8610 28.5502
v  0.7138 19.2877 28.5957
v  -0.1207 19.5180 28.1139
v  -0.5952 19.3836 27.6217
v  -0.2317 17.9057 26.6781
v  0.3228 17.8550 26.2099
v  0.7498 17.8804 26.8008
v  0.1668 17.9333 27.3165
v  -0.6532 18.4179 26.9827
v  2.0793 18.3155 28.9098
v  1.6728 18.7661 29.1842
v  1.3088 18.3496 28.3151
v  1.8008 18.1456 27.8893
v  2.5773 18.1891 28.4930
v  1.2203 18.0175 27.3430
v  0.6873 18.1693 27.8276
v  1.4678 19.1937 29.2943
v  -0.8277 18.9197 27.0313
v  -0.9142 19.3201 27.0040
v  4.0823 20.4510 28.3780
v  4.4783 19.9817 27.7147
v  3.8348 20.1307 26.9329
v  3.3263 20.5477 27.7240
v  2.7573 20.5742 28.4933
v  3.5768 20.4963 29.1223
v  4.5383 19.2736 27.4393
v  4.0463 19.3688 26.5237
v  0.3608 16.6352 20.0713
v  2.1238 16.2068 21.0418
v  2.3483 15.6652 20.2514
v  0.5223 16.1246 19.3658
v  0.2178 17.3131 20.8309
v  1.8963 16.9126 21.9733
v  0.6853 15.8553 18.9573
v  0.8543 15.6465 18.6520
v  2.5193 15.3993 19.8409
v  2.6458 15.1212 19.5610
v  4.9478 14.5712 21.2147
v  5.2338 14.5878 20.7906
v  4.4818 14.7533 20.4396
v  4.2473 14.8130 20.8243
v  4.0233 15.0758 21.3093
v  4.6848 14.8373 21.7497
v  3.0613 15.8187 21.7335
v  3.6763 15.5850 22.2164
v  3.3598 15.3008 20.8700
v  2.7383 16.5077 22.7721
v  3.3148 16.2972 23.2843
v  3.5603 15.0497 20.4239
v  3.7308 14.8558 20.0971
v  7.1418 10.6749 18.6501
v  5.6693 11.0156 18.2396
v  5.8923 11.8652 18.7832
v  7.2978 11.4811 19.3694
v  4.3038 15.3652 22.6937
v  3.9023 16.0951 23.7930
v  3.6133 11.7649 17.2558
v  3.7633 12.4714 17.8502
v  4.3863 12.2879 18.1238
v  4.1828 11.5149 17.5897
v  7.3743 11.9987 19.7295
v  6.0073 12.3828 19.0642
v  5.1368 12.6054 18.6325
v  5.0038 12.1051 18.4118
v  4.5033 12.7507 18.3371
v  4.6558 13.1785 18.3912
v  5.3108 13.0497 18.6989
v  4.7863 11.2935 17.8850
v  1.2808 10.9472 18.0085
v  2.7828 10.4322 18.4414
v  2.6823 11.3089 18.9949
v  1.1503 11.7667 18.6113
v  3.8448 12.8908 18.0993
v  3.9243 13.2623 18.2742
v  4.9448 9.5496 19.2970
v  4.8513 10.3871 19.9022
v  4.2228 10.6644 19.6056
v  4.3223 9.8196 19.0220
v  1.0718 12.1996 18.9293
v  2.6493 11.7397 19.3110
v  2.6028 11.9713 19.5756
v  0.9953 12.4146 19.1051
v  3.5103 11.4545 19.9706
v  3.5568 11.3059 19.6889
v  3.5848 10.9319 19.3436
v  4.1963 10.9826 19.9868
v  4.1768 11.0887 20.2647
v  3.6748 10.0552 18.7926
v  3.2148 14.3514 24.1180
v  2.6923 14.4789 23.6753
v  3.1743 13.8008 22.9632
v  3.7363 13.6670 23.3574
v  4.3248 13.3473 23.7583
v  3.7533 14.0596 24.5922
v  3.1518 15.1354 25.5850
v  2.6548 15.3532 25.0408
v  2.1678 15.4534 24.5507
v  4.8868 10.7337 20.2628
v  4.9353 10.8827 20.5159
v  2.1558 14.5909 23.2481
v  2.6058 13.9311 22.5789
v  1.6508 15.5182 24.0858
v  5.4733 12.5981 23.5496
v  5.1518 12.9059 24.0288
v  4.6138 13.0060 23.3622
v  4.0018 13.3279 22.9864
v  3.4018 13.4633 22.6206
v  4.4948 13.6535 25.0065
v  3.8293 14.8594 26.1101
v  1.0933 15.4838 18.2649
v  2.9393 14.9979 19.0707
v  3.2168 14.8455 18.4701
v  1.4008 15.4333 17.7462
v  2.7888 13.5913 22.2694
v  5.6773 13.7752 18.7737
v  4.9843 13.9249 18.4634
v  5.0143 14.4623 19.1438
v  5.7103 14.2716 19.4559
v  1.3513 14.8378 17.3971
v  3.1738 14.2541 17.9815
v  4.2808 14.0365 18.2237
v  4.3333 14.6470 18.8267
v  4.0413 14.7696 19.5445
v  4.8083 14.7353 19.8372
v  0.3833 12.7910 20.2164
v  0.5938 12.6373 19.7488
v  1.9963 11.9860 20.4821
v  1.7888 12.3183 20.9807
v  5.5408 14.5552 20.1628
v  4.1968 11.1946 22.1506
v  3.4288 11.5886 21.8009
v  3.7138 11.2811 21.2021
v  4.4918 10.9289 21.5236
v  0.8378 12.5821 19.3741
v  2.3348 11.9812 19.9936
v  3.3103 11.5759 20.3894
v  3.9933 11.1686 20.6803
v  3.0063 11.6603 20.8829
v  2.7288 11.9585 21.4402
v  1.1138 17.8661 26.4954
v  1.5858 17.9790 27.0022
v  1.3703 17.4562 26.1612
v  1.8278 17.4866 26.6670
v  2.3938 17.5559 27.1557
v  2.1473 18.0726 27.5347
v  4.7728 10.8942 20.9578
v  0.9558 17.4885 25.6060
v  0.6633 17.8100 25.9547
v  3.0473 17.5258 27.7498
v  3.3438 16.2914 27.0634
v  2.6958 16.4251 26.4916
v  2.1868 16.5105 25.9521
v  1.7598 16.5914 25.4152
v  2.8978 18.1534 28.1027
v  -0.1677 18.8814 22.1030
v  1.5008 18.6377 23.8104
v  1.4988 18.2276 23.5227
v  -0.1102 18.5207 21.8915
v  0.0308 17.9572 21.4598
v  1.6243 17.5724 22.8830
v  1.2948 16.6330 24.9039
v  3.5588 16.9469 24.8106
v  2.9833 17.0870 24.2978
v  2.8738 17.8964 24.9797
v  3.4258 17.7973 25.4897
v  2.3638 18.4621 24.7569
v  2.9058 18.3705 25.2454
v  2.3318 18.0025 24.4625
v  2.3663 18.8629 24.8846
v  2.9213 18.7726 25.3511
v  2.4383 17.2515 23.7679
v  0.1633 21.5294 28.4383
v  -0.9597 22.3660 28.6285
v  -0.4957 22.4305 29.4957
v  0.7088 21.5468 29.3038
v  1.8333 20.9224 29.0538
v  1.2503 20.9959 28.1944
v  0.7638 21.1091 27.3432
v  -0.2897 21.6075 27.5924
v  -1.3722 22.3647 27.7980
v  3.4163 18.2709 25.7575
v  3.3988 18.6696 25.8777
v  -0.7277 21.7082 26.7508
v  -1.7642 22.3919 26.9659
v  0.3073 21.2871 26.4752
v  3.2298 20.6209 29.5771
v  2.4073 20.6922 28.8472
v  2.5943 20.8890 29.9371
v  1.3773 21.6476 30.2277
v  0.0773 22.6392 30.4120
v  -2.5532 19.1777 24.6798
v  -1.5842 19.4817 26.1596
v  -1.9407 19.8400 26.3825
v  -2.8237 19.5361 24.8332
v  -1.5817 20.7816 28.9131
v  -2.3442 21.5583 29.3812
v  -2.6527 21.4370 28.8109
v  -1.8927 20.6858 28.3387
v  -1.1122 20.1230 27.8579
v  -0.7922 20.2083 28.4354
v  -0.7267 19.7342 27.6382
v  -1.0277 19.6698 27.0335
v  -1.4047 20.0576 27.2593
v  -3.3197 19.9883 25.1291
v  -3.8377 20.4981 25.4377
v  -2.6217 20.4085 26.8128
v  -3.2992 21.0924 27.2328
v  -2.1687 20.6383 27.7420
v  -2.9182 21.3696 28.2118
v  -0.3372 19.8513 28.1770
v  -3.9927 25.6286 31.6893
v  -4.4392 26.0579 31.8289
v  -5.0297 25.5658 31.2047
v  -4.4472 25.1131 30.9853
v  -3.9247 24.5358 30.8526
v  -3.6007 25.0772 31.6230
v  -4.8052 24.5707 30.4084
v  -5.4637 24.9458 30.6843
v  -5.6462 24.4559 29.9966
v  -5.0082 24.1929 29.7381
v  -4.4217 23.9234 29.4751
v  -4.1782 24.1912 30.1356
v  -3.1677 24.3563 31.5532
v  -3.4507 23.8863 30.7638
v  -4.9402 24.0427 24.0508
v  -4.5322 24.7064 25.8245
v  -4.3687 24.3497 25.8781
v  -4.8387 23.6813 24.1609
v  -4.9642 24.4473 23.9885
v  -4.5627 25.1415 25.8355
v  -5.1327 23.9665 28.9853
v  -4.6502 23.6804 28.7945
v  -5.6937 24.1568 29.2038
v  -4.1632 25.1694 26.9484
v  -3.8727 25.5136 27.7704
v  -3.6622 25.1579 27.8215
v  -3.9717 24.8186 26.9884
v  -4.2037 25.6049 26.9599
v  -3.8662 25.9419 27.7295
v  -3.9707 23.8609 25.9174
v  -4.5187 23.2652 24.2258
v  -6.1037 25.5413 24.5022
v  -5.5697 27.1365 26.4386
v  -4.9137 26.6662 26.2148
v  -5.5552 25.3678 24.3362
v  -5.1557 24.9710 24.1040
v  -4.6007 25.9058 25.9762
v  -3.4027 25.4718 28.6807
v  -3.6367 25.8435 28.6156
v  -3.5427 26.2759 28.5136
v  -6.2317 27.0350 30.2677
v  -6.2562 27.7177 30.1343
v  -6.7502 27.4237 29.5170
v  -6.6272 26.6339 29.6555
v  -6.3982 25.9034 29.7457
v  -6.1147 26.3737 30.4060
v  -5.7017 26.8271 31.0800
v  -5.7462 27.4095 30.8881
v  -6.7492 26.2457 28.9257
v  -6.5002 25.4977 29.0040
v  -6.9177 27.0214 28.7768
v  -5.0062 26.5321 32.0272
v  -5.3222 27.1872 31.9564
v  -5.4887 26.1645 31.2358
v  -5.8932 25.6453 30.5977
v  -6.1357 25.1220 29.9357
v  -5.3237 27.7591 31.6826
v  -2.7132 25.0260 29.5908
v  -2.0962 24.1237 29.6300
v  -2.4397 23.9317 28.7530
v  -2.9977 24.7681 28.7362
v  -2.6917 23.8082 27.8772
v  -3.2477 24.5346 27.8641
v  -6.2207 24.7207 29.1765
v  -3.5537 24.2633 27.0236
v  -2.9992 23.6428 27.0337
v  -0.8722 23.5269 30.5249
v  -1.3827 23.2860 29.5928
v  -1.6377 24.3940 30.5379
v  -1.7787 23.1630 28.7160
v  -2.1192 23.0981 27.8738
v  -2.3832 25.3158 30.4256
v  -4.2262 23.0848 28.7739
v  -4.5537 22.6342 27.7050
v  -4.1007 22.1029 27.6650
v  -3.7777 22.4879 28.7048
v  -3.5182 22.7115 29.3251
v  -3.9437 23.3514 29.4004
v  -2.4547 23.0428 27.0336
v  -3.6707 23.6096 30.0334
v  -3.2242 22.9654 29.9221
v  -4.2272 20.9500 25.6756
v  -3.7312 21.6305 27.5077
v  -4.5917 21.3622 25.8068
v  -3.3882 21.9613 28.5184
v  -3.1332 22.1038 29.1280
v  -5.0277 21.7626 25.7880
v  -2.8322 22.2927 29.7075
v  4.0098 6.2258 7.3304
v  3.9263 5.9921 6.8528
v  3.3648 6.1048 6.9801
v  3.4303 6.2893 7.4081
v  3.4153 6.2654 7.8662
v  3.9823 6.1513 7.8514
v  2.8728 6.3676 7.4651
v  2.8558 6.3409 7.8713
v  2.8158 6.2393 7.0734
v  3.7983 5.6029 6.5715
v  3.2428 5.7723 6.7195
v  2.6853 5.9430 6.8391
v  2.7588 6.1666 8.1663
v  2.6548 6.0058 8.4627
v  3.2163 5.8416 8.5092
v  3.3318 6.0999 8.2132
v  2.7678 6.6766 10.5089
v  3.3333 6.4353 10.6323
v  3.2768 6.0218 9.5921
v  2.6923 6.2217 9.4840
v  3.7693 5.6999 8.5650
v  3.6928 5.5400 9.0214
v  3.1923 5.7746 8.9526
v  3.7908 5.8078 9.6844
v  3.8868 5.9480 8.2385
v  2.6678 6.0661 8.8594
v  3.8373 6.1620 10.7574
v  1.7993 20.7836 28.0416
v  2.1698 20.7103 27.7355
v  1.7258 20.9715 26.9015
v  1.3288 20.9686 27.1831
v  3.5793 19.4679 25.8347
v  3.0723 19.5567 25.2781
v  2.8718 20.4078 25.5647
v  3.3483 20.2871 26.2259
v  1.2513 21.1441 26.0440
v  1.8403 21.1253 25.4661
v  2.3833 21.0421 26.2186
v  2.2808 20.4374 24.9761
v  0.8498 21.1141 26.3092
v  2.8353 20.8195 26.9899
v  2.4538 19.6060 24.8118
v  -5.9027 28.4300 29.8287
v  -5.1852 28.7402 29.4284
v  -5.6067 28.6299 28.6075
v  -6.4552 28.3043 29.1099
v  -6.6867 27.7915 28.3624
v  -5.9577 28.1128 27.8955
v  -5.1192 27.9462 27.5280
v  -4.7252 28.3523 28.2301
v  -4.0507 27.6802 27.9590
v  -4.4752 27.2960 27.3082
v  -4.3782 28.5864 29.0288
v  -3.7212 27.9596 28.7249
v  -3.5582 27.0383 28.5837
v  -3.9012 26.7314 27.8279
v  -4.2267 26.4187 27.0922
v  0.7873 28.5331 39.5123
v  1.0388 28.7464 39.6511
v  -0.1117 30.3251 40.2855
v  -0.2547 29.9187 39.8723
v  -0.9342 30.4214 39.9904
v  -0.8157 30.6668 40.4110
v  -1.3227 30.7967 40.3828
v  -1.4517 30.5398 39.9713
v  -1.9722 30.8741 39.8473
v  -1.8152 31.1285 40.2644
v  -2.0682 31.6331 40.0185
v  -2.2372 31.3870 39.5754
v  -2.1152 32.1551 39.7605
v  -2.2852 31.9035 39.3014
v  -1.9032 32.6540 39.4816
v  -2.0677 32.3908 39.0116
v  -1.5147 32.7073 38.7443
v  -1.3707 33.0000 39.2171
v  -0.7487 33.1116 38.9765
v  -0.9142 32.8558 38.4864
v  -0.4192 32.7253 38.2237
v  -0.2272 32.9631 38.7203
v  0.1573 32.5589 38.5936
v  -0.0717 32.3117 38.1215
v  0.3388 32.0470 38.7071
v  0.1353 31.8044 38.2470
v  0.3988 31.5849 38.9492
v  0.1958 31.3279 38.5027
v  1.7138 28.8921 38.6427
v  0.7833 30.3633 38.7528
v  1.0388 30.7787 39.4259
v  2.0473 29.1104 39.2935
v  0.3963 31.0318 38.6624
v  0.6283 31.2985 39.1454
v  1.5263 28.9079 39.7326
v  0.6808 30.3975 40.0976
v  -0.7082 31.0222 40.9040
v  -0.5747 31.4111 41.4088
v  -1.0242 31.5663 41.4459
v  -1.2082 31.1487 40.9198
v  -0.1927 30.9817 40.8197
v  -0.1137 31.3861 41.2419
v  -1.6232 31.4992 40.8283
v  -1.3662 31.8915 41.4030
v  -1.5662 32.3290 41.3145
v  -1.8487 31.9877 40.6550
v  -1.8562 32.5191 40.4499
v  -1.5457 32.8367 41.1771
v  -1.2952 33.2949 41.0209
v  -1.6102 33.0023 40.2256
v  -1.1202 33.3177 40.0303
v  -0.8592 33.5782 40.8993
v  -0.5477 33.3816 39.8484
v  -0.3437 33.6469 40.7654
v  -0.0322 33.2412 39.6057
v  0.1328 33.4403 40.5661
v  0.4748 33.0892 40.3801
v  0.3918 32.8977 39.4237
v  -1.0972 32.1565 41.9280
v  -0.7692 31.9011 41.9405
v  -0.4667 32.3051 42.2881
v  -0.7967 32.4769 42.2537
v  -1.0362 32.6517 42.1272
v  -1.2882 32.5287 41.8614
v  -1.2832 32.9747 41.7718
v  -0.9512 32.9859 42.1527
v  -0.8577 33.3020 42.0004
v  -1.0547 33.3815 41.6605
v  0.5633 32.4218 39.4454
v  0.6393 32.7146 40.2823
v  0.6218 32.3431 40.2889
v  0.6163 31.9881 39.5794
v  -0.6502 33.6386 41.5790
v  -0.5262 33.4279 42.0792
v  -0.0827 33.4346 42.0137
v  -0.1562 33.7125 41.4781
v  -0.5847 32.9710 42.3433
v  -0.1922 32.9051 42.3642
v  0.1593 32.8007 42.2158
v  -0.0942 32.2440 42.1810
v  0.2968 32.2294 41.8946
v  0.4053 32.7062 41.9528
v  0.5783 33.0656 41.6793
v  0.3158 33.2963 41.8794
v  0.2823 33.5030 41.3018
v  0.5728 33.1789 41.1126
v  0.3433 31.1097 40.4870
v  0.6473 31.3886 40.0164
v  0.4148 31.7606 40.5518
v  0.2308 31.5010 40.8698
v  0.0253 31.7869 41.6501
v  -0.3512 31.7848 41.8836
v  0.5303 32.0351 40.3697
v  0.5578 32.2609 41.0289
v  0.6723 32.5271 40.8939
v  0.6548 32.5870 41.3100
v  0.5423 32.4438 41.5358
v  0.4068 32.0084 41.2133
v  0.2458 31.7694 41.2947
v  0.5378 32.6609 41.7236
v  0.6583 32.8088 41.4462
v  0.6893 32.8404 40.9501
v  -4.0352 1.6303 2.4683
v  -3.7522 1.4936 2.5291
v  -3.7407 2.2120 3.1904
v  -4.0327 2.3439 3.0112
v  -4.4347 2.3335 2.9377
v  -4.3112 1.6776 2.5290
v  -3.4512 2.0385 3.3719
v  -3.4262 1.3423 2.6429
v  -3.0222 1.1903 2.8228
v  -3.1487 1.7755 3.6384
v  -3.3957 0.8129 2.1350
v  -3.7527 0.9792 2.1055
v  -3.7482 0.5655 1.8069
v  -3.3757 0.3412 1.7677
v  -2.8887 0.1975 1.8130
v  -2.9462 0.6815 2.2462
v  -3.7572 0.1100 1.5600
v  -3.3642 -0.1820 1.4732
v  -2.8372 -0.3103 1.4119
v  -2.4457 1.0053 3.0874
v  -1.5787 1.4511 2.7853
v  -1.6552 1.9287 3.6761
v  -2.5917 1.5512 3.9242
v  -2.3217 0.6136 2.4311
v  -1.4952 1.1242 2.1147
v  -2.2222 0.2934 1.8804
v  -1.4142 0.8086 1.5655
v  -2.1547 -0.0354 1.3158
v  -1.3332 0.4814 1.0028
v  -0.3637 1.6292 3.4903
v  0.8928 1.0728 3.3490
v  -0.3907 1.0633 2.6525
v  0.7683 0.5309 2.4906
v  -0.3642 0.6588 2.0418
v  0.7323 0.1444 1.8828
v  -0.3097 0.3324 1.5397
v  0.7463 -0.1454 1.3905
v  -0.2452 0.0234 1.0195
v  0.7688 -0.4103 0.8840
v  1.7213 0.6150 3.2976
v  2.2533 0.2346 3.3163
v  1.5688 0.1353 2.3949
v  2.1038 -0.1983 2.3753
v  1.5053 -0.2127 1.7728
v  2.0273 -0.5170 1.7361
v  1.4913 -0.4810 1.2844
v  1.9888 -0.7743 1.2476
v  1.4788 -0.7389 0.7909
v  1.9458 -1.0326 0.7620
v  4.3223 -2.2799 1.1362
v  3.9918 -2.0870 1.2166
v  3.8493 -2.2604 0.7046
v  4.1838 -2.4473 0.6417
v  4.5288 -2.6267 0.5697
v  4.6643 -2.4619 1.0463
v  5.0738 -1.7192 3.4385
v  4.6328 -1.4443 3.5095
v  4.3058 -1.7589 2.4367
v  4.6588 -1.9850 2.3400
v  5.0263 -2.1851 2.2292
v  5.5208 -1.9518 3.3359
v  4.4473 -2.1421 1.6354
v  4.1218 -1.9400 1.7308
v  4.7883 -2.3287 1.5310
v  3.8828 -1.4782 2.4856
v  4.1388 -1.1082 3.5280
v  3.6628 -0.7817 3.5136
v  3.4613 -1.1871 2.4950
v  6.0458 -2.1500 3.2120
v  5.5043 -2.3752 2.1283
v  6.0278 -2.5149 2.0206
v  6.5743 -2.2499 3.0531
v  7.0103 -2.1941 2.8547
v  6.5368 -2.5427 1.8797
v  6.9383 -2.4207 1.7030
v  7.3128 -2.0467 2.6524
v  5.7358 -2.6662 1.3549
v  5.2373 -2.5142 1.4416
v  5.0948 -2.6469 0.9638
v  5.5633 -2.8019 0.8847
v  4.9443 -2.8126 0.4938
v  5.3858 -2.9710 0.4217
v  7.1773 -2.2707 1.5282
v  7.3398 -2.1246 1.3698
v  7.6183 -1.7717 2.3063
v  7.4963 -1.9087 2.4716
v  6.6613 -2.6666 1.1019
v  6.2378 -2.7393 1.2519
v  6.0293 -2.8934 0.8032
v  6.4318 -2.8511 0.6720
v  5.8208 -3.0749 0.3603
v  6.1993 -3.0381 0.2371
v  6.9283 -2.5281 0.9271
v  7.1123 -2.3721 0.7507
v  6.6958 -2.7141 0.4937
v  6.8738 -2.5493 0.2977
v  6.4503 -2.8901 0.0557
v  6.6178 -2.7103 -0.1528
v  7.6843 -1.5382 2.1345
v  7.4093 -1.3994 2.0912
v  7.4053 -1.8624 1.2233
v  7.1128 -1.7045 1.2019
v  7.1888 -2.0856 0.5826
v  6.9078 -1.8854 0.5359
v  6.9583 -2.2739 0.0897
v  6.7358 -2.0310 -0.0142
v  6.7028 -2.4522 -0.3923
v  6.5563 -2.1947 -0.5658
v  5.5418 -1.4908 0.8157
v  4.7298 -1.1396 0.5897
v  4.8933 -0.8988 1.5818
v  5.7143 -1.2630 1.8104
v  6.4318 -1.4049 2.0077
v  6.2263 -1.6490 1.0411
v  7.0113 -1.4240 2.0783
v  6.7443 -1.6968 1.1589
v  6.5768 -1.8447 0.4757
v  6.1073 -1.7825 0.3403
v  6.4478 -1.9649 -0.0846
v  6.0148 -1.9112 -0.2194
v  6.3138 -2.1117 -0.6503
v  5.9103 -2.0764 -0.7795
v  3.9873 -0.2073 1.4208
v  3.8418 -0.4783 0.4553
v  3.0513 0.2983 0.3844
v  3.2058 0.6141 1.3036
v  5.4253 -1.6439 0.0950
v  4.6123 -1.2983 -0.1494
v  5.3188 -1.7962 -0.4836
v  4.4793 -1.4762 -0.7434
v  5.1868 -2.0085 -1.0484
v  4.3248 -1.6926 -1.3302
v  2.9403 0.0698 -0.3018
v  3.7378 -0.6655 -0.2681
v  3.6143 -0.8603 -0.8535
v  2.8243 -0.1434 -0.8646
v  3.4868 -1.0603 -1.4488
v  2.7338 -0.3223 -1.4576
v  2.1583 1.7421 1.3066
v  2.6298 1.2674 1.2713
v  2.4328 0.9114 0.3994
v  1.9238 1.3533 0.4738
v  1.7878 1.1240 -0.1869
v  2.3013 0.6686 -0.2628
v  2.1943 0.4744 -0.8226
v  1.6998 0.9697 -0.7575
v  1.7353 2.0590 1.3723
v  1.4973 1.6503 0.5566
v  1.1103 1.8668 0.6479
v  1.3418 2.2940 1.4559
v  2.0938 0.2950 -1.4026
v  1.5978 0.7430 -2.8521
v  1.6303 0.8364 -1.3397
v  -1.2502 4.3409 1.1787
v  -1.9522 4.6044 1.0897
v  -0.7117 3.8222 1.3947
v  -1.3752 3.8824 0.3963
v  -0.8027 3.4005 0.5781
v  -2.1047 4.1109 0.3875
v  -2.5032 2.5279 -2.7779
v  -1.7487 2.6120 -1.5009
v  -1.7887 2.3840 -2.7710
v  -1.0512 2.2987 -2.4780
v  -1.0642 2.1110 -2.7685
v  -1.0027 2.5696 -1.0417
v  -1.6762 2.8738 -1.0939
v  -2.4437 3.1196 -0.9708
v  -2.3287 3.4597 -0.5943
v  -1.5862 3.1840 -0.6252
v  -0.9407 2.8221 -0.5331
v  -1.4892 3.5047 -0.1635
v  -2.2237 3.7563 -0.1455
v  -0.8787 3.0805 -0.0276
v  -2.8287 4.5635 1.1844
v  -3.4592 4.0161 1.6475
v  -2.9457 4.0963 0.6376
v  -3.5802 3.6567 1.1466
v  -3.7082 3.5370 0.6758
v  -3.0237 3.7419 0.2221
v  -3.1187 3.4562 -0.1663
v  -3.8082 3.3399 0.3099
v  -3.2257 3.1811 -0.5327
v  -3.9182 3.1389 -0.0389
v  -4.1787 4.0467 1.7479
v  -4.7042 4.0006 1.9036
v  -4.2967 3.7506 1.3066
v  -4.7837 3.6914 1.5249
v  -4.8242 3.4674 1.1852
v  -4.3762 3.5406 0.9563
v  -4.4417 3.3503 0.6459
v  -4.8647 3.2940 0.8537
v  -4.8207 3.7189 2.1318
v  -4.8562 3.4436 1.7368
v  -4.7347 3.2339 1.8670
v  -4.6387 3.4598 2.2943
v  -4.5197 3.1551 0.3355
v  -4.9167 3.1196 0.5202
v  -4.2297 -0.5095 0.6286
v  -4.1132 -0.0374 1.4858
v  -4.3422 0.2648 1.5996
v  -4.4762 -0.2406 0.6096
v  -4.0527 0.3746 1.6595
v  -4.2912 0.5766 1.8363
v  -4.0432 0.7699 1.8842
v  -4.2917 0.9038 2.0444
v  -4.7452 -0.0467 0.5975
v  -5.1182 2.7990 0.3205
v  -5.4377 2.6348 -0.8965
v  -5.1792 2.6050 0.4101
v  -4.0432 1.1428 2.1246
v  -4.3007 1.2242 2.2751
v  -5.5087 2.4047 -0.7341
v  -5.0887 2.2655 0.5061
v  -5.0557 2.9149 0.6484
v  -5.0727 2.6673 0.7338
v  -4.9607 2.8505 1.1097
v  -4.9787 3.0794 1.0089
v  -4.4572 3.2799 2.4783
v  -4.5437 3.0507 2.0096
v  -4.4467 2.7585 2.1583
v  -4.4042 2.9567 2.6161
v  -4.9117 3.2430 1.3675
v  -4.8447 3.0351 1.4807
v  -4.6817 0.9467 0.3138
v  -4.6292 1.0867 1.4944
v  -4.6162 0.7350 0.3690
v  -4.5542 0.8650 1.5446
v  -4.5157 2.5176 1.7452
v  -4.6437 2.8173 1.5899
v  -4.7657 2.5770 1.1998
v  -4.6072 2.2524 1.3552
v  -4.8957 2.3337 0.8037
v  -4.7202 1.9801 0.9622
v  -4.4702 0.6223 1.6090
v  -4.5472 0.5201 0.3872
v  -4.5852 0.2706 0.4812
v  -4.4557 0.8255 1.8019
v  -4.5592 1.0550 1.7301
v  -4.4742 1.1082 2.0128
v  -4.5467 1.3091 1.9126
v  -4.4957 2.1385 1.8978
v  -4.5297 1.7976 1.9948
v  -4.5257 1.8628 2.2049
v  -4.4507 2.3139 2.2178
v  -4.5667 1.9167 1.5806
v  -4.5692 1.6328 1.7697
v  -4.6552 1.6894 1.2669
v  -4.6242 1.4545 1.5403
v  -4.4932 2.3859 2.5769
v  -4.5232 1.7851 2.4374
v  -4.4847 1.3984 2.2246
v  -4.5442 1.5526 2.0952
v  -4.5432 1.5986 1.9929
v  -4.5667 1.4452 1.8443
v  -4.6002 1.2542 1.6679
v  2.9583 -0.2878 3.4223
v  2.6383 -0.0526 3.3645
v  2.4858 -0.4701 2.3983
v  2.7978 -0.7034 2.4377
v  2.3938 -0.7779 1.7486
v  2.6938 -0.9962 1.7744
v  2.3388 -1.0167 1.2510
v  2.6223 -1.2177 1.2681
v  3.1108 -0.9357 2.4745
v  3.2853 -0.5195 3.4751
v  3.1618 -2.4161 -0.1920
v  2.7993 -2.1689 -0.1604
v  2.5353 -2.4921 -1.4690
v  3.0283 -2.6523 -1.7571
v  3.3163 -2.2449 0.2690
v  2.9583 -2.0202 0.2982
v  2.6768 -1.8237 0.3106
v  2.5233 -1.9513 -0.1387
v  2.2683 -2.2187 -1.4031
v  2.2748 -1.2601 0.7618
v  2.5388 -1.4460 0.7714
v  3.4678 -2.0416 0.7508
v  3.0993 -1.8200 0.7766
v  3.6018 -1.8562 1.2668
v  3.2183 -1.6180 1.2884
v  2.8023 -1.6265 0.7795
v  2.9033 -1.4121 1.2842
v  -0.1212 3.2845 1.5402
v  -0.2882 2.8239 0.7454
v  0.5038 2.8781 1.5571
v  0.2893 2.4150 0.7687
v  3.7243 -1.6937 1.7869
v  3.3268 -1.4356 1.8069
v  2.9938 -1.2096 1.7981
v  0.9578 2.5514 1.5275
v  0.7288 2.1018 0.7315
v  0.1723 2.1174 0.1389
v  0.1033 1.9132 -0.4119
v  -0.3987 2.3336 -0.4338
v  -0.3632 2.5343 0.1140
v  -0.4312 2.1175 -1.9920
v  0.0323 1.6855 -1.9760
v  -0.4462 1.9777 -2.4637
v  0.5158 1.5723 -2.1039
v  0.5613 1.6737 -2.2089
v  0.8973 1.4116 -2.2214
v  0.9373 1.4896 -2.3158
v  1.3008 1.3051 -0.6944
v  1.2503 1.2032 -1.2838
v  1.2448 1.1554 -2.7900
v  0.7098 1.0465 -2.6779
v  0.6193 1.8595 -0.6220
v  1.0018 1.6599 -0.7219
v  1.3778 1.4429 -0.1152
v  -4.8917 1.4212 0.0505
v  0.6788 31.6650 39.7413
v  -5.2957 2.6114 -1.0478
# 3566 vertices

vn -0.8540 -0.4566 0.2493
vn -0.8600 -0.4460 0.2481
vn -0.7327 -0.5871 0.3441
vn -0.7390 -0.5664 0.3648
vn -0.7659 -0.5512 0.3312
vn -0.8246 -0.4842 0.2924
vn -0.8094 -0.5076 0.2954
vn -0.8268 -0.4954 0.2665
vn -0.7748 -0.5017 0.3847
vn -0.8240 -0.4859 0.2913
vn -0.8269 -0.4841 0.2861
vn -0.7647 -0.5599 0.3189
vn -0.7971 -0.5221 0.3034
vn -0.7568 -0.5634 0.3313
vn -0.7447 -0.5728 0.3425
vn -0.3443 -0.8276 0.4434
vn -0.3252 -0.8044 0.4972
vn 0.0297 -0.8555 0.5170
vn -0.0786 -0.9624 0.2600
vn -0.2500 -0.9488 0.1930
vn -0.4141 -0.7989 0.4362
vn -0.1597 -0.8146 0.5576
vn 0.1356 -0.8660 0.4813
vn 0.0697 -0.8455 0.5295
vn -0.2908 -0.8042 0.5183
vn -0.4096 -0.7439 0.5281
vn -0.4979 -0.6589 0.5639
vn -0.4286 -0.7098 0.5590
vn -0.3456 -0.7876 0.5102
vn -0.3197 -0.8166 0.4806
vn -0.3250 -0.8085 0.4906
vn -0.3473 -0.7866 0.5106
vn -0.4653 -0.7189 0.5164
vn -0.5518 -0.6605 0.5092
vn -0.1470 -0.8455 0.5134
vn -0.1765 -0.8436 0.5072
vn -0.1571 -0.8794 0.4494
vn 0.5738 0.2798 0.7697
vn 0.4577 0.0055 0.8891
vn 0.3586 0.0472 0.9323
vn 0.4559 0.3330 0.8254
vn 0.2194 0.0307 0.9752
vn 0.2942 0.3196 0.9007
vn 0.0303 -0.5657 0.8240
vn 0.2818 -0.1914 0.9402
vn 0.4026 -0.0256 0.9150
vn 0.1824 0.0845 0.9796
vn 0.0535 -0.0528 0.9972
vn -0.2135 -0.6262 0.7499
vn -0.3346 -0.8614 0.3821
vn -0.2128 -0.8578 0.4678
vn 0.1332 -0.5564 0.8202
vn -0.3494 -0.7074 0.6145
vn -0.2679 0.0076 0.9634
vn -0.1808 0.0627 0.9815
vn -0.3035 -0.6655 0.6819
vn -0.3189 -0.8195 0.4761
vn -0.3540 -0.8095 0.4684
vn -0.3862 -0.7986 0.4616
vn -0.4121 -0.7445 0.5253
vn -0.3061 -0.0531 0.9505
vn -0.2415 -0.5714 0.7843
vn 0.0865 -0.0086 0.9962
vn 0.2346 -0.0433 0.9711
vn -0.2802 -0.5823 0.7631
vn -0.5154 -0.7614 0.3932
vn -0.4288 -0.8182 0.3830
vn 0.3587 0.1671 0.9184
vn 0.2374 0.1979 0.9510
vn 0.3978 0.0953 0.9125
vn 0.5572 0.0534 0.8287
vn 0.4755 -0.3037 0.8256
vn 0.4160 0.0593 0.9074
vn 0.4207 0.2337 0.8766
vn 0.7207 0.5787 -0.3817
vn 0.6189 0.6560 -0.4320
vn 0.6656 0.6247 -0.4083
vn 0.6558 0.6224 -0.4273
vn 0.2300 0.7773 -0.5856
vn 0.3777 0.7475 -0.5464
vn 0.5113 0.6894 -0.5132
vn 0.7451 0.5538 -0.3716
vn 0.5678 0.6856 -0.4556
vn 0.4274 0.7130 -0.5558
vn 0.3599 0.6590 -0.6604
vn 0.3550 0.6404 -0.6810
vn 0.3816 0.7358 -0.5594
vn 0.3867 0.7790 -0.4937
vn 0.4646 0.7350 -0.4939
vn 0.5412 0.6667 -0.5124
vn 0.5292 0.6214 -0.5778
vn 0.7359 0.4708 -0.4866
vn 0.6129 0.5420 -0.5750
vn 0.6229 0.3969 -0.6741
vn 0.7534 0.3354 -0.5656
vn -0.2513 0.7809 -0.5719
vn -0.4457 0.6736 -0.5896
vn -0.3596 0.7018 -0.6150
vn -0.1207 0.7945 -0.5951
vn -0.3697 0.7534 -0.5438
vn -0.4750 0.6727 -0.5674
vn -0.4657 -0.5833 0.6655
vn -0.7387 -0.5155 0.4342
vn -0.7768 -0.4479 0.4428
vn -0.5143 -0.4965 0.6993
vn -0.3661 -0.4874 0.7927
vn -0.3274 -0.5745 0.7501
vn -0.2824 -0.6747 0.6819
vn -0.4956 -0.6680 0.5551
vn -0.7343 -0.5827 0.3482
vn -0.4229 -0.7698 0.4781
vn -0.3245 -0.8577 0.3987
vn -0.2609 -0.7198 0.6433
vn -0.3852 -0.7005 0.6007
vn -0.6585 -0.6165 0.4317
vn -0.7307 -0.5734 0.3706
vn -0.2802 -0.6200 0.7329
vn -0.1293 -0.5336 0.8358
vn 0.0228 -0.3160 0.9485
vn -0.0990 -0.4737 0.8751
vn -0.3959 -0.5740 0.7168
vn -0.5386 -0.6147 0.5762
vn -0.7983 -0.5532 0.2382
vn -0.8100 -0.5195 0.2721
vn -0.7786 -0.5576 0.2878
vn -0.7500 -0.5822 0.3139
vn -0.7575 -0.5679 0.3221
vn -0.6863 -0.5836 0.4341
vn -0.8205 -0.5029 0.2717
vn -0.8091 -0.5267 0.2606
vn -0.2299 -0.9711 0.0647
vn -0.3624 -0.9211 0.1423
vn -0.3647 -0.9172 -0.1601
vn -0.3100 -0.9458 -0.0970
vn -0.3459 -0.8763 0.3354
vn -0.3696 -0.9038 0.2159
vn -0.2638 -0.5953 0.7589
vn -0.2479 -0.5568 0.7928
vn -0.0940 -0.2261 0.9695
vn -0.1239 -0.1720 0.9773
vn -0.1153 -0.1324 0.9845
vn -0.0120 -0.1027 0.9946
vn -0.4016 -0.8806 0.2514
vn -0.4427 -0.8341 0.3290
vn -0.4883 -0.8633 -0.1276
vn -0.4526 -0.8771 -0.1608
vn 0.5963 -0.8023 0.0271
vn 0.2740 -0.9231 -0.2698
vn 0.5007 -0.5410 -0.6757
vn 0.8436 -0.3401 -0.4156
vn 0.9723 -0.1557 -0.1742
vn 0.7049 -0.6628 0.2527
vn 0.2403 -0.8057 0.5414
vn 0.0873 -0.9366 0.3394
vn -0.0380 -0.9971 0.0652
vn 0.6720 -0.1035 0.7333
vn 0.5569 -0.4174 0.7181
vn 0.3852 -0.6281 0.6760
vn 0.7565 -0.3876 0.5267
vn 0.9799 0.0922 0.1771
vn 0.8244 0.2639 0.5008
vn 0.2299 -0.2278 -0.9462
vn 0.1497 -0.6272 -0.7643
vn 0.4591 -0.7559 -0.4668
vn 0.5879 -0.3556 -0.7266
vn 0.3549 0.2461 -0.9019
vn 0.2564 0.1663 -0.9522
vn 0.1596 0.2451 -0.9563
vn 0.3731 -0.0859 -0.9238
vn 0.6202 0.3953 -0.6775
vn 0.7027 0.1677 -0.6915
vn 0.6024 0.5487 -0.5797
vn 0.6747 0.3068 -0.6713
vn 0.4190 0.1568 -0.8944
vn 0.4725 0.3340 -0.8156
vn -0.3500 -0.8138 0.4639
vn -0.2902 -0.6573 0.6955
vn -0.1705 -0.7058 0.6875
vn -0.2454 -0.8361 0.4906
vn -0.2210 -0.9390 0.2636
vn -0.3273 -0.9221 0.2065
vn -0.3777 -0.9181 0.1200
vn -0.3697 -0.8144 0.4473
vn -0.3266 -0.6503 0.6859
vn -0.2201 -0.8915 0.3959
vn -0.2390 -0.9090 0.3414
vn -0.1749 -0.7287 0.6622
vn -0.1148 -0.6690 0.7344
vn -0.0471 -0.6193 0.7837
vn -0.2266 -0.9136 0.3377
vn 0.1727 0.1139 -0.9784
vn 0.4627 0.5597 -0.6875
vn 0.4643 0.6000 -0.6515
vn 0.1757 0.1344 -0.9752
vn 0.1761 0.1338 -0.9752
vn 0.1583 0.1194 -0.9801
vn 0.0374 0.0673 -0.9970
vn 0.0715 0.2913 -0.9539
vn 0.2536 0.7071 -0.6601
vn 0.6334 0.7735 -0.0241
vn 0.5989 0.6547 0.4612
vn 0.5472 0.7075 0.4472
vn 0.5902 0.8071 -0.0170
vn 0.4390 0.8940 -0.0900
vn 0.4806 0.7733 0.4136
vn 0.6043 0.6755 0.4224
vn 0.5422 0.5208 0.6593
vn 0.4570 0.6154 0.6422
vn 0.5271 0.6952 0.4888
vn 0.5347 0.7709 0.3463
vn 0.4834 0.5929 0.6440
vn 0.6751 0.5712 -0.4668
vn 0.5901 0.6789 -0.4368
vn 0.6034 0.7385 -0.3009
vn 0.6603 0.7004 -0.2710
vn 0.5427 0.7647 -0.3474
vn 0.5087 0.5332 -0.6760
vn 0.6669 0.7352 -0.1209
vn 0.7081 0.7049 0.0412
vn 0.5342 0.8007 0.2712
vn 0.5405 0.8399 -0.0492
vn 0.6638 0.7094 -0.2368
vn 0.7350 0.6556 -0.1728
vn -0.5467 -0.5348 0.6442
vn -0.8202 -0.4425 0.3625
vn -0.7909 -0.5297 0.3064
vn -0.5306 -0.6174 0.5807
vn -0.2454 -0.6149 0.7494
vn -0.2955 -0.5564 0.7766
vn -0.2390 -0.5913 0.7702
vn -0.1771 -0.6172 0.7666
vn -0.2837 -0.6663 0.6896
vn -0.3332 -0.6484 0.6845
vn -0.4416 -0.5692 0.6935
vn -0.3716 -0.5055 0.7787
vn -0.4727 -0.6784 0.5625
vn -0.4425 -0.6963 0.5651
vn -0.4921 -0.7235 0.4841
vn -0.5371 -0.6946 0.4786
vn -0.5665 -0.6579 0.4963
vn -0.5076 -0.6500 0.5655
vn -0.4756 -0.7545 0.4522
vn -0.4401 -0.7734 0.4562
vn -0.4402 -0.7815 0.4422
vn -0.4528 -0.7746 0.4415
vn -0.4736 -0.7271 0.4970
vn -0.5154 -0.6974 0.4980
vn 0.4686 0.7852 -0.4048
vn 0.8284 0.2630 -0.4946
vn 0.9556 -0.1121 -0.2726
vn 0.9141 0.1701 -0.3681
vn 0.6423 0.6816 -0.3507
vn 0.4026 0.8667 -0.2945
vn 0.4021 0.8031 -0.4398
vn 0.5909 0.5392 -0.6001
vn 0.4742 0.7525 -0.4570
vn 0.5900 0.6805 -0.4346
vn 0.5418 0.7373 -0.4035
vn 0.4212 0.7802 -0.4625
vn 0.4132 0.7788 -0.4720
vn 0.4276 0.7680 -0.4768
vn 0.4393 0.7380 -0.5123
vn 0.4661 0.7115 -0.5259
vn 0.5346 0.6294 -0.5640
vn 0.5920 0.6302 -0.5023
vn 0.6213 0.6255 -0.4719
vn 0.8037 0.5208 -0.2879
vn 0.7793 0.5339 -0.3280
vn 0.7604 0.5432 -0.3560
vn 0.5915 0.6131 -0.5236
vn 0.5784 0.6249 -0.5244
vn 0.5523 0.6498 -0.5222
vn 0.5566 0.6368 -0.5335
vn -0.4125 -0.8352 0.3637
vn -0.4151 -0.7286 0.5449
vn -0.3885 -0.7478 0.5384
vn -0.3834 -0.8363 0.3920
vn -0.2380 -0.9061 0.3498
vn -0.3250 -0.9001 0.2903
vn -0.4434 -0.8629 0.2424
vn -0.4435 -0.8214 0.3586
vn -0.4329 -0.7263 0.5339
vn 0.7069 0.5895 -0.3909
vn 0.6862 0.6137 -0.3905
vn 0.1425 0.6325 -0.7614
vn 0.1890 0.5909 -0.7843
vn 0.2012 0.5809 -0.7887
vn 0.7418 0.5484 -0.3860
vn 0.8114 0.4577 0.3637
vn 0.7743 0.5570 0.3002
vn 0.6944 0.7053 0.1427
vn 0.7437 0.6311 0.2204
vn 0.7965 0.6024 0.0509
vn 0.9123 0.4018 0.0789
vn 0.9863 0.0524 0.1565
vn 0.8330 0.2155 0.5096
vn -0.0347 -0.3976 0.9169
vn -0.0337 -0.4310 0.9017
vn -0.0471 -0.4589 0.8872
vn -0.0834 -0.4584 0.8848
vn -0.1604 -0.4773 0.8640
vn -0.0002 -0.2628 0.9649
vn 0.7226 0.6711 0.1659
vn 0.7975 0.5983 0.0775
vn 0.7913 0.5847 0.1788
vn 0.7192 0.6887 -0.0921
vn 0.5944 0.8010 -0.0713
vn 0.5698 0.7887 0.2307
vn 0.6618 0.6363 -0.3964
vn 0.6841 0.6785 -0.2677
vn 0.8273 0.5317 -0.1813
vn 0.8231 0.5146 -0.2402
vn 0.5747 0.6767 -0.4603
vn 0.6041 0.7360 -0.3056
vn -0.6367 -0.5216 0.5679
vn -0.2662 -0.4865 0.8321
vn -0.2288 -0.4649 0.8553
vn -0.5994 -0.5137 0.6139
vn -0.7992 -0.5092 0.3193
vn -0.8131 -0.4930 0.3094
vn -0.5557 -0.5869 0.5889
vn -0.2256 -0.5481 0.8054
vn -0.7883 -0.5342 0.3054
vn 0.0256 -0.3678 0.9296
vn 0.0521 -0.2988 0.9529
vn -0.0556 -0.5083 0.8594
vn 0.0116 -0.4210 0.9070
vn -0.0914 -0.5366 0.8389
vn -0.1861 -0.6352 0.7496
vn -0.1193 -0.3315 0.9359
vn -0.2476 -0.5157 0.8202
vn -0.3677 -0.7621 0.5330
vn -0.2958 -0.6340 0.7145
vn -0.4018 -0.7143 0.5729
vn -0.4447 -0.7577 0.4777
vn -0.3404 -0.5132 0.7879
vn -0.3297 -0.3886 0.8604
vn -0.3742 -0.7483 0.5478
vn -0.3668 -0.7773 0.5112
vn -0.2663 -0.1920 0.9446
vn -0.2729 -0.0803 0.9587
vn -0.4077 -0.7995 0.4411
vn -0.3997 -0.8237 0.4021
vn 0.9028 0.3480 -0.2527
vn 0.8068 0.5427 -0.2335
vn 0.7944 0.5170 -0.3189
vn 0.8588 0.3698 -0.3546
vn 0.9481 -0.1337 -0.2885
vn 0.9762 -0.0913 -0.1965
vn 0.8636 0.3837 -0.3271
vn 0.6206 0.7213 -0.3076
vn 0.9479 -0.1548 -0.2784
vn 0.5501 0.8293 -0.0984
vn 0.5306 0.8468 -0.0364
vn 0.4883 0.8021 -0.3438
vn 0.4752 0.8102 -0.3431
vn 0.4395 0.8267 -0.3513
vn 0.4942 0.8501 -0.1820
vn 0.4476 0.7976 -0.4043
vn 0.4196 0.8096 -0.4104
vn 0.4488 0.8069 -0.3841
vn 0.6975 0.6884 -0.1990
vn 0.8009 0.5986 -0.0165
vn 0.6066 0.7790 -0.1591
vn 0.6867 0.6201 -0.3793
vn 0.6846 0.6357 -0.3568
vn 0.0327 0.7004 -0.7130
vn 0.0791 0.6855 -0.7238
vn 0.6650 -0.7187 -0.2032
vn 0.7197 -0.6734 0.1689
vn 0.5587 -0.7744 0.2969
vn 0.3746 -0.9272 0.0010
vn 0.2675 -0.8850 -0.3810
vn 0.4220 -0.6876 -0.5909
vn 0.5932 -0.5374 -0.5994
vn 0.7643 -0.5893 -0.2620
vn 0.7865 -0.6127 0.0780
vn -0.8906 0.3603 -0.2774
vn -0.9889 0.1018 0.1086
vn -0.8921 0.3786 0.2466
vn -0.8486 0.5173 0.1109
vn -0.8275 0.5614 -0.0013
vn -0.7787 0.4244 -0.4621
vn -0.4034 0.0710 -0.9123
vn -0.6828 -0.0966 -0.7242
vn -0.9099 -0.3606 -0.2051
vn -0.7516 0.5303 0.3923
vn -0.8160 0.3185 0.4825
vn -0.6202 0.3349 0.7093
vn -0.5750 0.4599 0.6767
vn -0.5672 0.5089 0.6475
vn -0.7331 0.5817 0.3524
vn 0.5578 -0.6081 0.5648
vn 0.6903 -0.5641 0.4530
vn 0.2657 -0.2267 0.9370
vn 0.1782 -0.3138 0.9326
vn -0.0941 -0.4458 0.8902
vn 0.2813 -0.7203 0.6340
vn 0.7301 -0.6488 -0.2146
vn 0.7005 -0.7017 0.1301
vn 0.6104 -0.5596 -0.5606
vn 0.4190 -0.7642 -0.4903
vn 0.4103 -0.9049 -0.1132
vn 0.1989 -0.9372 0.2866
vn 0.3664 -0.4364 -0.8217
vn 0.1960 -0.3478 -0.9169
vn -0.1688 -0.0843 -0.9820
vn 0.0301 -0.1955 -0.9802
vn 0.2889 -0.6013 -0.7450
vn -0.6203 0.4244 -0.6596
vn -0.7200 0.6816 -0.1305
vn -0.3706 0.8584 -0.3546
vn -0.2600 0.4456 -0.8567
vn -0.6262 0.7150 0.3109
vn -0.4870 0.6122 0.6229
vn -0.2768 0.7729 0.5710
vn -0.3549 0.9211 0.1602
vn -0.2867 0.3721 0.8828
vn -0.2921 0.2890 0.9117
vn 0.0397 -0.1678 0.9850
vn -0.1105 0.1175 0.9869
vn -0.2000 0.5160 0.8329
vn 0.4834 -0.6824 0.5483
vn 0.0156 -0.5611 0.8276
vn -0.0012 -0.9999 -0.0131
vn -0.0817 -0.8716 0.4833
vn 0.1001 -0.9145 -0.3921
vn -0.0157 -0.9447 -0.3276
vn -0.0846 -0.9937 0.0732
vn -0.1804 -0.7849 0.5928
vn 0.1444 -0.6571 -0.7399
vn 0.1763 -0.2328 -0.9564
vn 0.1804 -0.1838 -0.9663
vn 0.0477 -0.6465 -0.7614
vn 0.1288 0.3723 -0.9191
vn 0.0663 0.8471 -0.5272
vn 0.1519 0.7489 -0.6450
vn 0.2431 0.3318 -0.9115
vn -0.0292 0.9996 0.0052
vn -0.1157 0.8636 0.4906
vn -0.1281 0.8782 0.4609
vn -0.0120 0.9916 -0.1291
vn -0.1495 0.2239 0.9631
vn -0.1582 0.5865 0.7944
vn -0.2200 0.2433 0.9447
vn -0.1765 0.5761 0.7981
vn -0.1339 -0.3356 0.9325
vn -0.2531 -0.2613 0.9315
vn 0.1122 -0.8541 -0.5078
vn 0.1929 -0.8734 -0.4472
vn 0.0333 -0.9567 -0.2893
vn -0.0385 -0.9539 -0.2976
vn -0.3331 -0.8485 -0.4111
vn -0.1874 -0.6601 -0.7274
vn 0.1840 -0.3391 -0.9226
vn 0.3097 -0.4395 -0.8432
vn 0.4090 -0.5048 -0.7602
vn -0.3386 -0.9304 0.1403
vn -0.3348 -0.9422 -0.0151
vn -0.7871 -0.3576 0.5026
vn -0.6679 -0.3852 0.6368
vn -0.5727 -0.4214 0.7032
vn -0.3324 -0.9208 0.2039
vn 0.1002 -0.9328 -0.3462
vn 0.1499 -0.8585 -0.4904
vn -0.5971 0.0143 0.8020
vn -0.6951 0.1580 0.7013
vn -0.5147 0.5348 0.6701
vn -0.3455 0.5476 0.7621
vn -0.5818 -0.0814 0.8093
vn -0.3955 0.4363 0.8082
vn -0.1604 0.8472 0.5064
vn -0.3981 0.7947 0.4582
vn -0.0753 0.9875 0.1382
vn 0.0224 0.9863 0.1632
vn 0.1016 0.9782 0.1810
vn -0.0950 0.8369 0.5391
vn 0.2950 0.9228 -0.2477
vn 0.2924 0.9245 -0.2445
vn 0.5342 0.5884 -0.6070
vn 0.4908 0.6123 -0.6198
vn 0.5026 0.5385 -0.6763
vn 0.3300 0.9091 -0.2541
vn 0.5822 -0.0077 -0.8130
vn 0.5610 -0.1841 -0.8071
vn 0.4342 -0.7206 -0.5405
vn 0.4866 -0.6105 -0.6249
vn 0.5079 0.0486 -0.8600
vn 0.2787 -0.8678 -0.4113
vn 0.3570 -0.7806 -0.5131
vn 0.0625 -0.6857 -0.7252
vn -0.0100 -0.9591 -0.2829
vn 0.1305 -0.1532 -0.9795
vn 0.0601 -0.1597 -0.9853
vn 0.0520 -0.7145 -0.6977
vn -0.0655 -0.9394 -0.3366
vn 0.1131 0.3376 -0.9345
vn 0.0372 0.3626 -0.9312
vn 0.0772 0.7405 -0.6676
vn 0.0588 0.7715 -0.6335
vn -0.0250 0.9920 -0.1241
vn -0.1244 0.8559 0.5020
vn -0.1013 0.8321 0.5452
vn -0.0117 0.9963 -0.0849
vn -0.1845 0.5564 0.8102
vn -0.2683 0.2617 0.9271
vn -0.2987 0.2712 0.9150
vn -0.1717 0.5419 0.8227
vn -0.3591 -0.2071 0.9100
vn -0.3633 -0.7255 0.5846
vn -0.5823 -0.6731 0.4560
vn -0.4936 -0.1329 0.8595
vn -0.1759 -0.9777 0.1145
vn -0.3513 -0.9362 -0.0141
vn -0.1180 -0.5858 -0.8018
vn 0.0089 -0.0681 -0.9976
vn -0.2475 0.1486 -0.9574
vn -0.6025 -0.1486 -0.7842
vn -0.9189 -0.3379 -0.2037
vn -0.4659 -0.7779 -0.4217
vn -0.7826 0.1824 0.5952
vn -0.9026 -0.3522 0.2474
vn -0.9473 -0.2528 -0.1967
vn -0.9052 0.2511 0.3428
vn -0.8115 0.5082 0.2885
vn -0.6298 0.4886 0.6039
vn -0.5661 0.7229 -0.3962
vn -0.2508 0.5836 -0.7723
vn -0.0412 0.8993 -0.4353
vn -0.1484 0.9669 -0.2077
vn -0.0062 1.0000 0.0038
vn -0.5837 0.8027 0.1225
vn -0.7621 0.4345 -0.4800
vn -0.0423 0.4506 -0.8917
vn 0.0175 0.8216 -0.5697
vn -0.4553 0.7662 0.4534
vn -0.0229 0.9846 0.1735
vn 0.0599 0.9967 -0.0539
vn -0.0251 0.8336 0.5518
vn 0.0410 0.8563 0.5148
vn 0.1298 0.9866 -0.0984
vn -0.1505 0.5581 0.8160
vn -0.3728 0.3316 0.8667
vn -0.4343 0.3997 0.8072
vn -0.1592 0.6395 0.7522
vn -0.9965 -0.0323 -0.0776
vn -0.9364 0.3203 -0.1434
vn 0.3738 0.9214 -0.1058
vn 0.3617 0.9308 -0.0522
vn 0.5861 0.7619 -0.2756
vn 0.6039 0.6689 -0.4334
vn 0.7223 0.4801 -0.4978
vn 0.7856 0.5678 -0.2459
vn 0.8228 0.3507 -0.4473
vn 0.6444 0.1069 -0.7572
vn 0.4400 -0.4255 -0.7908
vn 0.7619 0.0885 -0.6416
vn 0.5092 0.8312 -0.2231
vn 0.5196 0.8488 -0.0977
vn 0.6247 -0.1538 -0.7656
vn 0.3198 -0.6674 -0.6726
vn 0.2263 -0.3738 -0.8995
vn 0.2603 -0.6170 -0.7426
vn -0.0869 -0.3415 -0.9359
vn 0.0265 -0.6734 -0.7388
vn -0.5137 -0.7783 -0.3610
vn -0.5954 -0.4916 -0.6355
vn -0.5976 -0.3530 -0.7199
vn -0.2830 -0.1735 -0.9433
vn -0.4256 -0.1377 -0.8944
vn -0.6227 -0.3069 -0.7197
vn -0.8871 -0.3115 -0.3407
vn -0.8912 -0.3042 -0.3363
vn -0.6748 -0.3003 -0.6742
vn -0.4591 -0.1777 -0.8704
vn -0.4043 -0.2564 -0.8780
vn -0.6669 -0.3660 -0.6490
vn -0.8092 -0.4244 -0.4063
vn -0.8521 -0.3753 -0.3648
vn -0.8725 -0.4754 0.1128
vn -0.9195 -0.3684 0.1371
vn -0.8876 -0.3900 -0.2452
vn -0.7891 -0.4700 -0.3954
vn -0.8429 -0.4674 -0.2665
vn -0.8432 -0.5330 0.0705
vn -0.9114 -0.4042 -0.0773
vn -0.3749 -0.2669 -0.8878
vn -0.5056 -0.1553 -0.8487
vn -0.3968 -0.2259 -0.8897
vn -0.4793 -0.1779 -0.8594
vn -0.8040 -0.2560 -0.5367
vn -0.8882 -0.3238 -0.3261
vn -0.5916 -0.2639 -0.7618
vn -0.1011 -0.1536 -0.9830
vn 0.0103 0.0014 -0.9999
vn 0.1178 0.1535 -0.9811
vn -0.2716 -0.0046 -0.9624
vn -0.6900 -0.2432 -0.6817
vn -0.7156 -0.4041 -0.5698
vn -0.2283 -0.4786 -0.8478
vn -0.1571 -0.3553 -0.9215
vn -0.6281 -0.4447 -0.6386
vn -0.8905 -0.4144 -0.1878
vn 0.3915 -0.2152 -0.8947
vn 0.3425 -0.4875 -0.8032
vn 0.7470 -0.3619 -0.5577
vn 0.7504 -0.0886 -0.6550
vn 0.6828 0.0984 -0.7240
vn 0.3910 -0.0166 -0.9202
vn 0.4503 0.4688 -0.7599
vn 0.4080 0.7702 -0.4903
vn -0.0911 0.7481 -0.6573
vn 0.2666 0.1323 -0.9547
vn 0.7332 0.4548 -0.5055
vn 0.6869 0.6319 -0.3589
vn 0.1867 -0.0074 -0.9824
vn -0.1658 0.6087 -0.7759
vn -0.5285 0.6436 -0.5536
vn -0.0862 0.0252 -0.9960
vn -0.3751 0.9261 0.0400
vn -0.3292 0.9021 -0.2791
vn -0.0923 0.9711 -0.2203
vn -0.0541 0.9938 0.0976
vn -0.3585 0.0605 -0.9316
vn -0.9579 0.0798 -0.2759
vn -0.9970 -0.0763 -0.0123
vn -0.7895 0.5827 0.1928
vn -0.9537 0.2985 0.0359
vn -0.9563 -0.2113 -0.2021
vn -0.4027 0.7993 0.4461
vn -0.3638 0.8527 0.3748
vn -0.0471 0.9136 0.4040
vn -0.0308 0.8506 0.5248
vn -0.7753 -0.2892 -0.5615
vn -0.8426 -0.2252 -0.4892
vn -0.4893 -0.5596 -0.6689
vn -0.3419 -0.5731 -0.7447
vn -0.9047 -0.1333 -0.4046
vn -0.8951 0.4457 0.0144
vn -0.7787 0.6258 -0.0453
vn -0.8671 0.3128 -0.3877
vn -0.7467 -0.0105 -0.6651
vn -0.6510 -0.3816 -0.6562
vn 0.9232 -0.3238 -0.2069
vn 0.6519 -0.5809 -0.4874
vn 0.6597 -0.4834 -0.5754
vn 0.9104 -0.1273 -0.3937
vn 0.9609 0.2600 -0.0954
vn 0.9820 0.1640 0.0934
vn 0.9843 0.1753 -0.0230
vn 0.9562 -0.1867 -0.2254
vn 0.2354 -0.6846 -0.6899
vn 0.1701 -0.6826 -0.7108
vn 0.6382 0.6995 0.3217
vn 0.7024 0.7117 -0.0084
vn 0.2266 0.9593 0.1685
vn 0.0403 0.8935 0.4472
vn 0.5930 0.7103 0.3791
vn 0.0887 -0.4204 -0.9030
vn -0.1031 0.3542 -0.9295
vn 0.6064 0.4159 -0.6778
vn 0.7176 -0.1334 -0.6835
vn -0.3882 0.8155 0.4292
vn -0.3506 0.9148 0.2005
vn -0.2879 0.8963 -0.3374
vn 0.4823 0.8158 -0.3192
vn 0.8340 0.3632 -0.4154
vn 0.0052 0.7311 -0.6822
vn -0.2729 0.6859 -0.6746
vn -0.2422 0.6277 -0.7398
vn 0.0575 0.6081 -0.7918
vn 0.0817 0.5628 -0.8226
vn -0.2462 0.5962 -0.7641
vn -0.2604 0.6009 -0.7558
vn 0.1063 0.6099 -0.7853
vn -0.2107 0.6125 -0.7618
vn -0.2088 0.6351 -0.7437
vn -0.1028 0.6170 -0.7802
vn -0.0677 0.5994 -0.7976
vn -0.0633 0.5770 -0.8143
vn -0.2151 0.6223 -0.7527
vn -0.2739 0.6250 -0.7310
vn 0.1415 0.6909 -0.7090
vn -0.2725 0.6520 -0.7075
vn 0.2011 0.7658 -0.6108
vn -0.1812 0.6350 -0.7510
vn -0.0502 0.6486 -0.7594
vn -0.0882 0.7537 -0.6513
vn -0.1993 0.6813 -0.7044
vn -0.2474 0.6662 -0.7036
vn 0.2789 0.7798 -0.5605
vn -0.1943 0.6864 -0.7008
vn 0.3745 0.7852 -0.4931
vn -0.2728 0.6825 -0.6780
vn -0.1134 0.7606 -0.6393
vn -0.1180 0.7315 -0.6715
vn -0.3159 0.6606 -0.6811
vn 0.6888 0.6517 -0.3176
vn 0.6456 0.7008 -0.3035
vn 0.0017 0.7428 -0.6696
vn 0.0230 0.7260 -0.6873
vn 0.5106 0.7671 -0.3885
vn -0.1085 0.7207 -0.6847
vn -0.3165 0.6511 -0.6899
vn -0.1382 0.7142 -0.6862
vn -0.1524 0.6922 -0.7054
vn -0.2876 0.6313 -0.7202
vn -0.2071 0.6730 -0.7101
vn -0.2110 0.7025 -0.6797
vn -0.4413 0.6012 -0.6662
vn -0.1236 0.6684 -0.7335
vn -0.2310 0.7143 -0.6606
vn -0.4831 0.6272 -0.6109
vn -0.1863 0.7614 -0.6209
vn -0.5562 0.6581 -0.5075
vn -0.8795 -0.4260 0.2122
vn -0.8653 -0.4481 0.2246
vn -0.9732 0.0430 -0.2260
vn -0.9880 0.0236 -0.1527
vn -0.9998 -0.0056 -0.0169
vn -0.8556 -0.4310 0.2867
vn -0.1909 0.6050 -0.7730
vn -0.1560 0.6403 -0.7521
vn -0.5809 0.4573 -0.6733
vn -0.5404 0.5344 -0.6500
vn -0.9679 -0.0778 -0.2390
vn -0.8655 -0.4788 0.1472
vn -0.9003 -0.4340 0.0315
vn -0.9527 0.0136 -0.3035
vn -0.5962 0.4954 -0.6318
vn -0.6456 0.5073 -0.5708
vn -0.2554 0.6101 -0.7500
vn -0.2130 0.5697 -0.7938
vn -0.7590 -0.6017 0.2487
vn -0.8347 -0.4822 0.2662
vn -0.8312 -0.4897 0.2632
vn -0.7515 -0.6114 0.2481
vn -0.7034 -0.6471 0.2941
vn -0.7625 -0.6168 0.1954
vn -0.7852 -0.5608 0.2624
vn -0.6896 -0.6429 0.3335
vn -0.8130 -0.5068 0.2868
vn -0.9671 -0.2544 0.0041
vn -0.9870 -0.1596 0.0178
vn -0.9425 0.2158 -0.2551
vn -0.9411 0.1479 -0.3040
vn -0.8658 -0.4725 0.1648
vn -0.8697 -0.4493 0.2043
vn -0.6793 -0.6270 0.3813
vn -0.7046 -0.5636 0.4311
vn -0.7160 -0.5327 0.4512
vn -0.7171 -0.6008 0.3532
vn -0.2934 0.6443 -0.7062
vn -0.6906 0.4787 -0.5422
vn -0.7124 0.4462 -0.5417
vn -0.2621 0.6707 -0.6939
vn -0.8829 -0.3898 0.2617
vn -0.8813 -0.4151 0.2256
vn -0.9931 -0.1171 0.0031
vn -0.9917 -0.1278 0.0118
vn -0.9461 0.2233 -0.2347
vn -0.9473 0.1674 -0.2730
vn -0.2386 0.7041 -0.6689
vn -0.7103 0.4724 -0.5218
vn -0.6995 0.5186 -0.4917
vn -0.2448 0.7444 -0.6213
vn -0.9533 0.1588 -0.2570
vn -0.9949 -0.0910 0.0437
vn -0.9928 -0.0533 0.1071
vn -0.9586 0.1993 -0.2033
vn -0.8719 -0.3303 0.3614
vn -0.7308 -0.4545 0.5093
vn -0.8703 -0.2601 0.4182
vn -0.7965 -0.3881 0.4636
vn -0.7612 -0.5166 0.3920
vn -0.8131 -0.4774 0.3331
vn -0.9571 0.2506 -0.1456
vn -0.9858 0.0002 0.1679
vn -0.9789 -0.0354 0.2013
vn -0.9580 0.2470 -0.1459
vn -0.6786 0.5449 -0.4925
vn -0.6771 0.5621 -0.4749
vn -0.2530 0.7618 -0.5964
vn -0.2860 0.7179 -0.6347
vn -0.9180 -0.1254 0.3762
vn -0.8756 -0.2133 0.4333
vn -0.2426 0.5989 -0.7632
vn -0.2104 0.6517 -0.7287
vn -0.5589 0.5017 -0.6602
vn -0.2372 0.5649 -0.7904
vn -0.8460 -0.4584 0.2722
vn -0.8739 -0.4424 0.2013
vn -0.9163 -0.3479 0.1984
vn -0.8691 -0.3671 0.3316
vn -0.3689 0.6402 -0.6738
vn -0.7213 0.4537 -0.5233
vn -0.9157 -0.2389 0.3232
vn -0.9477 -0.2636 0.1802
vn -0.9936 -0.1128 0.0040
vn -0.9894 -0.0791 0.1217
vn -0.9569 0.1873 -0.2218
vn -0.9283 0.1786 -0.3260
vn -0.2492 0.5452 -0.8004
vn -0.5781 0.4499 -0.6807
vn -0.5896 0.4121 -0.6947
vn -0.2582 0.5234 -0.8120
vn -0.8971 -0.4236 0.1256
vn -0.9267 -0.3691 0.0706
vn -0.9662 -0.2575 0.0128
vn -0.9428 -0.3227 0.0835
vn -0.9631 -0.2574 0.0788
vn -0.9792 -0.1998 0.0366
vn -0.9935 -0.0601 -0.0965
vn -0.9924 -0.0989 -0.0727
vn -0.9002 0.1879 -0.3928
vn -0.8932 0.1840 -0.4103
vn -0.6051 0.3980 -0.6895
vn -0.2929 0.5105 -0.8084
vn -0.6453 0.3892 -0.6573
vn -0.3393 0.4658 -0.8173
vn -0.9626 -0.2677 0.0425
vn -0.9632 -0.2633 0.0532
vn -0.9823 -0.1159 -0.1473
vn -0.9852 -0.1607 -0.0594
vn -0.9885 -0.1502 -0.0150
vn -0.9864 -0.1047 -0.1266
vn -0.9858 -0.0471 -0.1613
vn -0.9924 -0.0504 -0.1120
vn -0.9000 0.1715 -0.4008
vn -0.9196 0.1402 -0.3670
vn -0.9085 -0.4165 0.0335
vn -0.9467 -0.3174 0.0555
vn -0.9457 -0.1904 -0.2635
vn -0.9707 -0.1486 -0.1887
vn -0.9309 -0.3650 -0.0092
vn -0.8477 -0.4373 0.3003
vn -0.7200 -0.6348 0.2804
vn -0.6685 -0.7282 -0.1511
vn -0.9157 -0.3718 0.1526
vn -0.8876 -0.4483 0.1055
vn -0.8854 -0.3958 0.2436
vn -0.8719 -0.3814 0.3071
vn -0.9449 -0.3127 0.0968
vn -0.6100 -0.1807 0.7715
vn -0.6753 -0.2105 0.7069
vn -0.9779 -0.2087 -0.0140
vn -0.9663 0.2376 -0.0988
vn -0.9982 -0.0481 0.0355
vn -0.5251 0.4815 -0.7018
vn -0.3716 0.7426 -0.5572
vn -0.2414 0.9116 -0.3327
vn -0.8441 0.5053 -0.1794
vn -0.9830 -0.0425 0.1785
vn -0.8807 -0.2780 0.3835
vn -0.7899 0.6035 -0.1087
vn -0.3359 0.9417 -0.0167
vn -0.6699 0.7123 0.2093
vn -0.8519 0.5098 -0.1199
vn -0.9564 0.2919 0.0068
vn -0.9771 0.1815 0.1114
vn -0.4513 -0.3673 0.8133
vn -0.6056 -0.4009 0.6874
vn -0.5632 -0.5365 0.6285
vn -0.3882 -0.5274 0.7557
vn -0.4783 -0.4535 0.7520
vn -0.5380 -0.3465 0.7684
vn -0.6454 -0.2618 0.7176
vn -0.5251 -0.0927 0.8460
vn -0.5614 -0.2749 0.7806
vn -0.2651 -0.7111 0.6512
vn -0.2812 -0.6556 0.7008
vn -0.4054 -0.7889 0.4619
vn -0.3822 -0.8409 0.3832
vn -0.3793 -0.8659 0.3260
vn -0.2526 -0.7809 0.5713
vn -0.2130 -0.7161 0.6647
vn -0.2840 -0.6394 0.7145
vn -0.2742 -0.6084 0.7448
vn -0.2398 -0.8367 0.4923
vn -0.3985 -0.8774 0.2672
vn -0.4779 -0.8442 0.2428
vn -0.2435 -0.8349 0.4937
vn -0.0821 -0.7851 0.6139
vn -0.1187 -0.7838 0.6096
vn -0.5073 -0.8531 0.1220
vn -0.5410 -0.8208 0.1833
vn -0.6315 -0.7675 -0.1101
vn -0.5832 -0.7937 -0.1729
vn -0.5833 -0.7810 -0.2234
vn -0.4909 -0.8697 0.0511
vn -0.6315 -0.6185 -0.4676
vn -0.6798 -0.5780 -0.4515
vn -0.5337 -0.0749 -0.8424
vn -0.4862 -0.1162 -0.8661
vn -0.4617 -0.1689 -0.8708
vn -0.6055 -0.6013 -0.5214
vn -0.5396 -0.8419 0.0018
vn -0.6329 -0.7122 -0.3036
vn -0.7547 -0.5158 -0.4054
vn -0.6670 -0.7433 -0.0505
vn -0.8195 -0.5730 -0.0040
vn -0.8912 -0.3281 -0.3132
vn -0.6663 -0.7091 0.2308
vn -0.1568 0.4774 -0.8646
vn -0.2404 0.4291 -0.8707
vn -0.0230 0.5983 -0.8009
vn -0.0232 0.5725 -0.8196
vn -0.1897 0.5176 -0.8343
vn -0.0617 0.4999 -0.8639
vn -0.5999 -0.0698 -0.7970
vn -0.6751 -0.0377 -0.7368
vn -0.9620 -0.0432 -0.2696
vn -0.9115 -0.0351 -0.4098
vn -0.9062 -0.0073 -0.4228
vn -0.9562 0.0286 -0.2912
vn -0.7999 0.1631 -0.5775
vn -0.8422 -0.0884 -0.5319
vn -0.3911 0.3288 -0.8596
vn -0.4098 0.3203 -0.8541
vn 0.3300 0.5704 -0.7522
vn 0.2775 0.5795 -0.7663
vn -0.9198 0.1058 -0.3779
vn -0.9100 -0.0390 -0.4127
vn -0.2741 0.0563 -0.9601
vn 0.1684 0.3063 -0.9369
vn -0.6783 -0.3013 -0.6702
vn -0.8298 -0.0856 -0.5515
vn -0.6496 -0.0993 -0.7538
vn -0.6286 0.2292 -0.7432
vn -0.8377 -0.0154 -0.5459
vn -0.5658 -0.3879 -0.7276
vn -0.2936 0.1993 -0.9349
vn -0.1040 0.4340 -0.8949
vn -0.4184 0.4811 -0.7704
vn -0.8873 -0.3988 -0.2316
vn -0.9045 -0.3899 -0.1729
vn -0.9388 -0.0207 -0.3440
vn -0.8126 0.1842 -0.5529
vn -0.6022 0.1997 -0.7730
vn -0.8255 -0.2544 -0.5038
vn -0.9742 -0.2203 -0.0492
vn -0.9365 -0.3477 0.0459
vn -0.9082 -0.3533 0.2244
vn -0.9329 -0.3557 0.0563
vn -0.9444 -0.2762 -0.1786
vn -0.9224 -0.0562 -0.3822
vn -0.8686 -0.4410 -0.2258
vn -0.8881 -0.3171 -0.3327
vn -0.9227 -0.3709 -0.1055
vn -0.8993 -0.1401 -0.4143
vn -0.3945 -0.8946 0.2100
vn -0.6748 -0.7313 0.0993
vn -0.5709 -0.3954 0.7195
vn -0.6585 -0.3374 0.6727
vn 0.3888 0.0893 -0.9170
vn 0.1057 0.0949 -0.9899
vn 0.0424 0.5869 -0.8086
vn 0.3493 0.5489 -0.7594
vn -0.2736 0.8211 0.5009
vn 0.0634 0.9959 0.0650
vn -0.1151 0.9880 -0.1034
vn -0.5582 0.8090 0.1844
vn -0.7976 0.3007 0.5229
vn -0.5502 0.3272 0.7682
vn -0.6381 -0.1267 0.7594
vn -0.7572 -0.1210 0.6418
vn 0.1862 0.9145 -0.3592
vn -0.0800 0.8830 -0.4625
vn -0.5300 0.7683 -0.3588
vn -0.3904 0.4521 -0.8020
vn -0.7330 0.2033 -0.6492
vn -0.9344 0.3449 -0.0892
vn -0.9462 -0.3013 0.1178
vn -0.6584 -0.4475 -0.6052
vn -0.3039 -0.1477 -0.9412
vn -0.6228 -0.4956 0.6054
vn -0.1286 -0.9238 0.3607
vn -0.3825 -0.8359 -0.3936
vn -0.0925 -0.5361 -0.8390
vn -0.7812 -0.0176 0.6240
vn -0.4393 -0.0531 0.8968
vn -0.2872 0.1774 0.9413
vn -0.4885 0.1556 -0.8586
vn -0.4731 0.1613 -0.8661
vn -0.7644 -0.5494 -0.3373
vn -0.7794 -0.4326 -0.4532
vn -0.8148 -0.5780 0.0454
vn -0.7451 -0.5167 -0.4217
vn -0.7113 -0.5869 -0.3868
vn -0.7275 -0.6856 0.0276
vn -0.7993 -0.5999 -0.0354
vn -0.8565 -0.4973 0.1380
vn -0.7287 -0.6660 -0.1594
vn -0.6913 -0.7211 -0.0463
vn -0.6389 -0.6750 -0.3690
vn -0.7120 -0.6190 -0.3315
vn -0.6973 -0.7168 0.0045
vn -0.6520 -0.6514 -0.3880
vn -0.7702 -0.6115 -0.1814
vn -0.9219 -0.3770 0.0890
vn -0.9417 -0.3277 0.0765
vn -0.8975 -0.3471 -0.2722
vn -0.9289 -0.3243 -0.1785
vn -0.7217 -0.5048 -0.4736
vn -0.9148 -0.3882 0.1116
vn -0.8132 -0.5704 -0.1153
vn -0.5928 -0.4743 -0.6509
vn -0.5871 -0.4570 -0.6682
vn -0.4316 -0.3071 -0.8482
vn -0.6131 -0.3009 -0.7305
vn -0.9491 -0.3141 -0.0232
vn -0.5851 -0.1894 -0.7885
vn -0.3599 -0.2449 -0.9003
vn -0.6275 -0.4048 -0.6651
vn -0.5244 -0.5914 0.6126
vn -0.5619 -0.5201 0.6432
vn -0.4175 -0.5771 0.7019
vn -0.3513 -0.6803 0.6432
vn -0.4749 -0.6849 0.5526
vn -0.4969 -0.5871 0.6391
vn -0.5264 -0.4952 0.6911
vn -0.5240 -0.4461 0.7255
vn -0.9872 -0.0974 -0.1263
vn -0.9438 -0.1582 -0.2901
vn -0.4112 0.1460 -0.8998
vn -0.5212 0.2591 -0.8132
vn -0.8355 -0.2654 -0.4812
vn -0.7160 -0.1955 -0.6702
vn -0.1457 0.4458 -0.8832
vn -0.3002 0.2045 -0.9317
vn -0.5546 -0.0186 -0.8319
vn -0.0334 0.5629 -0.8258
vn -0.1478 0.4023 -0.9035
vn -0.1868 0.4581 -0.8690
vn -0.6578 0.1128 -0.7447
vn -0.6356 0.1059 -0.7647
vn -0.5880 0.0250 -0.8085
vn -0.1569 0.2938 -0.9429
vn -0.6866 0.0482 -0.7254
vn -0.2595 0.4463 -0.8564
vn -0.2787 -0.6737 0.6844
vn -0.2959 -0.6650 0.6857
vn -0.4631 -0.6658 0.5851
vn -0.4163 -0.7079 0.5706
vn -0.4100 -0.7115 0.5706
vn -0.2568 -0.6872 0.6796
vn -0.2850 -0.7529 0.5932
vn -0.3057 -0.7102 0.6342
vn -0.8443 -0.3168 -0.4322
vn -0.8084 -0.4096 -0.4227
vn -0.7491 -0.6617 -0.0303
vn -0.8095 -0.5870 -0.0119
vn -0.8593 -0.5114 0.0090
vn -0.8713 -0.2367 -0.4298
vn -0.5119 -0.6193 0.5954
vn -0.3358 -0.6207 0.7085
vn -0.8805 -0.2216 -0.4190
vn -0.8515 -0.3051 -0.4265
vn -0.8868 -0.4621 0.0077
vn -0.8799 -0.4751 -0.0002
vn -0.5703 -0.7793 0.2596
vn -0.5815 -0.7447 0.3276
vn -0.6914 -0.7205 -0.0533
vn -0.4303 -0.7143 0.5519
vn -0.6728 -0.6374 0.3756
vn -0.6266 -0.6902 0.3619
vn -0.7483 -0.5026 -0.4329
vn -0.6972 -0.6121 0.3732
vn -0.7379 -0.5505 0.3905
vn 0.7744 0.5118 -0.3721
vn 0.7505 0.5667 -0.3401
vn 0.7829 0.5429 -0.3038
vn 0.7668 0.5408 -0.3456
vn 0.6006 0.6016 -0.5267
vn 0.5930 0.6079 -0.5281
vn 0.5813 0.5869 -0.5637
vn 0.5772 0.6149 -0.5373
vn 0.5720 0.6260 -0.5301
vn 0.7839 0.5638 -0.2600
vn 0.7932 0.5539 -0.2530
vn 0.5578 0.6233 -0.5481
vn 0.5438 0.5381 -0.6439
vn 0.5697 0.5559 -0.6054
vn 0.4177 0.6655 -0.6185
vn 0.3971 0.6474 -0.6505
vn 0.3919 0.5924 -0.7039
vn 0.3558 0.6018 -0.7150
vn 0.3994 0.5623 -0.7240
vn 0.4530 0.5750 -0.6813
vn 0.9127 -0.1177 -0.3913
vn 0.6945 0.3383 -0.6350
vn 0.6455 0.4060 -0.6469
vn 0.9092 -0.0280 -0.4154
vn 0.8590 -0.5120 0.0079
vn 0.9153 -0.3755 -0.1454
vn -0.4122 -0.6481 0.6403
vn -0.4168 -0.6121 0.6720
vn -0.3544 -0.6130 0.7061
vn -0.3656 -0.6731 0.6428
vn -0.4336 -0.6418 0.6326
vn -0.4169 -0.5962 0.6861
vn -0.5230 -0.6347 0.5689
vn -0.4963 -0.6385 0.5882
vn -0.4891 -0.5763 0.6547
vn -0.4989 -0.6069 0.6187
vn -0.5684 -0.6107 0.5513
vn -0.5727 -0.6255 0.5299
vn -0.3648 -0.5611 0.7431
vn -0.5031 -0.5514 0.6655
vn -0.4817 -0.6216 0.6178
vn -0.3014 -0.6526 0.6952
vn -0.5522 -0.6110 0.5672
vn -0.5810 -0.5966 0.5537
vn -0.5790 -0.5957 0.5567
vn -0.5626 -0.5927 0.5764
vn -0.5547 -0.5781 0.5984
vn -0.5703 -0.5821 0.5796
vn -0.4764 -0.5985 0.6441
vn -0.4564 -0.6593 0.5976
vn -0.1636 -0.7266 0.6673
vn -0.4804 -0.7625 0.4334
vn 0.0522 -0.6997 0.7125
vn -0.2734 -0.8157 0.5098
vn -0.2304 -0.6676 0.7080
vn -0.1259 -0.6580 0.7424
vn -0.4673 -0.5397 0.7002
vn -0.4824 -0.7746 0.4091
vn -0.4821 -0.7890 0.3808
vn -0.4281 -0.7913 0.4366
vn -0.3135 -0.6946 0.6475
vn -0.3271 -0.2292 0.9168
vn -0.2875 0.0975 0.9528
vn -0.4219 -0.0723 0.9038
vn -0.5411 -0.4255 0.7254
vn -0.5542 -0.6605 0.5066
vn -0.5550 -0.6832 0.4746
vn -0.5254 -0.7491 0.4034
vn -0.5254 -0.7324 0.4330
vn -0.5777 -0.3974 0.7130
vn -0.5823 -0.4938 0.6458
vn -0.4893 -0.5817 0.6498
vn -0.4251 -0.6456 0.6344
vn -0.3840 -0.8472 0.3672
vn -0.4242 -0.8328 0.3556
vn -0.3931 -0.8175 0.4208
vn -0.3645 -0.8809 0.3020
vn -0.3907 -0.8887 0.2400
vn -0.3773 -0.8933 0.2442
vn -0.4303 -0.7618 0.4843
vn 0.5339 0.3400 -0.7742
vn 0.4257 0.4084 -0.8075
vn 0.3937 0.3514 -0.8494
vn 0.5011 0.2577 -0.8261
vn 0.5027 0.0028 -0.8644
vn 0.6072 0.2773 -0.7446
vn 0.5754 0.7251 -0.3784
vn 0.5219 0.7208 -0.4562
vn 0.3911 0.7804 -0.4879
vn 0.5601 0.4207 -0.7136
vn 0.7888 0.3478 -0.5069
vn 0.7169 -0.0169 -0.6970
vn 0.4528 -0.0584 -0.8897
vn 0.4978 0.1593 -0.8525
vn 0.5245 0.5324 -0.6645
vn 0.5128 0.8283 -0.2257
vn 0.5373 0.8126 -0.2258
vn 0.4211 0.9070 0.0044
vn 0.5776 0.8103 -0.0987
vn 0.4481 0.8759 0.1788
vn 0.4415 0.8896 -0.1170
vn 0.4454 0.8950 -0.0235
vn 0.5311 0.7766 -0.3389
vn 0.5181 0.8171 -0.2530
vn 0.4746 0.0170 -0.8800
vn 0.6192 0.0547 -0.7833
vn 0.6002 0.3657 -0.7114
vn 0.5629 0.6404 -0.5225
vn 0.4770 0.8346 -0.2755
vn 0.5222 0.1688 -0.8360
vn 0.4846 0.8644 -0.1343
vn 0.6357 0.6532 -0.4114
vn 0.4229 0.9058 -0.0248
vn 0.7850 0.5282 -0.3236
vn 0.5652 0.4761 -0.6737
vn 0.6654 0.4503 -0.5954
vn 0.8636 0.4589 -0.2086
vn 0.8468 0.4248 -0.3201
vn 0.9594 0.2311 -0.1619
vn 0.8094 0.5022 -0.3044
vn 0.7168 0.4013 -0.5702
vn 0.7914 0.5202 -0.3211
vn 0.7945 0.4237 -0.4351
vn 0.7115 0.4384 -0.5491
vn 0.7413 0.6439 -0.1891
vn 0.6684 0.6484 -0.3643
vn 0.6986 0.6141 -0.3672
vn 0.4020 0.1396 -0.9049
vn 0.6394 0.2196 -0.7369
vn 0.6152 0.2961 -0.7307
vn 0.4352 0.2417 -0.8673
vn 0.4157 0.4181 -0.8077
vn 0.5678 0.3794 -0.7305
vn 0.3698 0.9130 -0.1721
vn 0.6186 0.7809 -0.0869
vn 0.7233 0.6721 -0.1585
vn 0.4008 0.9121 0.0862
vn 0.5890 0.4077 -0.6978
vn 0.6752 0.3420 -0.6536
vn 0.7288 0.4224 -0.5389
vn 0.6391 0.5161 -0.5702
vn 0.7680 0.4540 -0.4517
vn 0.7566 0.6510 -0.0617
vn 0.7450 0.5878 -0.3153
vn 0.7667 0.6415 -0.0261
vn 0.7629 0.5749 -0.2956
vn 0.7529 0.2488 -0.6093
vn 0.7884 0.2706 -0.5524
vn 0.8844 0.1037 -0.4550
vn 0.8912 0.4408 -0.1072
vn 0.4895 0.7857 0.3782
vn 0.7047 0.6824 -0.1940
vn 0.6838 0.7091 -0.1721
vn 0.7365 0.0445 -0.6750
vn 0.7059 0.1009 -0.7011
vn 0.7509 0.3446 -0.5634
vn 0.7807 0.2928 -0.5521
vn 0.8509 0.2251 -0.4747
vn 0.7310 -0.0509 -0.6804
vn 0.6625 -0.2797 -0.6949
vn 0.7271 -0.2272 -0.6478
vn 0.6728 0.0740 -0.7361
vn 0.6874 -0.4686 -0.5548
vn 0.6061 -0.4166 -0.6775
vn 0.5381 -0.6186 -0.5725
vn 0.5889 -0.6180 -0.5208
vn 0.7096 -0.5918 -0.3824
vn 0.7935 -0.3051 -0.5266
vn 0.7581 -0.3132 -0.5720
vn 0.9639 -0.0388 -0.2636
vn 0.9111 -0.4122 -0.0092
vn 0.6991 -0.5958 -0.3954
vn 0.9068 0.3964 -0.1433
vn 0.8450 0.4934 0.2064
vn 0.8001 0.3669 0.4745
vn 0.9775 0.1645 0.1322
vn 0.6466 0.0955 0.7568
vn 0.8900 -0.1838 0.4173
vn 0.5384 -0.8370 -0.0978
vn 0.3760 -0.8718 -0.3140
vn 0.6640 -0.7053 0.2483
vn 0.2941 -0.9042 0.3097
vn 0.2639 -0.9618 0.0731
vn 0.2680 -0.9527 -0.1432
vn 0.6373 -0.5237 0.5653
vn 0.3997 -0.2796 0.8730
vn 0.1142 -0.5472 0.8291
vn 0.2696 -0.7903 0.5503
vn -0.0119 -0.5106 0.8598
vn 0.0913 -0.7900 0.6062
vn -0.0612 -0.3874 0.9199
vn -0.0756 -0.7884 0.6105
vn -0.0622 -0.9666 0.2486
vn 0.1611 -0.9116 0.3783
vn -0.5120 -0.0605 0.8569
vn -0.4771 0.0497 0.8774
vn -0.5588 -0.2999 0.7732
vn -0.5261 -0.1767 0.8318
vn -0.5117 -0.1476 0.8464
vn -0.5449 -0.1950 0.8155
vn -0.5607 -0.6025 0.5680
vn -0.5573 -0.5533 0.6191
vn -0.5733 -0.5818 0.5769
vn -0.4656 -0.8249 0.3205
vn -0.2740 -0.9416 0.1956
vn -0.4563 -0.6791 0.5749
vn -0.1121 -0.7928 0.5991
vn -0.0303 -0.8474 0.5302
vn -0.4078 -0.0605 0.9111
vn -0.4101 -0.2873 0.8656
vn -0.4367 -0.7982 0.4150
vn -0.4602 -0.5907 0.6628
vn -0.4509 -0.6995 0.5544
vn -0.3180 -0.3001 0.8993
vn -0.3496 -0.6042 0.7161
vn -0.3557 -0.8227 0.4435
vn -0.2354 -0.8948 0.3793
vn -0.4275 -0.8727 0.2359
vn -0.3518 -0.9106 0.2168
vn -0.3404 -0.9371 0.0772
vn -0.2725 -0.9612 -0.0425
vn -0.2432 -0.9690 -0.0441
vn -0.3694 -0.9283 -0.0428
vn -0.4688 -0.8609 0.1977
vn -0.3003 -0.9359 0.1843
vn -0.1647 -0.9458 0.2798
vn -0.0056 -0.8126 0.5828
vn -0.1759 -0.9808 -0.0840
vn -0.0535 -0.7643 0.6427
vn -0.0598 -0.8166 0.5741
vn -0.4417 -0.8934 0.0818
vn -0.2175 -0.8082 0.5473
vn -0.3403 -0.7099 0.6167
vn -0.2697 -0.9623 -0.0356
vn -0.5168 -0.8065 0.2872
vn -0.2625 -0.6660 0.6982
vn -0.2225 -0.6975 0.6811
vn -0.4244 -0.7584 0.4947
vn -0.3810 -0.8013 0.4612
vn -0.3233 -0.8315 0.4517
vn -0.4225 -0.7246 0.5445
vn -0.2915 -0.5622 0.7739
vn -0.1730 -0.4591 0.8714
vn -0.0983 -0.7947 0.5989
vn -0.2048 -0.6679 0.7155
vn -0.1582 -0.3242 0.9327
vn -0.1165 -0.7160 0.6883
vn -0.1109 -0.9336 0.3408
vn -0.1595 -0.9228 0.3508
vn -0.2840 -0.8568 0.4303
vn -0.2178 -0.8331 0.5084
vn -0.3252 -0.8453 0.4240
vn -0.2216 -0.8933 0.3911
vn -0.0381 -0.9322 0.3599
vn -0.0698 -0.8828 0.4645
vn -0.2944 -0.8212 0.4888
vn -0.2558 -0.8404 0.4778
vn -0.3838 -0.7122 0.5877
vn -0.2128 -0.8736 0.4376
vn -0.1350 -0.9327 0.3345
vn -0.3577 -0.7740 0.5225
vn -0.5171 -0.5905 0.6196
vn -0.4930 -0.5483 0.6755
vn -0.0233 -0.9449 0.3266
vn -0.0758 -0.9364 0.3427
vn -0.0233 -0.9845 0.1738
vn 0.0217 -0.9903 0.1370
vn -0.0244 -0.9480 0.3173
vn -0.1672 -0.9111 0.3766
vn -0.0175 -0.9945 0.1028
vn -0.2363 -0.9293 0.2837
vn -0.0125 -0.9932 0.1157
vn -0.2535 -0.9032 0.3464
vn -0.5510 -0.5813 0.5988
vn -0.5158 -0.6657 0.5392
vn -0.4938 -0.7577 0.4266
vn -0.4261 -0.8076 0.4077
vn -0.4193 -0.8101 0.4097
vn -0.4914 -0.7368 0.4644
vn -0.4130 -0.7951 0.4441
vn -0.4765 -0.7263 0.4955
vn -0.4246 -0.7717 0.4735
vn -0.3561 -0.8155 0.4562
vn -0.1661 -0.9430 0.2882
vn -0.1883 -0.9435 0.2726
vn -0.3765 -0.8053 0.4579
vn -0.0856 -0.9676 0.2375
vn -0.1306 -0.9663 0.2220
vn -0.4514 -0.8246 0.3410
vn -0.7212 -0.5568 0.4121
vn -0.5981 -0.5619 0.5715
vn -0.5273 -0.7282 0.4378
vn -0.5351 -0.7379 0.4114
vn -0.5761 -0.6566 0.4868
vn -0.5430 -0.6850 0.4857
vn -0.5277 -0.6688 0.5237
vn -0.5724 -0.6287 0.5264
vn -0.4807 -0.7383 0.4731
vn -0.4343 -0.7680 0.4706
vn -0.1613 -0.9480 0.2743
vn -0.2264 -0.9275 0.2975
vn -0.1554 -0.9822 0.1054
vn -0.2567 -0.9528 0.1623
vn -0.1775 -0.9799 0.0914
vn -0.2160 -0.9546 0.2051
vn -0.1577 -0.9559 0.2479
vn -0.1006 -0.9912 0.0866
vn -0.4124 -0.7780 0.4740
vn -0.4004 -0.8115 0.4257
vn -0.5095 -0.7494 0.4229
vn -0.4586 -0.6889 0.5614
vn -0.4703 -0.7728 0.4262
vn -0.6333 -0.4546 0.6263
vn -0.5292 -0.4970 0.6877
vn -0.3662 -0.6726 0.6431
vn -0.3681 -0.7336 0.5712
vn 0.6831 0.4170 -0.5996
vn 0.6929 0.3778 -0.6142
vn 0.5902 0.2736 -0.7595
vn 0.6599 0.3319 -0.6741
vn 0.7443 0.2706 -0.6106
vn 0.7424 0.2516 -0.6209
vn 0.5526 0.7101 -0.4363
vn 0.5573 0.6401 -0.5289
vn 0.5171 0.4620 -0.7206
vn 0.7532 0.3839 -0.5341
vn 0.8046 0.1666 -0.5700
vn 0.8078 0.1968 -0.5556
vn 0.7339 0.4549 -0.5044
vn 0.5989 0.6663 -0.4443
vn 0.6085 0.6350 -0.4760
vn 0.5712 0.7349 -0.3655
vn 0.5699 0.7172 -0.4010
vn 0.4941 0.7539 -0.4330
vn 0.5740 0.6473 -0.5014
vn 0.6150 0.6654 -0.4230
vn 0.5918 0.6324 -0.4998
vn 0.7989 0.1324 -0.5867
vn 0.7044 0.4094 -0.5799
vn 0.6725 0.4545 -0.5841
vn 0.7428 0.3774 -0.5530
vn 0.7862 0.1185 -0.6065
vn 0.8001 -0.0417 -0.5984
vn 0.6649 0.5537 -0.5013
vn 0.6997 0.4570 -0.5491
vn 0.6255 0.5562 -0.5472
vn 0.7134 0.5713 -0.4058
vn 0.6784 0.4812 -0.5552
vn 0.7528 0.3656 -0.5474
vn 0.7208 0.5004 -0.4797
vn 0.7539 0.5791 -0.3103
vn 0.6969 0.6273 -0.3476
vn 0.5503 0.8181 -0.1672
vn 0.5719 0.7496 -0.3332
vn 0.5814 0.6666 -0.4664
vn 0.6471 0.7604 0.0553
vn 0.7069 0.6948 -0.1323
vn 0.7312 0.6584 0.1785
vn 0.5963 0.7523 0.2801
vn 0.7386 0.5742 -0.3533
vn 0.6193 0.7840 -0.0426
vn 0.6927 0.4763 -0.5416
vn 0.7539 0.1568 -0.6380
vn 0.5532 0.7105 -0.4348
vn 0.6370 0.6643 -0.3911
vn 0.7186 0.6328 -0.2884
vn 0.7022 0.6429 -0.3059
vn 0.7223 0.6819 -0.1152
vn 0.7994 0.6008 -0.0054
vn 0.7116 0.6859 -0.1522
vn 0.9245 0.1543 -0.3485
vn 0.9280 0.3486 -0.1316
vn 0.7118 0.6887 -0.1380
vn 0.7646 0.5666 -0.3071
vn 0.7476 0.5481 -0.3752
vn 0.8175 0.5299 -0.2256
vn 0.8335 0.2927 -0.4687
vn 0.7193 0.6278 -0.2976
vn 0.7408 0.6666 -0.0825
vn 0.7726 -0.0172 -0.6347
vn 0.7948 -0.0444 -0.6053
vn 0.7956 0.1193 -0.5939
vn 0.3789 0.8765 -0.2968
vn 0.2473 0.9665 -0.0691
vn 0.0846 0.9857 -0.1457
vn 0.3009 0.9130 -0.2756
vn 0.0604 0.9936 -0.0956
vn 0.2302 0.9441 -0.2359
vn 0.1990 0.9663 -0.1634
vn 0.1485 0.9819 -0.1177
vn 0.3148 0.9139 -0.2562
vn 0.2045 0.9567 -0.2073
vn 0.4260 0.8421 -0.3307
vn 0.5075 0.7731 -0.3804
vn 0.4957 0.7808 -0.3802
vn 0.4252 0.8415 -0.3334
vn 0.1518 0.9682 -0.1989
vn 0.1447 0.9706 -0.1924
vn -0.0189 0.9770 -0.2125
vn 0.1339 0.9022 -0.4100
vn 0.3950 0.8232 -0.4078
vn 0.4437 0.7901 -0.4230
vn 0.3754 0.8415 -0.3885
vn 0.2923 0.8739 -0.3883
vn 0.0855 0.9481 -0.3062
vn 0.0384 0.9650 -0.2593
vn 0.0164 0.9790 -0.2032
vn 0.0733 0.9461 -0.3154
vn 0.2077 0.8576 -0.4704
vn 0.2155 0.8850 -0.4127
vn 0.1693 0.9193 -0.3553
vn 0.1119 0.9605 -0.2549
vn 0.0873 0.9764 -0.1977
vn -0.5740 -0.4869 0.6584
vn -0.5673 -0.4955 0.6578
vn -0.5815 -0.4941 0.6463
vn -0.6038 -0.3998 0.6896
vn -0.6310 -0.5100 0.5846
vn -0.6516 -0.4844 0.5838
vn -0.6636 -0.4689 0.5829
vn -0.6658 -0.4897 0.5629
vn -0.7040 -0.2667 0.6582
vn -0.6677 -0.3309 0.6669
vn -0.7646 -0.4715 0.4395
vn -0.7125 -0.5140 0.4776
vn -0.5535 -0.4264 0.7154
vn -0.6137 -0.3991 0.6813
vn -0.6554 -0.2445 0.7146
vn -0.5709 -0.3372 0.7486
vn -0.6467 -0.3861 0.6578
vn -0.6938 -0.1905 0.6945
vn -0.5268 -0.2871 0.8000
vn -0.6829 -0.0169 0.7303
vn -0.6789 -0.0958 0.7280
vn -0.4467 -0.2568 0.8570
vn -0.3412 -0.5996 0.7240
vn -0.4712 -0.4944 0.7304
vn -0.5790 -0.5029 0.6418
vn -0.5570 -0.5817 0.5928
vn -0.7166 -0.1757 0.6750
vn -0.6655 -0.4025 0.6286
vn -0.6878 -0.3633 0.6285
vn -0.5830 -0.6033 0.5442
vn -0.0276 -0.6694 0.7424
vn -0.3319 -0.4497 0.8292
vn -0.5352 -0.5323 0.6559
vn -0.2626 -0.7772 0.5719
vn 0.2941 0.9017 -0.3170
vn 0.1349 0.9854 -0.1037
vn 0.3499 0.9355 -0.0491
vn 0.4502 0.7966 -0.4035
vn 0.5878 0.6865 -0.4280
vn 0.5122 0.7766 -0.3669
vn 0.3142 0.9306 0.1878
vn 0.3147 0.9203 0.2325
vn 0.5157 0.8439 -0.1479
vn 0.5057 0.8586 -0.0838
vn 0.2909 0.9330 0.2118
vn 0.3929 0.8980 0.1979
vn 0.2615 0.9581 0.1168
vn 0.5178 0.8555 0.0003
vn 0.1620 -0.8032 0.5732
vn 0.5785 -0.8120 0.0779
vn 0.7521 -0.6452 0.1344
vn 0.3877 -0.6533 0.6503
vn 0.8776 -0.4128 0.2440
vn 0.6254 -0.3469 0.6990
vn 0.3241 -0.2193 0.9203
vn 0.0488 -0.3542 0.9339
vn -0.1977 -0.4638 0.8636
vn 0.5936 0.8045 0.0179
vn 0.1524 0.7946 0.5877
vn 0.4462 0.6909 0.5688
vn 0.7858 0.6068 0.1198
vn 0.8597 0.4312 -0.2738
vn 0.7931 0.4332 -0.4282
vn 0.7773 0.4485 -0.4412
vn 0.4651 0.8852 -0.0052
vn 0.0335 0.8252 0.5639
vn -0.0170 0.5486 0.8359
vn -0.1540 0.5321 0.8326
vn -0.3003 0.1772 0.9372
vn -0.0769 0.2948 0.9525
vn 0.3558 0.2387 0.9036
vn 0.4087 0.4520 0.7929
vn 0.9071 0.1535 0.3920
vn 0.8937 0.3720 0.2509
vn 0.9520 0.0761 -0.2964
vn 0.9207 0.2049 -0.3322
vn 0.3251 0.0019 0.9457
vn -0.0813 -0.0263 0.9963
vn -0.3405 -0.1090 0.9339
vn 0.7960 -0.0605 0.6023
vn 0.9891 -0.1314 -0.0663
vn 0.9023 -0.2941 -0.3151
vn 0.8208 -0.4450 -0.3582
vn 0.8580 0.0181 -0.5133
vn 0.8626 0.0525 -0.5032
vn 0.8218 0.1809 -0.5403
vn 0.8022 0.1955 -0.5642
vn 0.1701 0.8589 -0.4832
vn 0.1550 0.8456 -0.5109
vn -0.0821 0.8867 -0.4549
vn -0.0534 0.8866 -0.4595
vn 0.0776 0.8524 -0.5171
vn 0.3716 0.7732 -0.5139
vn 0.7378 0.5039 -0.4491
vn 0.5487 0.6759 -0.4920
vn 0.4901 0.6863 -0.5374
vn -0.2837 0.8723 -0.3983
vn -0.3108 0.8644 -0.3952
vn -0.6166 0.7398 -0.2693
vn -0.5948 0.7623 -0.2553
vn -0.5851 0.7420 -0.3272
vn -0.1983 0.8570 -0.4756
vn 0.2080 0.7870 -0.5808
vn 0.2251 0.9227 -0.3130
vn 0.0149 0.9321 -0.3618
vn -0.0776 0.8442 -0.5304
vn 0.5290 0.6448 -0.5517
vn 0.3152 0.9300 -0.1893
vn -0.3146 0.8255 -0.4686
vn -0.2123 0.9248 -0.3157
vn -0.6377 0.7460 -0.1917
vn -0.6510 0.6864 -0.3240
vn 0.3030 0.9237 0.2343
vn 0.4214 0.8982 0.1249
vn 0.5004 0.8446 0.1905
vn 0.2010 0.9310 0.3047
vn 0.4266 0.8875 -0.1744
vn -0.9049 0.4234 0.0430
vn -0.3943 0.8791 0.2678
vn -0.1306 0.6989 0.7032
vn -0.7714 0.3118 0.5547
vn -0.7285 0.5151 0.4516
vn -0.7778 -0.0081 0.6285
vn -0.3376 0.5321 0.7765
vn 0.8085 0.5796 -0.1017
vn 0.6893 0.7121 0.1336
vn 0.6822 0.7050 -0.1940
vn 0.5943 0.8013 -0.0687
vn -0.1744 0.7201 0.6715
vn -0.0567 0.7623 0.6447
vn 0.2316 0.9492 0.2128
vn 0.1181 0.9307 0.3461
vn 0.0322 0.9351 0.3529
vn 0.2426 0.8089 0.5356
vn 0.0368 0.7031 0.7102
vn -0.0101 0.9725 0.2328
vn 0.3680 0.9207 -0.1303
vn 0.2226 0.9706 -0.0918
vn 0.3862 0.9224 0.0065
vn 0.1631 0.9787 -0.1243
vn 0.2004 0.8324 0.5167
vn 0.0775 0.6522 0.7540
vn 0.0557 0.7337 0.6772
vn 0.4216 0.8566 0.2975
vn -0.0768 0.9827 0.1685
vn -0.9252 0.3553 -0.1331
vn -0.9570 0.2896 -0.0138
vn -0.9466 0.2919 -0.1371
vn -0.8892 0.4206 -0.1797
vn -0.3828 -0.6763 0.6293
vn -0.4663 -0.6978 0.5437
vn -0.7127 -0.5929 0.3748
vn -0.6133 -0.6032 0.5099
vn -0.8532 -0.1472 0.5004
vn -0.7485 -0.1559 0.6446
vn -0.9521 -0.3057 0.0062
vn -0.7913 -0.5200 0.3216
vn -0.6732 -0.5419 0.5031
vn -0.9149 -0.2519 0.3155
vn -0.9996 -0.0183 -0.0228
vn -0.6894 0.1727 0.7035
vn -0.9957 0.0921 0.0009
vn -0.1279 -0.7910 0.5983
vn -0.3286 -0.7571 0.5647
vn -0.0111 -0.8033 0.5954
vn 0.0820 -0.8349 0.5443
vn -0.8746 0.4592 -0.1558
vn -0.9389 0.3442 -0.0048
vn -0.9490 0.3013 0.0929
vn -0.8606 0.5038 -0.0751
vn -0.9687 0.1779 0.1729
vn -0.8817 -0.2122 0.4213
vn -0.8182 -0.2669 0.5092
vn -0.9544 0.0731 0.2894
vn -0.6190 -0.5473 0.5633
vn -0.5447 -0.5764 0.6091
vn -0.8558 0.5144 -0.0550
vn -0.9618 0.2372 0.1365
vn -0.9807 0.1561 0.1178
vn -0.8694 0.4811 -0.1128
vn -0.4749 -0.6632 0.5784
vn -0.2081 -0.7868 0.5810
vn -0.3045 -0.7838 0.5413
vn -0.4656 -0.7086 0.5302
vn -0.8014 -0.4112 0.4344
vn -0.7975 -0.3664 0.4793
vn -0.9372 -0.0913 0.3366
vn -0.9409 -0.1426 0.3072
vn -0.8492 0.4867 -0.2049
vn -0.9858 0.1481 0.0791
vn -0.9946 0.0878 0.0545
vn -0.8625 0.4460 -0.2390
vn -0.4986 0.7275 -0.4712
vn -0.5256 0.7313 -0.4347
vn -0.5237 -0.6952 0.4924
vn -0.3205 -0.8044 0.5001
vn -0.3948 -0.8155 0.4232
vn -0.6960 -0.5958 0.4007
vn -0.8969 -0.2870 0.3365
vn -0.8400 -0.3739 0.3932
vn -0.9566 -0.1165 0.2672
vn -0.9607 -0.1231 0.2487
vn -0.6197 0.7441 -0.2497
vn -0.8087 0.5824 -0.0826
vn -0.8199 0.5689 -0.0643
vn -0.5569 0.7884 -0.2612
vn -0.2171 0.8864 -0.4089
vn -0.3169 0.8464 -0.4280
vn -0.3029 0.8908 -0.3386
vn -0.6351 0.7597 -0.1394
vn -0.8531 0.5212 0.0230
vn -0.9591 0.2165 0.1824
vn -0.9058 -0.1835 0.3820
vn -0.9094 -0.1828 0.3736
vn -0.9589 0.2448 0.1432
vn -0.8893 -0.1865 0.4176
vn -0.9549 0.2242 0.1949
vn -0.5657 -0.6439 0.5152
vn -0.3618 -0.7667 0.5303
vn -0.3437 -0.7549 0.5586
vn -0.5635 -0.6027 0.5651
vn -0.5914 -0.6335 0.4989
vn -0.4453 -0.7187 0.5341
vn 0.1453 0.1868 -0.9716
vn 0.1219 0.2199 -0.9679
vn 0.0941 0.2068 -0.9738
vn 0.0920 0.1214 -0.9883
vn 0.3411 0.6380 -0.6904
vn 0.2567 0.5478 -0.7963
vn 0.3314 0.7809 0.5295
vn 0.4027 0.9144 -0.0408
vn 0.2722 0.8501 0.4507
vn 0.3603 0.8877 -0.2867
vn 0.3119 0.7009 0.6415
vn 0.3616 0.8903 0.2768
vn 0.2418 0.9431 0.2282
vn 0.2121 0.8044 0.5549
vn 0.4601 0.4900 -0.7404
vn 0.4194 0.3397 -0.8419
vn 0.4739 0.5544 -0.6842
vn 0.4472 0.5923 -0.6702
vn 0.4945 0.5244 -0.6931
vn 0.4349 0.5487 -0.7140
vn 0.3790 0.5716 -0.7277
vn 0.3884 0.5236 -0.7583
vn 0.7570 -0.1273 0.6409
vn 0.8376 -0.3548 0.4153
vn 0.3592 -0.6758 0.6436
vn 0.4753 -0.4922 0.7292
vn -0.0289 -0.9233 -0.3830
vn -0.1479 -0.9888 0.0196
vn -0.0181 -0.9998 0.0112
vn 0.2458 -0.9327 -0.2639
vn 0.8414 -0.5372 0.0589
vn 0.7426 -0.6630 -0.0945
vn 0.2838 -0.9450 0.1628
vn 0.4486 -0.8181 0.3597
vn 0.4767 -0.8153 -0.3287
vn 0.2849 -0.9472 -0.1473
vn -0.0067 -0.9996 0.0258
vn 0.4638 -0.8762 -0.1310
vn 0.3929 -0.9183 0.0478
vn 0.3599 -0.8957 0.2610
vn 0.8175 -0.5606 -0.1319
vn 0.7426 -0.5961 -0.3054
vn -0.1603 -0.9348 0.3171
vn -0.2344 -0.8374 0.4937
vn 0.2097 -0.9756 0.0654
vn -0.0507 -0.9954 -0.0815
vn 0.0076 -0.0643 0.9979
vn 0.4104 0.1343 0.9020
vn 0.3929 -0.2310 0.8901
vn -0.0757 -0.1477 0.9861
vn 0.3389 0.9325 -0.1245
vn 0.2129 0.8877 0.4082
vn 0.0414 0.8443 0.5343
vn 0.3756 0.9260 -0.0388
vn 0.7325 0.4893 -0.4733
vn 0.6536 0.5279 -0.5423
vn -0.0689 0.4581 0.8862
vn -0.2029 0.0062 0.9792
vn 0.2400 0.3585 0.9022
vn 0.0691 -0.1989 0.9776
vn 0.8239 -0.5017 -0.2637
vn 0.4721 -0.8783 0.0759
vn 0.4567 -0.8229 0.3381
vn 0.9363 -0.3474 -0.0517
vn 0.8453 0.1460 -0.5140
vn 0.8721 0.0089 -0.4893
vn 0.7732 0.2042 -0.6004
vn 0.7197 0.2322 -0.6543
vn 0.7475 0.6009 -0.2832
vn 0.8350 0.4981 -0.2339
vn 0.7341 0.6785 0.0274
vn 0.8482 0.5015 0.1703
vn 0.7443 0.2898 0.6017
vn 0.8366 0.2147 0.5040
vn -0.3391 -0.8268 0.4488
vn -0.4567 -0.8124 0.3625
vn -0.3866 -0.7686 0.5097
vn -0.3922 -0.6918 0.6063
vn -0.3528 -0.7240 0.5927
vn -0.5480 -0.6803 0.4867
vn -0.4385 -0.5926 0.6757
vn -0.6287 -0.5104 0.5867
vn -0.3573 -0.6531 0.6677
vn 0.6129 0.6011 -0.5129
vn 0.6525 0.5746 -0.4941
vn 0.6279 0.5438 -0.5568
vn 0.5533 0.5785 -0.5993
vn 0.3121 0.6572 -0.6861
vn 0.4680 0.6917 -0.5500
vn 0.5214 0.7221 -0.4547
vn 0.6407 0.6241 -0.4472
vn 0.6953 0.5753 -0.4308
vn -0.3325 -0.7535 0.5671
vn -0.2915 -0.6642 0.6884
vn -0.3456 -0.6348 0.6911
vn -0.3969 -0.7134 0.5776
vn -0.2347 -0.8061 0.5433
vn -0.1835 -0.7194 0.6700
vn 0.6881 -0.7253 -0.0211
vn 0.8203 -0.5588 -0.1221
vn 0.8530 -0.3668 -0.3712
vn 0.6508 -0.7592 -0.0124
vn 0.8192 -0.4063 -0.4048
vn 0.6280 -0.7782 -0.0102
vn 0.4379 -0.8774 0.1959
vn 0.5020 -0.8501 0.1589
vn 0.6009 -0.7963 0.0694
vn 0.5495 -0.8300 -0.0958
vn 0.2590 -0.9543 0.1493
vn 0.7050 -0.6493 -0.2852
vn 0.6809 -0.0894 -0.7269
vn 0.6143 0.3116 -0.7249
vn 0.4048 0.5817 -0.7056
vn 0.3299 0.4400 -0.8352
vn 0.7149 0.3370 -0.6127
vn 0.9403 -0.0472 -0.3370
vn 0.4520 0.7226 -0.5230
vn 0.4733 0.6749 -0.5661
vn 0.1842 0.2979 -0.9366
vn 0.1152 0.3391 -0.9337
vn 0.1356 0.4573 -0.8789
vn 0.2830 0.4103 -0.8669
vn 0.4178 0.4251 -0.8030
vn 0.3292 0.3427 -0.8799
vn 0.4109 0.5080 -0.7570
vn 0.5452 0.4964 -0.6755
vn 0.1788 0.5701 -0.8019
vn 0.3161 -0.8222 0.4733
vn -0.0528 -0.7619 0.6455
vn 0.1900 -0.7680 0.6116
vn 0.5654 -0.7384 0.3675
vn 0.8169 -0.5691 0.0939
vn 0.4519 0.5479 -0.7040
vn 0.4638 0.5087 -0.7253
vn 0.5240 0.4853 -0.6999
vn 0.4827 0.5717 -0.6634
vn 0.4101 0.6706 -0.6182
vn 0.4599 0.6316 -0.6241
vn 0.4466 0.5195 -0.7285
vn 0.3802 0.5802 -0.7203
vn 0.5025 0.4577 -0.7335
vn 0.8566 -0.5132 0.0539
vn 0.5168 -0.7543 0.4050
vn 0.5051 -0.8132 0.2892
vn 0.8980 -0.4384 -0.0378
vn 0.7377 -0.6562 -0.1586
vn 0.8457 -0.4888 -0.2140
vn 0.3508 -0.9359 0.0311
vn 0.1112 -0.9906 0.0800
vn 0.8282 -0.5500 -0.1077
vn 0.3743 -0.9125 0.1653
vn 0.8917 0.2635 -0.3679
vn 0.5457 0.6989 -0.4623
vn 0.3845 0.7837 -0.4877
vn 0.4105 0.8642 -0.2911
vn 0.5693 0.7509 -0.3346
vn -0.4993 -0.4568 0.7362
vn -0.4585 -0.5489 0.6989
vn -0.4660 -0.6567 0.5930
vn -0.5082 -0.6741 0.5360
vn -0.4398 -0.6317 0.6383
vn -0.4229 -0.3776 0.8238
vn 0.8532 0.5198 -0.0431
vn 0.8283 0.3745 -0.4167
vn 0.5433 0.6506 -0.5306
vn 0.6615 0.7316 -0.1648
vn 0.7100 0.1576 -0.6864
vn 0.3705 0.4790 -0.7958
vn 0.1529 -0.7206 0.6763
vn 0.0907 -0.7302 0.6772
vn 0.0830 -0.8714 0.4834
vn 0.0195 -0.8545 0.5191
vn -0.0787 -0.9584 0.2745
vn -0.0065 -0.9886 0.1504
vn 0.4694 0.8187 -0.3308
vn 0.3278 0.9224 -0.2044
vn 0.2324 0.9496 -0.2103
vn 0.3987 0.8645 -0.3062
vn 0.3703 0.9079 -0.1963
vn 0.2603 0.9649 -0.0347
vn -0.2526 -0.8801 0.4021
vn -0.1981 -0.8979 0.3932
vn -0.2980 -0.8440 0.4459
vn -0.2196 -0.8412 0.4941
vn -0.2496 -0.8413 0.4795
vn -0.3467 -0.8656 0.3612
vn -0.2144 -0.7540 0.6210
vn -0.2998 -0.8053 0.5115
vn -0.2006 -0.7585 0.6200
vn 0.0316 -0.8793 0.4752
vn -0.2792 -0.5457 0.7901
vn -0.1621 -0.6133 0.7731
vn -0.0055 -0.8657 0.5006
vn -0.3104 -0.2033 0.9286
vn -0.1097 -0.3511 0.9299
vn 0.5423 0.3058 -0.7826
vn 0.6613 0.2368 -0.7118
vn 0.5706 0.4496 -0.6872
vn 0.5127 0.3473 -0.7852
vn 0.5180 0.3407 -0.7846
vn 0.5528 0.2406 -0.7978
vn 0.4711 0.5355 -0.7010
vn 0.4854 0.4101 -0.7722
vn 0.6401 0.2755 -0.7172
vn 0.2618 0.7992 -0.5411
vn 0.2623 0.8400 -0.4750
vn 0.2721 0.8392 -0.4708
vn 0.2945 0.9388 -0.1788
vn 0.2516 0.9675 -0.0255
vn 0.2626 0.9646 0.0260
vn 0.2568 0.9651 -0.0511
vn 0.2848 0.9372 -0.2015
vn 0.2839 0.9139 -0.2902
vn 0.3476 0.8985 -0.2682
vn 0.2530 0.9433 -0.2150
vn 0.1853 0.9779 -0.0973
vn 0.2441 0.9100 -0.3352
vn 0.3163 0.8456 -0.4301
vn 0.4038 0.8519 -0.3335
vn 0.4036 0.8691 -0.2860
vn 0.3293 0.8936 -0.3051
vn 0.4368 0.7922 -0.4262
vn 0.8229 -0.2128 -0.5268
vn 0.8862 -0.1405 -0.4414
vn 0.6370 0.3518 -0.6859
vn 0.6349 0.3111 -0.7072
vn 0.9292 -0.0481 -0.3663
vn 0.6490 0.4091 -0.6414
vn -0.4362 -0.6126 0.6591
vn -0.3924 -0.6171 0.6821
vn -0.4095 -0.6473 0.6428
vn -0.4381 -0.5976 0.6716
vn -0.4441 -0.6141 0.6524
vn -0.3865 -0.5691 0.7258
vn -0.4175 -0.6882 0.5934
vn -0.3512 -0.9084 0.2269
vn -0.3140 -0.9341 0.1699
vn -0.4263 -0.7881 0.4440
vn -0.4282 -0.7366 0.5235
vn -0.3549 -0.9154 0.1899
vn 0.8941 0.2388 0.3788
vn 0.5681 -0.6022 0.5610
vn 0.3510 -0.5843 0.7317
vn 0.7871 0.2398 0.5683
vn 0.5281 0.8489 0.0228
vn 0.5589 0.8250 -0.0836
vn 0.6565 0.6789 -0.3287
vn 0.9326 0.3541 0.0695
vn 0.5588 -0.5203 0.6458
vn 0.8714 0.2902 0.3956
vn 0.6274 0.7787 0.0065
vn 0.4789 -0.3728 0.7948
vn 0.2985 0.9407 -0.1612
vn 0.2668 0.9340 -0.2378
vn 0.4107 0.6137 -0.6743
vn 0.3949 0.5970 -0.6983
vn 0.3039 0.9450 -0.1206
vn 0.4097 0.3109 -0.8576
vn 0.3801 0.2073 -0.9014
vn -0.4121 -0.9061 0.0953
vn -0.4048 -0.8737 0.2698
vn -0.2958 -0.9552 -0.0055
vn -0.1920 -0.9182 -0.3466
vn -0.0971 -0.8950 -0.4353
vn -0.3077 -0.9486 0.0738
vn -0.1870 -0.9449 -0.2688
vn -0.1474 -0.9291 -0.3393
vn -0.2445 -0.9692 -0.0290
vn 0.8081 0.5174 -0.2817
vn 0.7870 0.4408 -0.4317
vn 0.9598 -0.0147 0.2803
vn 0.9109 0.1050 0.3990
vn 0.2342 -0.4694 0.8514
vn 0.3560 -0.5920 0.7231
vn 0.5262 -0.6162 0.5861
vn 0.8721 0.2219 -0.4361
vn 0.9854 -0.1218 0.1193
vn 0.4543 0.6891 -0.5645
vn 0.5433 0.6400 -0.5434
vn 0.5963 0.5095 -0.6203
vn 0.4991 0.4758 -0.7243
vn 0.4161 0.3742 -0.8287
vn 0.4247 0.6371 -0.6432
vn 0.4766 0.3828 -0.7914
vn 0.4213 0.5163 -0.7456
vn 0.6155 0.4046 -0.6763
vn 0.3036 0.3563 0.8837
vn 0.2052 0.8691 0.4500
vn 0.2112 0.9756 0.0597
vn 0.4155 0.6413 0.6450
vn 0.0431 -0.2296 0.9723
vn 0.2250 -0.2217 0.9488
vn -0.5304 -0.6067 0.5920
vn -0.5194 -0.6241 0.5837
vn -0.4244 -0.7614 0.4900
vn -0.4387 -0.7515 0.4927
vn -0.3954 -0.8043 0.4435
vn -0.5117 -0.7070 0.4882
vn 0.8419 0.1571 -0.5163
vn 0.8836 0.1979 -0.4244
vn 0.7545 0.4155 -0.5080
vn 0.7268 0.3439 -0.5946
vn 0.7209 0.3764 -0.5820
vn 0.8420 0.1624 -0.5145
vn 0.7739 0.3264 -0.5427
vn 0.7809 0.2935 -0.5514
vn 0.8803 0.2089 -0.4260
vn 0.2062 0.7679 -0.6064
vn 0.2554 0.7893 -0.5584
vn 0.2447 0.8134 -0.5277
vn 0.0756 0.3006 -0.9507
vn 0.1544 0.4470 -0.8811
vn 0.0912 0.4350 -0.8958
vn 0.0627 0.3380 -0.9391
vn 0.1978 0.4881 -0.8501
vn 0.3418 0.6112 -0.7138
vn 0.3116 0.8607 0.4026
vn 0.2433 0.9555 0.1666
vn 0.4848 0.8744 0.0183
vn 0.5701 0.8092 0.1421
vn 0.6096 0.7898 -0.0672
vn 0.4625 0.8818 0.0926
vn 0.4325 0.6286 -0.6464
vn 0.2965 0.6758 -0.6748
vn 0.3571 0.7311 -0.5814
vn 0.4315 0.6922 -0.5785
vn 0.3892 0.5531 -0.7367
vn 0.2987 0.5986 -0.7432
vn 0.3818 0.2180 -0.8982
vn 0.4192 0.2068 -0.8840
vn 0.4072 0.2887 -0.8665
vn 0.4180 0.3242 -0.8486
vn 0.3869 0.5365 -0.7500
vn 0.4705 0.5689 -0.6745
vn -0.0312 -0.8461 0.5322
vn -0.1935 -0.9134 0.3583
vn -0.3093 -0.8429 0.4403
vn -0.1981 -0.7600 0.6190
vn -0.0814 -0.5941 0.8002
vn 0.0050 -0.7232 0.6906
vn -0.3560 -0.9322 -0.0647
vn -0.3945 -0.9141 0.0937
vn -0.3584 -0.9334 0.0158
vn -0.3677 -0.9294 0.0318
vn -0.3900 -0.8670 0.3103
vn -0.3349 -0.9283 0.1614
vn -0.0438 -0.7807 0.6234
vn -0.0682 -0.7145 0.6963
vn -0.3029 -0.6405 0.7057
vn -0.3364 -0.6946 0.6359
vn -0.3950 -0.7520 0.5277
vn -0.1639 -0.8478 0.5044
vn 0.1623 0.9258 -0.3415
vn -0.0406 0.9900 -0.1352
vn 0.0846 0.9964 -0.0079
vn 0.2532 0.9275 -0.2749
vn 0.5567 0.5452 -0.6268
vn 0.4793 0.5256 -0.7029
vn 0.5865 0.7277 -0.3557
vn 0.4199 0.7637 -0.4904
vn 0.4109 0.8614 -0.2985
vn 0.5255 0.8374 -0.1505
vn 0.6145 0.4785 -0.6272
vn 0.4384 0.5229 -0.7310
vn 0.4780 0.5732 -0.6655
vn 0.3448 0.7604 -0.5504
vn 0.4167 0.7808 -0.4655
vn 0.5216 0.5241 -0.6733
vn 0.6215 0.5181 -0.5877
vn 0.1937 0.7822 -0.5921
vn 0.0273 0.8165 -0.5767
vn 0.0560 0.8751 -0.4806
vn 0.3256 0.8204 -0.4701
vn 0.0809 0.7094 -0.7002
vn 0.1458 0.7015 -0.6976
vn 0.1832 0.3952 -0.9001
vn 0.1571 0.4512 -0.8785
vn 0.1245 0.5324 -0.8373
vn 0.0755 0.4750 -0.8768
vn 0.1615 0.4044 -0.9002
vn 0.2428 0.5113 -0.8244
vn 0.4170 0.6544 -0.6308
vn 0.0964 0.4481 -0.8888
vn 0.1170 0.5505 -0.8266
vn 0.5750 0.7701 -0.2763
vn 0.5330 0.7584 -0.3753
vn 0.6542 0.7561 0.0151
vn 0.6797 0.7218 0.1307
vn 0.6794 0.7336 0.0141
vn 0.4014 0.7536 -0.5205
vn 0.6847 0.6843 -0.2508
vn 0.4402 0.8575 -0.2662
vn 0.4676 0.8457 -0.2572
vn 0.7279 0.6227 -0.2872
vn 0.1836 0.9720 -0.1465
vn 0.1656 0.9606 -0.2232
vn 0.3935 0.8117 -0.4316
vn 0.2778 0.9245 -0.2609
vn 0.3021 0.9193 -0.2524
vn 0.4001 0.8060 -0.4362
vn 0.3726 0.7066 -0.6016
vn 0.3808 0.6162 -0.6895
vn 0.4737 0.5299 -0.7035
vn 0.3710 0.8033 -0.4659
vn 0.3083 0.9160 -0.2569
vn 0.4566 0.5164 -0.7245
vn 0.4471 0.5276 -0.7223
vn 0.4353 0.5483 -0.7141
vn 0.4302 0.5127 -0.7430
vn 0.4698 0.2881 -0.8344
vn 0.5522 0.1847 -0.8130
vn 0.4329 0.5002 -0.7499
vn 0.4249 0.5052 -0.7511
vn -0.1717 -0.8521 0.4944
vn -0.0507 -0.7670 0.6396
vn 0.0043 -0.8308 0.5566
vn -0.1047 -0.8885 0.4468
vn -0.2417 -0.9570 0.1601
vn -0.2665 -0.9357 0.2313
vn -0.3229 -0.9082 0.2662
vn -0.2159 -0.9502 0.2247
vn -0.0601 -0.7755 0.6285
vn -0.1924 -0.7291 0.6568
vn -0.0899 -0.9884 0.1227
vn -0.0014 -0.9904 0.1380
vn 0.0981 -0.8404 0.5331
vn 0.0319 -0.9397 0.3406
vn 0.2022 -0.8904 0.4078
vn -0.0487 -0.4531 0.8901
vn 0.0254 -0.5477 0.8363
vn -0.0988 -0.4945 0.8635
vn -0.2249 -0.7372 0.6372
vn -0.2732 -0.8392 0.4702
vn 0.0629 -0.6740 0.7361
vn -0.3802 -0.7545 0.5349
vn -0.4037 -0.6901 0.6007
vn -0.2638 -0.7123 0.6504
vn -0.3293 -0.8033 0.4963
vn -0.3583 -0.8254 0.4363
vn -0.2545 -0.9662 -0.0403
vn -0.1413 -0.9648 -0.2219
vn -0.3929 -0.8395 0.3754
vn -0.3086 -0.7661 0.5638
vn -0.4128 -0.8264 0.3830
vn -0.4724 -0.8521 0.2252
vn -0.4317 -0.8722 0.2300
vn -0.3749 -0.8369 0.3987
vn -0.3859 -0.7477 0.5404
vn -0.4069 -0.6594 0.6321
vn -0.4127 -0.5906 0.6934
vn -0.1674 -0.9177 0.3602
vn -0.2551 -0.9432 0.2127
vn -0.3450 -0.5644 0.7500
vn -0.3191 -0.6293 0.7086
vn -0.4310 -0.5904 0.6824
vn -0.2666 -0.4090 0.8727
vn -0.0842 -0.5397 0.8376
vn -0.2841 -0.8051 0.5207
vn -0.2089 -0.8388 0.5027
vn 0.0079 -0.6606 0.7507
vn 0.0556 -0.8110 0.5824
vn -0.2365 -0.8296 0.5059
vn 0.0510 -0.4164 0.9078
vn 0.1321 -0.5718 0.8097
vn 0.1786 -0.7447 0.6431
vn -0.1117 -0.2189 0.9693
vn -0.2974 -0.3913 0.8709
vn -0.3660 -0.8104 0.4574
vn -0.4618 -0.6311 0.6232
vn -0.4055 -0.6570 0.6356
vn -0.3719 -0.7163 0.5905
vn -0.2414 -0.8397 0.4864
vn -0.1366 -0.9792 0.1502
vn 0.0054 -0.9963 0.0856
vn -0.1156 -0.9245 0.3633
vn -0.1547 -0.8073 0.5696
vn -0.2374 -0.8626 0.4468
vn -0.0668 -0.8659 0.4957
vn 0.0087 -0.8399 0.5426
vn -0.1194 -0.6979 0.7062
vn -0.0387 -0.7148 0.6982
vn -0.1038 -0.6980 0.7085
vn -0.3966 -0.6738 0.6235
vn -0.2456 -0.6535 0.7160
vn -0.3042 -0.6229 0.7208
vn -0.4733 -0.5946 0.6499
vn -0.5333 -0.5345 0.6557
vn -0.3868 -0.5828 0.7146
vn -0.4370 -0.6344 0.6377
vn -0.4516 -0.6622 0.5980
vn -0.0935 -0.5776 0.8109
vn -0.0463 -0.5029 0.8631
vn -0.4085 -0.6683 0.6217
vn -0.1197 -0.5156 0.8484
vn -0.5571 -0.5511 0.6212
vn -0.4083 -0.7007 0.5850
vn -0.4104 -0.7057 0.5775
vn -0.6778 -0.4588 0.5745
vn -0.8632 -0.0419 0.5031
vn -0.8259 -0.1656 0.5390
vn -0.8745 0.3673 0.3166
vn -0.9000 0.2738 0.3391
vn -0.7125 0.6976 0.0755
vn -0.7375 0.6691 0.0912
vn -0.4112 0.9012 -0.1369
vn -0.4247 0.8900 -0.1657
vn -0.1607 0.9311 -0.3276
vn -0.0876 0.9472 -0.3086
vn 0.3299 0.8299 -0.4500
vn 0.3057 0.8159 -0.4907
vn 0.7422 0.4301 -0.5140
vn 0.7304 0.4991 -0.4662
vn 0.9126 0.1261 -0.3890
vn 0.9073 0.0695 -0.4146
vn 0.9090 0.0770 -0.4096
vn 0.9107 0.1515 -0.3844
vn 0.1866 0.9690 -0.1621
vn 0.2839 0.9316 -0.2269
vn 0.2247 0.9583 -0.1765
vn 0.0029 0.9887 -0.1497
vn 0.0847 0.9838 -0.1581
vn 0.2174 0.9088 -0.3562
vn 0.5135 0.4718 -0.7167
vn 0.0233 0.9983 -0.0532
vn 0.1249 0.9676 -0.2195
vn 0.5721 0.1776 -0.8007
vn 0.5677 0.2112 -0.7957
vn 0.5539 0.3326 -0.7632
vn 0.5334 0.4432 -0.7205
vn 0.5081 0.6235 -0.5942
vn 0.5810 0.4388 -0.6855
vn 0.5956 0.5106 -0.6202
vn 0.6265 0.3585 -0.6921
vn 0.6235 0.2944 -0.7243
vn 0.6334 0.2314 -0.7384
vn 0.0874 0.9870 -0.1349
vn 0.1170 0.9843 -0.1319
vn 0.1614 0.9823 -0.0950
vn 0.3034 0.9423 -0.1414
vn 0.2231 0.9280 -0.2985
vn 0.3464 0.7842 -0.5148
vn 0.4682 0.8762 -0.1142
vn 0.3241 0.9421 -0.0864
vn 0.2964 0.9164 -0.2692
vn 0.2240 0.9347 -0.2759
vn 0.3998 0.7562 -0.5180
vn 0.5273 0.6100 -0.5915
vn 0.3137 0.9185 -0.2406
vn -0.2118 -0.6204 0.7552
vn -0.3509 -0.6264 0.6961
vn -0.2937 -0.7511 0.5913
vn -0.1347 -0.7771 0.6148
vn 0.1844 -0.8530 0.4883
vn -0.0388 -0.8679 0.4953
vn -0.3247 -0.8051 0.4964
vn -0.4484 -0.7000 0.5559
vn -0.4994 -0.5814 0.6423
vn 0.2105 0.8071 -0.5515
vn -0.0823 0.8821 -0.4639
vn 0.3529 0.6207 -0.7001
vn 0.3337 -0.8796 0.3391
vn 0.1735 -0.8410 0.5125
vn 0.2380 -0.8953 0.3767
vn 0.4787 -0.8538 0.2046
vn -0.0461 -0.8679 0.4946
vn 0.0062 -0.7810 0.6245
vn 0.0892 0.6357 -0.7668
vn 0.2044 0.6033 -0.7709
vn 0.2881 0.5120 -0.8092
vn 0.5091 0.5370 -0.6727
vn 0.4091 0.5810 -0.7036
vn 0.3918 0.5128 -0.7639
vn -0.4148 -0.6175 0.6683
vn -0.2660 -0.6556 0.7067
vn -0.0861 -0.7118 0.6971
vn -0.3832 -0.8724 0.3033
vn -0.4054 -0.8738 0.2687
vn -0.3746 -0.8972 0.2339
vn 0.5197 0.8200 -0.2398
vn 0.3879 0.9094 -0.1500
vn 0.2557 0.9615 -0.1005
vn -0.4103 -0.7799 0.4726
vn -0.3957 -0.8719 0.2885
vn -0.2305 -0.9501 0.2101
vn -0.5217 0.0345 0.8524
vn -0.3944 -0.0375 0.9182
vn -0.3053 -0.2664 0.9142
vn -0.4314 -0.2698 0.8609
vn -0.1550 0.2679 -0.9509
vn -0.5704 0.0038 -0.8214
vn -0.6497 0.2489 -0.7183
vn -0.2087 0.5075 -0.8360
vn -0.8370 -0.3624 -0.4100
vn -0.8396 -0.5372 0.0804
vn -0.8483 -0.4514 0.2768
vn -0.9479 -0.1686 -0.2704
vn -0.1908 0.7656 -0.6144
vn -0.6663 0.5711 -0.4795
vn -0.5636 0.8029 -0.1944
vn -0.1555 0.9350 -0.3189
vn -0.9719 0.2299 0.0500
vn -0.8141 -0.1836 0.5509
vn -0.6215 0.1959 0.7585
vn -0.7191 0.6216 0.3105
vn -0.2868 0.6155 0.7341
vn -0.1860 0.9589 0.2142
vn -0.2764 0.0143 0.9609
vn -0.4267 -0.1626 0.8897
vn -0.5457 -0.3559 0.7587
vn -0.6293 -0.4608 0.6258
vn -0.7149 -0.5125 0.4757
vn 0.5391 0.7188 -0.4390
vn 0.6708 0.5933 -0.4450
vn 0.6332 0.6203 -0.4629
vn 0.7521 0.4685 -0.4635
vn 0.7382 0.4621 -0.4915
vn 0.7126 0.5286 -0.4613
vn 0.9068 0.2531 -0.3371
vn 0.8798 0.3451 -0.3269
vn 0.7745 0.4635 -0.4305
vn 0.7748 0.4508 -0.4433
vn 0.5704 0.7151 -0.4041
vn 0.6361 0.6531 -0.4110
vn 0.5855 0.7003 -0.4084
vn 0.5473 0.7339 -0.4023
vn 0.6956 0.5825 -0.4205
vn 0.7413 0.5196 -0.4249
vn 0.7066 0.5916 -0.3882
vn 0.6397 0.6535 -0.4047
vn 0.7592 0.5259 -0.3834
vn 0.7710 0.5202 -0.3674
vn 0.3705 0.7717 -0.5168
vn 0.4526 0.6823 -0.5741
vn 0.5249 0.7352 -0.4289
vn 0.3397 0.8422 -0.4187
vn 0.3563 0.7357 -0.5760
vn 0.4551 0.6575 -0.6005
vn 0.7049 0.4021 -0.5843
vn 0.7164 0.4131 -0.5622
vn 0.6954 0.4520 -0.5587
vn 0.6469 0.4536 -0.6130
vn 0.7543 0.3798 -0.5355
vn 0.8368 0.2852 -0.4673
vn 0.5319 0.5844 -0.6129
vn 0.5351 0.5777 -0.6164
vn 0.5940 0.5107 -0.6215
vn 0.5772 0.5129 -0.6355
vn 0.6708 0.5148 -0.5339
vn 0.6167 0.6147 -0.4917
vn 0.6783 0.4868 -0.5504
vn 0.6105 0.4705 -0.6371
vn 0.6645 0.4503 -0.5964
vn 0.3181 0.8895 -0.3280
vn 0.5086 0.7679 -0.3895
vn 0.5315 0.7725 -0.3474
vn 0.3933 0.9000 -0.1880
vn 0.8329 0.3657 -0.4154
vn 0.8250 0.2819 -0.4898
vn 0.7510 0.4121 -0.5160
vn 0.7823 0.4540 -0.4265
vn 0.7370 0.5124 -0.4408
vn 0.6829 0.5131 -0.5200
vn 0.6728 0.5350 -0.5110
vn 0.7079 0.5299 -0.4670
vn 0.6515 0.6093 -0.4519
vn 0.6602 0.5838 -0.4726
vn 0.5581 0.7692 -0.3113
vn 0.6571 0.7311 -0.1835
vn 0.4132 0.9104 -0.0201
vn 0.3995 0.9051 -0.1457
vn 0.7089 0.5587 -0.4305
vn 0.7158 0.5234 -0.4622
vn 0.8870 0.4605 0.0339
vn 0.8679 0.4963 0.0192
vn 0.4054 0.6527 0.6401
vn 0.6756 0.3291 0.6597
vn 0.1074 -0.3640 0.9252
vn -0.1352 -0.4302 0.8926
vn 0.5981 0.0284 0.8009
vn 0.5493 0.1132 0.8279
vn -0.1763 -0.2814 0.9433
vn 0.0211 -0.3503 0.9364
vn -0.3600 -0.7546 0.5486
vn -0.1162 -0.5945 0.7956
vn -0.2614 -0.6994 0.6652
vn -0.2809 -0.7593 0.5870
vn -0.3161 -0.4699 0.8242
vn -0.5429 -0.4244 0.7247
vn -0.6437 -0.4116 0.6452
vn -0.5123 -0.5097 0.6912
vn -0.4482 -0.6986 0.5577
vn -0.5458 -0.6221 0.5613
vn -0.5035 -0.6223 0.5994
vn -0.4107 -0.7020 0.5819
vn -0.4839 -0.6180 0.6196
vn -0.3489 -0.7185 0.6016
vn -0.2883 -0.8051 0.5183
vn -0.4288 -0.7505 0.5028
vn -0.5382 -0.7323 0.4171
vn -0.3872 -0.8246 0.4123
vn -0.6532 -0.5239 0.5467
vn -0.7167 -0.4197 0.5569
vn -0.7138 -0.4737 0.5158
vn -0.6999 -0.5282 0.4807
vn -0.6488 -0.4617 0.6049
vn -0.6375 -0.5463 0.5433
vn -0.6190 -0.4792 0.6223
vn -0.5461 -0.6298 0.5524
vn -0.5852 -0.6020 0.5433
vn -0.6610 -0.5277 0.5335
vn -0.6228 -0.5405 0.5657
vn -0.3768 -0.8047 0.4588
vn -0.5059 -0.6925 0.5143
vn -0.5510 -0.6658 0.5030
vn -0.4019 -0.8014 0.4429
vn -0.6287 -0.5502 0.5496
vn -0.6547 -0.4814 0.5828
vn -0.6706 -0.5066 0.5419
vn -0.6446 -0.5445 0.5366
vn -0.6341 -0.5057 0.5849
vn -0.6740 -0.5045 0.5396
vn -0.4483 -0.7935 0.4116
vn -0.5564 -0.6884 0.4654
vn -0.5781 -0.6948 0.4279
vn -0.4624 -0.7949 0.3928
vn -0.3788 -0.8553 0.3535
vn -0.3826 -0.8423 0.3796
vn -0.6544 -0.5609 0.5071
vn -0.6783 -0.5168 0.5223
vn -0.6972 -0.5406 0.4708
vn -0.6734 -0.5874 0.4489
vn -0.4812 -0.7264 0.4908
vn -0.3888 -0.7511 0.5336
vn -0.6219 -0.6373 0.4551
vn -0.4558 -0.7291 0.5106
vn -0.6195 -0.6273 0.4719
vn -0.4262 -0.7750 0.4666
vn -0.4903 -0.7157 0.4974
vn -0.5290 -0.7000 0.4797
vn -0.4114 -0.7571 0.5075
vn -0.5014 -0.6972 0.5124
vn -0.4996 -0.7447 0.4426
vn -0.5478 -0.7066 0.4479
vn -0.5874 -0.6809 0.4375
vn -0.5565 -0.6162 0.5573
vn -0.4944 -0.7369 0.4611
vn -0.2340 -0.8076 0.5413
vn -0.2291 -0.5588 0.7970
vn -0.1307 0.2580 0.9573
vn -0.0141 0.5199 0.8541
vn -0.1008 -0.3642 0.9259
vn -0.2178 -0.8470 0.4849
vn -0.2773 -0.8318 0.4809
vn -0.0601 -0.3331 0.9410
vn 0.0652 0.6114 0.7886
vn 0.1803 0.6769 0.7136
vn 0.2084 0.0333 0.9775
vn 0.4457 -0.7402 0.5035
vn -0.0225 -0.8607 0.5086
vn 0.3402 0.9119 -0.2296
vn 0.1547 0.9082 -0.3890
vn 0.0892 0.9959 0.0141
vn 0.2525 0.9128 0.3209
vn 0.4343 0.7532 0.4941
vn 0.5752 0.8180 -0.0054
vn 0.5639 0.7261 -0.3935
vn 0.3430 0.7967 -0.4977
vn 0.2026 0.8586 -0.4709
vn 0.6996 0.7141 0.0237
vn 0.5514 0.6599 0.5104
vn 0.6793 0.6399 0.3592
vn 0.6996 0.6839 -0.2068
vn 0.6833 0.7130 -0.1574
vn 0.6979 0.6526 -0.2951
vn 0.7585 0.6501 -0.0450
vn 0.7258 0.6620 -0.1870
vn 0.3402 0.6018 0.7225
vn 0.5379 0.3894 0.7477
vn 0.6695 0.4318 0.6044
vn 0.7456 0.3000 0.5950
vn 0.2623 0.6943 0.6702
vn 0.9696 0.1049 0.2209
vn 0.6704 0.6090 0.4239
vn 0.6873 0.3131 0.6554
vn 0.8652 -0.3724 0.3358
vn 0.7452 -0.6534 -0.1333
vn 0.7328 -0.6804 -0.0075
vn 0.9505 -0.1574 0.2679
vn 0.7187 0.2282 0.6568
vn 0.6835 0.6551 0.3220
vn 0.8851 0.4652 0.0119
vn 0.7878 0.4140 -0.4561
vn 0.9180 -0.2720 -0.2887
vn 0.2536 0.9665 -0.0387
vn 0.4128 0.8599 -0.3003
vn 0.3537 0.8046 -0.4769
vn 0.4405 0.7808 0.4431
vn 0.0262 0.9911 -0.1308
vn 0.0727 0.8716 -0.4847
vn -0.1102 0.9737 -0.1996
vn -0.0548 0.9981 0.0281
vn -0.3110 0.8694 -0.3839
vn -0.2298 0.9048 -0.3584
vn 0.0758 0.9965 -0.0339
vn -0.2309 0.8375 -0.4952
vn -0.0375 0.9954 0.0883
vn -0.5174 0.7886 -0.3322
vn -0.9003 -0.3764 0.2186
vn -0.9547 -0.2619 0.1413
vn -0.9019 -0.2922 0.3181
vn -0.8196 -0.4639 0.3363
vn -0.7748 -0.5319 0.3418
vn -0.6993 -0.5194 0.4911
vn 0.7486 0.6285 0.2109
vn -0.1111 0.5843 0.8039
vn 0.7285 0.6255 0.2793
vn 0.8485 0.5237 0.0761
vn -0.3902 0.4162 0.8213
vn -0.9710 0.0442 0.2350
vn -0.6275 0.4426 0.6406
vn -0.1106 -0.9790 0.1715
vn 0.1092 -0.6797 0.7253
vn 0.1854 -0.8019 0.5679
vn -0.0599 -0.9981 -0.0131
vn -0.2460 -0.9652 -0.0893
vn -0.2890 -0.9571 0.0231
vn 0.1866 -0.1981 0.9623
vn -0.0310 -0.4029 0.9147
vn 0.2342 -0.3434 0.9095
vn 0.3923 -0.2360 0.8891
vn 0.3454 0.6825 -0.6441
vn 0.3219 0.4279 -0.8446
vn 0.2943 0.5850 -0.7558
vn 0.3439 0.6562 -0.6717
vn -0.2066 -0.9624 0.1765
vn -0.0186 -0.9714 0.2367
vn 0.0087 -0.9982 0.0601
vn -0.1678 -0.9841 0.0588
vn -0.1406 -0.8931 0.4274
vn -0.2595 -0.9327 0.2504
vn -0.3542 -0.7053 0.6141
vn -0.2486 -0.6152 0.7481
vn -0.3086 -0.5693 0.7620
vn -0.3350 -0.5584 0.7589
vn 0.4503 0.5261 -0.7214
vn 0.5416 0.5059 -0.6714
vn 0.5033 0.2392 -0.8303
vn 0.3534 0.1964 -0.9146
vn 0.4840 0.5469 -0.6831
vn 0.5431 0.5317 -0.6499
vn 0.4558 0.8526 0.2556
vn 0.4961 0.8677 -0.0318
vn 0.4896 0.8665 -0.0972
vn 0.3779 0.8939 0.2412
vn 0.2953 0.8835 0.3636
vn 0.4200 0.8260 0.3759
vn -0.4389 -0.8164 0.3753
vn -0.3710 -0.8294 0.4176
vn -0.4989 -0.6042 0.6213
vn -0.5798 -0.6493 0.4922
vn -0.6503 0.7596 -0.0108
vn -0.8417 0.4987 0.2069
vn -0.3250 0.9165 -0.2334
vn -0.2193 0.9751 -0.0343
vn -0.5440 0.8059 0.2337
vn -0.7667 0.4657 0.4419
vn 0.2905 0.8465 -0.4462
vn 0.3753 0.8848 -0.2763
vn 0.7816 0.4506 -0.4314
vn 0.8163 0.5200 -0.2515
vn 0.9178 0.2355 -0.3196
vn 0.9387 0.1540 -0.3083
vn 0.9725 0.0322 -0.2305
vn 0.9610 0.1787 -0.2109
vn 0.8900 0.2376 -0.3892
vn 0.9254 0.1636 -0.3417
vn 0.8084 0.3773 -0.4518
vn 0.8149 0.3934 -0.4256
vn 0.7188 0.3824 -0.5807
vn 0.7274 0.3519 -0.5891
vn 0.7946 0.1121 -0.5967
vn 0.7777 0.1906 -0.5991
vn 0.6834 0.4777 -0.5521
vn 0.6799 0.4473 -0.5811
vn 0.3836 0.9216 -0.0600
vn 0.3490 0.9310 0.1066
vn 0.4182 0.8923 0.1703
vn 0.4823 0.8752 -0.0366
vn 0.5195 0.8386 -0.1637
vn 0.4276 0.8923 -0.1450
vn 0.4242 0.9054 -0.0146
vn 0.4189 0.9019 0.1053
vn 0.5893 0.6844 -0.4292
vn 0.6338 0.6477 -0.4229
vn 0.6227 0.6478 -0.4388
vn 0.5940 0.6917 -0.4108
vn 0.5464 0.7480 -0.3767
vn 0.5525 0.7163 -0.4262
vn 0.5088 0.7488 -0.4247
vn 0.4314 0.8281 -0.3580
vn 0.6288 0.6089 -0.4836
vn 0.5861 0.7241 -0.3636
vn 0.6124 0.7121 -0.3434
vn 0.6273 0.6079 -0.4868
vn 0.5066 0.8253 -0.2496
vn 0.5809 0.7762 -0.2451
vn 0.4738 0.7345 -0.4857
vn 0.3706 0.7840 -0.4980
vn 0.4225 0.7295 -0.5378
vn 0.5094 0.7090 -0.4877
vn -0.3615 -0.8418 0.4009
vn -0.3997 -0.8507 0.3415
vn -0.3479 -0.6734 0.6523
vn -0.3360 -0.6684 0.6636
vn -0.4954 -0.6218 0.6066
vn -0.5684 -0.6489 0.5058
vn -0.5235 -0.6722 0.5236
vn -0.4297 -0.6406 0.6364
vn -0.3736 -0.6547 0.6571
vn -0.4645 -0.6917 0.5530
vn -0.3718 -0.6604 0.6524
vn -0.4116 -0.6462 0.6426
vn -0.4331 -0.8420 0.3217
vn -0.2903 -0.9419 -0.1689
vn -0.4007 -0.8966 -0.1886
vn -0.4460 -0.8235 0.3506
vn -0.4305 -0.8218 0.3733
vn -0.4469 -0.6579 0.6061
vn -0.4522 -0.8795 -0.1485
vn -0.3660 -0.6386 0.6769
vn -0.4374 -0.6913 0.5751
vn -0.5300 -0.6162 0.5825
vn -0.5793 -0.6416 0.5027
vn 0.2294 -0.1435 0.9627
vn 0.1966 -0.1867 0.9626
vn -0.4177 -0.6436 0.6413
vn -0.4028 -0.6039 0.6878
vn -0.5436 -0.7314 0.4117
vn -0.5413 -0.7391 0.4010
vn 0.6590 0.5750 -0.4848
vn 0.6662 0.6044 -0.4369
vn 0.5963 0.6550 -0.4642
vn 0.6523 0.5642 -0.5061
vn 0.6203 0.5756 -0.5328
vn 0.6357 0.5417 -0.5499
vn 0.6096 0.5881 -0.5315
vn 0.5138 0.6836 -0.5183
vn 0.4406 0.6978 -0.5648
vn 0.4788 0.6931 -0.5388
vn 0.4569 0.7480 -0.4814
vn 0.5657 0.6540 -0.5023
vn 0.3638 0.7762 -0.5149
vn 0.3801 0.7884 -0.4836
vn 0.4162 0.7080 -0.5706
vn 0.4826 0.6808 -0.5510
vn 0.4282 0.7242 -0.5406
vn 0.4122 0.6567 -0.6316
vn 0.4246 0.6659 -0.6134
vn 0.3906 0.6123 -0.6874
vn 0.5289 0.6057 -0.5945
vn 0.3759 0.7476 -0.5476
vn 0.3383 0.6565 -0.6742
vn 0.3109 0.3958 -0.8641
vn 0.4360 0.4722 -0.7661
vn 0.1719 0.3866 -0.9061
vn 0.1613 0.4434 -0.8817
vn 0.3848 0.5753 -0.7218
vn 0.0618 0.3627 -0.9299
vn -0.1325 0.2033 -0.9701
vn 0.5669 0.5321 -0.6289
vn -0.3257 -0.5716 0.7532
vn -0.3391 -0.5687 0.7494
vn -0.3249 -0.6305 0.7049
vn -0.3217 -0.6253 0.7110
vn 0.2455 0.5558 -0.7942
vn 0.3729 0.6324 -0.6790
vn -0.3468 -0.6873 0.6383
vn -0.3503 -0.7008 0.6215
vn -0.4166 -0.7531 0.5092
vn -0.3826 -0.7513 0.5378
vn -0.4468 -0.6791 0.5824
vn -0.4582 -0.5988 0.6569
vn -0.4721 -0.5883 0.6565
vn -0.4459 -0.6714 0.5920
vn -0.4052 -0.7677 0.4965
vn -0.4545 -0.7539 0.4744
vn 0.5102 0.5375 -0.6714
vn 0.5512 0.5546 -0.6233
vn 0.5703 0.5954 -0.5659
vn 0.5571 0.5560 -0.6169
vn -0.4421 -0.6634 0.6037
vn -0.4046 -0.7599 0.5088
vn -0.4628 -0.5834 0.6675
vn 0.5883 0.5962 -0.5463
vn 0.5870 0.5808 -0.5640
vn 0.5854 0.6267 -0.5144
vn 0.6042 0.6217 -0.4985
vn 0.5715 0.5896 -0.5708
vn 0.5583 0.5263 -0.6413
vn 0.5505 0.5275 -0.6471
vn 0.5558 0.6042 -0.5710
vn 0.5139 0.6822 -0.5201
vn 0.5497 0.6533 -0.5206
vn 0.5139 0.6295 -0.5828
vn 0.4873 0.7071 -0.5124
vn 0.4931 0.5539 -0.6709
vn -0.4171 -0.8099 0.4124
vn -0.4975 -0.7710 0.3975
vn -0.3702 -0.8513 0.3718
vn -0.4635 -0.8026 0.3755
vn -0.3579 -0.8156 0.4546
vn -0.4520 -0.7859 0.4219
vn -0.3072 -0.8455 0.4368
vn -0.3609 -0.8360 0.4134
vn -0.3744 -0.8159 0.4407
vn -0.3897 -0.8029 0.4510
vn 0.5898 0.6518 -0.4768
vn 0.5898 0.6610 -0.4639
vn 0.5448 0.6769 -0.4950
vn 0.5607 0.6419 -0.5230
vn 0.5392 0.6966 -0.4733
vn 0.4925 0.7223 -0.4855
vn 0.5148 0.7314 -0.4472
vn 0.5232 0.7171 -0.4605
vn -0.2782 -0.8331 0.4781
vn -0.2945 -0.5840 0.7565
vn -0.0936 -0.5292 0.8433
vn -0.0767 -0.8047 0.5886
vn 0.4611 0.7427 -0.4856
vn 0.4596 0.7573 -0.4640
vn -0.3021 -0.6036 0.7379
vn -0.3615 -0.8058 0.4690
vn -0.4186 -0.6422 0.6421
vn -0.2035 -0.4965 0.8439
vn -0.4339 -0.1975 0.8791
vn -0.6007 -0.1282 0.7891
vn -0.6142 -0.2842 0.7362
vn -0.3564 -0.4216 0.8338
vn -0.5614 -0.3742 0.7381
vn -0.5677 -0.3993 0.7199
vn 0.4801 0.8764 0.0377
vn 0.3819 0.9240 0.0209
vn 0.3968 0.7777 -0.4876
vn 0.4801 0.7796 -0.4022
vn -0.6071 -0.1894 0.7717
vn -0.6132 -0.2373 0.7535
vn -0.5746 -0.5498 0.6063
vn -0.4686 -0.8470 -0.2511
vn -0.3318 -0.9137 -0.2346
vn -0.2358 -0.9190 0.3159
vn -0.5045 -0.8247 0.2555
vn -0.6002 -0.7395 0.3049
vn -0.5412 -0.8178 -0.1958
vn 0.3710 0.4121 -0.8322
vn 0.2826 0.4894 -0.8250
vn -0.1517 -0.9765 -0.1530
vn 0.0491 -0.9059 0.4205
vn -0.3177 -0.2535 0.9137
vn -0.4750 -0.6888 0.5477
vn -0.4432 -0.2642 0.8566
vn -0.2530 -0.3577 0.8989
vn 0.1486 -0.4274 0.8918
vn 0.3348 -0.0567 0.9406
vn 0.0033 -0.0160 0.9999
vn -0.4918 -0.8702 -0.0307
vn -0.3011 -0.8740 0.3813
vn -0.3067 -0.8653 0.3965
vn -0.1896 -0.7869 0.5873
vn -0.2163 -0.8277 0.5179
vn -0.3510 -0.8192 0.4535
vn -0.3507 -0.8660 0.3564
vn 0.4128 -0.3469 0.8422
vn 0.4211 -0.2083 0.8828
vn -0.3430 -0.8521 0.3954
vn -0.2845 -0.7471 0.6007
vn -0.2942 -0.7652 0.5726
vn -0.3950 -0.8165 0.4211
vn -0.1029 -0.7227 0.6835
vn 0.1108 -0.5866 0.8023
vn 0.1348 -0.4107 0.9017
vn -0.2861 -0.8892 0.3570
vn -0.0868 -0.3465 0.9340
vn 0.5077 0.8486 -0.1486
vn 0.5210 0.7780 -0.3513
vn 0.4816 0.8661 -0.1338
vn 0.4980 0.8197 -0.2829
vn 0.5168 0.7390 -0.4323
vn 0.5414 0.7038 -0.4600
vn -0.5662 -0.2464 0.7866
vn -0.7461 -0.2436 0.6197
vn -0.5966 -0.5301 0.6025
vn -0.4315 -0.4876 0.7590
vn -0.5069 -0.5025 0.7004
vn -0.5754 -0.3502 0.7391
vn -0.5985 -0.3739 0.7085
vn -0.7832 -0.2465 0.5708
vn -0.3876 -0.9031 0.1849
vn -0.0659 -0.9942 0.0845
vn 0.0280 -0.9931 0.1137
vn -0.2499 -0.8907 0.3797
vn -0.7528 -0.5443 0.3701
vn -0.3438 -0.8926 0.2915
vn -0.5969 -0.6067 0.5251
vn -0.3024 -0.8278 0.4726
vn -0.0820 -0.9727 0.2170
vn -0.1184 -0.9898 0.0788
vn 0.0403 -0.9695 0.2419
vn -0.1610 -0.8234 0.5441
vn -0.6665 -0.4573 0.5887
vn -0.8590 -0.2665 0.4371
vn -0.8379 -0.2478 0.4864
vn 0.2370 0.9414 -0.2399
vn 0.6306 0.6113 -0.4782
vn 0.6769 0.6626 -0.3206
vn 0.3022 0.9529 -0.0260
vn 0.1696 0.9851 -0.0288
vn 0.0557 0.9904 -0.1269
vn 0.7966 0.2051 -0.5687
vn 0.8415 0.1770 -0.5104
vn 0.4890 0.7286 -0.4796
vn 0.5055 0.7590 -0.4103
vn 0.4543 0.8050 -0.3814
vn 0.4699 0.7926 -0.3886
vn 0.5250 0.6786 -0.5137
vn 0.5668 0.7287 -0.3843
vn 0.4638 0.8214 -0.3321
vn 0.4296 0.8710 -0.2384
vn 0.4617 0.7826 -0.4175
vn 0.3926 0.8736 -0.2875
vn 0.3860 0.9225 -0.0042
vn 0.3308 0.9304 0.1579
vn 0.1749 0.9844 0.0165
vn 0.3672 0.9184 -0.1476
vn 0.4766 0.8365 -0.2703
vn 0.5093 0.8327 -0.2175
vn 0.5513 0.7736 -0.3124
vn 0.5233 0.7975 -0.3004
vn 0.4838 0.8215 -0.3016
vn 0.6014 0.7297 -0.3253
vn 0.5654 0.7482 -0.3471
vn 0.4375 0.8498 -0.2939
vn 0.2875 0.9446 -0.1584
vn 0.3717 0.5689 -0.7336
vn 0.3932 0.4975 -0.7733
vn 0.4326 0.3889 -0.8134
vn 0.4188 0.5137 -0.7488
vn 0.5539 0.7863 -0.2736
vn 0.5850 0.7362 -0.3402
vn 0.5417 0.4859 -0.6859
vn 0.4586 0.4466 -0.7683
vn 0.4621 0.3533 -0.8134
vn 0.5430 0.4512 -0.7082
vn 0.4608 0.4321 -0.7752
vn 0.4805 0.2181 -0.8494
vn 0.4452 0.1207 -0.8872
vn 0.4559 0.3282 -0.8273
vn 0.3773 0.1773 -0.9090
vn 0.3066 -0.0425 -0.9509
vn 0.4375 -0.0681 -0.8966
vn 0.4823 0.4589 -0.7462
vn -0.4610 -0.5889 0.6639
vn -0.4566 -0.5406 0.7066
vn -0.4384 -0.5459 0.7140
vn -0.4345 -0.5818 0.6876
vn 0.3712 0.3768 -0.8487
vn 0.2381 0.0862 -0.9674
vn -0.4561 -0.5545 0.6961
vn -0.4370 -0.6004 0.6698
vn -0.5177 -0.5985 0.6114
vn -0.4866 -0.5451 0.6827
vn -0.4321 -0.6251 0.6501
vn -0.4591 -0.6398 0.6163
vn -0.4147 -0.8822 0.2230
vn -0.4572 -0.7797 0.4279
vn -0.5266 -0.8327 0.1710
vn -0.5397 -0.6940 0.4766
vn -0.5092 -0.5590 0.6544
vn -0.5154 -0.7419 0.4289
vn -0.4401 -0.8857 0.1476
vn -0.4788 -0.5304 0.6996
vn -0.5866 -0.7277 0.3556
vn -0.5180 -0.7378 0.4329
vn -0.4717 -0.7687 0.4320
vn -0.5311 -0.7779 0.3358
vn -0.5595 -0.7839 0.2693
vn -0.6121 -0.7245 0.3171
vn -0.6435 -0.6352 0.4271
vn -0.6433 -0.6463 0.4105
vn -0.5755 -0.6553 0.4893
vn -0.3557 -0.7185 0.5977
vn -0.1837 -0.9358 0.3008
vn -0.5266 -0.7355 0.4262
vn -0.5235 -0.7372 0.4271
vn -0.5657 -0.6511 0.5060
vn -0.4298 -0.8583 0.2802
vn -0.4908 -0.8333 0.2545
vn -0.5248 -0.7652 0.3730
vn -0.5549 -0.6819 0.4765
vn -0.4942 -0.6752 0.5476
vn -0.5718 -0.7548 0.3215
vn -0.6429 -0.6288 0.4373
vn 0.3411 0.9397 -0.0256
vn 0.2781 0.9572 -0.0796
vn 0.3450 0.8252 -0.4472
vn 0.4791 0.7909 -0.3807
vn -0.5291 -0.6938 0.4886
vn 0.5243 0.3221 -0.7883
vn 0.4191 0.3364 -0.8433
vn 0.3721 0.8379 -0.3992
vn 0.4681 0.7893 -0.3973
vn 0.4847 0.1704 -0.8579
vn 0.3016 0.2161 -0.9286
vn 0.2930 0.2790 -0.9145
vn 0.3273 0.8618 -0.3875
vn 0.1911 0.9776 -0.0881
vn 0.1980 0.9712 -0.1327
vn -0.5322 -0.7190 0.4470
vn -0.4117 -0.9113 0.0056
vn -0.3998 -0.9132 0.0793
vn -0.5425 -0.5863 0.6016
vn 0.3780 0.9252 -0.0346
vn -0.2967 -0.7916 0.5341
vn -0.5763 -0.6992 0.4230
vn -0.4766 -0.8771 0.0594
vn -0.1901 -0.9685 0.1611
vn -0.4278 -0.9008 0.0748
vn -0.2850 -0.9479 -0.1421
vn -0.4480 -0.8926 -0.0505
vn -0.4202 -0.9070 -0.0292
vn -0.4283 -0.9016 0.0606
vn -0.5667 -0.6461 0.5113
vn -0.2463 -0.9086 0.3373
vn -0.2181 -0.8837 0.4141
vn -0.5548 -0.6885 0.4671
vn -0.5177 -0.6220 0.5874
vn -0.5291 -0.5878 0.6120
vn -0.2672 -0.8733 0.4074
vn -0.1033 -0.9946 0.0079
vn -0.5294 -0.7348 0.4241
vn -0.2619 -0.9264 0.2705
vn -0.6132 -0.5088 0.6042
vn -0.6637 -0.5181 0.5396
vn -0.6132 -0.5668 0.5502
vn -0.6410 -0.6084 0.4680
vn -0.6289 -0.6261 0.4610
vn -0.3717 -0.8468 0.3806
vn 0.6693 0.4406 -0.5983
vn 0.7019 0.4067 -0.5848
vn 0.6868 0.4946 -0.5326
vn 0.6432 0.5141 -0.5674
vn 0.5812 0.6238 -0.5226
vn 0.6266 0.6580 -0.4177
vn -0.5922 -0.6211 0.5134
vn 0.6152 0.6244 -0.4813
vn 0.6076 0.6426 -0.4667
vn 0.6528 0.4457 -0.6126
vn 0.6645 0.4493 -0.5972
vn 0.6922 0.2911 -0.6604
vn 0.6820 0.2551 -0.6855
vn 0.6897 0.4533 -0.5647
vn 0.6692 0.0237 -0.7427
vn 0.6886 -0.0122 -0.7250
vn 0.6458 0.6377 -0.4200
vn 0.4692 0.8503 -0.2385
vn 0.5825 0.7465 -0.3216
vn 0.5478 0.7225 -0.4219
vn 0.4529 0.8183 -0.3539
vn 0.3715 0.8965 -0.2414
vn 0.3708 0.9203 -0.1248
vn 0.3372 0.9407 -0.0379
vn 0.4701 0.8694 -0.1523
vn 0.5880 0.7637 -0.2666
vn 0.7072 0.2933 -0.6433
vn 0.7473 0.0303 -0.6638
vn 0.4280 0.8767 -0.2194
vn 0.5754 0.7650 -0.2893
vn 0.3176 0.9320 -0.1749
vn 0.1474 0.9533 -0.2637
vn 0.2649 0.9528 -0.1484
vn 0.3003 0.8724 -0.3855
vn 0.4309 0.7703 -0.4701
vn 0.5070 0.6882 -0.5190
vn -0.6263 -0.5787 0.5224
vn -0.5857 -0.6555 0.4768
vn -0.4515 -0.7806 0.4323
vn -0.5263 -0.7213 0.4502
vn -0.4738 -0.8034 0.3607
vn -0.5784 -0.6957 0.4260
vn -0.5732 -0.7146 0.4010
vn -0.4775 -0.8108 0.3386
vn -0.4635 -0.8101 0.3591
vn -0.4361 -0.8371 0.3301
vn -0.6724 -0.5541 0.4908
vn -0.6840 -0.5492 0.4802
vn -0.4697 -0.7916 0.3909
vn -0.4852 -0.7747 0.4056
vn -0.5374 -0.7365 0.4108
vn -0.4593 -0.7881 0.4097
vn -0.5476 -0.7256 0.4166
vn -0.4726 -0.8063 0.3557
vn -0.5703 -0.7280 0.3805
vn -0.5380 -0.6745 0.5056
vn -0.5172 -0.5939 0.6163
vn -0.4367 -0.6575 0.6140
vn -0.3907 -0.5011 0.7722
vn -0.3292 -0.6088 0.7218
vn -0.5428 -0.5912 0.5965
vn -0.6422 -0.5083 0.5738
vn -0.2212 -0.7577 0.6140
vn -0.4412 -0.5505 0.7087
vn -0.4862 -0.7340 0.4742
vn -0.2170 -0.8825 0.4172
vn -0.4636 -0.7671 0.4434
vn -0.4607 -0.7373 0.4941
vn -0.6772 -0.5014 0.5386
vn -0.6675 -0.5534 0.4982
vn 0.9530 0.1089 -0.2828
vn 0.9182 0.2094 -0.3362
vn 0.7982 0.4370 -0.4145
vn 0.8646 0.3516 -0.3589
vn 0.9111 0.2234 -0.3464
vn 0.9420 0.1053 -0.3187
vn -0.2620 -0.8938 0.3640
vn -0.5343 -0.7035 0.4686
vn -0.4526 -0.8218 0.3460
vn 0.8819 0.2466 -0.4017
vn 0.8994 0.2025 -0.3875
vn 0.7907 0.4408 -0.4248
vn 0.7725 0.4450 -0.4529
vn 0.9259 0.0833 -0.3685
vn 0.9285 0.0072 -0.3712
vn 0.6785 0.5847 -0.4447
vn 0.7082 0.5745 -0.4104
vn -0.0995 0.8211 -0.5621
vn 0.0206 0.7938 -0.6078
vn 0.5335 0.6106 -0.5853
vn 0.2721 0.7800 -0.5635
vn 0.6581 0.5776 -0.4829
vn 0.8400 0.3070 -0.4474
vn 0.8070 0.4338 -0.4006
vn 0.9337 0.1085 -0.3412
vn 0.9543 -0.0794 -0.2881
vn -0.8230 0.0272 0.5674
vn -0.7763 0.3337 0.5348
vn -0.9196 0.1887 0.3446
vn -0.9015 -0.1359 0.4108
vn -0.8992 -0.2207 0.3779
vn -0.8381 -0.0995 0.5363
vn -0.8506 -0.0398 0.5243
vn -0.8474 0.1643 0.5049
vn -0.9473 -0.2096 0.2424
vn -0.9213 -0.2584 0.2904
vn -0.9934 0.0672 0.0928
vn -0.6439 -0.5522 0.5296
vn -0.9130 -0.1219 0.3893
vn -0.6864 -0.3099 0.6578
vn -0.7564 -0.2464 0.6059
vn -0.8361 -0.3582 0.4154
vn -0.9310 0.2252 0.2872
vn 0.7760 0.4603 -0.4312
vn 0.7060 0.5473 -0.4495
vn 0.7444 0.5634 -0.3583
vn 0.7864 0.4856 -0.3818
vn 0.7419 0.5777 -0.3404
vn 0.7472 0.5329 -0.3972
vn -0.8251 -0.4597 0.3284
vn 0.6962 0.5609 -0.4480
vn 0.6816 0.6091 -0.4055
vn 0.5872 0.6063 -0.5363
vn 0.6361 0.6324 -0.4421
vn 0.6559 0.5323 -0.5352
vn 0.6673 0.6532 -0.3579
vn 0.6892 0.6528 -0.3145
vn 0.7365 0.4597 -0.4963
vn -0.6836 -0.5386 0.4926
vn -0.6598 -0.6052 0.4455
vn -0.6525 -0.6233 0.4309
vn -0.6654 -0.5923 0.4544
vn -0.6596 -0.5446 0.5179
vn -0.6622 -0.5484 0.5107
vn 0.6629 0.6633 -0.3471
vn -0.6637 -0.5872 0.4634
vn -0.6931 -0.5472 0.4693
vn -0.5913 -0.6901 0.4173
vn -0.6141 -0.6662 0.4232
vn -0.6177 -0.6638 0.4216
vn -0.6318 -0.6536 0.4167
vn -0.6304 -0.6166 0.4716
vn -0.6248 -0.6483 0.4350
vn -0.6589 -0.5942 0.4613
vn 0.2024 0.9686 -0.1443
vn 0.0639 0.7669 -0.6385
vn 0.0447 0.7851 -0.6178
vn 0.1264 0.9794 -0.1572
vn 0.1715 0.9480 0.2680
vn 0.2847 0.8996 0.3311
vn 0.1890 0.9752 -0.1155
vn 0.1427 0.9403 0.3089
vn 0.1714 0.7891 -0.5898
vn -0.0677 0.4497 -0.8906
vn -0.0385 0.4753 -0.8790
vn 0.1140 0.5486 -0.8283
vn 0.1353 0.8326 0.5371
vn 0.3530 0.9221 0.1585
vn 0.2239 0.8919 0.3929
vn 0.1243 0.8125 0.5696
vn 0.4383 0.7852 -0.4374
vn 0.4732 0.7907 -0.3885
vn 0.3964 0.8373 -0.3766
vn 0.4406 0.8357 -0.3277
vn 0.3548 0.7962 0.4901
vn 0.4630 0.8860 -0.0244
vn 0.4180 0.9058 -0.0686
vn 0.4604 0.8151 -0.3516
vn 0.3037 0.7575 0.5779
vn 0.4769 0.8665 -0.1478
vn 0.4919 0.7888 -0.3685
vn 0.2896 0.9567 -0.0301
vn 0.1745 0.9762 0.1286
vn 0.1003 0.9768 0.1891
vn 0.2011 0.9762 0.0808
vn 0.7889 0.1235 -0.6020
vn 0.6809 0.1027 -0.7251
vn 0.6503 0.5722 -0.4997
vn 0.6938 0.6329 -0.3435
vn -0.0569 0.9983 -0.0131
vn 0.2352 0.9179 -0.3197
vn 0.3628 0.9303 -0.0549
vn 0.5356 0.4961 -0.6834
vn 0.0998 0.9919 -0.0788
vn 0.3650 0.9289 0.0624
vn 0.6017 0.1120 -0.7908
vn -0.5217 0.7923 0.3163
vn -0.1232 0.9924 0.0031
vn -0.1902 0.9378 -0.2904
vn -0.6971 0.7143 0.0621
vn -0.8182 0.5258 -0.2324
vn -0.3456 0.7888 -0.5083
vn 0.1503 0.7735 -0.6158
vn 0.2738 0.8209 -0.5011
vn 0.6741 0.4690 -0.5706
vn 0.6080 0.5021 -0.6150
vn 0.3771 0.8863 -0.2690
vn 0.7848 0.5213 -0.3351
vn 0.9341 0.1280 -0.3334
vn 0.8611 0.1694 -0.4794
vn 0.8553 0.2380 -0.4603
vn -0.4552 -0.4034 0.7937
vn -0.1736 -0.2463 0.9535
vn -0.0356 -0.5561 0.8303
vn -0.4076 -0.6008 0.6877
vn -0.2823 -0.7528 0.5947
vn -0.2021 -0.7751 0.5987
vn -0.3983 -0.7193 0.5691
vn -0.3833 -0.7190 0.5798
vn -0.7220 -0.4323 0.5403
vn -0.7288 -0.4318 0.5314
vn -0.9214 -0.0782 0.3807
vn -0.9013 -0.0533 0.4299
vn -0.9434 0.2624 0.2028
vn -0.9269 0.2942 0.2329
vn -0.7679 0.6379 -0.0589
vn -0.7545 0.6539 -0.0555
vn -0.4703 0.8318 -0.2948
vn -0.4497 0.8522 -0.2674
vn -0.0997 0.9324 -0.3475
vn -0.1704 0.8929 -0.4169
vn 0.2831 0.7929 -0.5396
vn 0.3157 0.8372 -0.4465
vn 0.7407 0.4562 -0.4932
vn 0.7115 0.4152 -0.5669
vn 0.9134 0.0846 -0.3981
vn 0.8851 0.0549 -0.4621
vn 0.8906 0.1243 -0.4374
vn 0.8730 0.0753 -0.4818
vn 0.6681 0.4826 -0.5664
vn 0.7077 0.4068 -0.5776
vn 0.9105 0.4134 -0.0045
vn 0.8370 0.5234 0.1594
vn 0.7749 0.2983 -0.5572
vn 0.8582 0.3299 -0.3932
vn 0.2591 0.0857 0.9620
vn 0.5727 -0.0478 0.8184
vn -0.0583 -0.7819 0.6207
vn -0.0021 -0.7840 0.6208
vn -0.4022 -0.6583 0.6363
vn -0.4071 -0.6805 0.6092
vn 0.2798 -0.6680 0.6895
vn 0.4133 -0.7220 0.5549
vn -0.7383 -0.4005 0.5427
vn -0.7200 -0.3965 0.5695
vn -0.8903 -0.0644 0.4508
vn -0.9136 -0.0675 0.4009
vn -0.9235 0.3095 0.2266
vn -0.8974 0.3399 0.2814
vn -0.7024 0.7059 0.0911
vn -0.7344 0.6787 0.0061
vn -0.3869 0.9016 -0.1934
vn -0.3596 0.9305 -0.0693
vn -0.0241 0.9617 -0.2730
vn 0.0703 0.9793 -0.1899
vn 0.3451 0.8937 -0.2867
vn 0.4663 0.8546 -0.2283
vn 0.7716 0.6058 -0.1940
vn 0.7515 0.5831 -0.3087
vn -0.6037 -0.4029 0.6879
vn -0.2779 -0.6224 0.7317
vn -0.0393 -0.3786 0.9247
vn -0.3828 -0.2135 0.8988
vn -0.6242 -0.0200 0.7810
vn -0.8118 -0.0722 0.5794
vn -0.8247 0.3306 0.4588
vn -0.5745 0.2904 0.7653
vn -0.5016 0.6214 0.6019
vn -0.6332 0.7072 0.3146
vn 0.9534 0.1764 -0.2447
vn 0.9723 0.1989 -0.1227
vn 0.9899 -0.1417 -0.0089
vn 0.9850 0.0980 -0.1421
vn -0.2746 0.9337 0.2296
vn -0.1401 0.7376 0.6605
vn 0.2643 0.7213 0.6402
vn 0.1749 0.9730 0.1508
vn -0.2110 0.2421 0.9470
vn 0.2115 0.1696 0.9625
vn 0.5555 0.0460 0.8302
vn 0.3511 -0.4473 0.8226
vn 0.6923 -0.4601 0.5559
vn 0.7801 -0.0809 0.6204
vn 0.8751 0.3168 0.3658
vn 0.6187 0.5713 0.5392
vn 0.5858 0.8103 0.0147
vn 0.8448 0.5329 -0.0479
vn 0.7002 -0.2688 0.6614
vn 0.9460 0.0692 0.3168
vn 0.9202 -0.2440 0.3060
vn 0.7856 -0.4630 0.4105
vn 0.5171 -0.6776 0.5230
vn 0.1480 -0.7257 0.6719
vn 0.9683 -0.1940 0.1574
vn 0.9141 -0.3844 0.1293
vn 0.9810 -0.1926 0.0236
vn 0.9592 -0.2307 0.1633
vn 0.8839 -0.3538 0.3058
vn 0.8531 -0.4558 0.2538
vn 0.7561 -0.5118 0.4079
vn 0.8624 -0.2319 0.4500
vn 0.9812 0.0218 0.1920
vn 0.9836 0.1755 -0.0408
vn -0.1704 -0.5781 0.7979
vn -0.4609 -0.5799 0.6717
vn -0.6337 -0.5127 0.5793
vn -0.4206 -0.5012 0.7563
vn -0.7213 -0.3206 0.6140
vn -0.2883 -0.4863 0.8248
vn -0.6999 -0.5447 0.4620
vn -0.4881 -0.6176 0.6168
vn -0.4673 -0.7101 0.5267
vn -0.6629 -0.6490 0.3733
vn -0.3559 -0.6255 0.6943
vn -0.3093 -0.5861 0.7489
vn -0.2011 -0.5291 0.8244
vn -0.2409 -0.5441 0.8037
vn -0.0358 -0.6588 0.7515
vn -0.2598 -0.7185 0.6452
vn -0.0990 -0.3835 0.9182
vn -0.0404 -0.4006 0.9154
vn 0.2548 -0.5479 0.7968
vn 0.0212 -0.8497 0.5268
vn 0.1952 -0.8501 0.4891
vn 0.1901 -0.8552 0.4821
vn -0.0717 -0.8451 0.5298
vn 0.1551 -0.8280 0.5389
vn 0.1727 -0.8525 0.4934
vn 0.3086 -0.7795 0.5451
vn 0.1484 -0.8444 0.5148
vn 0.4516 -0.7162 0.5320
vn 0.1300 -0.8335 0.5370
vn -0.2213 -0.8181 0.5308
vn -0.3422 -0.7778 0.5272
vn -0.2693 -0.8092 0.5222
vn -0.3196 -0.7906 0.5223
vn -0.3096 -0.8081 0.5011
vn -0.3098 -0.8107 0.4967
vn -0.3279 -0.8201 0.4689
vn -0.3107 -0.8351 0.4539
vn -0.3204 -0.8416 0.4347
vn -0.3213 -0.8509 0.4156
vn -0.4540 -0.7429 0.4920
vn -0.5445 -0.7068 0.4517
vn -0.3997 -0.7828 0.4770
vn -0.5011 -0.7501 0.4315
vn -0.3715 -0.8034 0.4653
vn -0.4823 -0.7599 0.4359
vn -0.3755 -0.8136 0.4440
vn -0.4808 -0.7612 0.4352
vn -0.3998 -0.8133 0.4227
vn -0.4923 -0.7576 0.4285
vn -0.3823 -0.8500 0.3623
vn -0.4193 -0.8294 0.3692
vn -0.3951 -0.8140 0.4259
vn -0.3622 -0.8295 0.4252
vn -0.3231 -0.8437 0.4287
vn -0.3346 -0.8701 0.3618
vn -0.3832 -0.8207 0.4238
vn -0.4553 -0.7743 0.4395
vn -0.4596 -0.8136 0.3562
vn -0.4050 -0.8501 0.3365
vn -0.3373 -0.8859 0.3184
vn -0.2977 -0.8680 0.3975
vn -0.4011 -0.8562 0.3257
vn -0.4423 -0.8306 0.3383
vn -0.3448 -0.8840 0.3157
vn -0.5011 -0.7789 0.3772
vn -0.5018 -0.7444 0.4406
vn -0.5295 -0.7293 0.4333
vn -0.5329 -0.7501 0.3915
vn -0.1669 -0.9171 0.3621
vn -0.2466 -0.9212 0.3009
vn -0.0918 -0.9561 0.2783
vn 0.0724 -0.9514 0.2992
vn 0.3756 -0.9047 0.2013
vn 0.1920 -0.9556 0.2235
vn 0.4835 -0.8652 0.1331
vn 0.5800 -0.8071 0.1106
vn -0.1565 -0.9387 0.3073
vn -0.2729 -0.9102 0.3116
vn -0.2766 -0.8883 0.3667
vn -0.1793 -0.9120 0.3689
vn -0.2752 -0.8563 0.4370
vn -0.1956 -0.8735 0.4457
vn 0.6368 -0.7677 0.0711
vn 0.8353 -0.5451 -0.0717
vn 0.8422 -0.5340 -0.0738
vn 0.6951 -0.7178 0.0393
vn 0.4019 -0.9002 0.1679
vn 0.0871 -0.9594 0.2683
vn 0.0437 -0.9442 0.3263
vn 0.3645 -0.9135 0.1805
vn 0.0335 -0.9194 0.3920
vn 0.3893 -0.9013 0.1901
vn 0.5923 -0.8029 0.0667
vn 0.8042 -0.5816 -0.1225
vn 0.5778 -0.8160 0.0191
vn 0.7664 -0.6189 -0.1719
vn 0.5997 -0.8000 -0.0195
vn 0.7546 -0.6287 -0.1879
vn 0.8828 0.2010 -0.4246
vn 0.2034 0.8585 -0.4707
vn 0.8787 0.2817 -0.3855
vn 0.2651 0.8924 -0.3653
vn 0.8884 0.1947 -0.4157
vn 0.3929 0.8435 -0.3663
vn 0.9044 0.0272 -0.4258
vn 0.5548 0.7285 -0.4019
vn 0.9182 -0.1389 -0.3710
vn 0.7054 0.5749 -0.4146
vn 0.3690 0.8931 -0.2571
vn 0.5264 0.8059 -0.2709
vn 0.5356 0.7752 -0.3351
vn 0.3675 0.8659 -0.3395
vn 0.1771 0.9187 -0.3531
vn 0.2223 0.9418 -0.2521
vn 0.0048 0.9286 -0.3710
vn 0.1017 0.9563 -0.2741
vn 0.1833 0.9497 -0.2540
vn 0.2385 0.9410 -0.2402
vn 0.2519 0.9230 -0.2910
vn 0.2346 0.9294 -0.2849
vn 0.3085 0.8806 -0.3597
vn 0.2177 0.9021 -0.3726
vn 0.6518 0.6728 -0.3500
vn 0.6359 0.7154 -0.2896
vn 0.6678 0.6652 -0.3340
vn 0.6932 0.6131 -0.3789
vn 0.3602 0.8927 -0.2708
vn 0.5154 0.8010 -0.3047
vn 0.3464 0.8717 -0.3465
vn 0.5014 0.7751 -0.3845
vn 0.3315 0.8321 -0.4447
vn 0.5167 0.7457 -0.4207
vn 0.6428 0.6807 -0.3513
vn 0.6133 0.7205 -0.3237
vn 0.6090 0.7046 -0.3642
vn 0.6395 0.6864 -0.3462
vn 0.6510 0.6818 -0.3336
vn 0.6592 0.7119 -0.2420
vn 0.5482 0.6953 -0.4648
vn 0.6535 0.6269 -0.4242
vn 0.6187 0.6859 -0.3831
vn 0.5292 0.7430 -0.4097
vn 0.5744 0.7492 -0.3297
vn 0.6209 0.6991 -0.3547
vn 0.6530 0.6800 -0.3335
vn 0.6297 0.7292 -0.2678
vn 0.4244 0.7594 -0.4932
vn 0.4222 0.8065 -0.4139
vn 0.3790 0.8207 -0.4275
vn 0.3838 0.7600 -0.5246
vn 0.6996 0.6626 -0.2676
vn 0.7354 0.6627 -0.1413
vn 0.7066 0.6854 -0.1761
vn 0.5550 0.6782 -0.4816
vn 0.1218 0.8006 -0.5867
vn 0.6870 0.6033 -0.4050
vn 0.4721 0.6976 -0.5389
vn 0.6847 0.5889 -0.4294
vn 0.0329 0.8089 -0.5871
vn 0.2593 0.8950 -0.3631
vn 0.2546 0.7870 -0.5620
vn 0.2391 0.7972 -0.5544
vn 0.3962 0.7858 -0.4750
vn 0.3190 0.8720 -0.3714
vn 0.4862 0.7569 -0.4367
vn 0.2918 0.7837 -0.5483
vn -0.0248 0.8141 -0.5802
vn -0.0139 0.7939 -0.6079
vn 0.3650 0.7351 -0.5712
vn 0.5731 0.7014 -0.4238
vn 0.4275 0.7124 -0.5565
vn -0.0010 0.8311 -0.5561
vn 0.6416 0.6394 -0.4237
vn -0.4524 0.7361 -0.5034
vn -0.4396 0.7357 -0.5152
vn -0.4398 0.7505 -0.4933
vn -0.3667 0.8660 -0.3401
vn -0.3543 0.8851 -0.3018
vn -0.3646 0.7805 -0.5078
vn -0.3438 0.8031 -0.4866
vn -0.3310 0.8548 -0.3997
vn -0.3097 0.8138 -0.4918
vn -0.3223 0.8434 -0.4300
vn -0.1453 0.8112 -0.5664
vn -0.6673 0.6225 -0.4089
vn -0.1713 0.8463 -0.5044
vn -0.7326 0.6107 -0.3006
vn -0.7120 0.6476 -0.2715
vn -0.2275 0.8700 -0.4374
vn -0.2643 0.8515 -0.4528
vn -0.6588 0.7031 -0.2677
vn -0.9926 -0.0672 0.1013
vn -0.9868 -0.0127 0.1613
vn -0.8280 -0.3913 0.4016
vn -0.8314 -0.4272 0.3555
vn -0.2542 0.8484 -0.4644
vn -0.6022 0.7506 -0.2719
vn 0.1734 0.2338 0.9567
vn 0.1429 -0.0997 0.9847
vn -0.1648 -0.2032 0.9652
vn 0.0519 0.0796 0.9955
vn -0.0173 -0.4804 0.8769
vn -0.3014 -0.5187 0.8001
vn 0.0275 -0.5369 0.8432
vn -0.2266 -0.5565 0.7994
vn -0.1403 0.0757 0.9872
vn -0.7854 0.6161 0.0601
vn 0.3442 0.7167 0.6066
vn -0.7941 0.2494 0.5543
vn -0.0117 -0.5806 0.8141
vn -0.1970 -0.5548 0.8083
vn 0.3595 0.6074 0.7084
vn -0.5898 -0.1669 0.7901
vn -0.9365 0.3414 0.0805
vn -0.9225 -0.0923 0.3747
vn -0.9137 -0.2101 0.3480
vn -0.9718 0.2221 0.0790
vn -0.9286 -0.2889 0.2328
vn -0.8736 -0.3321 0.3558
vn -0.9879 -0.0541 0.1452
vn -0.9979 -0.0129 0.0633
vn -0.9865 0.1001 0.1292
vn -0.8607 -0.3117 0.4025
vn -0.7123 0.1840 0.6773
vn -0.9523 -0.1185 0.2814
vn -0.5663 0.0195 0.8240
vn -0.9073 -0.2304 0.3517
vn -0.9594 -0.0952 0.2655
vn -0.8422 -0.3300 0.4264
vn -0.8424 -0.3144 0.4376
vn -0.9419 -0.1053 0.3188
vn -0.8243 -0.2445 0.5106
vn -0.9273 -0.1058 0.3591
vn -0.8416 -0.2159 0.4951
vn -0.5272 0.1632 0.8339
vn -0.2220 0.2485 0.9428
vn -0.8135 -0.3629 0.4544
vn -0.9323 -0.2232 0.2845
vn -0.8065 -0.3605 0.4686
vn -0.9638 -0.1327 0.2314
vn -0.9893 0.0756 0.1248
vn -0.9948 0.0858 0.0542
vn -0.9937 0.1078 0.0313
vn -0.9982 0.0592 -0.0001
vn -0.9800 0.0706 0.1863
vn -0.9871 0.0755 0.1410
vn -0.9716 0.0675 0.2268
vn -0.9806 0.0571 0.1876
vn -0.9964 0.0032 0.0849
vn -0.8487 -0.1494 0.5074
vn -0.8050 -0.3389 0.4869
vn -0.9912 -0.0564 0.1197
vn -0.9949 0.0761 0.0660
vn -0.9875 -0.0013 0.1577
vn -0.9731 -0.0558 0.2235
vn -0.5772 -0.6972 0.4251
vn -0.5760 -0.6948 0.4306
vn -0.5611 -0.7187 0.4106
vn -0.5766 -0.7108 0.4028
vn -0.5473 -0.7265 0.4155
vn -0.5570 -0.7270 0.4015
vn -0.5314 -0.7349 0.4214
vn -0.5395 -0.7344 0.4117
vn -0.5615 -0.7254 0.3982
vn -0.5567 -0.7125 0.4271
vn -0.4031 -0.7772 0.4832
vn -0.4277 -0.6615 0.6160
vn 0.2111 -0.2074 0.9552
vn -0.0377 -0.3124 0.9492
vn -0.4278 -0.7820 0.4534
vn -0.4774 -0.7597 0.4415
vn -0.5234 -0.7376 0.4267
vn -0.4643 -0.6407 0.6115
vn 0.0902 -0.1657 0.9821
vn -0.5247 -0.7357 0.4283
vn -0.5268 -0.7344 0.4279
vn -0.4286 -0.7948 0.4297
vn -0.4688 -0.7704 0.4322
vn -0.4530 -0.8054 0.3822
vn -0.4888 -0.7774 0.3959
vn -0.5065 -0.7471 0.4305
vn -0.5209 -0.7517 0.4044
vn 0.5752 0.6577 -0.4863
vn 0.6290 0.6377 -0.4447
vn 0.4700 0.6990 -0.5389
vn 0.5041 0.7141 -0.4857
vn -0.4770 -0.8029 0.3575
vn -0.5105 -0.7729 0.3768
vn -0.5401 -0.7456 0.3904
vn 0.4316 0.7189 -0.5449
vn 0.4318 0.7728 -0.4650
vn 0.5150 0.7667 -0.3833
vn 0.4939 0.8080 -0.3213
vn 0.6269 0.7165 -0.3059
vn 0.6422 0.6773 -0.3589
vn 0.5960 0.7503 -0.2862
vn 0.4471 0.8621 -0.2385
vn 0.5189 0.8157 -0.2556
vn 0.2663 0.9495 -0.1660
vn 0.3376 0.9095 -0.2424
vn 0.4606 0.8153 -0.3510
vn 0.4261 0.8818 -0.2024
vn 0.5469 0.8071 -0.2224
vn 0.4985 0.8362 -0.2286
vn 0.4345 0.8920 -0.1248
vn 0.4568 0.8895 0.0095
vn 0.3966 0.8587 -0.3244
vn 0.4016 0.8697 -0.2869
vn 0.4876 0.8193 -0.3016
vn 0.3211 0.5053 0.8009
vn 0.9976 0.0667 0.0184
vn 0.0907 0.8882 0.4504
vn -0.4002 -0.5781 -0.7111
# 3567 vertex normals

vt 0.5227 0.6183 0.0000
vt 0.5379 0.6125 0.0000
vt 0.5398 0.6190 0.0000
vt 0.5241 0.6242 0.0000
vt 0.5096 0.6299 0.0000
vt 0.5080 0.6240 0.0000
vt 0.5070 0.6191 0.0000
vt 0.5218 0.6135 0.0000
vt 0.5371 0.6082 0.0000
vt 0.4956 0.6298 0.0000
vt 0.4858 0.6351 0.0000
vt 0.4828 0.6293 0.0000
vt 0.4936 0.6246 0.0000
vt 0.4983 0.6359 0.0000
vt 0.4897 0.6414 0.0000
vt 0.7987 0.6182 0.0000
vt 0.8086 0.6198 0.0000
vt 0.8066 0.6344 0.0000
vt 0.7962 0.6329 0.0000
vt 0.7871 0.6306 0.0000
vt 0.0529 0.1109 0.0000
vt 0.0575 0.1189 0.0000
vt 0.0487 0.1232 0.0000
vt 0.0438 0.1143 0.0000
vt 0.0386 0.1025 0.0000
vt 0.0481 0.0999 0.0000
vt 0.8340 0.6278 0.0000
vt 0.8328 0.6409 0.0000
vt 0.8189 0.6370 0.0000
vt 0.8210 0.6235 0.0000
vt 0.0429 0.0857 0.0000
vt 0.0338 0.0877 0.0000
vt 0.0296 0.0719 0.0000
vt 0.0380 0.0700 0.0000
vt 0.8151 0.6889 0.0000
vt 0.8132 0.6967 0.0000
vt 0.8017 0.6979 0.0000
vt 0.8027 0.6888 0.0000
vt 0.8037 0.6750 0.0000
vt 0.8167 0.6763 0.0000
vt 0.8303 0.6777 0.0000
vt 0.8284 0.6892 0.0000
vt 0.0808 0.0356 0.0000
vt 0.0879 0.0300 0.0000
vt 0.0961 0.0426 0.0000
vt 0.0887 0.0487 0.0000
vt 0.8189 0.6573 0.0000
vt 0.8324 0.6599 0.0000
vt 0.8058 0.6554 0.0000
vt 0.0628 0.5501 0.0000
vt 0.0540 0.5494 0.0000
vt 0.0531 0.5409 0.0000
vt 0.0622 0.5435 0.0000
vt 0.0534 0.5352 0.0000
vt 0.0637 0.5377 0.0000
vt 0.8887 0.6733 0.0000
vt 0.8874 0.6606 0.0000
vt 0.9017 0.6643 0.0000
vt 0.9013 0.6752 0.0000
vt 0.9009 0.6859 0.0000
vt 0.8866 0.6851 0.0000
vt 0.8817 0.6850 0.0000
vt 0.8830 0.6723 0.0000
vt 0.9770 0.4132 0.0000
vt 0.9902 0.4198 0.0000
vt 0.9839 0.4239 0.0000
vt 0.8816 0.7274 0.0000
vt 0.8986 0.7294 0.0000
vt 0.8962 0.7341 0.0000
vt 0.8805 0.7322 0.0000
vt 0.8756 0.7326 0.0000
vt 0.8761 0.7279 0.0000
vt 0.8765 0.7234 0.0000
vt 0.8826 0.7228 0.0000
vt 0.9013 0.7251 0.0000
vt 0.8859 0.6935 0.0000
vt 0.8998 0.6932 0.0000
vt 0.8992 0.6986 0.0000
vt 0.8853 0.6991 0.0000
vt 0.8801 0.6996 0.0000
vt 0.8810 0.6939 0.0000
vt 0.1538 0.5502 0.0000
vt 0.1516 0.5438 0.0000
vt 0.1653 0.5411 0.0000
vt 0.1678 0.5462 0.0000
vt 0.8846 0.6512 0.0000
vt 0.9936 0.4320 0.0000
vt 0.9868 0.4333 0.0000
vt 0.9954 0.4440 0.0000
vt 0.9871 0.4424 0.0000
vt 0.0632 0.5627 0.0000
vt 0.0638 0.5659 0.0000
vt 0.0528 0.5565 0.0000
vt 0.0642 0.5569 0.0000
vt 0.2655 0.7144 0.0000
vt 0.2661 0.7068 0.0000
vt 0.2815 0.7068 0.0000
vt 0.2809 0.7147 0.0000
vt 0.8208 0.5680 0.0000
vt 0.8113 0.5712 0.0000
vt 0.8077 0.5566 0.0000
vt 0.8175 0.5529 0.0000
vt 0.9606 0.0281 0.0000
vt 0.9593 0.0353 0.0000
vt 0.9448 0.0322 0.0000
vt 0.9461 0.0234 0.0000
vt 0.8143 0.5381 0.0000
vt 0.8249 0.5357 0.0000
vt 0.8277 0.5506 0.0000
vt 0.8349 0.5203 0.0000
vt 0.8331 0.5099 0.0000
vt 0.8444 0.5085 0.0000
vt 0.8461 0.5191 0.0000
vt 0.8167 0.8771 0.0000
vt 0.8195 0.8652 0.0000
vt 0.8296 0.8651 0.0000
vt 0.8269 0.8769 0.0000
vt 0.8377 0.8757 0.0000
vt 0.8398 0.8638 0.0000
vt 0.8227 0.5222 0.0000
vt 0.8208 0.5116 0.0000
vt 0.9331 0.0193 0.0000
vt 0.9320 0.0293 0.0000
vt 0.9219 0.0293 0.0000
vt 0.9228 0.0185 0.0000
vt 0.8092 0.5146 0.0000
vt 0.8113 0.5248 0.0000
vt 0.8686 0.8421 0.0000
vt 0.8790 0.8448 0.0000
vt 0.8775 0.8555 0.0000
vt 0.8663 0.8539 0.0000
vt 0.8547 0.8560 0.0000
vt 0.8569 0.8434 0.0000
vt 0.8592 0.8311 0.0000
vt 0.8709 0.8309 0.0000
vt 0.0172 0.4647 0.0000
vt 0.0296 0.4647 0.0000
vt 0.0265 0.4782 0.0000
vt 0.0142 0.4789 0.0000
vt 0.0418 0.2347 0.0000
vt 0.0362 0.2349 0.0000
vt 0.0372 0.2188 0.0000
vt 0.0440 0.2176 0.0000
vt 0.1863 0.7093 0.0000
vt 0.1921 0.7123 0.0000
vt 0.1778 0.7211 0.0000
vt 0.1733 0.7181 0.0000
vt 0.0473 0.2341 0.0000
vt 0.0453 0.2522 0.0000
vt 0.0400 0.2523 0.0000
vt 0.0349 0.2515 0.0000
vt 0.7844 0.6166 0.0000
vt 0.7904 0.6171 0.0000
vt 0.7812 0.6297 0.0000
vt 0.7771 0.6296 0.0000
vt 0.7796 0.6168 0.0000
vt 0.0610 0.1246 0.0000
vt 0.0640 0.1292 0.0000
vt 0.0555 0.1347 0.0000
vt 0.0523 0.1296 0.0000
vt 0.2596 0.6763 0.0000
vt 0.2724 0.6809 0.0000
vt 0.2705 0.6851 0.0000
vt 0.2581 0.6804 0.0000
vt 0.0687 0.1380 0.0000
vt 0.0610 0.1445 0.0000
vt 0.0587 0.1399 0.0000
vt 0.0669 0.1337 0.0000
vt 0.7737 0.6301 0.0000
vt 0.7751 0.6174 0.0000
vt 0.4741 0.6420 0.0000
vt 0.4791 0.6388 0.0000
vt 0.4834 0.6452 0.0000
vt 0.4783 0.6483 0.0000
vt 0.4703 0.6354 0.0000
vt 0.4756 0.6328 0.0000
vt 0.0498 0.1447 0.0000
vt 0.4641 0.6478 0.0000
vt 0.4598 0.6403 0.0000
vt 0.4651 0.6382 0.0000
vt 0.4690 0.6453 0.0000
vt 0.4730 0.6512 0.0000
vt 0.7935 0.6537 0.0000
vt 0.7914 0.6745 0.0000
vt 0.7801 0.6715 0.0000
vt 0.7828 0.6505 0.0000
vt 0.7762 0.6485 0.0000
vt 0.7726 0.6688 0.0000
vt 0.7678 0.6677 0.0000
vt 0.7722 0.6481 0.0000
vt 0.2909 0.6882 0.0000
vt 0.2735 0.6777 0.0000
vt 0.2929 0.6844 0.0000
vt 0.3133 0.6912 0.0000
vt 0.3106 0.6953 0.0000
vt 0.3080 0.6997 0.0000
vt 0.2885 0.6923 0.0000
vt 0.7916 0.6893 0.0000
vt 0.7920 0.6995 0.0000
vt 0.7823 0.6988 0.0000
vt 0.7809 0.6878 0.0000
vt 0.7494 0.1431 0.0000
vt 0.7482 0.1488 0.0000
vt 0.7392 0.1462 0.0000
vt 0.7397 0.1400 0.0000
vt 0.4450 0.6792 0.0000
vt 0.4411 0.6797 0.0000
vt 0.4387 0.6707 0.0000
vt 0.4426 0.6700 0.0000
vt 0.7632 0.8071 0.0000
vt 0.7597 0.8081 0.0000
vt 0.7570 0.7986 0.0000
vt 0.7603 0.7977 0.0000
vt 0.7644 0.7977 0.0000
vt 0.7675 0.8037 0.0000
vt 0.4997 0.0375 0.0000
vt 0.4972 0.0325 0.0000
vt 0.4989 0.0295 0.0000
vt 0.7547 0.7997 0.0000
vt 0.7567 0.8083 0.0000
vt 0.4369 0.6802 0.0000
vt 0.4350 0.6718 0.0000
vt 0.4320 0.6804 0.0000
vt 0.4310 0.6738 0.0000
vt 0.3313 0.0430 0.0000
vt 0.3360 0.0458 0.0000
vt 0.3290 0.0535 0.0000
vt 0.3272 0.0512 0.0000
vt 0.3225 0.0497 0.0000
vt 0.3254 0.0420 0.0000
vt 0.3280 0.0352 0.0000
vt 0.3358 0.0352 0.0000
vt 0.3420 0.0385 0.0000
vt 0.9161 0.0299 0.0000
vt 0.9164 0.0190 0.0000
vt 0.9116 0.0303 0.0000
vt 0.9122 0.0204 0.0000
vt 0.1650 0.0902 0.0000
vt 0.1632 0.0864 0.0000
vt 0.1744 0.0850 0.0000
vt 0.8188 0.5048 0.0000
vt 0.8075 0.5084 0.0000
vt 0.1492 0.0332 0.0000
vt 0.1418 0.0223 0.0000
vt 0.1476 0.0172 0.0000
vt 0.1557 0.0274 0.0000
vt 0.7809 0.7514 0.0000
vt 0.7695 0.7533 0.0000
vt 0.7699 0.7429 0.0000
vt 0.7818 0.7431 0.0000
vt 0.7711 0.7342 0.0000
vt 0.7829 0.7353 0.0000
vt 0.1429 0.0387 0.0000
vt 0.1359 0.0274 0.0000
vt 0.7617 0.7430 0.0000
vt 0.7616 0.7541 0.0000
vt 0.7567 0.7554 0.0000
vt 0.7568 0.7443 0.0000
vt 0.7573 0.7346 0.0000
vt 0.7624 0.7337 0.0000
vt 0.2387 0.0594 0.0000
vt 0.2368 0.0527 0.0000
vt 0.2505 0.0513 0.0000
vt 0.2513 0.0572 0.0000
vt 0.2522 0.0642 0.0000
vt 0.2404 0.0664 0.0000
vt 0.2307 0.0675 0.0000
vt 0.2280 0.0611 0.0000
vt 0.2253 0.0553 0.0000
vt 0.0335 0.3911 0.0000
vt 0.0270 0.3941 0.0000
vt 0.0219 0.3808 0.0000
vt 0.0268 0.3785 0.0000
vt 0.8954 0.4813 0.0000
vt 0.8954 0.4868 0.0000
vt 0.8816 0.4879 0.0000
vt 0.8812 0.4804 0.0000
vt 0.5159 0.8023 0.0000
vt 0.5145 0.8094 0.0000
vt 0.5047 0.8087 0.0000
vt 0.5060 0.8015 0.0000
vt 0.5052 0.7941 0.0000
vt 0.5146 0.7956 0.0000
vt 0.0163 0.3977 0.0000
vt 0.0216 0.3960 0.0000
vt 0.0254 0.4073 0.0000
vt 0.0201 0.4089 0.0000
vt 0.0118 0.3845 0.0000
vt 0.0171 0.3827 0.0000
vt 0.0312 0.4054 0.0000
vt 0.9076 0.0207 0.0000
vt 0.9059 0.0300 0.0000
vt 0.9002 0.0288 0.0000
vt 0.9029 0.0199 0.0000
vt 0.8040 0.5007 0.0000
vt 0.8018 0.4965 0.0000
vt 0.8143 0.4938 0.0000
vt 0.8157 0.4979 0.0000
vt 0.1726 0.0814 0.0000
vt 0.4380 0.8043 0.0000
vt 0.4374 0.7995 0.0000
vt 0.4480 0.7979 0.0000
vt 0.4489 0.8021 0.0000
vt 0.4494 0.8061 0.0000
vt 0.4389 0.8084 0.0000
vt 0.8986 0.0184 0.0000
vt 0.8945 0.0269 0.0000
vt 0.8890 0.0243 0.0000
vt 0.8945 0.0158 0.0000
vt 0.0463 0.2011 0.0000
vt 0.0382 0.2029 0.0000
vt 0.0396 0.1880 0.0000
vt 0.0481 0.1850 0.0000
vt 0.0560 0.1813 0.0000
vt 0.0540 0.1988 0.0000
vt 0.1991 0.6997 0.0000
vt 0.2063 0.7029 0.0000
vt 0.2124 0.7068 0.0000
vt 0.2196 0.6962 0.0000
vt 0.2268 0.7001 0.0000
vt 0.2385 0.7053 0.0000
vt 0.2238 0.7123 0.0000
vt 0.2086 0.7205 0.0000
vt 0.1972 0.7159 0.0000
vt 0.0924 0.1818 0.0000
vt 0.0707 0.1916 0.0000
vt 0.0725 0.1718 0.0000
vt 0.0917 0.1615 0.0000
vt 0.1150 0.1503 0.0000
vt 0.1190 0.1708 0.0000
vt 0.1223 0.1923 0.0000
vt 0.0929 0.2027 0.0000
vt 0.0686 0.2118 0.0000
vt 0.6888 0.6720 0.0000
vt 0.6972 0.6512 0.0000
vt 0.7127 0.6555 0.0000
vt 0.7067 0.6751 0.0000
vt 0.7018 0.6901 0.0000
vt 0.6827 0.6885 0.0000
vt 0.6633 0.6856 0.0000
vt 0.6708 0.6680 0.0000
vt 0.6814 0.6462 0.0000
vt 0.3287 0.6614 0.0000
vt 0.2998 0.6591 0.0000
vt 0.3016 0.6548 0.0000
vt 0.3592 0.6647 0.0000
vt 0.3577 0.6681 0.0000
vt 0.6095 0.7241 0.0000
vt 0.6060 0.7244 0.0000
vt 0.6148 0.6944 0.0000
vt 0.6181 0.6951 0.0000
vt 0.3043 0.6696 0.0000
vt 0.2750 0.6701 0.0000
vt 0.2767 0.6668 0.0000
vt 0.5262 0.7185 0.0000
vt 0.5433 0.7144 0.0000
vt 0.5361 0.7365 0.0000
vt 0.5204 0.7376 0.0000
vt 0.5062 0.7378 0.0000
vt 0.5099 0.7204 0.0000
vt 0.5125 0.7019 0.0000
vt 0.5306 0.6986 0.0000
vt 0.8795 0.3759 0.0000
vt 0.9008 0.3688 0.0000
vt 0.9021 0.3935 0.0000
vt 0.8821 0.3983 0.0000
vt 0.7799 0.4325 0.0000
vt 0.7868 0.4463 0.0000
vt 0.7718 0.4511 0.0000
vt 0.7643 0.4390 0.0000
vt 0.7545 0.4266 0.0000
vt 0.7710 0.4187 0.0000
vt 0.7874 0.4115 0.0000
vt 0.7952 0.4267 0.0000
vt 0.8013 0.4419 0.0000
vt 0.6649 0.7502 0.0000
vt 0.6412 0.7527 0.0000
vt 0.6460 0.7363 0.0000
vt 0.6688 0.7357 0.0000
vt 0.6933 0.7358 0.0000
vt 0.6916 0.7498 0.0000
vt 0.6887 0.7649 0.0000
vt 0.6604 0.7667 0.0000
vt 0.6346 0.7707 0.0000
vt 0.7468 0.4478 0.0000
vt 0.7545 0.4575 0.0000
vt 0.7377 0.4645 0.0000
vt 0.7300 0.4568 0.0000
vt 0.7203 0.4472 0.0000
vt 0.7369 0.4370 0.0000
vt 0.8354 0.0282 0.0000
vt 0.8214 0.0294 0.0000
vt 0.8211 0.0097 0.0000
vt 0.8366 0.0088 0.0000
vt 0.8506 0.0095 0.0000
vt 0.8474 0.0280 0.0000
vt 0.4259 0.6844 0.0000
vt 0.4319 0.6859 0.0000
vt 0.4308 0.6906 0.0000
vt 0.4251 0.6888 0.0000
vt 0.4191 0.6873 0.0000
vt 0.4191 0.6834 0.0000
vt 0.4190 0.6798 0.0000
vt 0.4261 0.6804 0.0000
vt 0.3900 0.7233 0.0000
vt 0.3909 0.7188 0.0000
vt 0.4018 0.7228 0.0000
vt 0.4015 0.7271 0.0000
vt 0.4003 0.7321 0.0000
vt 0.3887 0.7277 0.0000
vt 0.3783 0.7246 0.0000
vt 0.3800 0.7201 0.0000
vt 0.3814 0.7153 0.0000
vt 0.8915 0.0109 0.0000
vt 0.8839 0.0199 0.0000
vt 0.8811 0.0146 0.0000
vt 0.8882 0.0066 0.0000
vt 0.4372 0.7885 0.0000
vt 0.4472 0.7890 0.0000
vt 0.4469 0.7936 0.0000
vt 0.4369 0.7939 0.0000
vt 0.0573 0.4703 0.0000
vt 0.0507 0.4586 0.0000
vt 0.0552 0.4568 0.0000
vt 0.8681 0.0005 0.0000
vt 0.8796 0.0030 0.0000
vt 0.8740 0.0117 0.0000
vt 0.8638 0.0105 0.0000
vt 0.7789 0.4626 0.0000
vt 0.7932 0.4598 0.0000
vt 0.8070 0.4572 0.0000
vt 0.8113 0.4696 0.0000
vt 0.7981 0.4704 0.0000
vt 0.2348 0.6792 0.0000
vt 0.2460 0.6805 0.0000
vt 0.2414 0.6837 0.0000
vt 0.2301 0.6825 0.0000
vt 0.4534 0.6480 0.0000
vt 0.4478 0.6414 0.0000
vt 0.4544 0.6411 0.0000
vt 0.4597 0.6485 0.0000
vt 0.0517 0.1498 0.0000
vt 0.0616 0.1481 0.0000
vt 0.0521 0.1543 0.0000
vt 0.0499 0.1710 0.0000
vt 0.0582 0.1655 0.0000
vt 0.0410 0.1759 0.0000
vt 0.4429 0.6478 0.0000
vt 0.4388 0.6418 0.0000
vt 0.2318 0.6897 0.0000
vt 0.2219 0.6874 0.0000
vt 0.2557 0.6841 0.0000
vt 0.2675 0.6896 0.0000
vt 0.2616 0.6950 0.0000
vt 0.2503 0.6882 0.0000
vt 0.2480 0.6780 0.0000
vt 0.2399 0.6940 0.0000
vt 0.2515 0.6999 0.0000
vt 0.7464 0.6453 0.0000
vt 0.7443 0.6647 0.0000
vt 0.7388 0.6634 0.0000
vt 0.2807 0.7016 0.0000
vt 0.2857 0.6966 0.0000
vt 0.3058 0.7030 0.0000
vt 0.0911 0.1433 0.0000
vt 0.1113 0.1314 0.0000
vt 0.0136 0.4181 0.0000
vt 0.0108 0.4393 0.0000
vt 0.0005 0.4328 0.0000
vt 0.0014 0.4132 0.0000
vt 0.0743 0.1544 0.0000
vt 0.0756 0.1410 0.0000
vt 0.0902 0.1291 0.0000
vt 0.7422 0.6443 0.0000
vt 0.7273 0.6598 0.0000
vt 0.7325 0.6399 0.0000
vt 0.1218 0.1022 0.0000
vt 0.1347 0.0968 0.0000
vt 0.1362 0.1027 0.0000
vt 0.1236 0.1087 0.0000
vt 0.7357 0.6806 0.0000
vt 0.7408 0.6812 0.0000
vt 0.3224 0.7092 0.0000
vt 0.3243 0.7059 0.0000
vt 0.3372 0.7095 0.0000
vt 0.3355 0.7132 0.0000
vt 0.7231 0.6780 0.0000
vt 0.7189 0.6918 0.0000
vt 0.7322 0.6938 0.0000
vt 0.4138 0.6824 0.0000
vt 0.4139 0.6859 0.0000
vt 0.4040 0.6833 0.0000
vt 0.4043 0.6799 0.0000
vt 0.4053 0.6766 0.0000
vt 0.4142 0.6789 0.0000
vt 0.6020 0.7511 0.0000
vt 0.5989 0.7520 0.0000
vt 0.3852 0.6713 0.0000
vt 0.3843 0.6751 0.0000
vt 0.3838 0.6782 0.0000
vt 0.5100 0.7802 0.0000
vt 0.5102 0.7866 0.0000
vt 0.5013 0.7846 0.0000
vt 0.5003 0.7783 0.0000
vt 0.5016 0.7692 0.0000
vt 0.5115 0.7708 0.0000
vt 0.5237 0.7729 0.0000
vt 0.5216 0.7823 0.0000
vt 0.5213 0.7885 0.0000
vt 0.5290 0.7568 0.0000
vt 0.5150 0.7556 0.0000
vt 0.5030 0.7546 0.0000
vt 0.8850 0.0048 0.0000
vt 0.8789 0.0124 0.0000
vt 0.4375 0.7850 0.0000
vt 0.4364 0.7798 0.0000
vt 0.4462 0.7785 0.0000
vt 0.4470 0.7850 0.0000
vt 0.8587 0.0280 0.0000
vt 0.8678 0.0282 0.0000
vt 0.0873 0.9890 0.0000
vt 0.0803 0.9890 0.0000
vt 0.0834 0.9721 0.0000
vt 0.0898 0.9716 0.0000
vt 0.0969 0.9712 0.0000
vt 0.0959 0.9890 0.0000
vt 0.7385 0.1937 0.0000
vt 0.7376 0.1966 0.0000
vt 0.7360 0.1955 0.0000
vt 0.7361 0.1929 0.0000
vt 0.7366 0.1902 0.0000
vt 0.7385 0.1902 0.0000
vt 0.0596 0.9908 0.0000
vt 0.0573 0.9934 0.0000
vt 0.0549 0.9898 0.0000
vt 0.0575 0.9873 0.0000
vt 0.9940 0.2592 0.0000
vt 0.9938 0.2557 0.0000
vt 0.9968 0.2569 0.0000
vt 0.9972 0.2601 0.0000
vt 0.8983 0.0976 0.0000
vt 0.9016 0.1006 0.0000
vt 0.8988 0.1018 0.0000
vt 0.8961 0.1005 0.0000
vt 0.8912 0.0989 0.0000
vt 0.8938 0.0957 0.0000
vt 0.0417 0.4010 0.0000
vt 0.0409 0.3951 0.0000
vt 0.0450 0.3963 0.0000
vt 0.0457 0.4021 0.0000
vt 0.9017 0.0952 0.0000
vt 0.9050 0.0990 0.0000
vt 0.3502 0.2312 0.0000
vt 0.3478 0.2351 0.0000
vt 0.3461 0.2327 0.0000
vt 0.3475 0.2293 0.0000
vt 0.3496 0.2239 0.0000
vt 0.3529 0.2260 0.0000
vt 0.8947 0.1033 0.0000
vt 0.8899 0.1022 0.0000
vt 0.8987 0.1043 0.0000
vt 0.9963 0.2535 0.0000
vt 0.9928 0.2521 0.0000
vt 0.3220 0.1483 0.0000
vt 0.3223 0.1452 0.0000
vt 0.3260 0.1494 0.0000
vt 0.3251 0.1521 0.0000
vt 0.3298 0.1529 0.0000
vt 0.3284 0.1551 0.0000
vt 0.7341 0.1964 0.0000
vt 0.7361 0.1991 0.0000
vt 0.9901 0.2574 0.0000
vt 0.9898 0.2539 0.0000
vt 0.9928 0.2620 0.0000
vt 0.9886 0.2602 0.0000
vt 0.0555 0.9823 0.0000
vt 0.0526 0.9846 0.0000
vt 0.0509 0.9791 0.0000
vt 0.0541 0.9770 0.0000
vt 0.3921 0.9623 0.0000
vt 0.3904 0.9589 0.0000
vt 0.3949 0.9598 0.0000
vt 0.7001 0.0088 0.0000
vt 0.7055 0.0053 0.0000
vt 0.7068 0.0095 0.0000
vt 0.7009 0.0128 0.0000
vt 0.6942 0.0149 0.0000
vt 0.6943 0.0113 0.0000
vt 0.0488 0.9859 0.0000
vt 0.0470 0.9799 0.0000
vt 0.0513 0.9918 0.0000
vt 0.8882 0.0935 0.0000
vt 0.8849 0.0971 0.0000
vt 0.0356 0.3863 0.0000
vt 0.0354 0.3783 0.0000
vt 0.0400 0.3798 0.0000
vt 0.0400 0.3876 0.0000
vt 0.7005 0.0173 0.0000
vt 0.6931 0.0198 0.0000
vt 0.7065 0.0132 0.0000
vt 0.3557 0.2191 0.0000
vt 0.3518 0.2172 0.0000
vt 0.0307 0.9233 0.0000
vt 0.0345 0.9277 0.0000
vt 0.0303 0.9294 0.0000
vt 0.0265 0.9244 0.0000
vt 0.0259 0.9315 0.0000
vt 0.0222 0.9258 0.0000
vt 0.8840 0.1011 0.0000
vt 0.3201 0.1366 0.0000
vt 0.3224 0.1340 0.0000
vt 0.3269 0.1393 0.0000
vt 0.3245 0.1416 0.0000
vt 0.3183 0.1405 0.0000
vt 0.3140 0.1367 0.0000
vt 0.3149 0.1327 0.0000
vt 0.3166 0.1297 0.0000
vt 0.3935 0.9570 0.0000
vt 0.3891 0.9551 0.0000
vt 0.3140 0.1411 0.0000
vt 0.0263 0.3642 0.0000
vt 0.0237 0.3609 0.0000
vt 0.0299 0.3609 0.0000
vt 0.0321 0.3643 0.0000
vt 0.9886 0.2504 0.0000
vt 0.3876 0.9612 0.0000
vt 0.3864 0.9571 0.0000
vt 0.3935 0.9658 0.0000
vt 0.3888 0.9651 0.0000
vt 0.3843 0.9641 0.0000
vt 0.3837 0.9599 0.0000
vt 0.3827 0.9559 0.0000
vt 0.3894 0.9686 0.0000
vt 0.3949 0.9689 0.0000
vt 0.6879 0.0143 0.0000
vt 0.6889 0.0107 0.0000
vt 0.6826 0.0126 0.0000
vt 0.6842 0.0089 0.0000
vt 0.3844 0.9679 0.0000
vt 0.6859 0.0187 0.0000
vt 0.6913 0.0231 0.0000
vt 0.6838 0.0220 0.0000
vt 0.6783 0.0192 0.0000
vt 0.6804 0.0164 0.0000
vt 0.0353 0.9343 0.0000
vt 0.0390 0.9322 0.0000
vt 0.0436 0.9354 0.0000
vt 0.0401 0.9380 0.0000
vt 0.0365 0.9400 0.0000
vt 0.0312 0.9367 0.0000
vt 0.3095 0.1353 0.0000
vt 0.3095 0.1314 0.0000
vt 0.3052 0.1353 0.0000
vt 0.3046 0.1313 0.0000
vt 0.0417 0.9304 0.0000
vt 0.0458 0.9331 0.0000
vt 0.3102 0.1286 0.0000
vt 0.3103 0.1397 0.0000
vt 0.3113 0.1431 0.0000
vt 0.3076 0.1427 0.0000
vt 0.3064 0.1395 0.0000
vt 0.9823 0.5290 0.0000
vt 0.9840 0.5351 0.0000
vt 0.9797 0.5358 0.0000
vt 0.9780 0.5299 0.0000
vt 0.9763 0.5248 0.0000
vt 0.9811 0.5236 0.0000
vt 0.9538 0.1861 0.0000
vt 0.9525 0.1907 0.0000
vt 0.9499 0.1876 0.0000
vt 0.9506 0.1839 0.0000
vt 0.0248 0.1988 0.0000
vt 0.0260 0.1924 0.0000
vt 0.0304 0.1938 0.0000
vt 0.0291 0.2000 0.0000
vt 0.0584 0.0882 0.0000
vt 0.0584 0.0937 0.0000
vt 0.0530 0.0937 0.0000
vt 0.0530 0.0881 0.0000
vt 0.0530 0.0816 0.0000
vt 0.0584 0.0817 0.0000
vt 0.9755 0.5427 0.0000
vt 0.9744 0.5364 0.0000
vt 0.9809 0.5424 0.0000
vt 0.9817 0.5486 0.0000
vt 0.9764 0.5481 0.0000
vt 0.4343 0.0046 0.0000
vt 0.4387 0.0041 0.0000
vt 0.4400 0.0090 0.0000
vt 0.4351 0.0094 0.0000
vt 0.4291 0.0047 0.0000
vt 0.4293 0.0094 0.0000
vt 0.4303 0.0006 0.0000
vt 0.4355 0.0005 0.0000
vt 0.4208 0.0365 0.0000
vt 0.4250 0.0379 0.0000
vt 0.4226 0.0423 0.0000
vt 0.4190 0.0407 0.0000
vt 0.0015 0.0183 0.0000
vt 0.0060 0.0191 0.0000
vt 0.0051 0.0249 0.0000
vt 0.0005 0.0245 0.0000
vt 0.0362 0.9587 0.0000
vt 0.0364 0.9628 0.0000
vt 0.0297 0.9624 0.0000
vt 0.0300 0.9584 0.0000
vt 0.0234 0.9612 0.0000
vt 0.0238 0.9565 0.0000
vt 0.4310 0.0134 0.0000
vt 0.4370 0.0127 0.0000
vt 0.0292 0.9668 0.0000
vt 0.0363 0.9678 0.0000
vt 0.0358 0.9717 0.0000
vt 0.0285 0.9705 0.0000
vt 0.0216 0.9694 0.0000
vt 0.0226 0.9660 0.0000
vt 0.0237 0.1846 0.0000
vt 0.0258 0.1773 0.0000
vt 0.0307 0.1792 0.0000
vt 0.9524 0.1725 0.0000
vt 0.9516 0.1782 0.0000
vt 0.9470 0.1771 0.0000
vt 0.9479 0.1710 0.0000
vt 0.9425 0.1774 0.0000
vt 0.9435 0.1718 0.0000
vt 0.9440 0.1656 0.0000
vt 0.9489 0.1649 0.0000
vt 0.9849 0.5421 0.0000
vt 0.9875 0.5349 0.0000
vt 0.9887 0.5419 0.0000
vt 0.9883 0.5492 0.0000
vt 0.9849 0.5491 0.0000
vt 0.3806 0.9672 0.0000
vt 0.3806 0.9630 0.0000
vt 0.6789 0.0111 0.0000
vt 0.6806 0.0072 0.0000
vt 0.6757 0.0101 0.0000
vt 0.6775 0.0061 0.0000
vt 0.3772 0.9667 0.0000
vt 0.3771 0.9623 0.0000
vt 0.6766 0.0150 0.0000
vt 0.6731 0.0141 0.0000
vt 0.6742 0.0181 0.0000
vt 0.6707 0.0172 0.0000
vt 0.0437 0.9403 0.0000
vt 0.0474 0.9374 0.0000
vt 0.0508 0.9392 0.0000
vt 0.0470 0.9423 0.0000
vt 0.0430 0.9446 0.0000
vt 0.0399 0.9425 0.0000
vt 0.3006 0.1316 0.0000
vt 0.3014 0.1356 0.0000
vt 0.2977 0.1366 0.0000
vt 0.2969 0.1322 0.0000
vt 0.2968 0.1286 0.0000
vt 0.3005 0.1284 0.0000
vt 0.3476 0.1981 0.0000
vt 0.3496 0.2013 0.0000
vt 0.3455 0.2025 0.0000
vt 0.3434 0.1997 0.0000
vt 0.3028 0.1399 0.0000
vt 0.3039 0.1431 0.0000
vt 0.3005 0.1448 0.0000
vt 0.2992 0.1414 0.0000
vt 0.3800 0.9586 0.0000
vt 0.3765 0.9580 0.0000
vt 0.3756 0.9538 0.0000
vt 0.3790 0.9548 0.0000
vt 0.6744 0.0056 0.0000
vt 0.6722 0.0098 0.0000
vt 0.6688 0.0096 0.0000
vt 0.6714 0.0052 0.0000
vt 0.6724 0.0007 0.0000
vt 0.3741 0.9669 0.0000
vt 0.3735 0.9625 0.0000
vt 0.4255 0.0431 0.0000
vt 0.4280 0.0380 0.0000
vt 0.4317 0.0374 0.0000
vt 0.4274 0.0435 0.0000
vt 0.0108 0.0291 0.0000
vt 0.0117 0.0311 0.0000
vt 0.0059 0.0323 0.0000
vt 0.0052 0.0293 0.0000
vt 0.0101 0.0255 0.0000
vt 0.0460 0.9538 0.0000
vt 0.0451 0.9508 0.0000
vt 0.0491 0.9502 0.0000
vt 0.0500 0.9541 0.0000
vt 0.0488 0.9594 0.0000
vt 0.0449 0.9566 0.0000
vt 0.4233 0.0521 0.0000
vt 0.4212 0.0503 0.0000
vt 0.4239 0.0473 0.0000
vt 0.6661 0.0087 0.0000
vt 0.6658 0.0131 0.0000
vt 0.6631 0.0124 0.0000
vt 0.6693 0.0136 0.0000
vt 0.6667 0.0162 0.0000
vt 0.0463 0.9471 0.0000
vt 0.0428 0.9481 0.0000
vt 0.0015 0.0333 0.0000
vt 0.0005 0.0296 0.0000
vt 0.0426 0.9620 0.0000
vt 0.0413 0.9580 0.0000
vt 0.0503 0.9448 0.0000
vt 0.0543 0.9414 0.0000
vt 0.0577 0.9442 0.0000
vt 0.0533 0.9480 0.0000
vt 0.2929 0.1332 0.0000
vt 0.2938 0.1382 0.0000
vt 0.2902 0.1396 0.0000
vt 0.2886 0.1339 0.0000
vt 0.2883 0.1290 0.0000
vt 0.2927 0.1287 0.0000
vt 0.4343 0.0413 0.0000
vt 0.4364 0.0455 0.0000
vt 0.4311 0.0468 0.0000
vt 0.4295 0.0450 0.0000
vt 0.4270 0.0497 0.0000
vt 0.4263 0.0488 0.0000
vt 0.0432 0.9671 0.0000
vt 0.0503 0.9652 0.0000
vt 0.0509 0.9702 0.0000
vt 0.0431 0.9717 0.0000
vt 0.7584 0.0915 0.0000
vt 0.7506 0.0900 0.0000
vt 0.7534 0.0851 0.0000
vt 0.9713 0.5042 0.0000
vt 0.9798 0.5071 0.0000
vt 0.9742 0.5111 0.0000
vt 0.6193 0.3797 0.0000
vt 0.6149 0.3886 0.0000
vt 0.6104 0.3848 0.0000
vt 0.6147 0.3766 0.0000
vt 0.0599 0.9675 0.0000
vt 0.0690 0.9649 0.0000
vt 0.0698 0.9702 0.0000
vt 0.0599 0.9718 0.0000
vt 0.0278 0.1704 0.0000
vt 0.0308 0.1632 0.0000
vt 0.0367 0.1661 0.0000
vt 0.9880 0.5559 0.0000
vt 0.9919 0.5496 0.0000
vt 0.9932 0.5566 0.0000
vt 0.6105 0.3954 0.0000
vt 0.6054 0.4005 0.0000
vt 0.6017 0.3974 0.0000
vt 0.6062 0.3916 0.0000
vt 0.9845 0.5116 0.0000
vt 0.9864 0.5058 0.0000
vt 0.9885 0.5098 0.0000
vt 0.9920 0.5040 0.0000
vt 0.9927 0.5088 0.0000
vt 0.9849 0.5548 0.0000
vt 0.9816 0.5533 0.0000
vt 0.9768 0.5518 0.0000
vt 0.9970 0.5067 0.0000
vt 0.9971 0.5100 0.0000
vt 0.4278 0.0335 0.0000
vt 0.4309 0.0324 0.0000
vt 0.4252 0.0327 0.0000
vt 0.9973 0.5024 0.0000
vt 0.9935 0.4997 0.0000
vt 0.9940 0.4952 0.0000
vt 0.9977 0.4973 0.0000
vt 0.4346 0.0303 0.0000
vt 0.4385 0.0275 0.0000
vt 0.4414 0.0311 0.0000
vt 0.4369 0.0343 0.0000
vt 0.9979 0.4918 0.0000
vt 0.9911 0.4011 0.0000
vt 0.9866 0.3988 0.0000
vt 0.9895 0.3954 0.0000
vt 0.9946 0.3978 0.0000
vt 0.4424 0.0240 0.0000
vt 0.4459 0.0205 0.0000
vt 0.4492 0.0230 0.0000
vt 0.4456 0.0271 0.0000
vt 0.2967 0.5961 0.0000
vt 0.2999 0.5967 0.0000
vt 0.2985 0.6003 0.0000
vt 0.2950 0.5984 0.0000
vt 0.2924 0.5962 0.0000
vt 0.2952 0.5939 0.0000
vt 0.2997 0.5912 0.0000
vt 0.9878 0.4027 0.0000
vt 0.9917 0.4049 0.0000
vt 0.9885 0.4062 0.0000
vt 0.9850 0.4044 0.0000
vt 0.9889 0.4864 0.0000
vt 0.9887 0.4819 0.0000
vt 0.9908 0.4832 0.0000
vt 0.9912 0.4881 0.0000
vt 0.9946 0.4851 0.0000
vt 0.9949 0.4902 0.0000
vt 0.9911 0.4926 0.0000
vt 0.3199 0.5962 0.0000
vt 0.3201 0.6001 0.0000
vt 0.3125 0.5972 0.0000
vt 0.3131 0.5930 0.0000
vt 0.0086 0.7113 0.0000
vt 0.0127 0.7102 0.0000
vt 0.0141 0.7172 0.0000
vt 0.0097 0.7195 0.0000
vt 0.0169 0.7258 0.0000
vt 0.0121 0.7293 0.0000
vt 0.0075 0.7310 0.0000
vt 0.0069 0.7209 0.0000
vt 0.0063 0.6977 0.0000
vt 0.0115 0.6982 0.0000
vt 0.0116 0.7039 0.0000
vt 0.0074 0.7041 0.0000
vt 0.3061 0.5941 0.0000
vt 0.3077 0.5894 0.0000
vt 0.3036 0.5852 0.0000
vt 0.0165 0.7029 0.0000
vt 0.0164 0.6980 0.0000
vt 0.0208 0.6967 0.0000
vt 0.0210 0.7006 0.0000
vt 0.0220 0.7049 0.0000
vt 0.0175 0.7082 0.0000
vt 0.9718 0.5000 0.0000
vt 0.9712 0.4965 0.0000
vt 0.9768 0.4983 0.0000
vt 0.9789 0.5017 0.0000
vt 0.6263 0.3842 0.0000
vt 0.6226 0.3824 0.0000
vt 0.6286 0.3747 0.0000
vt 0.6321 0.3778 0.0000
vt 0.6351 0.3812 0.0000
vt 0.6296 0.3860 0.0000
vt 0.9843 0.5017 0.0000
vt 0.9820 0.4982 0.0000
vt 0.9860 0.4970 0.0000
vt 0.9886 0.4998 0.0000
vt 0.2253 0.9864 0.0000
vt 0.2296 0.9897 0.0000
vt 0.2260 0.9903 0.0000
vt 0.2240 0.9877 0.0000
vt 0.2217 0.9887 0.0000
vt 0.2202 0.9863 0.0000
vt 0.2202 0.9841 0.0000
vt 0.9906 0.4966 0.0000
vt 0.2892 0.5942 0.0000
vt 0.2902 0.5972 0.0000
vt 0.2868 0.5953 0.0000
vt 0.2920 0.5914 0.0000
vt 0.2854 0.5933 0.0000
vt 0.2875 0.5892 0.0000
vt 0.2898 0.5825 0.0000
vt 0.2953 0.5868 0.0000
vt 0.2286 0.9796 0.0000
vt 0.2357 0.9798 0.0000
vt 0.2320 0.9857 0.0000
vt 0.2269 0.9838 0.0000
vt 0.2209 0.9814 0.0000
vt 0.2220 0.9776 0.0000
vt 0.2996 0.5805 0.0000
vt 0.2960 0.5753 0.0000
vt 0.3000 0.5697 0.0000
vt 0.3019 0.5757 0.0000
vt 0.0071 0.6918 0.0000
vt 0.0126 0.6930 0.0000
vt 0.2935 0.5695 0.0000
vt 0.2883 0.5737 0.0000
vt 0.2876 0.5680 0.0000
vt 0.2911 0.5640 0.0000
vt 0.2946 0.5619 0.0000
vt 0.2973 0.5645 0.0000
vt 0.7882 0.0785 0.0000
vt 0.7908 0.0751 0.0000
vt 0.7946 0.0794 0.0000
vt 0.7921 0.0829 0.0000
vt 0.7888 0.0852 0.0000
vt 0.7849 0.0828 0.0000
vt 0.7795 0.0787 0.0000
vt 0.7833 0.0747 0.0000
vt 0.7869 0.0711 0.0000
vt 0.0173 0.6935 0.0000
vt 0.0138 0.6883 0.0000
vt 0.0785 0.4818 0.0000
vt 0.0785 0.4881 0.0000
vt 0.0738 0.4877 0.0000
vt 0.0739 0.4819 0.0000
vt 0.0737 0.4764 0.0000
vt 0.7823 0.0866 0.0000
vt 0.7889 0.0892 0.0000
vt 0.2186 0.9688 0.0000
vt 0.2210 0.9624 0.0000
vt 0.2252 0.9642 0.0000
vt 0.2234 0.9715 0.0000
vt 0.2167 0.9748 0.0000
vt 0.7764 0.0826 0.0000
vt 0.0574 0.6166 0.0000
vt 0.0569 0.6233 0.0000
vt 0.0529 0.6218 0.0000
vt 0.0528 0.6172 0.0000
vt 0.0735 0.4937 0.0000
vt 0.0788 0.4946 0.0000
vt 0.1146 0.4905 0.0000
vt 0.1109 0.4870 0.0000
vt 0.1139 0.4829 0.0000
vt 0.0620 0.6183 0.0000
vt 0.0613 0.6219 0.0000
vt 0.2297 0.9734 0.0000
vt 0.2308 0.9664 0.0000
vt 0.2349 0.9676 0.0000
vt 0.2355 0.9726 0.0000
vt 0.2321 0.9593 0.0000
vt 0.2324 0.9537 0.0000
vt 0.2266 0.9581 0.0000
vt 0.2274 0.9549 0.0000
vt 0.2879 0.5601 0.0000
vt 0.2941 0.5577 0.0000
vt 0.2358 0.9624 0.0000
vt 0.7941 0.0878 0.0000
vt 0.7976 0.0849 0.0000
vt 0.7982 0.0893 0.0000
vt 0.8871 0.0526 0.0000
vt 0.8893 0.0647 0.0000
vt 0.8816 0.0626 0.0000
vt 0.8797 0.0501 0.0000
vt 0.8833 0.0383 0.0000
vt 0.8900 0.0414 0.0000
vt 0.8642 0.8642 0.0000
vt 0.8528 0.8672 0.0000
vt 0.8760 0.8648 0.0000
vt 0.8750 0.0485 0.0000
vt 0.8790 0.0363 0.0000
vt 0.8767 0.0613 0.0000
vt 0.8728 0.0605 0.0000
vt 0.8713 0.0477 0.0000
vt 0.8757 0.0354 0.0000
vt 0.8781 0.0698 0.0000
vt 0.8833 0.0719 0.0000
vt 0.8840 0.0793 0.0000
vt 0.8783 0.0768 0.0000
vt 0.8733 0.0750 0.0000
vt 0.8739 0.0683 0.0000
vt 0.8680 0.0601 0.0000
vt 0.8666 0.0474 0.0000
vt 0.0009 0.5319 0.0000
vt 0.0126 0.5320 0.0000
vt 0.0118 0.5387 0.0000
vt 0.0005 0.5384 0.0000
vt 0.0179 0.9900 0.0000
vt 0.0182 0.9851 0.0000
vt 0.0308 0.9825 0.0000
vt 0.0310 0.9876 0.0000
vt 0.7924 0.5050 0.0000
vt 0.7952 0.5100 0.0000
vt 0.7836 0.5164 0.0000
vt 0.7804 0.5113 0.0000
vt 0.8690 0.0675 0.0000
vt 0.8678 0.0741 0.0000
vt 0.2906 0.9842 0.0000
vt 0.2859 0.9836 0.0000
vt 0.2871 0.9772 0.0000
vt 0.2917 0.9776 0.0000
vt 0.0200 0.5328 0.0000
vt 0.0189 0.5394 0.0000
vt 0.0063 0.9819 0.0000
vt 0.0069 0.9772 0.0000
vt 0.0188 0.9793 0.0000
vt 0.3731 0.2260 0.0000
vt 0.3609 0.2261 0.0000
vt 0.3613 0.2214 0.0000
vt 0.1087 0.4821 0.0000
vt 0.1051 0.4713 0.0000
vt 0.1109 0.4713 0.0000
vt 0.0306 0.9770 0.0000
vt 0.0182 0.5457 0.0000
vt 0.0109 0.5454 0.0000
vt 0.2826 0.9770 0.0000
vt 0.2812 0.9832 0.0000
vt 0.0241 0.5460 0.0000
vt 0.0240 0.5513 0.0000
vt 0.0178 0.5515 0.0000
vt 0.0099 0.5516 0.0000
vt 0.0763 0.9891 0.0000
vt 0.0744 0.9887 0.0000
vt 0.0749 0.9732 0.0000
vt 0.0786 0.9729 0.0000
vt 0.8728 0.0284 0.0000
vt 0.0700 0.9863 0.0000
vt 0.0709 0.9722 0.0000
vt 0.8750 0.0289 0.0000
vt 0.8796 0.0313 0.0000
vt 0.0372 0.6660 0.0000
vt 0.0375 0.6785 0.0000
vt 0.0332 0.6784 0.0000
vt 0.0177 0.5569 0.0000
vt 0.0089 0.5575 0.0000
vt 0.0241 0.5564 0.0000
vt 0.0170 0.8328 0.0000
vt 0.0158 0.8287 0.0000
vt 0.0232 0.8288 0.0000
vt 0.0238 0.8328 0.0000
vt 0.0186 0.5625 0.0000
vt 0.0084 0.5631 0.0000
vt 0.0299 0.5050 0.0000
vt 0.0203 0.5055 0.0000
vt 0.0234 0.4926 0.0000
vt 0.0335 0.4923 0.0000
vt 0.9006 0.0775 0.0000
vt 0.9001 0.0873 0.0000
vt 0.8914 0.0823 0.0000
vt 0.8912 0.0747 0.0000
vt 0.8876 0.8567 0.0000
vt 0.8885 0.8464 0.0000
vt 0.8962 0.8470 0.0000
vt 0.8974 0.8578 0.0000
vt 0.8801 0.8352 0.0000
vt 0.8893 0.8365 0.0000
vt 0.8963 0.8378 0.0000
vt 0.5239 0.5942 0.0000
vt 0.5104 0.5988 0.0000
vt 0.5100 0.5924 0.0000
vt 0.5228 0.5887 0.0000
vt 0.5061 0.5879 0.0000
vt 0.5208 0.5844 0.0000
vt 0.5326 0.5808 0.0000
vt 0.5345 0.5851 0.0000
vt 0.5362 0.5897 0.0000
vt 0.8842 0.0852 0.0000
vt 0.8899 0.0865 0.0000
vt 0.8929 0.0904 0.0000
vt 0.0399 0.5073 0.0000
vt 0.0439 0.5039 0.0000
vt 0.0434 0.5136 0.0000
vt 0.0380 0.5148 0.0000
vt 0.4987 0.5957 0.0000
vt 0.4985 0.6023 0.0000
vt 0.4886 0.6050 0.0000
vt 0.4886 0.5981 0.0000
vt 0.4867 0.5931 0.0000
vt 0.4962 0.5909 0.0000
vt 0.0427 0.5230 0.0000
vt 0.0419 0.5313 0.0000
vt 0.0338 0.5293 0.0000
vt 0.0356 0.5221 0.0000
vt 0.8716 0.0835 0.0000
vt 0.8774 0.0844 0.0000
vt 0.8859 0.0908 0.0000
vt 0.8789 0.0911 0.0000
vt 0.4956 0.6080 0.0000
vt 0.5084 0.6040 0.0000
vt 0.5066 0.6095 0.0000
vt 0.4927 0.6137 0.0000
vt 0.2345 0.6409 0.0000
vt 0.2273 0.6496 0.0000
vt 0.2272 0.6404 0.0000
vt 0.2331 0.6341 0.0000
vt 0.4862 0.6112 0.0000
vt 0.0240 0.1201 0.0000
vt 0.0268 0.1319 0.0000
vt 0.0184 0.1334 0.0000
vt 0.0178 0.1197 0.0000
vt 0.5063 0.6144 0.0000
vt 0.4924 0.6193 0.0000
vt 0.4813 0.6238 0.0000
vt 0.4802 0.6067 0.0000
vt 0.4731 0.6088 0.0000
vt 0.4707 0.6025 0.0000
vt 0.4790 0.6002 0.0000
vt 0.4773 0.5950 0.0000
vt 0.4691 0.5969 0.0000
vt 0.4803 0.6114 0.0000
vt 0.4806 0.6181 0.0000
vt 0.4755 0.6143 0.0000
vt 0.0292 0.1401 0.0000
vt 0.0343 0.1300 0.0000
vt 0.0370 0.1374 0.0000
vt 0.4736 0.6274 0.0000
vt 0.4675 0.6297 0.0000
vt 0.0314 0.1462 0.0000
vt 0.0237 0.1489 0.0000
vt 0.0216 0.1423 0.0000
vt 0.0327 0.5357 0.0000
vt 0.0415 0.5377 0.0000
vt 0.0413 0.5430 0.0000
vt 0.0320 0.5414 0.0000
vt 0.2881 0.9930 0.0000
vt 0.2841 0.9929 0.0000
vt 0.8667 0.0830 0.0000
vt 0.4722 0.6224 0.0000
vt 0.4657 0.6249 0.0000
vt 0.4642 0.6190 0.0000
vt 0.4701 0.6169 0.0000
vt 0.4625 0.6124 0.0000
vt 0.4676 0.6108 0.0000
vt 0.4649 0.6045 0.0000
vt 0.4600 0.6060 0.0000
vt 0.4577 0.5997 0.0000
vt 0.4629 0.5985 0.0000
vt 0.0317 0.5468 0.0000
vt 0.0411 0.5482 0.0000
vt 0.0406 0.5534 0.0000
vt 0.0315 0.5520 0.0000
vt 0.2801 0.9929 0.0000
vt 0.2761 0.9929 0.0000
vt 0.2771 0.9833 0.0000
vt 0.4549 0.6072 0.0000
vt 0.4526 0.6011 0.0000
vt 0.4571 0.6136 0.0000
vt 0.4517 0.6144 0.0000
vt 0.4496 0.6083 0.0000
vt 0.4475 0.6024 0.0000
vt 0.4582 0.6206 0.0000
vt 0.4592 0.6264 0.0000
vt 0.4527 0.6209 0.0000
vt 0.4518 0.6268 0.0000
vt 0.4616 0.6318 0.0000
vt 0.4558 0.6334 0.0000
vt 0.0333 0.1521 0.0000
vt 0.0256 0.1550 0.0000
vt 0.4444 0.6093 0.0000
vt 0.4467 0.6148 0.0000
vt 0.4419 0.6159 0.0000
vt 0.4390 0.6103 0.0000
vt 0.4374 0.6051 0.0000
vt 0.4426 0.6037 0.0000
vt 0.0315 0.5570 0.0000
vt 0.0398 0.5585 0.0000
vt 0.0389 0.5638 0.0000
vt 0.0319 0.5620 0.0000
vt 0.2721 0.9928 0.0000
vt 0.2679 0.9931 0.0000
vt 0.2690 0.9857 0.0000
vt 0.2733 0.9838 0.0000
vt 0.4485 0.6197 0.0000
vt 0.4458 0.6215 0.0000
vt 0.0209 0.8238 0.0000
vt 0.0124 0.8232 0.0000
vt 0.0063 0.8171 0.0000
vt 0.0187 0.8176 0.0000
vt 0.0325 0.8201 0.0000
vt 0.0333 0.8247 0.0000
vt 0.0337 0.8282 0.0000
vt 0.4499 0.6342 0.0000
vt 0.4432 0.6345 0.0000
vt 0.4391 0.6280 0.0000
vt 0.4457 0.6279 0.0000
vt 0.0287 0.5684 0.0000
vt 0.0255 0.5618 0.0000
vt 0.0333 0.5672 0.0000
vt 0.0382 0.5698 0.0000
vt 0.0348 0.5761 0.0000
vt 0.4409 0.6221 0.0000
vt 0.4344 0.6223 0.0000
vt 0.4300 0.6171 0.0000
vt 0.4365 0.6166 0.0000
vt 0.4331 0.6113 0.0000
vt 0.4262 0.6120 0.0000
vt 0.4244 0.6063 0.0000
vt 0.4316 0.6068 0.0000
vt 0.0183 0.8103 0.0000
vt 0.0077 0.8102 0.0000
vt 0.0089 0.8027 0.0000
vt 0.0188 0.8025 0.0000
vt 0.0319 0.8056 0.0000
vt 0.0321 0.8135 0.0000
vt 0.4350 0.6350 0.0000
vt 0.4273 0.6426 0.0000
vt 0.4246 0.6357 0.0000
vt 0.4213 0.6289 0.0000
vt 0.4312 0.6284 0.0000
vt 0.4266 0.6228 0.0000
vt 0.4170 0.6234 0.0000
vt 0.4127 0.6185 0.0000
vt 0.4220 0.6177 0.0000
vt 0.4181 0.6126 0.0000
vt 0.4088 0.6134 0.0000
vt 0.4060 0.6083 0.0000
vt 0.4152 0.6076 0.0000
vt 0.0102 0.7946 0.0000
vt 0.0193 0.7941 0.0000
vt 0.0114 0.7847 0.0000
vt 0.0199 0.7837 0.0000
vt 0.0328 0.7847 0.0000
vt 0.0323 0.7963 0.0000
vt 0.4111 0.6361 0.0000
vt 0.4128 0.6433 0.0000
vt 0.3965 0.6428 0.0000
vt 0.3958 0.6366 0.0000
vt 0.3941 0.6302 0.0000
vt 0.4085 0.6294 0.0000
vt 0.4051 0.6241 0.0000
vt 0.3916 0.6252 0.0000
vt 0.3889 0.6204 0.0000
vt 0.4017 0.6193 0.0000
vt 0.3986 0.6141 0.0000
vt 0.3864 0.6151 0.0000
vt 0.3839 0.6098 0.0000
vt 0.3960 0.6089 0.0000
vt 0.3802 0.6427 0.0000
vt 0.3639 0.6436 0.0000
vt 0.3650 0.6391 0.0000
vt 0.3803 0.6375 0.0000
vt 0.3646 0.6340 0.0000
vt 0.3793 0.6318 0.0000
vt 0.0365 0.6853 0.0000
vt 0.0332 0.6837 0.0000
vt 0.0359 0.6791 0.0000
vt 0.4417 0.0452 0.0000
vt 0.4491 0.0468 0.0000
vt 0.4458 0.0515 0.0000
vt 0.4417 0.0488 0.0000
vt 0.3729 0.9586 0.0000
vt 0.3725 0.9537 0.0000
vt 0.4493 0.0330 0.0000
vt 0.4529 0.0277 0.0000
vt 0.4566 0.0330 0.0000
vt 0.4532 0.0386 0.0000
vt 0.4451 0.0374 0.0000
vt 0.9267 0.0577 0.0000
vt 0.9302 0.0548 0.0000
vt 0.9332 0.0584 0.0000
vt 0.9310 0.0619 0.0000
vt 0.9288 0.0684 0.0000
vt 0.9234 0.0599 0.0000
vt 0.2961 0.1442 0.0000
vt 0.2933 0.1462 0.0000
vt 0.4399 0.0395 0.0000
vt 0.4616 0.0485 0.0000
vt 0.4593 0.0456 0.0000
vt 0.4673 0.0441 0.0000
vt 0.0509 0.7284 0.0000
vt 0.0519 0.7331 0.0000
vt 0.0447 0.7320 0.0000
vt 0.4651 0.0523 0.0000
vt 0.4591 0.0551 0.0000
vt 0.4548 0.0515 0.0000
vt 0.2747 0.9688 0.0000
vt 0.2748 0.9738 0.0000
vt 0.2689 0.9707 0.0000
vt 0.2697 0.9663 0.0000
vt 0.2711 0.9607 0.0000
vt 0.2754 0.9646 0.0000
vt 0.4679 0.0566 0.0000
vt 0.4697 0.0608 0.0000
vt 0.4650 0.0613 0.0000
vt 0.4626 0.0586 0.0000
vt 0.1432 0.5313 0.0000
vt 0.1495 0.5261 0.0000
vt 0.1510 0.5302 0.0000
vt 0.1444 0.5350 0.0000
vt 0.1358 0.5394 0.0000
vt 0.1345 0.5363 0.0000
vt 0.1328 0.5328 0.0000
vt 0.1413 0.5275 0.0000
vt 0.1472 0.5219 0.0000
vt 0.3905 0.8362 0.0000
vt 0.3885 0.8388 0.0000
vt 0.3833 0.8310 0.0000
vt 0.3867 0.8279 0.0000
vt 0.3901 0.8247 0.0000
vt 0.3928 0.8328 0.0000
vt 0.0338 0.3129 0.0000
vt 0.0343 0.3075 0.0000
vt 0.0396 0.3128 0.0000
vt 0.0398 0.3185 0.0000
vt 0.1557 0.0069 0.0000
vt 0.1535 0.0101 0.0000
vt 0.1494 0.0032 0.0000
vt 0.1525 0.0005 0.0000
vt 0.3960 0.8283 0.0000
vt 0.3942 0.8207 0.0000
vt 0.4001 0.8157 0.0000
vt 0.3998 0.8256 0.0000
vt 0.4009 0.8305 0.0000
vt 0.3990 0.8340 0.0000
vt 0.3969 0.8385 0.0000
vt 0.3850 0.8202 0.0000
vt 0.3809 0.8234 0.0000
vt 0.3801 0.8170 0.0000
vt 0.3850 0.8136 0.0000
vt 0.3897 0.8103 0.0000
vt 0.3893 0.8169 0.0000
vt 0.9606 0.3585 0.0000
vt 0.9665 0.3567 0.0000
vt 0.9652 0.3626 0.0000
vt 0.9596 0.3636 0.0000
vt 0.9561 0.3641 0.0000
vt 0.9556 0.3606 0.0000
vt 0.3857 0.8084 0.0000
vt 0.3900 0.8057 0.0000
vt 0.3811 0.8112 0.0000
vt 0.3938 0.8130 0.0000
vt 0.3942 0.8067 0.0000
vt 0.4003 0.8020 0.0000
vt 0.4000 0.8075 0.0000
vt 0.3498 0.6414 0.0000
vt 0.3382 0.6444 0.0000
vt 0.3400 0.6390 0.0000
vt 0.3507 0.6366 0.0000
vt 0.3477 0.6459 0.0000
vt 0.4091 0.8037 0.0000
vt 0.4078 0.7989 0.0000
vt 0.0484 0.0292 0.0000
vt 0.0500 0.0360 0.0000
vt 0.0440 0.0337 0.0000
vt 0.0423 0.0275 0.0000
vt 0.0402 0.0203 0.0000
vt 0.0465 0.0225 0.0000
vt 0.0531 0.0232 0.0000
vt 0.0544 0.0297 0.0000
vt 0.0550 0.0364 0.0000
vt 0.3770 0.6269 0.0000
vt 0.3621 0.6293 0.0000
vt 0.3588 0.6246 0.0000
vt 0.3740 0.6222 0.0000
vt 0.3682 0.6120 0.0000
vt 0.3505 0.6134 0.0000
vt 0.3496 0.6045 0.0000
vt 0.3654 0.6047 0.0000
vt 0.0194 0.7538 0.0000
vt 0.0306 0.7519 0.0000
vt 0.0335 0.7697 0.0000
vt 0.0203 0.7682 0.0000
vt 0.0128 0.7724 0.0000
vt 0.3711 0.6173 0.0000
vt 0.3558 0.6196 0.0000
vt 0.0160 0.7412 0.0000
vt 0.0224 0.7364 0.0000
vt 0.3374 0.6034 0.0000
vt 0.0102 0.7427 0.0000
vt 0.3484 0.6321 0.0000
vt 0.3381 0.6345 0.0000
vt 0.3311 0.6308 0.0000
vt 0.3451 0.6277 0.0000
vt 0.9506 0.3634 0.0000
vt 0.0478 0.0126 0.0000
vt 0.0414 0.0077 0.0000
vt 0.0480 0.0030 0.0000
vt 0.0510 0.0093 0.0000
vt 0.0512 0.0005 0.0000
vt 0.9500 0.3585 0.0000
vt 0.9559 0.3561 0.0000
vt 0.0464 0.0169 0.0000
vt 0.0400 0.0148 0.0000
vt 0.0512 0.0147 0.0000
vt 0.0521 0.0181 0.0000
vt 0.3144 0.6241 0.0000
vt 0.3170 0.6193 0.0000
vt 0.3226 0.6250 0.0000
vt 0.3187 0.6290 0.0000
vt 0.3227 0.6324 0.0000
vt 0.0344 0.0206 0.0000
vt 0.0336 0.0161 0.0000
vt 0.0396 0.6836 0.0000
vt 0.0424 0.6889 0.0000
vt 0.0382 0.6899 0.0000
vt 0.3255 0.6198 0.0000
vt 0.3192 0.6147 0.0000
vt 0.3223 0.6106 0.0000
vt 0.3291 0.6151 0.0000
vt 0.3344 0.6188 0.0000
vt 0.3336 0.6236 0.0000
vt 0.3347 0.6115 0.0000
vt 0.3409 0.6170 0.0000
vt 0.3266 0.6070 0.0000
vt 0.3293 0.6032 0.0000
vt 0.3385 0.6079 0.0000
vt 0.3436 0.6224 0.0000
vt 0.9728 0.5307 0.0000
vt 0.9712 0.5257 0.0000
vt 0.0578 0.0757 0.0000
vt 0.0528 0.0758 0.0000
vt 0.0528 0.0721 0.0000
vt 0.0564 0.0702 0.0000
vt 0.9462 0.1829 0.0000
vt 0.9461 0.1882 0.0000
vt 0.9416 0.1886 0.0000
vt 0.9418 0.1830 0.0000
vt 0.0178 0.9546 0.0000
vt 0.0177 0.9596 0.0000
vt 0.0137 0.9585 0.0000
vt 0.0122 0.9545 0.0000
vt 0.0058 0.0005 0.0000
vt 0.0113 0.0009 0.0000
vt 0.0096 0.0066 0.0000
vt 0.0046 0.0059 0.0000
vt 0.4253 0.0134 0.0000
vt 0.4237 0.0089 0.0000
vt 0.4242 0.0045 0.0000
vt 0.4190 0.0079 0.0000
vt 0.4206 0.0037 0.0000
vt 0.4223 0.0007 0.0000
vt 0.4254 0.0008 0.0000
vt 0.0168 0.9642 0.0000
vt 0.0156 0.9675 0.0000
vt 0.0104 0.9649 0.0000
vt 0.0120 0.9615 0.0000
vt 0.0531 0.4121 0.0000
vt 0.0528 0.4074 0.0000
vt 0.0572 0.4077 0.0000
vt 0.0589 0.4117 0.0000
vt 0.0993 0.0063 0.0000
vt 0.1030 0.0090 0.0000
vt 0.0993 0.0135 0.0000
vt 0.0083 0.9574 0.0000
vt 0.0063 0.9608 0.0000
vt 0.9939 0.5804 0.0000
vt 0.9954 0.5759 0.0000
vt 0.9983 0.5788 0.0000
vt 0.9980 0.5821 0.0000
vt 0.9980 0.5865 0.0000
vt 0.9926 0.5857 0.0000
vt 0.9889 0.5843 0.0000
vt 0.9886 0.5799 0.0000
vt 0.0229 0.4248 0.0000
vt 0.0281 0.4249 0.0000
vt 0.0283 0.4306 0.0000
vt 0.9479 0.1932 0.0000
vt 0.9500 0.1977 0.0000
vt 0.9455 0.1978 0.0000
vt 0.9432 0.1944 0.0000
vt 0.0183 0.4307 0.0000
vt 0.0179 0.4254 0.0000
vt 0.3344 0.1552 0.0000
vt 0.3320 0.1575 0.0000
vt 0.2315 0.0967 0.0000
vt 0.2372 0.0965 0.0000
vt 0.2367 0.1005 0.0000
vt 0.2318 0.1002 0.0000
vt 0.7329 0.1923 0.0000
vt 0.7345 0.1876 0.0000
vt 0.0488 0.4023 0.0000
vt 0.0485 0.4067 0.0000
vt 0.0451 0.4065 0.0000
vt 0.7115 0.0064 0.0000
vt 0.7095 0.0026 0.0000
vt 0.7036 0.0030 0.0000
vt 0.7070 0.0005 0.0000
vt 0.7378 0.1865 0.0000
vt 0.9024 0.1046 0.0000
vt 0.9060 0.1043 0.0000
vt 0.3348 0.1516 0.0000
vt 0.3435 0.2338 0.0000
vt 0.3458 0.2380 0.0000
vt 0.3281 0.1462 0.0000
vt 0.3302 0.1441 0.0000
vt 0.3321 0.1472 0.0000
vt 0.3315 0.1498 0.0000
vt 0.0351 0.0265 0.0000
vt 0.0355 0.0321 0.0000
vt 0.0296 0.0327 0.0000
vt 0.0297 0.0265 0.0000
vt 0.0301 0.0221 0.0000
vt 0.4562 0.0231 0.0000
vt 0.4523 0.0190 0.0000
vt 0.4549 0.0154 0.0000
vt 0.4587 0.0196 0.0000
vt 0.9325 0.0932 0.0000
vt 0.9300 0.0984 0.0000
vt 0.9246 0.0963 0.0000
vt 0.9267 0.0911 0.0000
vt 0.4597 0.0284 0.0000
vt 0.9670 0.1885 0.0000
vt 0.9713 0.1877 0.0000
vt 0.9702 0.1929 0.0000
vt 0.9654 0.1935 0.0000
vt 0.3124 0.6171 0.0000
vt 0.3105 0.6219 0.0000
vt 0.3114 0.6278 0.0000
vt 0.3076 0.6273 0.0000
vt 0.3028 0.6260 0.0000
vt 0.3064 0.6206 0.0000
vt 0.4612 0.0160 0.0000
vt 0.4574 0.0121 0.0000
vt 0.9745 0.1926 0.0000
vt 0.9758 0.1873 0.0000
vt 0.9716 0.1812 0.0000
vt 0.9758 0.1807 0.0000
vt 0.4654 0.0211 0.0000
vt 0.4627 0.0248 0.0000
vt 0.3050 0.5990 0.0000
vt 0.3112 0.6018 0.0000
vt 0.3090 0.6067 0.0000
vt 0.3035 0.6028 0.0000
vt 0.3097 0.6116 0.0000
vt 0.3159 0.6083 0.0000
vt 0.3138 0.6126 0.0000
vt 0.9646 0.3869 0.0000
vt 0.9704 0.3868 0.0000
vt 0.9691 0.3914 0.0000
vt 0.9935 0.4713 0.0000
vt 0.9954 0.4762 0.0000
vt 0.9935 0.4766 0.0000
vt 0.9914 0.4735 0.0000
vt 0.9744 0.3920 0.0000
vt 0.9749 0.3960 0.0000
vt 0.9692 0.3965 0.0000
vt 0.9759 0.3873 0.0000
vt 0.9814 0.3881 0.0000
vt 0.9795 0.3928 0.0000
vt 0.3186 0.6042 0.0000
vt 0.9785 0.3986 0.0000
vt 0.9834 0.4005 0.0000
vt 0.9809 0.4027 0.0000
vt 0.9756 0.4002 0.0000
vt 0.9901 0.4779 0.0000
vt 0.9938 0.4803 0.0000
vt 0.9845 0.3938 0.0000
vt 0.9819 0.3972 0.0000
vt 0.9786 0.3955 0.0000
vt 0.9870 0.3893 0.0000
vt 0.9927 0.3911 0.0000
vt 0.0432 0.3426 0.0000
vt 0.0421 0.3455 0.0000
vt 0.0351 0.3424 0.0000
vt 0.0362 0.3397 0.0000
vt 0.0370 0.3370 0.0000
vt 0.0441 0.3399 0.0000
vt 0.0507 0.3426 0.0000
vt 0.0495 0.3455 0.0000
vt 0.0484 0.3486 0.0000
vt 0.4604 0.0406 0.0000
vt 0.4634 0.0354 0.0000
vt 0.4705 0.0347 0.0000
vt 0.4684 0.0397 0.0000
vt 0.4669 0.0308 0.0000
vt 0.0327 0.0422 0.0000
vt 0.0406 0.0420 0.0000
vt 0.0372 0.0462 0.0000
vt 0.4738 0.0299 0.0000
vt 0.0345 0.0372 0.0000
vt 0.0432 0.0383 0.0000
vt 0.4705 0.0268 0.0000
vt 0.9811 0.3713 0.0000
vt 0.9804 0.3797 0.0000
vt 0.9744 0.3788 0.0000
vt 0.0456 0.0498 0.0000
vt 0.0477 0.0456 0.0000
vt 0.0536 0.0465 0.0000
vt 0.0524 0.0509 0.0000
vt 0.0513 0.0560 0.0000
vt 0.0434 0.0545 0.0000
vt 0.0343 0.0514 0.0000
vt 0.0545 0.0419 0.0000
vt 0.0494 0.0413 0.0000
vt 0.0293 0.3305 0.0000
vt 0.0284 0.3335 0.0000
vt 0.0193 0.3300 0.0000
vt 0.0205 0.3267 0.0000
vt 0.0219 0.3226 0.0000
vt 0.0304 0.3270 0.0000
vt 0.1463 0.5470 0.0000
vt 0.1371 0.5502 0.0000
vt 0.1376 0.5470 0.0000
vt 0.1459 0.5438 0.0000
vt 0.1373 0.5446 0.0000
vt 0.1456 0.5410 0.0000
vt 0.0131 0.2385 0.0000
vt 0.0126 0.2335 0.0000
vt 0.0184 0.2353 0.0000
vt 0.0188 0.2397 0.0000
vt 0.0189 0.2435 0.0000
vt 0.0133 0.2428 0.0000
vt 0.0084 0.2434 0.0000
vt 0.0081 0.2385 0.0000
vt 0.0075 0.2332 0.0000
vt 0.0262 0.3399 0.0000
vt 0.0166 0.3371 0.0000
vt 0.0180 0.3334 0.0000
vt 0.0274 0.3366 0.0000
vt 0.1452 0.5382 0.0000
vt 0.1368 0.5421 0.0000
vt 0.0136 0.2472 0.0000
vt 0.0137 0.2522 0.0000
vt 0.0085 0.2534 0.0000
vt 0.0086 0.2482 0.0000
vt 0.0189 0.2473 0.0000
vt 0.0186 0.2518 0.0000
vt 0.3761 0.8271 0.0000
vt 0.3719 0.8304 0.0000
vt 0.3698 0.8247 0.0000
vt 0.3746 0.8210 0.0000
vt 0.3798 0.8339 0.0000
vt 0.3766 0.8365 0.0000
vt 0.0122 0.3277 0.0000
vt 0.0135 0.3240 0.0000
vt 0.0240 0.2417 0.0000
vt 0.0238 0.2451 0.0000
vt 0.3667 0.8272 0.0000
vt 0.3691 0.8327 0.0000
vt 0.3740 0.8385 0.0000
vt 0.0085 0.3058 0.0000
vt 0.0114 0.2987 0.0000
vt 0.0148 0.3021 0.0000
vt 0.0121 0.3094 0.0000
vt 0.0176 0.2294 0.0000
vt 0.0117 0.2274 0.0000
vt 0.0063 0.2272 0.0000
vt 0.9725 0.3609 0.0000
vt 0.9742 0.3551 0.0000
vt 0.0237 0.2485 0.0000
vt 0.0110 0.3314 0.0000
vt 0.0096 0.3355 0.0000
vt 0.0235 0.2523 0.0000
vt 0.8041 0.0332 0.0000
vt 0.7866 0.0376 0.0000
vt 0.7866 0.0175 0.0000
vt 0.8037 0.0133 0.0000
vt 0.7235 0.4245 0.0000
vt 0.7079 0.4349 0.0000
vt 0.6913 0.4207 0.0000
vt 0.7095 0.4122 0.0000
vt 0.7583 0.4051 0.0000
vt 0.7407 0.4142 0.0000
vt 0.7258 0.4025 0.0000
vt 0.7446 0.3927 0.0000
vt 0.7648 0.3823 0.0000
vt 0.7765 0.3963 0.0000
vt 0.7325 0.3821 0.0000
vt 0.7127 0.3928 0.0000
vt 0.7034 0.3855 0.0000
vt 0.7236 0.3742 0.0000
vt 0.7470 0.3618 0.0000
vt 0.7546 0.3705 0.0000
vt 0.5141 0.6836 0.0000
vt 0.5333 0.6798 0.0000
vt 0.8723 0.3533 0.0000
vt 0.8539 0.3600 0.0000
vt 0.8457 0.3404 0.0000
vt 0.8635 0.3326 0.0000
vt 0.8846 0.3230 0.0000
vt 0.8937 0.3448 0.0000
vt 0.9811 0.3050 0.0000
vt 0.9826 0.3350 0.0000
vt 0.9786 0.3340 0.0000
vt 0.2705 0.6661 0.0000
vt 0.2460 0.6720 0.0000
vt 0.2465 0.6678 0.0000
vt 0.2714 0.6620 0.0000
vt 0.2461 0.6625 0.0000
vt 0.2722 0.6578 0.0000
vt 0.2449 0.1712 0.0000
vt 0.2537 0.1931 0.0000
vt 0.2342 0.1998 0.0000
vt 0.2273 0.1780 0.0000
vt 0.6263 0.7366 0.0000
vt 0.6207 0.7550 0.0000
vt 0.2339 0.1484 0.0000
vt 0.2528 0.1404 0.0000
vt 0.2664 0.1636 0.0000
vt 0.2771 0.1859 0.0000
vt 0.1506 0.2056 0.0000
vt 0.1707 0.1984 0.0000
vt 0.1722 0.2196 0.0000
vt 0.1520 0.2269 0.0000
vt 0.1249 0.2349 0.0000
vt 0.1239 0.2143 0.0000
vt 0.1476 0.1831 0.0000
vt 0.1668 0.1760 0.0000
vt 0.0530 0.2331 0.0000
vt 0.0658 0.2300 0.0000
vt 0.0641 0.2473 0.0000
vt 0.0509 0.2507 0.0000
vt 0.1693 0.7316 0.0000
vt 0.1641 0.7279 0.0000
vt 0.1827 0.7247 0.0000
vt 0.1943 0.7297 0.0000
vt 0.0925 0.2230 0.0000
vt 0.0922 0.2418 0.0000
vt 0.0928 0.2586 0.0000
vt 0.1262 0.2523 0.0000
vt 0.1270 0.2653 0.0000
vt 0.0933 0.2714 0.0000
vt 0.0645 0.2767 0.0000
vt 0.0642 0.2639 0.0000
vt 0.4193 0.7968 0.0000
vt 0.4244 0.7994 0.0000
vt 0.4182 0.8112 0.0000
vt 0.4125 0.8081 0.0000
vt 0.4137 0.8226 0.0000
vt 0.4065 0.8193 0.0000
vt 0.0332 0.2691 0.0000
vt 0.0386 0.2704 0.0000
vt 0.0505 0.2679 0.0000
vt 0.0505 0.2808 0.0000
vt 0.1487 0.7441 0.0000
vt 0.1409 0.7389 0.0000
vt 0.1515 0.7333 0.0000
vt 0.1574 0.7381 0.0000
vt 0.4334 0.1058 0.0000
vt 0.4420 0.1373 0.0000
vt 0.4385 0.1383 0.0000
vt 0.4302 0.1070 0.0000
vt 0.2088 0.0253 0.0000
vt 0.1835 0.0218 0.0000
vt 0.1848 0.0191 0.0000
vt 0.2111 0.0235 0.0000
vt 0.1856 0.0146 0.0000
vt 0.1024 0.0005 0.0000
vt 0.0715 0.0115 0.0000
vt 0.0702 0.0083 0.0000
vt 0.4488 0.1647 0.0000
vt 0.4545 0.1860 0.0000
vt 0.4500 0.1874 0.0000
vt 0.4451 0.1658 0.0000
vt 0.1567 0.3029 0.0000
vt 0.1276 0.3065 0.0000
vt 0.1273 0.3022 0.0000
vt 0.1565 0.2996 0.0000
vt 0.1789 0.2965 0.0000
vt 0.1793 0.3001 0.0000
vt 0.4955 0.2699 0.0000
vt 0.5069 0.2988 0.0000
vt 0.5034 0.3010 0.0000
vt 0.4921 0.2719 0.0000
vt 0.4952 0.3043 0.0000
vt 0.4831 0.2751 0.0000
vt 0.4713 0.2521 0.0000
vt 0.4800 0.2497 0.0000
vt 0.4842 0.2481 0.0000
vt 0.6077 0.6034 0.0000
vt 0.6277 0.5921 0.0000
vt 0.6308 0.5977 0.0000
vt 0.6106 0.6098 0.0000
vt 0.5948 0.6178 0.0000
vt 0.5918 0.6089 0.0000
vt 0.8422 0.2854 0.0000
vt 0.8256 0.2969 0.0000
vt 0.8224 0.2878 0.0000
vt 0.8394 0.2792 0.0000
vt 0.8598 0.2686 0.0000
vt 0.8630 0.2741 0.0000
vt 0.7190 0.3693 0.0000
vt 0.6994 0.3806 0.0000
vt 0.4716 0.6839 0.0000
vt 0.4680 0.6801 0.0000
vt 0.4875 0.6733 0.0000
vt 0.4906 0.6776 0.0000
vt 0.5107 0.6629 0.0000
vt 0.7432 0.3568 0.0000
vt 0.5796 0.5196 0.0000
vt 0.5794 0.5155 0.0000
vt 0.6044 0.5099 0.0000
vt 0.6246 0.5043 0.0000
vt 0.6244 0.5083 0.0000
vt 0.6050 0.5139 0.0000
vt 0.6240 0.5135 0.0000
vt 0.6043 0.5185 0.0000
vt 0.5797 0.5254 0.0000
vt 0.4843 0.6649 0.0000
vt 0.4648 0.6745 0.0000
vt 0.4617 0.6692 0.0000
vt 0.4795 0.6593 0.0000
vt 0.5009 0.6491 0.0000
vt 0.5066 0.6538 0.0000
vt 0.6037 0.5052 0.0000
vt 0.6033 0.4989 0.0000
vt 0.6256 0.4969 0.0000
vt 0.6249 0.5004 0.0000
vt 0.5788 0.5109 0.0000
vt 0.5774 0.5026 0.0000
vt 0.6967 0.4015 0.0000
vt 0.7705 0.0516 0.0000
vt 0.7578 0.0543 0.0000
vt 0.7607 0.0419 0.0000
vt 0.7715 0.0403 0.0000
vt 0.7614 0.0235 0.0000
vt 0.7720 0.0214 0.0000
vt 0.7543 0.0437 0.0000
vt 0.7563 0.0384 0.0000
vt 0.7509 0.0268 0.0000
vt 0.7553 0.0237 0.0000
vt 0.7489 0.0447 0.0000
vt 0.7505 0.0562 0.0000
vt 0.7447 0.0560 0.0000
vt 0.4481 0.6749 0.0000
vt 0.7461 0.0307 0.0000
vt 0.6743 0.3760 0.0000
vt 0.6873 0.3659 0.0000
vt 0.6905 0.3702 0.0000
vt 0.6762 0.3802 0.0000
vt 0.7432 0.0443 0.0000
vt 0.7396 0.0543 0.0000
vt 0.7384 0.0450 0.0000
vt 0.7340 0.0523 0.0000
vt 0.7329 0.0447 0.0000
vt 0.6378 0.5001 0.0000
vt 0.0188 0.7140 0.0000
vt 0.0232 0.7099 0.0000
vt 0.0255 0.7152 0.0000
vt 0.0214 0.7207 0.0000
vt 0.0261 0.7288 0.0000
vt 0.0287 0.7209 0.0000
vt 0.0364 0.7279 0.0000
vt 0.0338 0.7384 0.0000
vt 0.2146 0.9860 0.0000
vt 0.2153 0.9889 0.0000
vt 0.2087 0.9911 0.0000
vt 0.2089 0.9868 0.0000
vt 0.2088 0.9804 0.0000
vt 0.2147 0.9824 0.0000
vt 0.0380 0.7216 0.0000
vt 0.0321 0.7156 0.0000
vt 0.6610 0.3965 0.0000
vt 0.6638 0.4029 0.0000
vt 0.6572 0.4051 0.0000
vt 0.6548 0.3983 0.0000
vt 0.6531 0.3926 0.0000
vt 0.6593 0.3910 0.0000
vt 0.6672 0.3872 0.0000
vt 0.6692 0.3926 0.0000
vt 0.7709 0.0682 0.0000
vt 0.7692 0.0745 0.0000
vt 0.7651 0.0709 0.0000
vt 0.7678 0.0688 0.0000
vt 0.7625 0.0664 0.0000
vt 0.7667 0.0651 0.0000
vt 0.7704 0.0631 0.0000
vt 0.7762 0.0642 0.0000
vt 0.7813 0.0586 0.0000
vt 0.7824 0.0631 0.0000
vt 0.7772 0.0686 0.0000
vt 0.7750 0.0590 0.0000
vt 0.6514 0.4059 0.0000
vt 0.6492 0.3990 0.0000
vt 0.7793 0.0715 0.0000
vt 0.7749 0.0765 0.0000
vt 0.7842 0.0672 0.0000
vt 0.2155 0.9789 0.0000
vt 0.2126 0.9756 0.0000
vt 0.7396 0.0609 0.0000
vt 0.6576 0.3864 0.0000
vt 0.6519 0.3885 0.0000
vt 0.8539 0.0380 0.0000
vt 0.8491 0.0394 0.0000
vt 0.8492 0.0354 0.0000
vt 0.0060 0.4439 0.0000
vt 0.0059 0.4522 0.0000
vt 0.0014 0.4492 0.0000
vt 0.1827 0.6826 0.0000
vt 0.1872 0.6886 0.0000
vt 0.1780 0.6924 0.0000
vt 0.1759 0.6857 0.0000
vt 0.1746 0.6790 0.0000
vt 0.1796 0.6769 0.0000
vt 0.9901 0.3078 0.0000
vt 0.9886 0.3012 0.0000
vt 0.9935 0.3019 0.0000
vt 0.9960 0.3057 0.0000
vt 0.1874 0.6786 0.0000
vt 0.1949 0.6833 0.0000
vt 0.2007 0.1782 0.0000
vt 0.1984 0.1825 0.0000
vt 0.1929 0.1785 0.0000
vt 0.1931 0.1747 0.0000
vt 0.1948 0.1704 0.0000
vt 0.2016 0.1737 0.0000
vt 0.1880 0.6741 0.0000
vt 0.1874 0.6695 0.0000
vt 0.1933 0.6712 0.0000
vt 0.1949 0.6768 0.0000
vt 0.9956 0.2994 0.0000
vt 0.9905 0.2969 0.0000
vt 0.1741 0.6732 0.0000
vt 0.1790 0.6717 0.0000
vt 0.1737 0.6675 0.0000
vt 0.1789 0.6668 0.0000
vt 0.1882 0.1691 0.0000
vt 0.1865 0.1739 0.0000
vt 0.1691 0.6804 0.0000
vt 0.1645 0.6808 0.0000
vt 0.1630 0.6762 0.0000
vt 0.1684 0.6742 0.0000
vt 0.1615 0.6695 0.0000
vt 0.1675 0.6681 0.0000
vt 0.7407 0.9562 0.0000
vt 0.7361 0.9521 0.0000
vt 0.7382 0.9490 0.0000
vt 0.7435 0.9529 0.0000
vt 0.1731 0.6619 0.0000
vt 0.1777 0.6618 0.0000
vt 0.7430 0.9603 0.0000
vt 0.7357 0.9616 0.0000
vt 0.7347 0.9580 0.0000
vt 0.7326 0.9540 0.0000
vt 0.1632 0.1013 0.0000
vt 0.1638 0.0941 0.0000
vt 0.1708 0.0951 0.0000
vt 0.1691 0.1032 0.0000
vt 0.1675 0.1091 0.0000
vt 0.1635 0.1089 0.0000
vt 0.7424 0.9649 0.0000
vt 0.7353 0.9656 0.0000
vt 0.1678 0.6622 0.0000
vt 0.7337 0.9683 0.0000
vt 0.7265 0.9680 0.0000
vt 0.7254 0.9641 0.0000
vt 0.0605 0.8867 0.0000
vt 0.0594 0.8831 0.0000
vt 0.0689 0.8833 0.0000
vt 0.0704 0.8887 0.0000
vt 0.7155 0.9639 0.0000
vt 0.7160 0.9588 0.0000
vt 0.7259 0.9605 0.0000
vt 0.2686 0.0174 0.0000
vt 0.2441 0.0165 0.0000
vt 0.2449 0.0093 0.0000
vt 0.2692 0.0102 0.0000
vt 0.2889 0.0123 0.0000
vt 0.2883 0.0187 0.0000
vt 0.2873 0.0230 0.0000
vt 0.2673 0.0225 0.0000
vt 0.2426 0.0228 0.0000
vt 0.0926 0.2786 0.0000
vt 0.1269 0.2725 0.0000
vt 0.1263 0.2767 0.0000
vt 0.0918 0.2832 0.0000
vt 0.4579 0.8436 0.0000
vt 0.4321 0.8300 0.0000
vt 0.4348 0.8276 0.0000
vt 0.4597 0.8411 0.0000
vt 0.0638 0.2834 0.0000
vt 0.4227 0.8229 0.0000
vt 0.1421 0.7456 0.0000
vt 0.1459 0.7470 0.0000
vt 0.0514 0.2859 0.0000
vt 0.2133 0.0129 0.0000
vt 0.2125 0.0198 0.0000
vt 0.1862 0.0077 0.0000
vt 0.0692 0.3088 0.0000
vt 0.0680 0.3028 0.0000
vt 0.0959 0.2983 0.0000
vt 0.1735 0.0057 0.0000
vt 0.1720 0.0101 0.0000
vt 0.1659 0.0075 0.0000
vt 0.4065 0.8404 0.0000
vt 0.4090 0.8351 0.0000
vt 0.4136 0.8398 0.0000
vt 0.4120 0.8442 0.0000
vt 0.4248 0.8474 0.0000
vt 0.4520 0.8552 0.0000
vt 0.4512 0.8591 0.0000
vt 0.4264 0.8429 0.0000
vt 0.4273 0.8389 0.0000
vt 0.4533 0.8511 0.0000
vt 0.4831 0.8661 0.0000
vt 0.4809 0.8709 0.0000
vt 0.4803 0.8750 0.0000
vt 0.4152 0.8344 0.0000
vt 0.4164 0.8294 0.0000
vt 0.4102 0.8285 0.0000
vt 0.1342 0.7414 0.0000
vt 0.4189 0.8252 0.0000
vt 0.4293 0.8343 0.0000
vt 0.4045 0.8268 0.0000
vt 0.4040 0.8321 0.0000
vt 0.4158 0.8377 0.0000
vt 0.4023 0.8374 0.0000
vt 0.4008 0.8420 0.0000
vt 0.4054 0.8448 0.0000
vt 0.4554 0.8472 0.0000
vt 0.4850 0.8627 0.0000
vt 0.1260 0.2809 0.0000
vt 0.1458 0.0058 0.0000
vt 0.1510 0.0125 0.0000
vt 0.0392 0.3272 0.0000
vt 0.0396 0.3316 0.0000
vt 0.0317 0.3226 0.0000
vt 0.0238 0.3170 0.0000
vt 0.0257 0.3110 0.0000
vt 0.0330 0.3177 0.0000
vt 0.3947 0.0616 0.0000
vt 0.3926 0.0614 0.0000
vt 0.3929 0.0536 0.0000
vt 0.3950 0.0536 0.0000
vt 0.3975 0.0548 0.0000
vt 0.3967 0.0622 0.0000
vt 0.3970 0.0691 0.0000
vt 0.3945 0.0690 0.0000
vt 0.0518 0.3396 0.0000
vt 0.0449 0.3373 0.0000
vt 0.0451 0.3203 0.0000
vt 0.0441 0.3148 0.0000
vt 0.0493 0.3151 0.0000
vt 0.1646 0.0123 0.0000
vt 0.1643 0.0169 0.0000
vt 0.1582 0.0137 0.0000
vt 0.1597 0.0098 0.0000
vt 0.1710 0.0151 0.0000
vt 0.1706 0.0182 0.0000
vt 0.4045 0.0669 0.0000
vt 0.4020 0.0681 0.0000
vt 0.3997 0.0617 0.0000
vt 0.4020 0.0606 0.0000
vt 0.4004 0.0533 0.0000
vt 0.4030 0.0528 0.0000
vt 0.4046 0.0593 0.0000
vt 0.4080 0.0656 0.0000
vt 0.3984 0.0637 0.0000
vt 0.3995 0.0692 0.0000
vt 0.4097 0.0729 0.0000
vt 0.4129 0.0697 0.0000
vt 0.4122 0.0728 0.0000
vt 0.4205 0.0810 0.0000
vt 0.4175 0.0836 0.0000
vt 0.4145 0.0854 0.0000
vt 0.3953 0.0775 0.0000
vt 0.3986 0.0773 0.0000
vt 0.4011 0.0914 0.0000
vt 0.3972 0.0919 0.0000
vt 0.0732 0.3450 0.0000
vt 0.0721 0.3498 0.0000
vt 0.0586 0.3456 0.0000
vt 0.0598 0.3417 0.0000
vt 0.4047 0.0755 0.0000
vt 0.4018 0.0766 0.0000
vt 0.4082 0.0889 0.0000
vt 0.4047 0.0904 0.0000
vt 0.4072 0.0740 0.0000
vt 0.4116 0.0872 0.0000
vt 0.4039 0.1165 0.0000
vt 0.3986 0.1170 0.0000
vt 0.4042 0.1469 0.0000
vt 0.3985 0.1470 0.0000
vt 0.3936 0.1467 0.0000
vt 0.3941 0.1171 0.0000
vt 0.3938 0.0921 0.0000
vt 0.4324 0.1402 0.0000
vt 0.4255 0.1091 0.0000
vt 0.4203 0.1114 0.0000
vt 0.4251 0.1423 0.0000
vt 0.4151 0.1132 0.0000
vt 0.4178 0.1443 0.0000
vt 0.4117 0.1458 0.0000
vt 0.4108 0.1147 0.0000
vt 0.4076 0.1157 0.0000
vt 0.4081 0.1465 0.0000
vt 0.3961 0.1758 0.0000
vt 0.4020 0.1761 0.0000
vt 0.3992 0.1999 0.0000
vt 0.3920 0.1994 0.0000
vt 0.1722 0.3829 0.0000
vt 0.1694 0.3905 0.0000
vt 0.1487 0.3784 0.0000
vt 0.1510 0.3718 0.0000
vt 0.3914 0.1753 0.0000
vt 0.4374 0.1678 0.0000
vt 0.4403 0.1895 0.0000
vt 0.4287 0.1925 0.0000
vt 0.4280 0.1703 0.0000
vt 0.1543 0.3457 0.0000
vt 0.1551 0.3317 0.0000
vt 0.1772 0.3349 0.0000
vt 0.1765 0.3519 0.0000
vt 0.1761 0.3658 0.0000
vt 0.1536 0.3572 0.0000
vt 0.4190 0.1733 0.0000
vt 0.4112 0.1757 0.0000
vt 0.1266 0.3390 0.0000
vt 0.1272 0.3288 0.0000
vt 0.4064 0.1763 0.0000
vt 0.4096 0.2000 0.0000
vt 0.4042 0.2005 0.0000
vt 0.3956 0.3031 0.0000
vt 0.3914 0.2746 0.0000
vt 0.4000 0.2751 0.0000
vt 0.4044 0.3030 0.0000
vt 0.4102 0.3365 0.0000
vt 0.4010 0.3373 0.0000
vt 0.3918 0.3369 0.0000
vt 0.3868 0.3026 0.0000
vt 0.3835 0.2737 0.0000
vt 0.4084 0.3009 0.0000
vt 0.2442 0.3920 0.0000
vt 0.2442 0.3830 0.0000
vt 0.2707 0.3850 0.0000
vt 0.2711 0.3947 0.0000
vt 0.3019 0.3862 0.0000
vt 0.3035 0.3974 0.0000
vt 0.4140 0.3337 0.0000
vt 0.7104 0.2610 0.0000
vt 0.7049 0.2568 0.0000
vt 0.7228 0.2312 0.0000
vt 0.7294 0.2353 0.0000
vt 0.3564 0.1986 0.0000
vt 0.3605 0.1735 0.0000
vt 0.3662 0.1754 0.0000
vt 0.3626 0.2017 0.0000
vt 0.3722 0.1786 0.0000
vt 0.3692 0.2045 0.0000
vt 0.6993 0.2528 0.0000
vt 0.7157 0.2275 0.0000
vt 0.3677 0.1534 0.0000
vt 0.3634 0.1514 0.0000
vt 0.3651 0.1345 0.0000
vt 0.3686 0.1360 0.0000
vt 0.3722 0.1376 0.0000
vt 0.3721 0.1560 0.0000
vt 0.6023 0.5255 0.0000
vt 0.5779 0.5340 0.0000
vt 0.6214 0.5196 0.0000
vt 0.6200 0.5249 0.0000
vt 0.6006 0.5329 0.0000
vt 0.6906 0.3259 0.0000
vt 0.7086 0.3059 0.0000
vt 0.7143 0.3153 0.0000
vt 0.6947 0.3337 0.0000
vt 0.3595 0.1506 0.0000
vt 0.3567 0.1716 0.0000
vt 0.3524 0.1696 0.0000
vt 0.3558 0.1493 0.0000
vt 0.3584 0.1327 0.0000
vt 0.3618 0.1335 0.0000
vt 0.3514 0.1467 0.0000
vt 0.3547 0.1308 0.0000
vt 0.6820 0.3179 0.0000
vt 0.6971 0.2950 0.0000
vt 0.7026 0.2993 0.0000
vt 0.6862 0.3210 0.0000
vt 0.6774 0.3424 0.0000
vt 0.6740 0.3385 0.0000
vt 0.3738 0.1134 0.0000
vt 0.3709 0.1179 0.0000
vt 0.3689 0.1158 0.0000
vt 0.3716 0.1098 0.0000
vt 0.6481 0.3586 0.0000
vt 0.6413 0.3634 0.0000
vt 0.6415 0.3559 0.0000
vt 0.6470 0.3544 0.0000
vt 0.0950 0.9674 0.0000
vt 0.0909 0.9660 0.0000
vt 0.0968 0.9621 0.0000
vt 0.1002 0.9647 0.0000
vt 0.6476 0.3485 0.0000
vt 0.6517 0.3466 0.0000
vt 0.6525 0.3498 0.0000
vt 0.6354 0.5053 0.0000
vt 0.6429 0.5039 0.0000
vt 0.6399 0.5129 0.0000
vt 0.6341 0.5117 0.0000
vt 0.6723 0.3708 0.0000
vt 0.6634 0.3768 0.0000
vt 0.6629 0.3690 0.0000
vt 0.6714 0.3652 0.0000
vt 0.3514 0.1095 0.0000
vt 0.3578 0.1087 0.0000
vt 0.3522 0.1186 0.0000
vt 0.3492 0.1157 0.0000
vt 0.6334 0.5213 0.0000
vt 0.6319 0.5176 0.0000
vt 0.3697 0.1245 0.0000
vt 0.3670 0.1231 0.0000
vt 0.6600 0.3443 0.0000
vt 0.6535 0.3525 0.0000
vt 0.6580 0.3422 0.0000
vt 0.6551 0.3406 0.0000
vt 0.6607 0.3277 0.0000
vt 0.6644 0.3297 0.0000
vt 0.6557 0.3737 0.0000
vt 0.6561 0.3817 0.0000
vt 0.7591 0.0614 0.0000
vt 0.7560 0.0670 0.0000
vt 0.6489 0.3787 0.0000
vt 0.6484 0.3706 0.0000
vt 0.6559 0.3666 0.0000
vt 0.3649 0.1017 0.0000
vt 0.3597 0.0993 0.0000
vt 0.8147 0.0436 0.0000
vt 0.8174 0.0430 0.0000
vt 0.8142 0.0504 0.0000
vt 0.3648 0.1057 0.0000
vt 0.3602 0.1121 0.0000
vt 0.8149 0.0396 0.0000
vt 0.8209 0.0354 0.0000
vt 0.1573 0.5206 0.0000
vt 0.1525 0.5194 0.0000
vt 0.1516 0.5120 0.0000
vt 0.7485 0.0694 0.0000
vt 0.7543 0.0737 0.0000
vt 0.7505 0.0768 0.0000
vt 0.7588 0.0774 0.0000
vt 0.7558 0.0808 0.0000
vt 0.7471 0.0802 0.0000
vt 0.3667 0.1137 0.0000
vt 0.3638 0.1125 0.0000
vt 0.3672 0.1053 0.0000
vt 0.7411 0.0668 0.0000
vt 0.7451 0.0724 0.0000
vt 0.7394 0.0689 0.0000
vt 0.1541 0.5265 0.0000
vt 0.3693 0.1069 0.0000
vt 0.7598 0.0714 0.0000
vt 0.7631 0.0757 0.0000
vt 0.2039 0.9834 0.0000
vt 0.2039 0.9889 0.0000
vt 0.3642 0.1221 0.0000
vt 0.3610 0.1211 0.0000
vt 0.3568 0.1204 0.0000
vt 0.6651 0.3504 0.0000
vt 0.1090 0.9620 0.0000
vt 0.1058 0.9586 0.0000
vt 0.1200 0.9537 0.0000
vt 0.1235 0.9585 0.0000
vt 0.1246 0.9623 0.0000
vt 0.1109 0.9651 0.0000
vt 0.1040 0.9659 0.0000
vt 0.1453 0.9457 0.0000
vt 0.1456 0.9524 0.0000
vt 0.1738 0.9379 0.0000
vt 0.1741 0.9459 0.0000
vt 0.1741 0.9533 0.0000
vt 0.1460 0.9575 0.0000
vt 0.1460 0.9406 0.0000
vt 0.1253 0.9470 0.0000
vt 0.1317 0.9420 0.0000
vt 0.1469 0.9368 0.0000
vt 0.1742 0.9288 0.0000
vt 0.1741 0.9331 0.0000
vt 0.2080 0.9498 0.0000
vt 0.2078 0.9431 0.0000
vt 0.2073 0.9343 0.0000
vt 0.2372 0.9340 0.0000
vt 0.2379 0.9434 0.0000
vt 0.2383 0.9497 0.0000
vt 0.2067 0.9294 0.0000
vt 0.2052 0.9242 0.0000
vt 0.2330 0.9230 0.0000
vt 0.2359 0.9287 0.0000
vt 0.3496 0.9248 0.0000
vt 0.3492 0.9337 0.0000
vt 0.3236 0.9296 0.0000
vt 0.3249 0.9213 0.0000
vt 0.3224 0.9102 0.0000
vt 0.3457 0.9128 0.0000
vt 0.3715 0.9152 0.0000
vt 0.3774 0.9282 0.0000
vt 0.3784 0.9373 0.0000
vt 0.9957 0.0030 0.0000
vt 0.9954 0.0304 0.0000
vt 0.9886 0.0266 0.0000
vt 0.9886 0.0005 0.0000
vt 0.2639 0.4284 0.0000
vt 0.2360 0.4240 0.0000
vt 0.2386 0.4184 0.0000
vt 0.2671 0.4223 0.0000
vt 0.2408 0.4116 0.0000
vt 0.2695 0.4145 0.0000
vt 0.3033 0.4180 0.0000
vt 0.2997 0.4265 0.0000
vt 0.1465 0.3834 0.0000
vt 0.1443 0.3882 0.0000
vt 0.1190 0.3756 0.0000
vt 0.1212 0.3709 0.0000
vt 0.1234 0.3657 0.0000
vt 0.1670 0.3955 0.0000
vt 0.1646 0.3998 0.0000
vt 0.0573 0.3493 0.0000
vt 0.0708 0.3544 0.0000
vt 0.0310 0.6739 0.0000
vt 0.0301 0.6783 0.0000
vt 0.0193 0.6750 0.0000
vt 0.0203 0.6714 0.0000
vt 0.0128 0.6720 0.0000
vt 0.0140 0.6689 0.0000
vt 0.0941 0.3617 0.0000
vt 0.0923 0.3661 0.0000
vt 0.0695 0.3582 0.0000
vt 0.0958 0.3564 0.0000
vt 0.0188 0.6785 0.0000
vt 0.0298 0.6818 0.0000
vt 0.0304 0.6856 0.0000
vt 0.0191 0.6819 0.0000
vt 0.0108 0.6796 0.0000
vt 0.0117 0.6755 0.0000
vt 0.0063 0.6732 0.0000
vt 0.0077 0.6699 0.0000
vt 0.0475 0.3522 0.0000
vt 0.0474 0.3572 0.0000
vt 0.0396 0.3527 0.0000
vt 0.0411 0.3490 0.0000
vt 0.0319 0.3485 0.0000
vt 0.0337 0.3455 0.0000
vt 0.9303 0.1169 0.0000
vt 0.9264 0.1173 0.0000
vt 0.9294 0.0990 0.0000
vt 0.0687 0.3611 0.0000
vt 0.0909 0.3693 0.0000
vt 0.1170 0.3795 0.0000
vt 0.9220 0.1391 0.0000
vt 0.0163 0.6857 0.0000
vt 0.0204 0.6853 0.0000
vt 0.0293 0.6893 0.0000
vt 0.0562 0.3616 0.0000
vt 0.0663 0.3665 0.0000
vt 0.0642 0.3721 0.0000
vt 0.0530 0.3630 0.0000
vt 0.1151 0.9472 0.0000
vt 0.1084 0.9518 0.0000
vt 0.1025 0.9497 0.0000
vt 0.1106 0.9449 0.0000
vt 0.1243 0.9387 0.0000
vt 0.1263 0.9412 0.0000
vt 0.0962 0.9519 0.0000
vt 0.0938 0.9523 0.0000
vt 0.0964 0.9468 0.0000
vt 0.0991 0.9478 0.0000
vt 0.0979 0.9541 0.0000
vt 0.0940 0.9563 0.0000
vt 0.1015 0.9562 0.0000
vt 0.0948 0.9595 0.0000
vt 0.4267 0.4370 0.0000
vt 0.4367 0.4350 0.0000
vt 0.4371 0.4403 0.0000
vt 0.4287 0.4424 0.0000
vt 0.3025 0.7068 0.0000
vt 0.3025 0.7155 0.0000
vt 0.2978 0.7143 0.0000
vt 0.2963 0.7082 0.0000
vt 0.0412 0.7798 0.0000
vt 0.0412 0.7734 0.0000
vt 0.0460 0.7748 0.0000
vt 0.0484 0.7793 0.0000
vt 0.0517 0.7854 0.0000
vt 0.0430 0.7861 0.0000
vt 0.4713 0.9535 0.0000
vt 0.4729 0.9447 0.0000
vt 0.4773 0.9480 0.0000
vt 0.1632 0.1351 0.0000
vt 0.1641 0.1291 0.0000
vt 0.1699 0.1314 0.0000
vt 0.1723 0.1353 0.0000
vt 0.8478 0.0421 0.0000
vt 0.8430 0.0477 0.0000
vt 0.8353 0.0390 0.0000
vt 0.8422 0.0346 0.0000
vt 0.4640 0.9528 0.0000
vt 0.4651 0.9415 0.0000
vt 0.0589 0.7691 0.0000
vt 0.0664 0.7732 0.0000
vt 0.0629 0.7783 0.0000
vt 0.0566 0.7728 0.0000
vt 0.0501 0.7688 0.0000
vt 0.0517 0.7657 0.0000
vt 0.0595 0.7643 0.0000
vt 0.0538 0.7627 0.0000
vt 0.0673 0.7670 0.0000
vt 0.0537 0.6088 0.0000
vt 0.0528 0.6050 0.0000
vt 0.0622 0.6050 0.0000
vt 0.0621 0.6087 0.0000
vt 0.1655 0.1248 0.0000
vt 0.1667 0.1214 0.0000
vt 0.1751 0.1260 0.0000
vt 0.1729 0.1290 0.0000
vt 0.0609 0.6133 0.0000
vt 0.0548 0.6132 0.0000
vt 0.0482 0.7719 0.0000
vt 0.0533 0.7766 0.0000
vt 0.0582 0.7823 0.0000
vt 0.1676 0.1180 0.0000
vt 0.1700 0.1142 0.0000
vt 0.1751 0.1168 0.0000
vt 0.1753 0.1214 0.0000
vt 0.0421 0.7686 0.0000
vt 0.0433 0.7656 0.0000
vt 0.1820 0.1229 0.0000
vt 0.1794 0.1159 0.0000
vt 0.1850 0.1152 0.0000
vt 0.1882 0.1237 0.0000
vt 0.1875 0.1316 0.0000
vt 0.1816 0.1290 0.0000
vt 0.1782 0.1327 0.0000
vt 0.1827 0.1366 0.0000
vt 0.1750 0.1408 0.0000
vt 0.1291 0.9182 0.0000
vt 0.1102 0.9285 0.0000
vt 0.1081 0.9243 0.0000
vt 0.1268 0.9141 0.0000
vt 0.1495 0.9020 0.0000
vt 0.1518 0.9064 0.0000
vt 0.1538 0.9098 0.0000
vt 0.1310 0.9219 0.0000
vt 0.1120 0.9321 0.0000
vt 0.1229 0.9102 0.0000
vt 0.1045 0.9205 0.0000
vt 0.1015 0.9152 0.0000
vt 0.1195 0.9049 0.0000
vt 0.1417 0.8910 0.0000
vt 0.1454 0.8971 0.0000
vt 0.0969 0.9364 0.0000
vt 0.0882 0.9422 0.0000
vt 0.0860 0.9389 0.0000
vt 0.0947 0.9326 0.0000
vt 0.0990 0.9392 0.0000
vt 0.0905 0.9447 0.0000
vt 0.0919 0.9291 0.0000
vt 0.0840 0.9359 0.0000
vt 0.0807 0.9314 0.0000
vt 0.0894 0.9238 0.0000
vt 0.0900 0.9523 0.0000
vt 0.0889 0.9573 0.0000
vt 0.0824 0.9574 0.0000
vt 0.0859 0.9510 0.0000
vt 0.0934 0.9460 0.0000
vt 0.4628 0.0651 0.0000
vt 0.4605 0.0714 0.0000
vt 0.4550 0.0659 0.0000
vt 0.0756 0.9374 0.0000
vt 0.0709 0.9401 0.0000
vt 0.0683 0.9345 0.0000
vt 0.0720 0.9335 0.0000
vt 0.4548 0.0617 0.0000
vt 0.4577 0.0635 0.0000
vt 0.4520 0.0590 0.0000
vt 0.2875 0.1467 0.0000
vt 0.2817 0.1409 0.0000
vt 0.2864 0.1400 0.0000
vt 0.2899 0.1467 0.0000
vt 0.4494 0.0572 0.0000
vt 0.7435 0.0848 0.0000
vt 0.7398 0.0903 0.0000
vt 0.7329 0.0859 0.0000
vt 0.7377 0.0823 0.0000
vt 0.7406 0.0746 0.0000
vt 0.0764 0.9618 0.0000
vt 0.0836 0.9647 0.0000
vt 0.0891 0.9624 0.0000
vt 0.7342 0.0770 0.0000
vt 0.2841 0.1340 0.0000
vt 0.2802 0.1341 0.0000
vt 0.0684 0.9449 0.0000
vt 0.0650 0.9521 0.0000
vt 0.0609 0.9478 0.0000
vt 0.2836 0.1292 0.0000
vt 0.0823 0.9478 0.0000
vt 0.0786 0.9520 0.0000
vt 0.0754 0.9476 0.0000
vt 0.0797 0.9440 0.0000
vt 0.0586 0.9623 0.0000
vt 0.0567 0.9567 0.0000
vt 0.0670 0.9591 0.0000
vt 0.0552 0.9519 0.0000
vt 0.0718 0.9500 0.0000
vt 0.0710 0.9460 0.0000
vt 0.2775 0.1351 0.0000
vt 0.2770 0.1406 0.0000
vt 0.2733 0.1393 0.0000
vt 0.2741 0.1334 0.0000
vt 0.0740 0.9557 0.0000
vt 0.2679 0.1385 0.0000
vt 0.0778 0.9409 0.0000
vt 0.0735 0.9442 0.0000
vt 0.4700 0.0660 0.0000
vt 0.4758 0.0601 0.0000
vt 0.4775 0.0666 0.0000
vt 0.4794 0.0746 0.0000
vt 0.4702 0.0736 0.0000
vt 0.0443 0.3611 0.0000
vt 0.0416 0.3653 0.0000
vt 0.0350 0.3599 0.0000
vt 0.0374 0.3564 0.0000
vt 0.4982 0.0642 0.0000
vt 0.4901 0.0576 0.0000
vt 0.4937 0.0545 0.0000
vt 0.0063 0.3235 0.0000
vt 0.0069 0.3144 0.0000
vt 0.0106 0.3151 0.0000
vt 0.4920 0.0663 0.0000
vt 0.4969 0.0675 0.0000
vt 0.0335 0.3637 0.0000
vt 0.0378 0.3693 0.0000
vt 0.4990 0.0741 0.0000
vt 0.4944 0.0751 0.0000
vt 0.4851 0.0663 0.0000
vt 0.4834 0.0591 0.0000
vt 0.4875 0.0753 0.0000
vt 0.9634 0.6471 0.0000
vt 0.9658 0.6362 0.0000
vt 0.9708 0.6379 0.0000
vt 0.0510 0.3660 0.0000
vt 0.9753 0.6394 0.0000
vt 0.9752 0.6535 0.0000
vt 0.9696 0.6487 0.0000
vt 0.4724 0.0850 0.0000
vt 0.4821 0.0859 0.0000
vt 0.4865 0.1015 0.0000
vt 0.4767 0.1011 0.0000
vt 0.4690 0.1002 0.0000
vt 0.4642 0.0841 0.0000
vt 0.4902 0.0861 0.0000
vt 0.4971 0.0848 0.0000
vt 0.5008 0.0982 0.0000
vt 0.4944 0.1008 0.0000
vt 0.0435 0.3756 0.0000
vt 0.0482 0.3704 0.0000
vt 0.0567 0.3791 0.0000
vt 0.0522 0.3853 0.0000
vt 0.5056 0.0936 0.0000
vt 0.5019 0.0816 0.0000
vt 0.4841 0.1219 0.0000
vt 0.4936 0.1222 0.0000
vt 0.5013 0.1500 0.0000
vt 0.4920 0.1501 0.0000
vt 0.4842 0.1497 0.0000
vt 0.4764 0.1212 0.0000
vt 0.9517 0.6623 0.0000
vt 0.9582 0.6645 0.0000
vt 0.9475 0.6876 0.0000
vt 0.9408 0.6851 0.0000
vt 0.0816 0.4253 0.0000
vt 0.0766 0.4313 0.0000
vt 0.0605 0.4078 0.0000
vt 0.0653 0.4020 0.0000
vt 0.0471 0.3909 0.0000
vt 0.9579 0.6445 0.0000
vt 0.5061 0.1185 0.0000
vt 0.5009 0.1211 0.0000
vt 0.5139 0.1455 0.0000
vt 0.5083 0.1484 0.0000
vt 0.4991 0.1877 0.0000
vt 0.5078 0.1866 0.0000
vt 0.5131 0.2200 0.0000
vt 0.5042 0.2223 0.0000
vt 0.4971 0.2216 0.0000
vt 0.4924 0.1870 0.0000
vt 0.9257 0.7114 0.0000
vt 0.9324 0.7149 0.0000
vt 0.9170 0.7388 0.0000
vt 0.9110 0.7343 0.0000
vt 0.5358 0.2036 0.0000
vt 0.5288 0.2091 0.0000
vt 0.5222 0.1790 0.0000
vt 0.5271 0.1739 0.0000
vt 0.1000 0.4547 0.0000
vt 0.0938 0.4612 0.0000
vt 0.5153 0.1834 0.0000
vt 0.5210 0.2151 0.0000
vt 0.5353 0.3100 0.0000
vt 0.5414 0.3083 0.0000
vt 0.5470 0.3332 0.0000
vt 0.5396 0.3351 0.0000
vt 0.2953 0.8049 0.0000
vt 0.2994 0.8138 0.0000
vt 0.2792 0.8218 0.0000
vt 0.2762 0.8150 0.0000
vt 0.2607 0.8291 0.0000
vt 0.2578 0.8226 0.0000
vt 0.5291 0.2901 0.0000
vt 0.5353 0.2883 0.0000
vt 0.5435 0.2867 0.0000
vt 0.5523 0.2836 0.0000
vt 0.5582 0.3033 0.0000
vt 0.5494 0.3066 0.0000
vt 0.5654 0.3263 0.0000
vt 0.5560 0.3303 0.0000
vt 0.0083 0.1648 0.0000
vt 0.0186 0.1657 0.0000
vt 0.0167 0.1904 0.0000
vt 0.0068 0.1878 0.0000
vt 0.5741 0.3218 0.0000
vt 0.5665 0.2978 0.0000
vt 0.5595 0.2775 0.0000
vt 0.0091 0.1446 0.0000
vt 0.0181 0.1447 0.0000
vt 0.2659 0.0522 0.0000
vt 0.2814 0.0460 0.0000
vt 0.2822 0.0519 0.0000
vt 0.2667 0.0588 0.0000
vt 0.2652 0.0466 0.0000
vt 0.2807 0.0407 0.0000
vt 0.5260 0.8026 0.0000
vt 0.5253 0.7973 0.0000
vt 0.5391 0.7979 0.0000
vt 0.5400 0.8026 0.0000
vt 0.5551 0.7978 0.0000
vt 0.5555 0.8031 0.0000
vt 0.5537 0.8072 0.0000
vt 0.5387 0.8073 0.0000
vt 0.5251 0.8080 0.0000
vt 0.0118 0.3684 0.0000
vt 0.0163 0.3667 0.0000
vt 0.0063 0.3705 0.0000
vt 0.5370 0.7940 0.0000
vt 0.5349 0.7892 0.0000
vt 0.5505 0.7886 0.0000
vt 0.9410 0.1812 0.0000
vt 0.9364 0.1827 0.0000
vt 0.9366 0.1659 0.0000
vt 0.9403 0.1649 0.0000
vt 0.8887 0.2668 0.0000
vt 0.9126 0.2539 0.0000
vt 0.9142 0.2588 0.0000
vt 0.8911 0.2715 0.0000
vt 0.9165 0.2668 0.0000
vt 0.8942 0.2791 0.0000
vt 0.6591 0.5928 0.0000
vt 0.6380 0.6063 0.0000
vt 0.6339 0.6012 0.0000
vt 0.6555 0.5878 0.0000
vt 0.6528 0.5851 0.0000
vt 0.4260 0.6752 0.0000
vt 0.4202 0.6752 0.0000
vt 0.4869 0.0368 0.0000
vt 0.4874 0.0303 0.0000
vt 0.4930 0.0311 0.0000
vt 0.9886 0.2846 0.0000
vt 0.9892 0.2788 0.0000
vt 0.9926 0.2800 0.0000
vt 0.9941 0.2849 0.0000
vt 0.7714 0.7964 0.0000
vt 0.7659 0.7922 0.0000
vt 0.7710 0.7857 0.0000
vt 0.7766 0.7885 0.0000
vt 0.7805 0.7899 0.0000
vt 0.7762 0.7996 0.0000
vt 0.7728 0.8085 0.0000
vt 0.7409 0.7935 0.0000
vt 0.7317 0.7954 0.0000
vt 0.7320 0.7913 0.0000
vt 0.7412 0.7899 0.0000
vt 0.4831 0.0324 0.0000
vt 0.4829 0.0375 0.0000
vt 0.4159 0.6747 0.0000
vt 0.4069 0.6726 0.0000
vt 0.7297 0.9471 0.0000
vt 0.7268 0.9510 0.0000
vt 0.7167 0.9448 0.0000
vt 0.7239 0.9411 0.0000
vt 0.2037 0.1691 0.0000
vt 0.2121 0.1711 0.0000
vt 0.2086 0.1766 0.0000
vt 0.7324 0.9441 0.0000
vt 0.7193 0.9364 0.0000
vt 0.7139 0.9290 0.0000
vt 0.7177 0.9255 0.0000
vt 0.7236 0.9329 0.0000
vt 0.2152 0.1781 0.0000
vt 0.2189 0.1720 0.0000
vt 0.7113 0.9382 0.0000
vt 0.7064 0.9296 0.0000
vt 0.7260 0.9558 0.0000
vt 0.7165 0.9523 0.0000
vt 0.0544 0.8752 0.0000
vt 0.0522 0.8828 0.0000
vt 0.0469 0.8784 0.0000
vt 0.0425 0.8717 0.0000
vt 0.0491 0.8661 0.0000
vt 0.0556 0.8597 0.0000
vt 0.0627 0.8724 0.0000
vt 0.4491 0.9518 0.0000
vt 0.4493 0.9372 0.0000
vt 0.4577 0.9395 0.0000
vt 0.4568 0.9522 0.0000
vt 0.8294 0.0438 0.0000
vt 0.8383 0.0530 0.0000
vt 0.4543 0.9620 0.0000
vt 0.4475 0.9623 0.0000
vt 0.0739 0.7778 0.0000
vt 0.0692 0.7854 0.0000
vt 0.0744 0.7690 0.0000
vt 0.0824 0.7710 0.0000
vt 0.0816 0.7813 0.0000
vt 0.0778 0.7945 0.0000
vt 0.4435 0.4241 0.0000
vt 0.4360 0.4289 0.0000
vt 0.4354 0.4223 0.0000
vt 0.4445 0.4190 0.0000
vt 0.1988 0.1253 0.0000
vt 0.1994 0.1362 0.0000
vt 0.1929 0.1337 0.0000
vt 0.1933 0.1247 0.0000
vt 0.4433 0.4299 0.0000
vt 0.1867 0.1400 0.0000
vt 0.1899 0.1436 0.0000
vt 0.1799 0.1507 0.0000
vt 0.1774 0.1462 0.0000
vt 0.1678 0.6942 0.0000
vt 0.1683 0.6873 0.0000
vt 0.1567 0.6928 0.0000
vt 0.1618 0.6856 0.0000
vt 0.1582 0.6807 0.0000
vt 0.1518 0.6855 0.0000
vt 0.0467 0.8602 0.0000
vt 0.0507 0.8531 0.0000
vt 0.0412 0.8664 0.0000
vt 0.4636 0.2809 0.0000
vt 0.4532 0.2564 0.0000
vt 0.4770 0.3106 0.0000
vt 0.4556 0.3177 0.0000
vt 0.4417 0.2875 0.0000
vt 0.4334 0.2618 0.0000
vt 0.2729 0.3637 0.0000
vt 0.2464 0.3636 0.0000
vt 0.2485 0.3377 0.0000
vt 0.2750 0.3354 0.0000
vt 0.3051 0.3322 0.0000
vt 0.3029 0.3624 0.0000
vt 0.9143 0.5470 0.0000
vt 0.8985 0.5487 0.0000
vt 0.8978 0.5319 0.0000
vt 0.9139 0.5293 0.0000
vt 0.9303 0.5261 0.0000
vt 0.9304 0.5440 0.0000
vt 0.9302 0.5623 0.0000
vt 0.9147 0.5647 0.0000
vt 0.8993 0.5657 0.0000
vt 0.1265 0.0005 0.0000
vt 0.1351 0.0117 0.0000
vt 0.1291 0.0169 0.0000
vt 0.1208 0.0058 0.0000
vt 0.8152 0.7356 0.0000
vt 0.8149 0.7426 0.0000
vt 0.8024 0.7455 0.0000
vt 0.8031 0.7384 0.0000
vt 0.9993 0.0644 0.0000
vt 0.9993 0.0723 0.0000
vt 0.9894 0.0727 0.0000
vt 0.9894 0.0647 0.0000
vt 0.9891 0.0567 0.0000
vt 0.9989 0.0563 0.0000
vt 0.8223 0.7686 0.0000
vt 0.8242 0.7703 0.0000
vt 0.8102 0.7759 0.0000
vt 0.8083 0.7741 0.0000
vt 0.9439 0.0675 0.0000
vt 0.9415 0.0689 0.0000
vt 0.9392 0.0562 0.0000
vt 0.9415 0.0548 0.0000
vt 0.7959 0.7791 0.0000
vt 0.7944 0.7762 0.0000
vt 0.8067 0.7713 0.0000
vt 0.8204 0.7663 0.0000
vt 0.7852 0.7834 0.0000
vt 0.7827 0.7808 0.0000
vt 0.7372 0.1836 0.0000
vt 0.7344 0.1830 0.0000
vt 0.7379 0.1724 0.0000
vt 0.7414 0.1722 0.0000
vt 0.7880 0.7848 0.0000
vt 0.0332 0.6915 0.0000
vt 0.0369 0.6899 0.0000
vt 0.0370 0.6996 0.0000
vt 0.3231 0.0669 0.0000
vt 0.3194 0.0679 0.0000
vt 0.3205 0.0584 0.0000
vt 0.3250 0.0584 0.0000
vt 0.7354 0.1632 0.0000
vt 0.7402 0.1630 0.0000
vt 0.7340 0.1724 0.0000
vt 0.9384 0.0695 0.0000
vt 0.9431 0.0828 0.0000
vt 0.9397 0.0844 0.0000
vt 0.9360 0.0851 0.0000
vt 0.9365 0.0696 0.0000
vt 0.9645 0.5327 0.0000
vt 0.9611 0.5337 0.0000
vt 0.9625 0.5187 0.0000
vt 0.9662 0.5182 0.0000
vt 0.9365 0.0567 0.0000
vt 0.2675 0.0640 0.0000
vt 0.2829 0.0571 0.0000
vt 0.2841 0.0641 0.0000
vt 0.2687 0.0706 0.0000
vt 0.2537 0.0747 0.0000
vt 0.2528 0.0689 0.0000
vt 0.2706 0.0808 0.0000
vt 0.2549 0.0835 0.0000
vt 0.2862 0.0747 0.0000
vt 0.2884 0.0869 0.0000
vt 0.2723 0.0914 0.0000
vt 0.8973 0.5169 0.0000
vt 0.9132 0.5138 0.0000
vt 0.7079 0.9149 0.0000
vt 0.7015 0.9151 0.0000
vt 0.6965 0.8983 0.0000
vt 0.7017 0.8969 0.0000
vt 0.2227 0.6638 0.0000
vt 0.2454 0.6584 0.0000
vt 0.2238 0.6676 0.0000
vt 0.2072 0.6713 0.0000
vt 0.2060 0.6658 0.0000
vt 0.6822 0.6344 0.0000
vt 0.6630 0.6431 0.0000
vt 0.6525 0.6282 0.0000
vt 0.6724 0.6174 0.0000
vt 0.9053 0.3128 0.0000
vt 0.9260 0.3016 0.0000
vt 0.9326 0.3256 0.0000
vt 0.9136 0.3353 0.0000
vt 0.9375 0.3525 0.0000
vt 0.9200 0.3606 0.0000
vt 0.6647 0.6031 0.0000
vt 0.6442 0.6155 0.0000
vt 0.6805 0.5824 0.0000
vt 0.6854 0.5934 0.0000
vt 0.6923 0.6091 0.0000
vt 0.6923 0.8745 0.0000
vt 0.2716 0.6500 0.0000
vt 0.3014 0.6457 0.0000
vt 0.3019 0.6505 0.0000
vt 0.2723 0.6542 0.0000
vt 0.3868 0.6669 0.0000
vt 0.3609 0.6591 0.0000
vt 0.3619 0.6542 0.0000
vt 0.7108 0.7961 0.0000
vt 0.7107 0.8004 0.0000
vt 0.3325 0.6522 0.0000
vt 0.6523 0.8129 0.0000
vt 0.6824 0.8046 0.0000
vt 0.6834 0.8089 0.0000
vt 0.6542 0.8178 0.0000
vt 0.3315 0.6583 0.0000
vt 0.5584 0.7084 0.0000
vt 0.5750 0.7036 0.0000
vt 0.5652 0.7295 0.0000
vt 0.5501 0.7330 0.0000
vt 0.9181 0.4140 0.0000
vt 0.9005 0.4175 0.0000
vt 0.9208 0.3876 0.0000
vt 0.9380 0.3811 0.0000
vt 0.2729 0.2628 0.0000
vt 0.2486 0.2702 0.0000
vt 0.2496 0.2634 0.0000
vt 0.2734 0.2562 0.0000
vt 0.1717 0.8591 0.0000
vt 0.1460 0.8700 0.0000
vt 0.1459 0.8632 0.0000
vt 0.1733 0.8535 0.0000
vt 0.1456 0.8565 0.0000
vt 0.1738 0.8467 0.0000
vt 0.2722 0.2694 0.0000
vt 0.2483 0.2774 0.0000
vt 0.4370 0.6873 0.0000
vt 0.4415 0.6878 0.0000
vt 0.9819 0.4804 0.0000
vt 0.9737 0.4815 0.0000
vt 0.9738 0.4768 0.0000
vt 0.9812 0.4760 0.0000
vt 0.4359 0.6925 0.0000
vt 0.7329 0.1403 0.0000
vt 0.7329 0.1461 0.0000
vt 0.3282 0.0306 0.0000
vt 0.3365 0.0303 0.0000
vt 0.9823 0.4847 0.0000
vt 0.9741 0.4856 0.0000
vt 0.4456 0.6871 0.0000
vt 0.4940 0.0260 0.0000
vt 0.4898 0.0237 0.0000
vt 0.7521 0.7885 0.0000
vt 0.7565 0.7854 0.0000
vt 0.7567 0.7912 0.0000
vt 0.7532 0.7935 0.0000
vt 0.9935 0.2769 0.0000
vt 0.9886 0.2737 0.0000
vt 0.7610 0.7906 0.0000
vt 0.7623 0.7851 0.0000
vt 0.5432 0.7561 0.0000
vt 0.5582 0.7550 0.0000
vt 0.5524 0.7740 0.0000
vt 0.5376 0.7737 0.0000
vt 0.5352 0.7832 0.0000
vt 0.5503 0.7837 0.0000
vt 0.7159 0.7484 0.0000
vt 0.7165 0.7360 0.0000
vt 0.7328 0.7349 0.0000
vt 0.7332 0.7462 0.0000
vt 0.7333 0.7589 0.0000
vt 0.7148 0.7623 0.0000
vt 0.7406 0.7451 0.0000
vt 0.7404 0.7347 0.0000
vt 0.7435 0.7342 0.0000
vt 0.7432 0.7442 0.0000
vt 0.3997 0.7351 0.0000
vt 0.3880 0.7302 0.0000
vt 0.7415 0.7572 0.0000
vt 0.4256 0.4305 0.0000
vt 0.4187 0.4359 0.0000
vt 0.4170 0.4287 0.0000
vt 0.4152 0.4213 0.0000
vt 0.4243 0.4235 0.0000
vt 0.0632 0.7890 0.0000
vt 0.0680 0.7965 0.0000
vt 0.0585 0.7972 0.0000
vt 0.0550 0.7913 0.0000
vt 0.7013 0.8287 0.0000
vt 0.6816 0.8307 0.0000
vt 0.6813 0.8233 0.0000
vt 0.7014 0.8218 0.0000
vt 0.7260 0.8177 0.0000
vt 0.7257 0.8253 0.0000
vt 0.7261 0.8313 0.0000
vt 0.7014 0.8348 0.0000
vt 0.6809 0.8380 0.0000
vt 0.3467 0.9441 0.0000
vt 0.3214 0.9404 0.0000
vt 0.3760 0.9486 0.0000
vt 0.6994 0.8125 0.0000
vt 0.7236 0.8084 0.0000
vt 0.7767 0.1406 0.0000
vt 0.7625 0.1608 0.0000
vt 0.7544 0.1535 0.0000
vt 0.7691 0.1335 0.0000
vt 0.4127 0.5158 0.0000
vt 0.4120 0.5110 0.0000
vt 0.4385 0.5150 0.0000
vt 0.4396 0.5204 0.0000
vt 0.4410 0.5301 0.0000
vt 0.4138 0.5252 0.0000
vt 0.3842 0.5246 0.0000
vt 0.3830 0.5144 0.0000
vt 0.3825 0.5095 0.0000
vt 0.4167 0.5451 0.0000
vt 0.4199 0.5700 0.0000
vt 0.3893 0.5718 0.0000
vt 0.3862 0.5444 0.0000
vt 0.4438 0.5490 0.0000
vt 0.4465 0.5707 0.0000
vt 0.2011 0.6779 0.0000
vt 0.1989 0.6717 0.0000
vt 0.2092 0.6767 0.0000
vt 0.2103 0.6819 0.0000
vt 0.2023 0.6836 0.0000
vt 0.2252 0.6731 0.0000
vt 0.2255 0.6778 0.0000
vt 0.2621 0.2138 0.0000
vt 0.2864 0.2064 0.0000
vt 0.2936 0.2222 0.0000
vt 0.2683 0.2298 0.0000
vt 0.2441 0.2349 0.0000
vt 0.2399 0.2196 0.0000
vt 0.6248 0.9127 0.0000
vt 0.6239 0.9168 0.0000
vt 0.6014 0.9079 0.0000
vt 0.6024 0.9033 0.0000
vt 0.2469 0.2432 0.0000
vt 0.2708 0.2378 0.0000
vt 0.2971 0.2300 0.0000
vt 0.6504 0.9217 0.0000
vt 0.6499 0.9256 0.0000
vt 0.3099 0.1220 0.0000
vt 0.3104 0.1182 0.0000
vt 0.3327 0.1256 0.0000
vt 0.3056 0.5382 0.0000
vt 0.3109 0.5353 0.0000
vt 0.3153 0.5594 0.0000
vt 0.3115 0.5622 0.0000
vt 0.3109 0.1268 0.0000
vt 0.2818 0.1214 0.0000
vt 0.2796 0.1155 0.0000
vt 0.2791 0.1051 0.0000
vt 0.3027 0.5271 0.0000
vt 0.3079 0.5231 0.0000
vt 0.0604 0.8433 0.0000
vt 0.0655 0.8478 0.0000
vt 0.0576 0.8540 0.0000
vt 0.1939 0.0952 0.0000
vt 0.1870 0.0967 0.0000
vt 0.1875 0.0878 0.0000
vt 0.1944 0.0877 0.0000
vt 0.1492 0.6943 0.0000
vt 0.4103 0.5051 0.0000
vt 0.3816 0.5032 0.0000
vt 0.3820 0.4978 0.0000
vt 0.4099 0.4996 0.0000
vt 0.4360 0.5030 0.0000
vt 0.4369 0.5090 0.0000
vt 0.8864 0.2617 0.0000
vt 0.6465 0.5752 0.0000
vt 0.6703 0.5617 0.0000
vt 0.6734 0.5673 0.0000
vt 0.6501 0.5805 0.0000
vt 0.6757 0.5739 0.0000
vt 0.6160 0.9277 0.0000
vt 0.5946 0.9188 0.0000
vt 0.5969 0.9160 0.0000
vt 0.6182 0.9250 0.0000
vt 0.6438 0.9349 0.0000
vt 0.6412 0.9390 0.0000
vt 0.6399 0.9433 0.0000
vt 0.6142 0.9306 0.0000
vt 0.5924 0.9217 0.0000
vt 0.6214 0.9214 0.0000
vt 0.6473 0.9307 0.0000
vt 0.5994 0.9123 0.0000
vt 0.2478 0.1256 0.0000
vt 0.2200 0.1310 0.0000
vt 0.2180 0.1229 0.0000
vt 0.2458 0.1176 0.0000
vt 0.3309 0.9763 0.0000
vt 0.3259 0.9820 0.0000
vt 0.3027 0.9738 0.0000
vt 0.3073 0.9674 0.0000
vt 0.3580 0.9915 0.0000
vt 0.3419 0.1053 0.0000
vt 0.3284 0.1085 0.0000
vt 0.3268 0.1001 0.0000
vt 0.2067 0.1343 0.0000
vt 0.2049 0.1250 0.0000
vt 0.1951 0.1165 0.0000
vt 0.2039 0.1171 0.0000
vt 0.4221 0.5931 0.0000
vt 0.4480 0.5891 0.0000
vt 0.8171 0.1831 0.0000
vt 0.7984 0.2010 0.0000
vt 0.7838 0.1863 0.0000
vt 0.7997 0.1659 0.0000
vt 0.7020 0.8558 0.0000
vt 0.7286 0.8532 0.0000
vt 0.7336 0.8784 0.0000
vt 0.7084 0.8753 0.0000
vt 0.3919 0.5990 0.0000
vt 0.7013 0.8423 0.0000
vt 0.7280 0.8376 0.0000
vt 0.6814 0.8555 0.0000
vt 0.6806 0.8449 0.0000
vt 0.7853 0.1496 0.0000
vt 0.8016 0.1261 0.0000
vt 0.8071 0.1331 0.0000
vt 0.4490 0.9197 0.0000
vt 0.4447 0.9278 0.0000
vt 0.4320 0.9145 0.0000
vt 0.1047 0.7880 0.0000
vt 0.1037 0.7991 0.0000
vt 0.0873 0.7963 0.0000
vt 0.0882 0.7838 0.0000
vt 0.5193 0.0186 0.0000
vt 0.5244 0.0322 0.0000
vt 0.5140 0.0305 0.0000
vt 0.5120 0.0183 0.0000
vt 0.2602 0.4338 0.0000
vt 0.2922 0.4386 0.0000
vt 0.2845 0.4493 0.0000
vt 0.2534 0.4442 0.0000
vt 0.2266 0.4396 0.0000
vt 0.2324 0.4297 0.0000
vt 0.2961 0.4332 0.0000
vt 0.4813 0.4828 0.0000
vt 0.5040 0.4813 0.0000
vt 0.4986 0.4892 0.0000
vt 0.4772 0.4913 0.0000
vt 0.4539 0.4955 0.0000
vt 0.4572 0.4865 0.0000
vt 0.4608 0.4793 0.0000
vt 0.4860 0.4755 0.0000
vt 0.5093 0.4739 0.0000
vt 0.5926 0.0923 0.0000
vt 0.5914 0.0670 0.0000
vt 0.6004 0.0689 0.0000
vt 0.6005 0.0944 0.0000
vt 0.6011 0.1171 0.0000
vt 0.5930 0.1146 0.0000
vt 0.2821 0.8289 0.0000
vt 0.2635 0.8363 0.0000
vt 0.3031 0.8222 0.0000
vt 0.2972 0.0402 0.0000
vt 0.3107 0.0350 0.0000
vt 0.3105 0.0393 0.0000
vt 0.2975 0.0452 0.0000
vt 0.2966 0.0357 0.0000
vt 0.3103 0.0314 0.0000
vt 0.5683 0.7936 0.0000
vt 0.5661 0.7887 0.0000
vt 0.5787 0.7891 0.0000
vt 0.5808 0.7944 0.0000
vt 0.5828 0.8000 0.0000
vt 0.5709 0.7987 0.0000
vt 0.5523 0.7937 0.0000
vt 0.9517 0.3161 0.0000
vt 0.9664 0.3091 0.0000
vt 0.9688 0.3380 0.0000
vt 0.9550 0.3444 0.0000
vt 0.9465 0.2909 0.0000
vt 0.9621 0.2843 0.0000
vt 0.6961 0.5539 0.0000
vt 0.7142 0.5427 0.0000
vt 0.7158 0.5524 0.0000
vt 0.6981 0.5617 0.0000
vt 0.6929 0.5468 0.0000
vt 0.7108 0.5345 0.0000
vt 0.7416 0.7853 0.0000
vt 0.7326 0.7873 0.0000
vt 0.7333 0.7814 0.0000
vt 0.7418 0.7788 0.0000
vt 0.7448 0.7773 0.0000
vt 0.7448 0.7839 0.0000
vt 0.7452 0.7897 0.0000
vt 0.7094 0.9500 0.0000
vt 0.7087 0.9566 0.0000
vt 0.6975 0.9522 0.0000
vt 0.6986 0.9464 0.0000
vt 0.6983 0.9399 0.0000
vt 0.7088 0.9433 0.0000
vt 0.3120 0.1459 0.0000
vt 0.3252 0.1692 0.0000
vt 0.3171 0.1727 0.0000
vt 0.3035 0.1499 0.0000
vt 0.5989 0.8112 0.0000
vt 0.6247 0.8045 0.0000
vt 0.6225 0.8138 0.0000
vt 0.5970 0.8212 0.0000
vt 0.6231 0.8207 0.0000
vt 0.5976 0.8273 0.0000
vt 0.5759 0.8329 0.0000
vt 0.5760 0.8274 0.0000
vt 0.4293 0.9513 0.0000
vt 0.4298 0.9389 0.0000
vt 0.4415 0.9395 0.0000
vt 0.4417 0.9518 0.0000
vt 0.4404 0.9621 0.0000
vt 0.4277 0.9608 0.0000
vt 0.3143 0.5041 0.0000
vt 0.3267 0.5033 0.0000
vt 0.3247 0.5112 0.0000
vt 0.3127 0.5139 0.0000
vt 0.3053 0.5152 0.0000
vt 0.3082 0.5049 0.0000
vt 0.9574 0.1990 0.0000
vt 0.9638 0.1960 0.0000
vt 0.9665 0.2061 0.0000
vt 0.9605 0.2098 0.0000
vt 0.9506 0.2164 0.0000
vt 0.9474 0.2064 0.0000
vt 0.8580 0.1390 0.0000
vt 0.8743 0.1199 0.0000
vt 0.8999 0.1445 0.0000
vt 0.8833 0.1631 0.0000
vt 0.3593 0.5799 0.0000
vt 0.7617 0.8763 0.0000
vt 0.7567 0.8493 0.0000
vt 0.8364 0.1201 0.0000
vt 0.8521 0.0998 0.0000
vt 0.5071 0.8401 0.0000
vt 0.5067 0.8297 0.0000
vt 0.5201 0.8371 0.0000
vt 0.5221 0.8469 0.0000
vt 0.5248 0.8582 0.0000
vt 0.5091 0.8522 0.0000
vt 0.4946 0.8451 0.0000
vt 0.4946 0.8318 0.0000
vt 0.4952 0.8213 0.0000
vt 0.3184 0.0423 0.0000
vt 0.3163 0.0500 0.0000
vt 0.3080 0.0522 0.0000
vt 0.3092 0.0448 0.0000
vt 0.3203 0.0365 0.0000
vt 0.3205 0.0324 0.0000
vt 0.3201 0.0296 0.0000
vt 0.9663 0.4849 0.0000
vt 0.9661 0.4813 0.0000
vt 0.2973 0.0505 0.0000
vt 0.2973 0.0574 0.0000
vt 0.5905 0.8052 0.0000
vt 0.5965 0.8051 0.0000
vt 0.5954 0.8094 0.0000
vt 0.5890 0.8089 0.0000
vt 0.5809 0.8084 0.0000
vt 0.5825 0.8048 0.0000
vt 0.5904 0.8002 0.0000
vt 0.5958 0.7997 0.0000
vt 0.5882 0.7945 0.0000
vt 0.5860 0.7888 0.0000
vt 0.4236 0.6935 0.0000
vt 0.4180 0.6919 0.0000
vt 0.5927 0.7938 0.0000
vt 0.5704 0.8042 0.0000
vt 0.9423 0.4815 0.0000
vt 0.9262 0.4828 0.0000
vt 0.9259 0.4777 0.0000
vt 0.9420 0.4770 0.0000
vt 0.4134 0.6905 0.0000
vt 0.5860 0.7840 0.0000
vt 0.5788 0.7850 0.0000
vt 0.9613 0.4584 0.0000
vt 0.9523 0.4594 0.0000
vt 0.9532 0.4493 0.0000
vt 0.9626 0.4481 0.0000
vt 0.4038 0.6881 0.0000
vt 0.5660 0.7845 0.0000
vt 0.5691 0.7756 0.0000
vt 0.5823 0.7759 0.0000
vt 0.6125 0.6950 0.0000
vt 0.6023 0.7248 0.0000
vt 0.5954 0.7258 0.0000
vt 0.6061 0.6968 0.0000
vt 0.6178 0.6702 0.0000
vt 0.6251 0.6684 0.0000
vt 0.6281 0.6679 0.0000
vt 0.9736 0.3058 0.0000
vt 0.9775 0.3047 0.0000
vt 0.9754 0.3348 0.0000
vt 0.6280 0.6473 0.0000
vt 0.6364 0.6457 0.0000
vt 0.7399 0.6036 0.0000
vt 0.7330 0.6085 0.0000
vt 0.7270 0.5901 0.0000
vt 0.7347 0.5855 0.0000
vt 0.9700 0.2805 0.0000
vt 0.9742 0.2789 0.0000
vt 0.5926 0.7002 0.0000
vt 0.5859 0.6805 0.0000
vt 0.6035 0.6746 0.0000
vt 0.5820 0.7276 0.0000
vt 0.7245 0.5532 0.0000
vt 0.7296 0.5513 0.0000
vt 0.7294 0.5587 0.0000
vt 0.7249 0.5606 0.0000
vt 0.7169 0.5649 0.0000
vt 0.7159 0.5577 0.0000
vt 0.9629 0.2349 0.0000
vt 0.9540 0.2391 0.0000
vt 0.9543 0.2323 0.0000
vt 0.9636 0.2274 0.0000
vt 0.9703 0.2242 0.0000
vt 0.9681 0.2328 0.0000
vt 0.7234 0.5379 0.0000
vt 0.7290 0.5359 0.0000
vt 0.7312 0.5453 0.0000
vt 0.7248 0.5479 0.0000
vt 0.7202 0.5294 0.0000
vt 0.9688 0.2156 0.0000
vt 0.9630 0.2199 0.0000
vt 0.6991 0.5660 0.0000
vt 0.6777 0.5773 0.0000
vt 0.7010 0.5728 0.0000
vt 0.7805 0.7609 0.0000
vt 0.7921 0.7570 0.0000
vt 0.7924 0.7653 0.0000
vt 0.7805 0.7696 0.0000
vt 0.7693 0.7730 0.0000
vt 0.7694 0.7640 0.0000
vt 0.7920 0.7482 0.0000
vt 0.7611 0.7650 0.0000
vt 0.7608 0.7743 0.0000
vt 0.7555 0.7758 0.0000
vt 0.7559 0.7665 0.0000
vt 0.7702 0.7796 0.0000
vt 0.7618 0.7804 0.0000
vt 0.7560 0.7814 0.0000
vt 0.7812 0.7761 0.0000
vt 0.7931 0.7717 0.0000
vt 0.4129 0.7310 0.0000
vt 0.4132 0.7264 0.0000
vt 0.4225 0.7297 0.0000
vt 0.4224 0.7346 0.0000
vt 0.4218 0.7394 0.0000
vt 0.4121 0.7359 0.0000
vt 0.4116 0.7390 0.0000
vt 0.4215 0.7424 0.0000
vt 0.7335 0.7713 0.0000
vt 0.7418 0.7689 0.0000
vt 0.7519 0.7842 0.0000
vt 0.4310 0.7399 0.0000
vt 0.4321 0.7465 0.0000
vt 0.4278 0.7426 0.0000
vt 0.4274 0.7377 0.0000
vt 0.4271 0.7324 0.0000
vt 0.6749 0.9298 0.0000
vt 0.6727 0.9226 0.0000
vt 0.6916 0.9270 0.0000
vt 0.6956 0.9345 0.0000
vt 0.6761 0.9339 0.0000
vt 0.3174 0.2143 0.0000
vt 0.3224 0.2212 0.0000
vt 0.6755 0.9396 0.0000
vt 0.6730 0.9447 0.0000
vt 0.7055 0.9375 0.0000
vt 0.7014 0.9284 0.0000
vt 0.6561 0.7830 0.0000
vt 0.6855 0.7790 0.0000
vt 0.6833 0.7908 0.0000
vt 0.6530 0.7968 0.0000
vt 0.6291 0.7893 0.0000
vt 0.6050 0.7950 0.0000
vt 0.2992 0.1786 0.0000
vt 0.2867 0.1561 0.0000
vt 0.6121 0.7747 0.0000
vt 0.6517 0.8058 0.0000
vt 0.6823 0.7985 0.0000
vt 0.1125 0.8679 0.0000
vt 0.1148 0.8755 0.0000
vt 0.0889 0.8795 0.0000
vt 0.0847 0.8712 0.0000
vt 0.0806 0.8631 0.0000
vt 0.1117 0.8627 0.0000
vt 0.5256 0.3271 0.0000
vt 0.5209 0.3332 0.0000
vt 0.5182 0.3355 0.0000
vt 0.5378 0.3604 0.0000
vt 0.5361 0.3626 0.0000
vt 0.5275 0.3639 0.0000
vt 0.5105 0.3374 0.0000
vt 0.0803 0.8594 0.0000
vt 0.0646 0.8613 0.0000
vt 0.0644 0.8563 0.0000
vt 0.0706 0.8489 0.0000
vt 0.0855 0.8534 0.0000
vt 0.0700 0.8714 0.0000
vt 0.0766 0.8826 0.0000
vt 0.3364 0.3995 0.0000
vt 0.3341 0.3863 0.0000
vt 0.3629 0.3872 0.0000
vt 0.3659 0.4011 0.0000
vt 0.3681 0.4081 0.0000
vt 0.3389 0.4065 0.0000
vt 0.4248 0.3679 0.0000
vt 0.4189 0.3719 0.0000
vt 0.4211 0.3292 0.0000
vt 0.4330 0.3622 0.0000
vt 0.4089 0.3732 0.0000
vt 0.4250 0.4014 0.0000
vt 0.4168 0.4022 0.0000
vt 0.4071 0.4009 0.0000
vt 0.3987 0.3725 0.0000
vt 0.4217 0.4164 0.0000
vt 0.4303 0.4152 0.0000
vt 0.4124 0.4146 0.0000
vt 0.4341 0.4115 0.0000
vt 0.4428 0.4039 0.0000
vt 0.4466 0.4089 0.0000
vt 0.4393 0.4167 0.0000
vt 0.3795 0.4016 0.0000
vt 0.3811 0.4092 0.0000
vt 0.4288 0.3973 0.0000
vt 0.4372 0.3906 0.0000
vt 0.3339 0.4309 0.0000
vt 0.3380 0.4215 0.0000
vt 0.3647 0.4248 0.0000
vt 0.3600 0.4340 0.0000
vt 0.3549 0.4419 0.0000
vt 0.3296 0.4387 0.0000
vt 0.3250 0.4440 0.0000
vt 0.1072 0.8293 0.0000
vt 0.0899 0.8130 0.0000
vt 0.0979 0.8127 0.0000
vt 0.1141 0.8280 0.0000
vt 0.1148 0.8115 0.0000
vt 0.1292 0.8256 0.0000
vt 0.3148 0.4552 0.0000
vt 0.0898 0.8038 0.0000
vt 0.0816 0.8031 0.0000
vt 0.3500 0.4626 0.0000
vt 0.3381 0.4603 0.0000
vt 0.3498 0.4481 0.0000
vt 0.3621 0.4503 0.0000
vt 0.0723 0.8029 0.0000
vt 0.0808 0.8134 0.0000
vt 0.0711 0.8137 0.0000
vt 0.0624 0.8031 0.0000
vt 0.0090 0.2109 0.0000
vt 0.0170 0.2143 0.0000
vt 0.2184 0.5965 0.0000
vt 0.2316 0.6136 0.0000
vt 0.2242 0.6181 0.0000
vt 0.2106 0.6019 0.0000
vt 0.5795 0.3464 0.0000
vt 0.5846 0.3662 0.0000
vt 0.5774 0.3689 0.0000
vt 0.5724 0.3501 0.0000
vt 0.5698 0.3714 0.0000
vt 0.5635 0.3538 0.0000
vt 0.5626 0.3735 0.0000
vt 0.5545 0.3569 0.0000
vt 0.3178 0.7963 0.0000
vt 0.3146 0.7876 0.0000
vt 0.3347 0.7829 0.0000
vt 0.3375 0.7903 0.0000
vt 0.3410 0.7980 0.0000
vt 0.3222 0.8051 0.0000
vt 0.2927 0.7969 0.0000
vt 0.3254 0.8126 0.0000
vt 0.3432 0.8049 0.0000
vt 0.5931 0.0413 0.0000
vt 0.5949 0.0210 0.0000
vt 0.6017 0.0228 0.0000
vt 0.6010 0.0432 0.0000
vt 0.4325 0.4879 0.0000
vt 0.4298 0.4955 0.0000
vt 0.4104 0.4942 0.0000
vt 0.4119 0.4873 0.0000
vt 0.4122 0.4801 0.0000
vt 0.4340 0.4801 0.0000
vt 0.4050 0.9292 0.0000
vt 0.3974 0.9165 0.0000
vt 0.4185 0.9149 0.0000
vt 0.4269 0.9298 0.0000
vt 0.4072 0.9381 0.0000
vt 0.4058 0.9493 0.0000
vt 0.4035 0.9577 0.0000
vt 0.8088 0.0935 0.0000
vt 0.7925 0.1177 0.0000
vt 0.7846 0.1098 0.0000
vt 0.4381 0.9305 0.0000
vt 0.4279 0.9154 0.0000
vt 0.7496 0.8232 0.0000
vt 0.7497 0.8151 0.0000
vt 0.7693 0.8126 0.0000
vt 0.7700 0.8219 0.0000
vt 0.7706 0.8299 0.0000
vt 0.7498 0.8300 0.0000
vt 0.8252 0.1086 0.0000
vt 0.8188 0.1017 0.0000
vt 0.8344 0.0831 0.0000
vt 0.8406 0.0892 0.0000
vt 0.8600 0.0900 0.0000
vt 0.8501 0.0796 0.0000
vt 0.7823 0.8400 0.0000
vt 0.7718 0.8379 0.0000
vt 0.7820 0.8324 0.0000
vt 0.8447 0.0741 0.0000
vt 0.8532 0.0689 0.0000
vt 0.8568 0.0749 0.0000
vt 0.8644 0.0856 0.0000
vt 0.8375 0.0691 0.0000
vt 0.8291 0.0637 0.0000
vt 0.8336 0.0582 0.0000
vt 0.8427 0.0641 0.0000
vt 0.7807 0.8230 0.0000
vt 0.7793 0.8119 0.0000
vt 0.3514 0.5154 0.0000
vt 0.3536 0.5279 0.0000
vt 0.3288 0.5316 0.0000
vt 0.3258 0.5185 0.0000
vt 0.3505 0.5089 0.0000
vt 0.3511 0.5020 0.0000
vt 0.3307 0.4956 0.0000
vt 0.3537 0.4963 0.0000
vt 0.3139 0.5214 0.0000
vt 0.3168 0.5338 0.0000
vt 0.3198 0.5580 0.0000
vt 0.3317 0.5561 0.0000
vt 0.3340 0.5841 0.0000
vt 0.3216 0.5856 0.0000
vt 0.3169 0.5872 0.0000
vt 0.8823 0.1104 0.0000
vt 0.8864 0.1055 0.0000
vt 0.9106 0.1315 0.0000
vt 0.9076 0.1354 0.0000
vt 0.0329 0.2349 0.0000
vt 0.0237 0.2288 0.0000
vt 0.0323 0.2039 0.0000
vt 0.3564 0.5516 0.0000
vt 0.3312 0.9689 0.0000
vt 0.3318 0.9547 0.0000
vt 0.3089 0.9612 0.0000
vt 0.3097 0.9479 0.0000
vt 0.3586 0.9655 0.0000
vt 0.3586 0.9810 0.0000
vt 0.5136 0.3813 0.0000
vt 0.5176 0.3848 0.0000
vt 0.4883 0.4004 0.0000
vt 0.4828 0.3909 0.0000
vt 0.4749 0.3769 0.0000
vt 0.5039 0.3694 0.0000
vt 0.5376 0.3750 0.0000
vt 0.5414 0.3783 0.0000
vt 0.4907 0.3428 0.0000
vt 0.4655 0.3501 0.0000
vt 0.3362 0.3610 0.0000
vt 0.3389 0.3285 0.0000
vt 0.3667 0.3248 0.0000
vt 0.3639 0.3595 0.0000
vt 0.5070 0.8219 0.0000
vt 0.5062 0.8170 0.0000
vt 0.5209 0.8226 0.0000
vt 0.5205 0.8288 0.0000
vt 0.9574 0.5196 0.0000
vt 0.9561 0.5351 0.0000
vt 0.8051 0.7673 0.0000
vt 0.8036 0.7616 0.0000
vt 0.8164 0.7577 0.0000
vt 0.8184 0.7629 0.0000
vt 0.8151 0.7503 0.0000
vt 0.8025 0.7537 0.0000
vt 0.2981 0.0671 0.0000
vt 0.3075 0.0614 0.0000
vt 0.3077 0.0725 0.0000
vt 0.2997 0.0794 0.0000
vt 0.3151 0.0592 0.0000
vt 0.3145 0.0693 0.0000
vt 0.9657 0.2596 0.0000
vt 0.9702 0.2577 0.0000
vt 0.7210 0.5748 0.0000
vt 0.7290 0.5711 0.0000
vt 0.9574 0.2638 0.0000
vt 0.9543 0.2480 0.0000
vt 0.9626 0.2440 0.0000
vt 0.9673 0.2420 0.0000
vt 0.7056 0.5845 0.0000
vt 0.7121 0.6009 0.0000
vt 0.3092 0.1988 0.0000
vt 0.3273 0.1928 0.0000
vt 0.3353 0.2075 0.0000
vt 0.6968 0.9150 0.0000
vt 0.6871 0.9143 0.0000
vt 0.4726 0.0179 0.0000
vt 0.4713 0.0005 0.0000
vt 0.4813 0.0019 0.0000
vt 0.4823 0.0196 0.0000
vt 0.4866 0.0033 0.0000
vt 0.4868 0.0208 0.0000
vt 0.7135 0.7756 0.0000
vt 0.7124 0.7864 0.0000
vt 0.7115 0.7923 0.0000
vt 0.5947 0.7530 0.0000
vt 0.5928 0.7724 0.0000
vt 0.5893 0.7743 0.0000
vt 0.5877 0.7543 0.0000
vt 0.5742 0.7547 0.0000
vt 0.0780 0.8876 0.0000
vt 0.3683 0.2273 0.0000
vt 0.3712 0.2338 0.0000
vt 0.3577 0.2359 0.0000
vt 0.6967 0.9561 0.0000
vt 0.7079 0.9618 0.0000
vt 0.6970 0.9611 0.0000
vt 0.6711 0.9531 0.0000
vt 0.6714 0.9487 0.0000
vt 0.1389 0.5238 0.0000
vt 0.1312 0.5292 0.0000
vt 0.1286 0.5251 0.0000
vt 0.1370 0.5196 0.0000
vt 0.1422 0.5159 0.0000
vt 0.1449 0.5179 0.0000
vt 0.0414 0.0602 0.0000
vt 0.0503 0.0626 0.0000
vt 0.0486 0.0690 0.0000
vt 0.0394 0.0660 0.0000
vt 0.0296 0.0593 0.0000
vt 0.0314 0.0556 0.0000
vt 0.0132 0.2580 0.0000
vt 0.0182 0.2574 0.0000
vt 0.0180 0.2634 0.0000
vt 0.0129 0.2643 0.0000
vt 0.0071 0.2658 0.0000
vt 0.0076 0.2594 0.0000
vt 0.0594 0.7290 0.0000
vt 0.0596 0.7229 0.0000
vt 0.0696 0.7235 0.0000
vt 0.0686 0.7296 0.0000
vt 0.2591 0.9750 0.0000
vt 0.2504 0.9727 0.0000
vt 0.2526 0.9696 0.0000
vt 0.2589 0.9701 0.0000
vt 0.2702 0.9747 0.0000
vt 0.2715 0.9779 0.0000
vt 0.2598 0.9795 0.0000
vt 0.0133 0.2710 0.0000
vt 0.0079 0.2722 0.0000
vt 0.0182 0.2695 0.0000
vt 0.0184 0.2757 0.0000
vt 0.0133 0.2769 0.0000
vt 0.0090 0.2766 0.0000
vt 0.3202 0.1583 0.0000
vt 0.3254 0.1574 0.0000
vt 0.3262 0.1676 0.0000
vt 0.2597 0.9596 0.0000
vt 0.2591 0.9650 0.0000
vt 0.1269 0.5187 0.0000
vt 0.1226 0.5144 0.0000
vt 0.1322 0.5079 0.0000
vt 0.1350 0.5139 0.0000
vt 0.1420 0.5062 0.0000
vt 0.1430 0.5110 0.0000
vt 0.1476 0.5125 0.0000
vt 0.1479 0.5076 0.0000
vt 0.0052 0.3506 0.0000
vt 0.0006 0.3528 0.0000
vt 0.0005 0.3470 0.0000
vt 0.0060 0.3459 0.0000
vt 0.1504 0.5164 0.0000
vt 0.0077 0.3406 0.0000
vt 0.0149 0.3412 0.0000
vt 0.0130 0.3452 0.0000
vt 0.0219 0.2625 0.0000
vt 0.0226 0.2573 0.0000
vt 0.1069 0.9427 0.0000
vt 0.1038 0.9410 0.0000
vt 0.6367 0.3146 0.0000
vt 0.6355 0.3307 0.0000
vt 0.6314 0.3318 0.0000
vt 0.6309 0.3134 0.0000
vt 0.1210 0.9365 0.0000
vt 0.6246 0.3332 0.0000
vt 0.6223 0.3162 0.0000
vt 0.6263 0.3163 0.0000
vt 0.6280 0.3327 0.0000
vt 0.6938 0.4736 0.0000
vt 0.6920 0.4693 0.0000
vt 0.7094 0.4688 0.0000
vt 0.7096 0.4714 0.0000
vt 0.7194 0.4692 0.0000
vt 0.6699 0.4773 0.0000
vt 0.6429 0.4777 0.0000
vt 0.6436 0.4733 0.0000
vt 0.6432 0.4688 0.0000
vt 0.6690 0.4705 0.0000
vt 0.6708 0.4739 0.0000
vt 0.6251 0.2924 0.0000
vt 0.6209 0.2925 0.0000
vt 0.6503 0.2920 0.0000
vt 0.6459 0.3144 0.0000
vt 0.6417 0.3139 0.0000
vt 0.6456 0.2902 0.0000
vt 0.1460 0.9297 0.0000
vt 0.1716 0.9188 0.0000
vt 0.1735 0.9237 0.0000
vt 0.1471 0.9330 0.0000
vt 0.6401 0.2904 0.0000
vt 0.6354 0.2891 0.0000
vt 0.6721 0.4620 0.0000
vt 0.6698 0.4655 0.0000
vt 0.6449 0.4603 0.0000
vt 0.6461 0.4561 0.0000
vt 0.6446 0.2625 0.0000
vt 0.6512 0.2625 0.0000
vt 0.6628 0.4674 0.0000
vt 0.6423 0.4642 0.0000
vt 0.3344 0.8954 0.0000
vt 0.3215 0.8785 0.0000
vt 0.3440 0.8754 0.0000
vt 0.3585 0.8945 0.0000
vt 0.3128 0.8939 0.0000
vt 0.7153 0.1343 0.0000
vt 0.6920 0.1324 0.0000
vt 0.7001 0.1139 0.0000
vt 0.7254 0.1157 0.0000
vt 0.6191 0.1040 0.0000
vt 0.6200 0.0755 0.0000
vt 0.6278 0.0775 0.0000
vt 0.6268 0.1056 0.0000
vt 0.4923 0.4650 0.0000
vt 0.5145 0.4632 0.0000
vt 0.5125 0.4694 0.0000
vt 0.4892 0.4710 0.0000
vt 0.6142 0.1016 0.0000
vt 0.6153 0.0737 0.0000
vt 0.6800 0.1113 0.0000
vt 0.6737 0.1302 0.0000
vt 0.6575 0.1288 0.0000
vt 0.6618 0.1088 0.0000
vt 0.6665 0.0856 0.0000
vt 0.6869 0.0897 0.0000
vt 0.7095 0.0931 0.0000
vt 0.6452 0.0813 0.0000
vt 0.6425 0.1070 0.0000
vt 0.6402 0.1291 0.0000
vt 0.6262 0.1296 0.0000
vt 0.3825 0.8932 0.0000
vt 0.3667 0.8683 0.0000
vt 0.3852 0.8622 0.0000
vt 0.4019 0.8892 0.0000
vt 0.4356 0.4759 0.0000
vt 0.4129 0.4756 0.0000
vt 0.4163 0.4670 0.0000
vt 0.4394 0.4686 0.0000
vt 0.4669 0.4688 0.0000
vt 0.4634 0.4752 0.0000
vt 0.6467 0.0538 0.0000
vt 0.6482 0.0303 0.0000
vt 0.6744 0.0377 0.0000
vt 0.6707 0.0600 0.0000
vt 0.4595 0.4351 0.0000
vt 0.4830 0.4392 0.0000
vt 0.4743 0.4556 0.0000
vt 0.4482 0.4529 0.0000
vt 0.4261 0.4505 0.0000
vt 0.4701 0.4190 0.0000
vt 0.4916 0.4244 0.0000
vt 0.6971 0.0453 0.0000
vt 0.6928 0.0659 0.0000
vt 0.7231 0.0520 0.0000
vt 0.7176 0.0708 0.0000
vt 0.3938 0.8588 0.0000
vt 0.3960 0.8571 0.0000
vt 0.4120 0.8868 0.0000
vt 0.4104 0.8875 0.0000
vt 0.6994 0.0332 0.0000
vt 0.6769 0.0236 0.0000
vt 0.1763 0.5902 0.0000
vt 0.1852 0.5885 0.0000
vt 0.1775 0.6104 0.0000
vt 0.1705 0.6118 0.0000
vt 0.1660 0.6333 0.0000
vt 0.1632 0.6341 0.0000
vt 0.7257 0.0431 0.0000
vt 0.4171 0.8808 0.0000
vt 0.4021 0.8511 0.0000
vt 0.1774 0.8018 0.0000
vt 0.1800 0.8093 0.0000
vt 0.1411 0.8061 0.0000
vt 0.1399 0.7988 0.0000
vt 0.4402 0.9063 0.0000
vt 0.1849 0.6124 0.0000
vt 0.1938 0.5903 0.0000
vt 0.2254 0.7853 0.0000
vt 0.2298 0.7936 0.0000
vt 0.2069 0.8036 0.0000
vt 0.2030 0.7960 0.0000
vt 0.1745 0.6328 0.0000
vt 0.2403 0.1005 0.0000
vt 0.2378 0.0966 0.0000
vt 0.2720 0.0969 0.0000
vt 0.9227 0.9258 0.0000
vt 0.9209 0.9162 0.0000
vt 0.9538 0.9303 0.0000
vt 0.9556 0.9398 0.0000
vt 0.9784 0.9458 0.0000
vt 0.9804 0.9582 0.0000
vt 0.3587 0.4672 0.0000
vt 0.3285 0.4889 0.0000
vt 0.3241 0.4881 0.0000
vt 0.2886 0.5452 0.0000
vt 0.2776 0.5680 0.0000
vt 0.2680 0.5607 0.0000
vt 0.2794 0.5396 0.0000
vt 0.2093 0.8102 0.0000
vt 0.2127 0.8181 0.0000
vt 0.1856 0.8224 0.0000
vt 0.1820 0.8144 0.0000
vt 0.2323 0.7996 0.0000
vt 0.2067 0.5713 0.0000
vt 0.2118 0.5648 0.0000
vt 0.2294 0.5855 0.0000
vt 0.2235 0.5931 0.0000
vt 0.2438 0.6022 0.0000
vt 0.2370 0.6104 0.0000
vt 0.1657 0.1581 0.0000
vt 0.1852 0.1575 0.0000
vt 0.1827 0.1634 0.0000
vt 0.1632 0.1633 0.0000
vt 0.2021 0.5752 0.0000
vt 0.9496 0.9091 0.0000
vt 0.9195 0.8972 0.0000
vt 0.9238 0.8724 0.0000
vt 0.9480 0.8812 0.0000
vt 0.9697 0.8896 0.0000
vt 0.9737 0.9211 0.0000
vt 0.2773 0.5076 0.0000
vt 0.2940 0.5154 0.0000
vt 0.2631 0.5302 0.0000
vt 0.2518 0.5492 0.0000
vt 0.7553 0.0979 0.0000
vt 0.7556 0.1192 0.0000
vt 0.7329 0.1119 0.0000
vt 0.7331 0.0935 0.0000
vt 0.2419 0.5172 0.0000
vt 0.2542 0.4974 0.0000
vt 0.2397 0.5689 0.0000
vt 0.2207 0.5507 0.0000
vt 0.7346 0.1291 0.0000
vt 0.7558 0.1416 0.0000
vt 0.2549 0.5829 0.0000
vt 0.1897 0.5490 0.0000
vt 0.1857 0.5534 0.0000
vt 0.1710 0.5354 0.0000
vt 0.1748 0.5301 0.0000
vt 0.1789 0.5243 0.0000
vt 0.1940 0.5432 0.0000
vt 0.0217 0.1921 0.0000
vt 0.0232 0.1667 0.0000
vt 0.9465 0.8521 0.0000
vt 0.9261 0.8460 0.0000
vt 0.9277 0.8222 0.0000
vt 0.9436 0.8263 0.0000
vt 0.9611 0.8300 0.0000
vt 0.9654 0.8577 0.0000
vt 0.2300 0.4870 0.0000
vt 0.2198 0.5038 0.0000
vt 0.2315 0.5333 0.0000
vt 0.2108 0.5177 0.0000
vt 0.1929 0.5028 0.0000
vt 0.2003 0.4911 0.0000
vt 0.2087 0.4769 0.0000
vt 0.2017 0.5318 0.0000
vt 0.1854 0.5145 0.0000
vt 0.9453 0.8080 0.0000
vt 0.9314 0.8051 0.0000
vt 0.9348 0.7928 0.0000
vt 0.9470 0.7951 0.0000
vt 0.9596 0.7976 0.0000
vt 0.9597 0.8109 0.0000
vt 0.1872 0.4805 0.0000
vt 0.1937 0.4675 0.0000
vt 0.1812 0.4911 0.0000
vt 0.1730 0.4822 0.0000
vt 0.1780 0.4720 0.0000
vt 0.1832 0.4597 0.0000
vt 0.9368 0.7171 0.0000
vt 0.9513 0.6901 0.0000
vt 0.1127 0.4402 0.0000
vt 0.1085 0.4440 0.0000
vt 0.0893 0.4151 0.0000
vt 0.0939 0.4128 0.0000
vt 0.1299 0.4646 0.0000
vt 0.1259 0.4698 0.0000
vt 0.9224 0.7411 0.0000
vt 0.9664 0.6862 0.0000
vt 0.9569 0.7008 0.0000
vt 0.9543 0.6940 0.0000
vt 0.9655 0.6729 0.0000
vt 0.9733 0.6789 0.0000
vt 0.9688 0.7046 0.0000
vt 0.9629 0.7057 0.0000
vt 0.1084 0.4043 0.0000
vt 0.1109 0.4146 0.0000
vt 0.1013 0.4115 0.0000
vt 0.0913 0.3941 0.0000
vt 0.0677 0.3632 0.0000
vt 0.0893 0.3724 0.0000
vt 0.0872 0.3762 0.0000
vt 0.1120 0.3897 0.0000
vt 0.1147 0.3841 0.0000
vt 0.9742 0.7051 0.0000
vt 0.9774 0.6771 0.0000
vt 0.0871 0.3826 0.0000
vt 0.9627 0.6667 0.0000
vt 0.8794 0.7377 0.0000
vt 0.8938 0.7395 0.0000
vt 0.8914 0.7441 0.0000
vt 0.8787 0.7428 0.0000
vt 0.8747 0.7436 0.0000
vt 0.8752 0.7380 0.0000
vt 0.8781 0.7464 0.0000
vt 0.8902 0.7469 0.0000
vt 0.8894 0.7491 0.0000
vt 0.8781 0.7492 0.0000
vt 0.8753 0.7536 0.0000
vt 0.8741 0.7486 0.0000
vt 0.5856 0.8604 0.0000
vt 0.5823 0.8507 0.0000
vt 0.6002 0.8505 0.0000
vt 0.6035 0.8595 0.0000
vt 0.6061 0.8699 0.0000
vt 0.5893 0.8713 0.0000
vt 0.5848 0.8711 0.0000
vt 0.5808 0.8598 0.0000
vt 0.5774 0.8500 0.0000
vt 0.5910 0.8820 0.0000
vt 0.6074 0.8808 0.0000
vt 0.6078 0.8914 0.0000
vt 0.7677 0.1124 0.0000
vt 0.7683 0.0947 0.0000
vt 0.7789 0.0956 0.0000
vt 0.7801 0.1002 0.0000
vt 0.9178 0.6317 0.0000
vt 0.9171 0.6271 0.0000
vt 0.9310 0.6256 0.0000
vt 0.9321 0.6305 0.0000
vt 0.9886 0.1122 0.0000
vt 0.9892 0.1077 0.0000
vt 0.9983 0.0954 0.0000
vt 0.9982 0.1130 0.0000
vt 0.8882 0.7534 0.0000
vt 0.8865 0.7549 0.0000
vt 0.8897 0.7598 0.0000
vt 0.8782 0.7548 0.0000
vt 0.1791 0.5524 0.0000
vt 0.1749 0.5510 0.0000
vt 0.1791 0.5469 0.0000
vt 0.8870 0.7488 0.0000
vt 0.9496 0.1431 0.0000
vt 0.9488 0.1570 0.0000
vt 0.9437 0.1607 0.0000
vt 0.9451 0.1443 0.0000
vt 0.9442 0.1383 0.0000
vt 0.9475 0.1366 0.0000
vt 0.9189 0.2191 0.0000
vt 0.9222 0.2156 0.0000
vt 0.9264 0.2190 0.0000
vt 0.9538 0.1395 0.0000
vt 0.9534 0.1525 0.0000
vt 0.9412 0.1459 0.0000
vt 0.9389 0.1621 0.0000
vt 0.9338 0.1643 0.0000
vt 0.9376 0.1472 0.0000
vt 0.9359 0.1420 0.0000
vt 0.9401 0.1404 0.0000
vt 0.5787 0.8429 0.0000
vt 0.5961 0.8394 0.0000
vt 0.5982 0.8441 0.0000
vt 0.5806 0.8451 0.0000
vt 0.5758 0.8448 0.0000
vt 0.9543 0.6118 0.0000
vt 0.9572 0.6101 0.0000
vt 0.9585 0.6154 0.0000
vt 0.8758 0.7677 0.0000
vt 0.8772 0.7721 0.0000
vt 0.8699 0.7868 0.0000
vt 0.8842 0.7775 0.0000
vt 0.8918 0.7834 0.0000
vt 0.8891 0.8009 0.0000
vt 0.8804 0.7941 0.0000
vt 0.8980 0.7879 0.0000
vt 0.8963 0.8061 0.0000
vt 0.9023 0.7910 0.0000
vt 0.9012 0.8085 0.0000
vt 0.5233 0.5990 0.0000
vt 0.5366 0.5937 0.0000
vt 0.5394 0.5989 0.0000
vt 0.5223 0.6041 0.0000
vt 0.5216 0.6085 0.0000
vt 0.0106 0.0894 0.0000
vt 0.0053 0.0726 0.0000
vt 0.0124 0.0739 0.0000
vt 0.0163 0.0898 0.0000
vt 0.5373 0.6036 0.0000
vt 0.1510 0.6278 0.0000
vt 0.1516 0.6250 0.0000
vt 0.1506 0.6359 0.0000
vt 0.1496 0.6348 0.0000
vt 0.5854 0.5780 0.0000
vt 0.5751 0.5902 0.0000
vt 0.5752 0.5852 0.0000
vt 0.8402 0.0292 0.0000
vt 0.8506 0.0304 0.0000
vt 0.8553 0.0327 0.0000
vt 0.7634 0.7265 0.0000
vt 0.7577 0.7272 0.0000
vt 0.7578 0.7207 0.0000
vt 0.7647 0.7203 0.0000
vt 0.7736 0.7212 0.0000
vt 0.7722 0.7272 0.0000
vt 0.3734 0.7169 0.0000
vt 0.3751 0.7114 0.0000
vt 0.3713 0.7224 0.0000
vt 0.3658 0.7201 0.0000
vt 0.3686 0.7135 0.0000
vt 0.3707 0.7067 0.0000
vt 0.8316 0.5036 0.0000
vt 0.8303 0.4991 0.0000
vt 0.8424 0.4981 0.0000
vt 0.8431 0.5026 0.0000
vt 0.1763 0.0901 0.0000
vt 0.1873 0.0831 0.0000
vt 0.5820 0.9096 0.0000
vt 0.5698 0.9055 0.0000
vt 0.5729 0.8989 0.0000
vt 0.5845 0.9047 0.0000
vt 0.5748 0.8928 0.0000
vt 0.5864 0.8993 0.0000
vt 0.5864 0.8948 0.0000
vt 0.1896 0.9575 0.0000
vt 0.1895 0.9633 0.0000
vt 0.1768 0.9610 0.0000
vt 0.1772 0.9545 0.0000
vt 0.2293 0.2447 0.0000
vt 0.2271 0.2371 0.0000
vt 0.5607 0.6463 0.0000
vt 0.5390 0.6564 0.0000
vt 0.5359 0.6532 0.0000
vt 0.5577 0.6430 0.0000
vt 0.7918 0.3304 0.0000
vt 0.7948 0.3360 0.0000
vt 0.7726 0.3476 0.0000
vt 0.7692 0.3422 0.0000
vt 0.7403 0.3525 0.0000
vt 0.7664 0.3376 0.0000
vt 0.4593 0.7920 0.0000
vt 0.4591 0.7878 0.0000
vt 0.4711 0.7862 0.0000
vt 0.4714 0.7903 0.0000
vt 0.4727 0.7939 0.0000
vt 0.4606 0.7957 0.0000
vt 0.9681 0.8132 0.0000
vt 0.9678 0.7994 0.0000
vt 0.9728 0.8009 0.0000
vt 0.9734 0.8148 0.0000
vt 0.9738 0.8347 0.0000
vt 0.9695 0.8329 0.0000
vt 0.5249 0.2766 0.0000
vt 0.5308 0.2744 0.0000
vt 0.2477 0.8341 0.0000
vt 0.2452 0.8277 0.0000
vt 0.2374 0.8379 0.0000
vt 0.2345 0.8305 0.0000
vt 0.5203 0.2679 0.0000
vt 0.5269 0.2651 0.0000
vt 0.2505 0.8422 0.0000
vt 0.2403 0.8472 0.0000
vt 0.5927 0.1300 0.0000
vt 0.6015 0.1332 0.0000
vt 0.6017 0.1456 0.0000
vt 0.5919 0.1418 0.0000
vt 0.5199 0.4808 0.0000
vt 0.5253 0.4734 0.0000
vt 0.5373 0.4735 0.0000
vt 0.5325 0.4818 0.0000
vt 0.5260 0.4899 0.0000
vt 0.5139 0.4885 0.0000
vt 0.5277 0.4687 0.0000
vt 0.5388 0.4684 0.0000
vt 0.5292 0.4630 0.0000
vt 0.5400 0.4630 0.0000
vt 0.9890 0.6039 0.0000
vt 0.9885 0.6135 0.0000
vt 0.9833 0.6111 0.0000
vt 0.9830 0.6006 0.0000
vt 0.7636 0.1868 0.0000
vt 0.7719 0.1707 0.0000
vt 0.7762 0.1771 0.0000
vt 0.7677 0.1919 0.0000
vt 0.7736 0.1993 0.0000
vt 0.9972 0.6092 0.0000
vt 0.9955 0.6172 0.0000
vt 0.4602 0.5249 0.0000
vt 0.4594 0.5188 0.0000
vt 0.4752 0.5212 0.0000
vt 0.4757 0.5279 0.0000
vt 0.4763 0.5366 0.0000
vt 0.4613 0.5343 0.0000
vt 0.4582 0.5112 0.0000
vt 0.4585 0.5047 0.0000
vt 0.4755 0.5032 0.0000
vt 0.4740 0.5120 0.0000
vt 0.6492 0.2347 0.0000
vt 0.6415 0.2351 0.0000
vt 0.6441 0.2108 0.0000
vt 0.6534 0.2110 0.0000
vt 0.2152 0.8960 0.0000
vt 0.2206 0.9024 0.0000
vt 0.1979 0.9096 0.0000
vt 0.1934 0.9048 0.0000
vt 0.6578 0.2351 0.0000
vt 0.6385 0.2628 0.0000
vt 0.2020 0.9169 0.0000
vt 0.2271 0.9123 0.0000
vt 0.7854 0.2123 0.0000
vt 0.7999 0.2284 0.0000
vt 0.7881 0.2350 0.0000
vt 0.7763 0.2199 0.0000
vt 0.7666 0.2080 0.0000
vt 0.8161 0.2189 0.0000
vt 0.4629 0.5508 0.0000
vt 0.4764 0.5512 0.0000
vt 0.4759 0.5675 0.0000
vt 0.4639 0.5692 0.0000
vt 0.8322 0.8518 0.0000
vt 0.8225 0.8517 0.0000
vt 0.8258 0.8384 0.0000
vt 0.8349 0.8384 0.0000
vt 0.8393 0.5489 0.0000
vt 0.8419 0.5642 0.0000
vt 0.8308 0.5657 0.0000
vt 0.8419 0.8505 0.0000
vt 0.7840 0.7280 0.0000
vt 0.7853 0.7214 0.0000
vt 0.7967 0.7187 0.0000
vt 0.7954 0.7262 0.0000
vt 0.1291 0.0331 0.0000
vt 0.1369 0.0438 0.0000
vt 0.1060 0.0354 0.0000
vt 0.0978 0.0233 0.0000
vt 0.1023 0.0204 0.0000
vt 0.1103 0.0322 0.0000
vt 0.1154 0.0282 0.0000
vt 0.1075 0.0167 0.0000
vt 0.1228 0.0385 0.0000
vt 0.1178 0.0424 0.0000
vt 0.1135 0.0456 0.0000
vt 0.7871 0.7161 0.0000
vt 0.7759 0.7156 0.0000
vt 0.7786 0.7106 0.0000
vt 0.7891 0.7114 0.0000
vt 0.1212 0.0538 0.0000
vt 0.1261 0.0513 0.0000
vt 0.1313 0.0481 0.0000
vt 0.1163 0.0567 0.0000
vt 0.1091 0.0489 0.0000
vt 0.7811 0.7058 0.0000
vt 0.7909 0.7063 0.0000
vt 0.1105 0.0616 0.0000
vt 0.1035 0.0535 0.0000
vt 0.1221 0.0228 0.0000
vt 0.1140 0.0115 0.0000
vt 0.9981 0.0470 0.0000
vt 0.9886 0.0476 0.0000
vt 0.1015 0.0385 0.0000
vt 0.0933 0.0262 0.0000
vt 0.9005 0.7031 0.0000
vt 0.9011 0.7063 0.0000
vt 0.8847 0.7061 0.0000
vt 0.8849 0.7030 0.0000
vt 0.8788 0.7068 0.0000
vt 0.8794 0.7036 0.0000
vt 0.8869 0.5490 0.0000
vt 0.8879 0.5655 0.0000
vt 0.8791 0.5649 0.0000
vt 0.8780 0.5487 0.0000
vt 0.8771 0.5327 0.0000
vt 0.8860 0.5327 0.0000
vt 0.8707 0.5485 0.0000
vt 0.8720 0.5644 0.0000
vt 0.8658 0.5639 0.0000
vt 0.8640 0.5483 0.0000
vt 0.8626 0.5326 0.0000
vt 0.8695 0.5327 0.0000
vt 0.8153 0.8508 0.0000
vt 0.8121 0.8645 0.0000
vt 0.8061 0.8638 0.0000
vt 0.8096 0.8499 0.0000
vt 0.8142 0.8371 0.0000
vt 0.8194 0.8379 0.0000
vt 0.7968 0.8761 0.0000
vt 0.8006 0.8636 0.0000
vt 0.8027 0.8763 0.0000
vt 0.8615 0.5184 0.0000
vt 0.8604 0.5075 0.0000
vt 0.8678 0.5071 0.0000
vt 0.8685 0.5183 0.0000
vt 0.8758 0.5069 0.0000
vt 0.8763 0.5181 0.0000
vt 0.8090 0.8767 0.0000
vt 0.8060 0.8855 0.0000
vt 0.7994 0.8852 0.0000
vt 0.8139 0.8857 0.0000
vt 0.2413 0.0709 0.0000
vt 0.2420 0.0765 0.0000
vt 0.2328 0.0778 0.0000
vt 0.2320 0.0727 0.0000
vt 0.8676 0.5002 0.0000
vt 0.8754 0.5005 0.0000
vt 0.8598 0.5010 0.0000
vt 0.2242 0.0753 0.0000
vt 0.2166 0.0771 0.0000
vt 0.2155 0.0733 0.0000
vt 0.2225 0.0698 0.0000
vt 0.8855 0.5180 0.0000
vt 0.8851 0.5068 0.0000
vt 0.2431 0.0844 0.0000
vt 0.1747 0.9733 0.0000
vt 0.1866 0.9746 0.0000
vt 0.1823 0.9891 0.0000
vt 0.1716 0.9885 0.0000
vt 0.1574 0.9892 0.0000
vt 0.1589 0.9727 0.0000
vt 0.1599 0.9596 0.0000
vt 0.8514 0.4973 0.0000
vt 0.8520 0.5018 0.0000
vt 0.2080 0.0761 0.0000
vt 0.8530 0.5078 0.0000
vt 0.0528 0.5948 0.0000
vt 0.0574 0.5934 0.0000
vt 0.0601 0.6019 0.0000
vt 0.0557 0.6035 0.0000
vt 0.2207 0.2039 0.0000
vt 0.2152 0.1825 0.0000
vt 0.2113 0.2070 0.0000
vt 0.2068 0.1858 0.0000
vt 0.6304 0.7245 0.0000
vt 0.6329 0.7153 0.0000
vt 0.6517 0.7173 0.0000
vt 0.6494 0.7254 0.0000
vt 0.1986 0.1888 0.0000
vt 0.2023 0.2099 0.0000
vt 0.1934 0.2125 0.0000
vt 0.1906 0.1915 0.0000
vt 0.6359 0.7073 0.0000
vt 0.6392 0.7001 0.0000
vt 0.6570 0.7034 0.0000
vt 0.6544 0.7102 0.0000
vt 0.7997 0.3467 0.0000
vt 0.7787 0.3575 0.0000
vt 0.7870 0.3710 0.0000
vt 0.8063 0.3612 0.0000
vt 0.1828 0.1942 0.0000
vt 0.1779 0.1717 0.0000
vt 0.6592 0.6961 0.0000
vt 0.6420 0.6923 0.0000
vt 0.1848 0.2154 0.0000
vt 0.7966 0.3867 0.0000
vt 0.8144 0.3783 0.0000
vt 0.8221 0.3964 0.0000
vt 0.8057 0.4035 0.0000
vt 0.8257 0.3728 0.0000
vt 0.8181 0.3549 0.0000
vt 0.8262 0.3504 0.0000
vt 0.8339 0.3689 0.0000
vt 0.8412 0.3887 0.0000
vt 0.8330 0.3919 0.0000
vt 0.8421 0.3650 0.0000
vt 0.8610 0.3815 0.0000
vt 0.8493 0.3855 0.0000
vt 0.8343 0.3460 0.0000
vt 0.6713 0.7258 0.0000
vt 0.6735 0.7189 0.0000
vt 0.6945 0.7265 0.0000
vt 0.6960 0.7203 0.0000
vt 0.6776 0.7056 0.0000
vt 0.6758 0.7125 0.0000
vt 0.6981 0.7067 0.0000
vt 0.6973 0.7138 0.0000
vt 0.6992 0.6997 0.0000
vt 0.6793 0.6985 0.0000
vt 0.8122 0.4202 0.0000
vt 0.8276 0.4142 0.0000
vt 0.8320 0.4318 0.0000
vt 0.8173 0.4367 0.0000
vt 0.4847 0.7265 0.0000
vt 0.4921 0.7244 0.0000
vt 0.4897 0.7407 0.0000
vt 0.4827 0.7427 0.0000
vt 0.8421 0.4286 0.0000
vt 0.8381 0.4105 0.0000
vt 0.4864 0.7101 0.0000
vt 0.4939 0.7074 0.0000
vt 0.5794 0.9137 0.0000
vt 0.5770 0.9173 0.0000
vt 0.3464 0.0132 0.0000
vt 0.3335 0.0113 0.0000
vt 0.3378 0.0065 0.0000
vt 0.3501 0.0101 0.0000
vt 0.5666 0.9118 0.0000
vt 0.4995 0.7224 0.0000
vt 0.4967 0.7390 0.0000
vt 0.5015 0.7048 0.0000
vt 0.2327 0.2770 0.0000
vt 0.2328 0.2848 0.0000
vt 0.3382 0.0231 0.0000
vt 0.3258 0.0234 0.0000
vt 0.3295 0.0181 0.0000
vt 0.3423 0.0193 0.0000
vt 0.3630 0.0127 0.0000
vt 0.3592 0.0178 0.0000
vt 0.3183 0.0169 0.0000
vt 0.3090 0.0176 0.0000
vt 0.3106 0.0099 0.0000
vt 0.3212 0.0084 0.0000
vt 0.3161 0.0237 0.0000
vt 0.3076 0.0231 0.0000
vt 0.4614 0.8001 0.0000
vt 0.4733 0.7987 0.0000
vt 0.4729 0.8036 0.0000
vt 0.4615 0.8045 0.0000
vt 0.3014 0.0120 0.0000
vt 0.3006 0.0186 0.0000
vt 0.1924 0.2904 0.0000
vt 0.1930 0.2953 0.0000
vt 0.1783 0.2922 0.0000
vt 0.7717 0.7023 0.0000
vt 0.7695 0.7078 0.0000
vt 0.7594 0.7059 0.0000
vt 0.7612 0.6992 0.0000
vt 0.7633 0.6921 0.0000
vt 0.7730 0.6952 0.0000
vt 0.8289 0.4956 0.0000
vt 0.8279 0.4913 0.0000
vt 0.8403 0.4893 0.0000
vt 0.8412 0.4939 0.0000
vt 0.1977 0.0751 0.0000
vt 0.1991 0.0793 0.0000
vt 0.1856 0.0784 0.0000
vt 0.7669 0.7140 0.0000
vt 0.7583 0.7134 0.0000
vt 0.3270 0.7000 0.0000
vt 0.3297 0.6950 0.0000
vt 0.1198 0.0887 0.0000
vt 0.1294 0.0800 0.0000
vt 0.1340 0.0888 0.0000
vt 0.1214 0.0946 0.0000
vt 0.3401 0.7009 0.0000
vt 0.1432 0.0840 0.0000
vt 0.1368 0.0741 0.0000
vt 0.7510 0.7001 0.0000
vt 0.7503 0.7078 0.0000
vt 0.3578 0.7049 0.0000
vt 0.3542 0.7145 0.0000
vt 0.3468 0.7120 0.0000
vt 0.3502 0.7019 0.0000
vt 0.7724 0.6844 0.0000
vt 0.7657 0.6826 0.0000
vt 0.7173 0.7150 0.0000
vt 0.7172 0.7081 0.0000
vt 0.7319 0.7096 0.0000
vt 0.7329 0.7164 0.0000
vt 0.7336 0.7226 0.0000
vt 0.7173 0.7216 0.0000
vt 0.3637 0.7093 0.0000
vt 0.3602 0.7174 0.0000
vt 0.3655 0.7017 0.0000
vt 0.7174 0.7012 0.0000
vt 0.7313 0.7028 0.0000
vt 0.7408 0.7281 0.0000
vt 0.7333 0.7280 0.0000
vt 0.7404 0.7226 0.0000
vt 0.3703 0.7250 0.0000
vt 0.3646 0.7233 0.0000
vt 0.7438 0.7274 0.0000
vt 0.7388 0.7164 0.0000
vt 0.7363 0.7096 0.0000
vt 0.3584 0.7212 0.0000
vt 0.3521 0.7185 0.0000
vt 0.7167 0.7276 0.0000
vt 0.3450 0.7159 0.0000
vt 0.3490 0.7226 0.0000
vt 0.3421 0.7203 0.0000
vt 0.3328 0.7174 0.0000
vt 0.4587 0.7836 0.0000
vt 0.4585 0.7764 0.0000
vt 0.4710 0.7819 0.0000
vt 0.4707 0.7741 0.0000
vt 0.8362 0.4494 0.0000
vt 0.8221 0.4533 0.0000
vt 0.4593 0.7641 0.0000
vt 0.4712 0.7605 0.0000
vt 0.4460 0.7672 0.0000
vt 0.5086 0.0093 0.0000
vt 0.5018 0.0072 0.0000
vt 0.5045 0.0005 0.0000
vt 0.5116 0.0031 0.0000
vt 0.5204 0.0055 0.0000
vt 0.5176 0.0111 0.0000
vt 0.5152 0.0159 0.0000
vt 0.5066 0.0142 0.0000
vt 0.5004 0.0124 0.0000
vt 0.3875 0.2135 0.0000
vt 0.3971 0.2141 0.0000
vt 0.3957 0.2236 0.0000
vt 0.3855 0.2232 0.0000
vt 0.3783 0.2221 0.0000
vt 0.3807 0.2125 0.0000
vt 0.3161 0.7754 0.0000
vt 0.3084 0.7769 0.0000
vt 0.3125 0.7632 0.0000
vt 0.3195 0.7625 0.0000
vt 0.3890 0.2558 0.0000
vt 0.3826 0.2547 0.0000
vt 0.2214 0.4101 0.0000
vt 0.2087 0.4087 0.0000
vt 0.2123 0.4004 0.0000
vt 0.2246 0.4020 0.0000
vt 0.3871 0.2431 0.0000
vt 0.3957 0.2436 0.0000
vt 0.3975 0.2564 0.0000
vt 0.3952 0.2331 0.0000
vt 0.3857 0.2328 0.0000
vt 0.2030 0.3973 0.0000
vt 0.1995 0.4062 0.0000
vt 0.1911 0.4025 0.0000
vt 0.1947 0.3930 0.0000
vt 0.0813 0.4422 0.0000
vt 0.0823 0.4573 0.0000
vt 0.0761 0.4571 0.0000
vt 0.0762 0.4423 0.0000
vt 0.2161 0.4207 0.0000
vt 0.2025 0.4180 0.0000
vt 0.2055 0.4137 0.0000
vt 0.2188 0.4158 0.0000
vt 0.3074 0.7627 0.0000
vt 0.3020 0.7752 0.0000
vt 0.3048 0.7847 0.0000
vt 0.2982 0.7829 0.0000
vt 0.2936 0.7805 0.0000
vt 0.2971 0.7731 0.0000
vt 0.3029 0.7620 0.0000
vt 0.7796 0.3271 0.0000
vt 0.7793 0.3121 0.0000
vt 0.7887 0.3101 0.0000
vt 0.3016 0.9470 0.0000
vt 0.2883 0.9485 0.0000
vt 0.2907 0.9363 0.0000
vt 0.3039 0.9370 0.0000
vt 0.2924 0.9238 0.0000
vt 0.3059 0.9254 0.0000
vt 0.9746 0.5986 0.0000
vt 0.9745 0.5846 0.0000
vt 0.9818 0.5869 0.0000
vt 0.9733 0.6106 0.0000
vt 0.9633 0.6052 0.0000
vt 0.9653 0.5949 0.0000
vt 0.9671 0.5817 0.0000
vt 0.5488 0.5389 0.0000
vt 0.5224 0.5411 0.0000
vt 0.5240 0.5303 0.0000
vt 0.5507 0.5295 0.0000
vt 0.7382 0.2965 0.0000
vt 0.7311 0.2849 0.0000
vt 0.5465 0.5489 0.0000
vt 0.5201 0.5536 0.0000
vt 0.5509 0.5237 0.0000
vt 0.5505 0.5191 0.0000
vt 0.5241 0.5245 0.0000
vt 0.5241 0.5204 0.0000
vt 0.4875 0.5279 0.0000
vt 0.4863 0.5213 0.0000
vt 0.4973 0.5211 0.0000
vt 0.4980 0.5270 0.0000
vt 0.4981 0.5341 0.0000
vt 0.4878 0.5358 0.0000
vt 0.5074 0.5444 0.0000
vt 0.4974 0.5469 0.0000
vt 0.5085 0.5323 0.0000
vt 0.5057 0.5587 0.0000
vt 0.4960 0.5617 0.0000
vt 0.5085 0.5259 0.0000
vt 0.5082 0.5210 0.0000
vt 0.6242 0.6280 0.0000
vt 0.6074 0.6389 0.0000
vt 0.6014 0.6290 0.0000
vt 0.6180 0.6192 0.0000
vt 0.6323 0.6396 0.0000
vt 0.6152 0.6500 0.0000
vt 0.4873 0.5492 0.0000
vt 0.4862 0.5647 0.0000
vt 0.8119 0.3401 0.0000
vt 0.8074 0.3292 0.0000
vt 0.5761 0.6436 0.0000
vt 0.5836 0.6394 0.0000
vt 0.5890 0.6484 0.0000
vt 0.5814 0.6514 0.0000
vt 0.8198 0.3352 0.0000
vt 0.6138 0.6138 0.0000
vt 0.5976 0.6232 0.0000
vt 0.5875 0.6294 0.0000
vt 0.5910 0.6352 0.0000
vt 0.5803 0.6340 0.0000
vt 0.5776 0.6287 0.0000
vt 0.5849 0.6237 0.0000
vt 0.5967 0.6447 0.0000
vt 0.6041 0.6555 0.0000
vt 0.8278 0.3304 0.0000
vt 0.9987 0.3400 0.0000
vt 0.9983 0.3610 0.0000
vt 0.9880 0.3558 0.0000
vt 0.9892 0.3347 0.0000
vt 0.1539 0.2578 0.0000
vt 0.1532 0.2447 0.0000
vt 0.1729 0.2375 0.0000
vt 0.5729 0.6390 0.0000
vt 0.5701 0.6348 0.0000
vt 0.5641 0.6500 0.0000
vt 0.1966 0.9742 0.0000
vt 0.2000 0.9637 0.0000
vt 0.2048 0.2409 0.0000
vt 0.1953 0.2435 0.0000
vt 0.1946 0.2305 0.0000
vt 0.2037 0.2278 0.0000
vt 0.1917 0.9884 0.0000
vt 0.1542 0.2648 0.0000
vt 0.9828 0.3534 0.0000
vt 0.9842 0.3318 0.0000
vt 0.1740 0.2572 0.0000
vt 0.1749 0.2618 0.0000
vt 0.1542 0.2685 0.0000
vt 0.5445 0.8824 0.0000
vt 0.5325 0.8772 0.0000
vt 0.5332 0.8737 0.0000
vt 0.5451 0.8787 0.0000
vt 0.1873 0.2528 0.0000
vt 0.1733 0.2505 0.0000
vt 0.1861 0.2463 0.0000
vt 0.1971 0.2498 0.0000
vt 0.5536 0.8826 0.0000
vt 0.5533 0.8862 0.0000
vt 0.1857 0.2334 0.0000
vt 0.9886 0.3687 0.0000
vt 0.9990 0.3737 0.0000
vt 0.4438 0.2206 0.0000
vt 0.4429 0.2116 0.0000
vt 0.4541 0.2092 0.0000
vt 0.4558 0.2181 0.0000
vt 0.4577 0.2273 0.0000
vt 0.4446 0.2300 0.0000
vt 0.2099 0.3200 0.0000
vt 0.2201 0.3193 0.0000
vt 0.2187 0.3401 0.0000
vt 0.2086 0.3394 0.0000
vt 0.1996 0.3381 0.0000
vt 0.2008 0.3195 0.0000
vt 0.5627 0.8862 0.0000
vt 0.5633 0.8895 0.0000
vt 0.2068 0.2470 0.0000
vt 0.2005 0.9591 0.0000
vt 0.1893 0.9537 0.0000
vt 0.2003 0.9571 0.0000
vt 0.4418 0.2026 0.0000
vt 0.4522 0.2004 0.0000
vt 0.4299 0.2151 0.0000
vt 0.4292 0.2060 0.0000
vt 0.4706 0.2358 0.0000
vt 0.4631 0.2374 0.0000
vt 0.4641 0.2261 0.0000
vt 0.4677 0.2254 0.0000
vt 0.4749 0.2346 0.0000
vt 0.4617 0.2170 0.0000
vt 0.4594 0.2080 0.0000
vt 0.2116 0.2976 0.0000
vt 0.2024 0.2982 0.0000
vt 0.2026 0.2942 0.0000
vt 0.2121 0.2930 0.0000
vt 0.4642 0.2161 0.0000
vt 0.4479 0.2407 0.0000
vt 0.4314 0.2451 0.0000
vt 0.2306 0.3393 0.0000
vt 0.2321 0.3161 0.0000
vt 0.5497 0.5131 0.0000
vt 0.5232 0.5129 0.0000
vt 0.5231 0.5042 0.0000
vt 0.5488 0.5052 0.0000
vt 0.1932 0.2989 0.0000
vt 0.4568 0.1991 0.0000
vt 0.5814 0.6135 0.0000
vt 0.5736 0.6187 0.0000
vt 0.4918 0.4946 0.0000
vt 0.5019 0.4946 0.0000
vt 0.4978 0.5026 0.0000
vt 0.4878 0.5026 0.0000
vt 0.8110 0.2943 0.0000
vt 0.8148 0.3047 0.0000
vt 0.7368 0.3486 0.0000
vt 0.7315 0.3411 0.0000
vt 0.7580 0.3253 0.0000
vt 0.7627 0.3324 0.0000
vt 0.5538 0.6329 0.0000
vt 0.5316 0.6448 0.0000
vt 0.5264 0.6389 0.0000
vt 0.5487 0.6271 0.0000
vt 0.5661 0.6244 0.0000
vt 0.5608 0.6183 0.0000
vt 0.7940 0.3051 0.0000
vt 0.8024 0.2997 0.0000
vt 0.8066 0.3103 0.0000
vt 0.7986 0.3153 0.0000
vt 0.5074 0.5127 0.0000
vt 0.4966 0.5121 0.0000
vt 0.5077 0.5025 0.0000
vt 0.2712 0.0043 0.0000
vt 0.5061 0.8795 0.0000
vt 0.5033 0.8857 0.0000
vt 0.5245 0.8892 0.0000
vt 0.5218 0.8958 0.0000
vt 0.2908 0.0047 0.0000
vt 0.4860 0.5121 0.0000
vt 0.3257 0.0015 0.0000
vt 0.2144 0.2802 0.0000
vt 0.2031 0.2835 0.0000
vt 0.2029 0.2744 0.0000
vt 0.2146 0.2707 0.0000
vt 0.5536 0.9111 0.0000
vt 0.5434 0.9065 0.0000
vt 0.5472 0.8986 0.0000
vt 0.5574 0.9028 0.0000
vt 0.5093 0.8746 0.0000
vt 0.5290 0.8827 0.0000
vt 0.1543 0.2731 0.0000
vt 0.5114 0.8710 0.0000
vt 0.5419 0.8879 0.0000
vt 0.5509 0.8917 0.0000
vt 0.5379 0.8944 0.0000
vt 0.5342 0.9018 0.0000
vt 0.1919 0.2775 0.0000
vt 0.1921 0.2854 0.0000
vt 0.3040 0.0044 0.0000
vt 0.4020 0.2241 0.0000
vt 0.4018 0.2332 0.0000
vt 0.1969 0.3810 0.0000
vt 0.1980 0.3733 0.0000
vt 0.2065 0.3761 0.0000
vt 0.2052 0.3844 0.0000
vt 0.2156 0.3785 0.0000
vt 0.2146 0.3875 0.0000
vt 0.4022 0.2434 0.0000
vt 0.5612 0.8954 0.0000
vt 0.4086 0.2142 0.0000
vt 0.4026 0.2148 0.0000
vt 0.4075 0.2232 0.0000
vt 0.4434 0.9839 0.0000
vt 0.4422 0.9654 0.0000
vt 0.4556 0.9664 0.0000
vt 0.4556 0.9868 0.0000
vt 0.2286 0.3624 0.0000
vt 0.2269 0.3806 0.0000
vt 0.2172 0.3614 0.0000
vt 0.2075 0.3596 0.0000
vt 0.1987 0.3575 0.0000
vt 0.4041 0.2557 0.0000
vt 0.2261 0.3899 0.0000
vt 0.4050 0.2737 0.0000
vt 0.7140 0.2641 0.0000
vt 0.7331 0.2389 0.0000
vt 0.7366 0.2442 0.0000
vt 0.7177 0.2681 0.0000
vt 0.6934 0.2924 0.0000
vt 0.6899 0.2898 0.0000
vt 0.7239 0.2752 0.0000
vt 0.7434 0.2543 0.0000
vt 0.5453 0.5575 0.0000
vt 0.5185 0.5660 0.0000
vt 0.1899 0.3554 0.0000
vt 0.1905 0.3368 0.0000
vt 0.1893 0.3705 0.0000
vt 0.7686 0.2274 0.0000
vt 0.7791 0.2420 0.0000
vt 0.4946 0.5758 0.0000
vt 0.4849 0.5788 0.0000
vt 0.7615 0.2349 0.0000
vt 0.7535 0.2235 0.0000
vt 0.7600 0.2159 0.0000
vt 0.7435 0.2254 0.0000
vt 0.7498 0.2180 0.0000
vt 0.7471 0.2311 0.0000
vt 0.0322 0.2602 0.0000
vt 0.0291 0.2725 0.0000
vt 0.0237 0.2687 0.0000
vt 0.0261 0.2562 0.0000
vt 0.7400 0.2219 0.0000
vt 0.1027 0.8947 0.0000
vt 0.1052 0.8877 0.0000
vt 0.1104 0.8889 0.0000
vt 0.1079 0.8957 0.0000
vt 0.7545 0.2424 0.0000
vt 0.5040 0.5723 0.0000
vt 0.7636 0.2564 0.0000
vt 0.7515 0.2670 0.0000
vt 0.2673 0.9005 0.0000
vt 0.2585 0.8884 0.0000
vt 0.2708 0.8844 0.0000
vt 0.2804 0.8973 0.0000
vt 0.2888 0.9100 0.0000
vt 0.2754 0.9128 0.0000
vt 0.2630 0.9164 0.0000
vt 0.2553 0.9044 0.0000
vt 0.2470 0.8925 0.0000
vt 0.7558 0.2106 0.0000
vt 0.7619 0.2022 0.0000
vt 0.9877 0.6208 0.0000
vt 0.9864 0.6275 0.0000
vt 0.9811 0.6261 0.0000
vt 0.9825 0.6192 0.0000
vt 0.2434 0.9084 0.0000
vt 0.2356 0.8968 0.0000
vt 0.2507 0.9205 0.0000
vt 0.3068 0.9179 0.0000
vt 0.2923 0.9172 0.0000
vt 0.3041 0.9086 0.0000
vt 0.7079 0.1502 0.0000
vt 0.6865 0.1483 0.0000
vt 0.2952 0.8947 0.0000
vt 0.2847 0.8810 0.0000
vt 0.1422 0.3925 0.0000
vt 0.1626 0.4040 0.0000
vt 0.9738 0.7582 0.0000
vt 0.9683 0.7572 0.0000
vt 0.9734 0.7342 0.0000
vt 0.9774 0.7351 0.0000
vt 0.1396 0.3982 0.0000
vt 0.2334 0.1391 0.0000
vt 0.2330 0.1342 0.0000
vt 0.2556 0.1388 0.0000
vt 0.9495 0.7852 0.0000
vt 0.9378 0.7831 0.0000
vt 0.9399 0.7748 0.0000
vt 0.9515 0.7769 0.0000
vt 0.9634 0.7790 0.0000
vt 0.9615 0.7875 0.0000
vt 0.2892 0.7792 0.0000
vt 0.2926 0.7719 0.0000
vt 0.9692 0.7802 0.0000
vt 0.9658 0.7706 0.0000
vt 0.9715 0.7716 0.0000
vt 0.1767 0.4071 0.0000
vt 0.9659 0.7328 0.0000
vt 0.9580 0.7313 0.0000
vt 0.9786 0.7063 0.0000
vt 0.9578 0.7555 0.0000
vt 0.9475 0.7536 0.0000
vt 0.9541 0.7686 0.0000
vt 0.9425 0.7666 0.0000
vt 0.9682 0.7890 0.0000
vt 0.2853 0.7853 0.0000
vt 0.9709 0.7902 0.0000
vt 0.1359 0.9803 0.0000
vt 0.1294 0.9853 0.0000
vt 0.1224 0.9780 0.0000
vt 0.1306 0.9729 0.0000
vt 0.1551 0.5085 0.0000
vt 0.1610 0.4999 0.0000
vt 0.1685 0.5101 0.0000
vt 0.1633 0.5172 0.0000
vt 0.1586 0.5242 0.0000
vt 0.9045 0.7717 0.0000
vt 0.8956 0.7686 0.0000
vt 0.8999 0.7602 0.0000
vt 0.9085 0.7633 0.0000
vt 0.9165 0.7659 0.0000
vt 0.9131 0.7745 0.0000
vt 0.9092 0.7838 0.0000
vt 0.1175 0.9694 0.0000
vt 0.1267 0.9654 0.0000
vt 0.1747 0.5012 0.0000
vt 0.1672 0.4914 0.0000
vt 0.6150 0.4717 0.0000
vt 0.5901 0.4700 0.0000
vt 0.5914 0.4655 0.0000
vt 0.6156 0.4668 0.0000
vt 0.6136 0.4769 0.0000
vt 0.5876 0.4752 0.0000
vt 0.9139 0.7548 0.0000
vt 0.9203 0.7572 0.0000
vt 0.9065 0.7520 0.0000
vt 0.1401 0.4775 0.0000
vt 0.5741 0.4695 0.0000
vt 0.5623 0.4692 0.0000
vt 0.5637 0.4646 0.0000
vt 0.5755 0.4651 0.0000
vt 0.5716 0.4747 0.0000
vt 0.5605 0.4745 0.0000
vt 0.5936 0.4594 0.0000
vt 0.6171 0.4614 0.0000
vt 0.6344 0.2105 0.0000
vt 0.6336 0.2352 0.0000
vt 0.6330 0.2614 0.0000
vt 0.1721 0.8802 0.0000
vt 0.1950 0.8667 0.0000
vt 0.1991 0.8748 0.0000
vt 0.1758 0.8868 0.0000
vt 0.1687 0.8728 0.0000
vt 0.1914 0.8567 0.0000
vt 0.1774 0.8927 0.0000
vt 0.6049 0.2278 0.0000
vt 0.6004 0.1972 0.0000
vt 0.6101 0.2024 0.0000
vt 0.6093 0.4826 0.0000
vt 0.5818 0.4836 0.0000
vt 0.1781 0.8956 0.0000
vt 0.5516 0.4637 0.0000
vt 0.5504 0.4685 0.0000
vt 0.5493 0.4743 0.0000
vt 0.5310 0.2523 0.0000
vt 0.5236 0.2576 0.0000
vt 0.5203 0.2492 0.0000
vt 0.5289 0.2429 0.0000
vt 0.5364 0.2368 0.0000
vt 0.5384 0.2473 0.0000
vt 0.5407 0.2577 0.0000
vt 0.5335 0.2615 0.0000
vt 0.5254 0.2326 0.0000
vt 0.5330 0.2262 0.0000
vt 0.5170 0.2386 0.0000
vt 0.0087 0.1288 0.0000
vt 0.0166 0.1288 0.0000
vt 0.5458 0.2691 0.0000
vt 0.5524 0.2635 0.0000
vt 0.5482 0.2528 0.0000
vt 0.1155 0.9853 0.0000
vt 0.1109 0.9779 0.0000
vt 0.5468 0.2421 0.0000
vt 0.5453 0.2311 0.0000
vt 0.5519 0.2253 0.0000
vt 0.5540 0.2362 0.0000
vt 0.5379 0.2721 0.0000
vt 0.5431 0.4534 0.0000
vt 0.5475 0.4424 0.0000
vt 0.5591 0.4448 0.0000
vt 0.5548 0.4550 0.0000
vt 0.5703 0.4481 0.0000
vt 0.5665 0.4569 0.0000
vt 0.5417 0.2203 0.0000
vt 0.5471 0.2152 0.0000
vt 0.1158 0.4814 0.0000
vt 0.1223 0.4748 0.0000
vt 0.1320 0.4898 0.0000
vt 0.1247 0.4968 0.0000
vt 0.5781 0.4582 0.0000
vt 0.5813 0.4507 0.0000
vt 0.6353 0.1941 0.0000
vt 0.6462 0.1948 0.0000
vt 0.6695 0.1464 0.0000
vt 0.6824 0.1622 0.0000
vt 0.6662 0.1604 0.0000
vt 0.6519 0.1587 0.0000
vt 0.6543 0.1451 0.0000
vt 0.6631 0.1727 0.0000
vt 0.6781 0.1744 0.0000
vt 0.6738 0.1857 0.0000
vt 0.6600 0.1842 0.0000
vt 0.5742 0.4396 0.0000
vt 0.5637 0.4358 0.0000
vt 0.6499 0.1712 0.0000
vt 0.5315 0.4524 0.0000
vt 0.5170 0.4520 0.0000
vt 0.6388 0.1448 0.0000
vt 0.5352 0.4407 0.0000
vt 0.1462 0.4702 0.0000
vt 0.1358 0.4583 0.0000
vt 0.1418 0.4513 0.0000
vt 0.1521 0.4624 0.0000
vt 0.1589 0.4687 0.0000
vt 0.1531 0.4768 0.0000
vt 0.1471 0.4846 0.0000
vt 0.5846 0.4435 0.0000
vt 0.6693 0.1968 0.0000
vt 0.6569 0.1955 0.0000
vt 0.2297 0.8898 0.0000
vt 0.1600 0.4835 0.0000
vt 0.1539 0.4917 0.0000
vt 0.1657 0.4749 0.0000
vt 0.2071 0.5876 0.0000
vt 0.2066 0.5962 0.0000
vt 0.1981 0.5910 0.0000
vt 0.1986 0.5817 0.0000
vt 0.1282 0.4242 0.0000
vt 0.1315 0.4164 0.0000
vt 0.1495 0.4351 0.0000
vt 0.1457 0.4441 0.0000
vt 0.1243 0.4305 0.0000
vt 0.9521 0.7302 0.0000
vt 0.1562 0.4544 0.0000
vt 0.1603 0.4445 0.0000
vt 0.1676 0.4492 0.0000
vt 0.1632 0.4599 0.0000
vt 0.1185 0.4358 0.0000
vt 0.1702 0.4654 0.0000
vt 0.1748 0.4539 0.0000
vt 0.1986 0.6011 0.0000
vt 0.2072 0.6054 0.0000
vt 0.4971 0.8004 0.0000
vt 0.4960 0.8067 0.0000
vt 0.4886 0.8051 0.0000
vt 0.4894 0.7994 0.0000
vt 0.4892 0.7934 0.0000
vt 0.4967 0.7936 0.0000
vt 0.4821 0.7986 0.0000
vt 0.4819 0.7933 0.0000
vt 0.4813 0.8038 0.0000
vt 0.2199 0.0645 0.0000
vt 0.2132 0.0682 0.0000
vt 0.2112 0.0640 0.0000
vt 0.2174 0.0597 0.0000
vt 0.2049 0.0680 0.0000
vt 0.2065 0.0719 0.0000
vt 0.1964 0.0716 0.0000
vt 0.4806 0.7894 0.0000
vt 0.4792 0.7855 0.0000
vt 0.4866 0.7849 0.0000
vt 0.4881 0.7888 0.0000
vt 0.4807 0.7585 0.0000
vt 0.4882 0.7569 0.0000
vt 0.4874 0.7706 0.0000
vt 0.4797 0.7720 0.0000
vt 0.4735 0.7452 0.0000
vt 0.4939 0.7842 0.0000
vt 0.4929 0.7782 0.0000
vt 0.4863 0.7791 0.0000
vt 0.4942 0.7694 0.0000
vt 0.4955 0.7885 0.0000
vt 0.0284 0.4155 0.0000
vt 0.0233 0.4169 0.0000
vt 0.5035 0.7890 0.0000
vt 0.4794 0.7803 0.0000
vt 0.4948 0.7553 0.0000
vt 0.2792 0.9193 0.0000
vt 0.2799 0.9256 0.0000
vt 0.2681 0.9294 0.0000
vt 0.2669 0.9231 0.0000
vt 0.9720 0.6197 0.0000
vt 0.9707 0.6270 0.0000
vt 0.9596 0.6232 0.0000
vt 0.9612 0.6145 0.0000
vt 0.2557 0.9332 0.0000
vt 0.2560 0.9441 0.0000
vt 0.2680 0.9419 0.0000
vt 0.2667 0.9526 0.0000
vt 0.2557 0.9528 0.0000
vt 0.7252 0.2137 0.0000
vt 0.7076 0.2225 0.0000
vt 0.7150 0.2064 0.0000
vt 0.2543 0.9270 0.0000
vt 0.2794 0.9388 0.0000
vt 0.2772 0.9507 0.0000
vt 0.7342 0.2189 0.0000
vt 0.7314 0.2046 0.0000
vt 0.7408 0.2113 0.0000
vt 0.0953 0.8840 0.0000
vt 0.0933 0.8919 0.0000
vt 0.0988 0.9065 0.0000
vt 0.0821 0.8922 0.0000
vt 0.0908 0.9070 0.0000
vt 0.0819 0.9071 0.0000
vt 0.9457 0.0412 0.0000
vt 0.9569 0.0416 0.0000
vt 0.9535 0.0522 0.0000
vt 0.9450 0.0528 0.0000
vt 0.2261 0.8418 0.0000
vt 0.2229 0.8314 0.0000
vt 0.2145 0.8457 0.0000
vt 0.2111 0.8332 0.0000
vt 0.5084 0.2539 0.0000
vt 0.5142 0.2616 0.0000
vt 0.5060 0.2422 0.0000
vt 0.2047 0.8493 0.0000
vt 0.2020 0.8382 0.0000
vt 0.0034 0.9212 0.0000
vt 0.0090 0.9022 0.0000
vt 0.0184 0.9046 0.0000
vt 0.0152 0.9243 0.0000
vt 0.2092 0.8604 0.0000
vt 0.2194 0.8574 0.0000
vt 0.5876 0.1766 0.0000
vt 0.5881 0.1649 0.0000
vt 0.6005 0.1687 0.0000
vt 0.5995 0.1798 0.0000
vt 0.5899 0.1949 0.0000
vt 0.2301 0.8530 0.0000
vt 0.2426 0.8540 0.0000
vt 0.2335 0.8619 0.0000
vt 0.2233 0.8661 0.0000
vt 0.5443 0.4831 0.0000
vt 0.5550 0.4835 0.0000
vt 0.5483 0.4942 0.0000
vt 0.5376 0.4934 0.0000
vt 0.5656 0.4837 0.0000
vt 0.5748 0.4915 0.0000
vt 0.5582 0.4931 0.0000
vt 0.2577 0.7873 0.0000
vt 0.2657 0.5928 0.0000
vt 0.2543 0.6173 0.0000
vt 0.2510 0.6107 0.0000
vt 0.2630 0.5908 0.0000
vt 0.1950 0.1571 0.0000
vt 0.2008 0.1575 0.0000
vt 0.1981 0.1636 0.0000
vt 0.1925 0.1634 0.0000
vt 0.2437 0.6191 0.0000
vt 0.2474 0.6244 0.0000
vt 0.5874 0.3761 0.0000
vt 0.5891 0.3823 0.0000
vt 0.5822 0.3849 0.0000
vt 0.5802 0.3785 0.0000
vt 0.2311 0.6263 0.0000
vt 0.2383 0.6222 0.0000
vt 0.2420 0.6275 0.0000
vt 0.2351 0.6316 0.0000
vt 0.5750 0.3876 0.0000
vt 0.5729 0.3810 0.0000
vt 0.5678 0.3898 0.0000
vt 0.5657 0.3830 0.0000
vt 0.3464 0.7868 0.0000
vt 0.3436 0.7792 0.0000
vt 0.3495 0.7763 0.0000
vt 0.3521 0.7836 0.0000
vt 0.3558 0.7916 0.0000
vt 0.3497 0.7948 0.0000
vt 0.5953 0.0108 0.0000
vt 0.5953 0.0031 0.0000
vt 0.6026 0.0051 0.0000
vt 0.6023 0.0126 0.0000
vt 0.3520 0.8018 0.0000
vt 0.3584 0.7988 0.0000
vt 0.4011 0.4946 0.0000
vt 0.3941 0.4950 0.0000
vt 0.3955 0.4882 0.0000
vt 0.4023 0.4878 0.0000
vt 0.3951 0.4814 0.0000
vt 0.4018 0.4807 0.0000
vt 0.6504 0.0161 0.0000
vt 0.6268 0.0249 0.0000
vt 0.6283 0.0113 0.0000
vt 0.6273 0.0005 0.0000
vt 0.6519 0.0061 0.0000
vt 0.1805 0.5671 0.0000
vt 0.1891 0.5643 0.0000
vt 0.4015 0.4763 0.0000
vt 0.3943 0.4769 0.0000
vt 0.4041 0.4678 0.0000
vt 0.3937 0.4691 0.0000
vt 0.2531 0.7774 0.0000
vt 0.2568 0.7831 0.0000
vt 0.2493 0.7711 0.0000
vt 0.2733 0.7619 0.0000
vt 0.2739 0.7688 0.0000
vt 0.2816 0.7760 0.0000
vt 0.2074 0.1584 0.0000
vt 0.2143 0.1590 0.0000
vt 0.2127 0.1648 0.0000
vt 0.2053 0.1647 0.0000
vt 0.0528 0.5701 0.0000
vt 0.0631 0.5701 0.0000
vt 0.0584 0.5774 0.0000
vt 0.2087 0.1516 0.0000
vt 0.2143 0.1526 0.0000
vt 0.2402 0.6389 0.0000
vt 0.2462 0.6349 0.0000
vt 0.2508 0.6424 0.0000
vt 0.2460 0.6463 0.0000
vt 0.5930 0.4000 0.0000
vt 0.5882 0.4034 0.0000
vt 0.5850 0.3941 0.0000
vt 0.5911 0.3910 0.0000
vt 0.5782 0.3973 0.0000
vt 0.5823 0.4069 0.0000
vt 0.5766 0.4099 0.0000
vt 0.5717 0.3999 0.0000
vt 0.3619 0.7782 0.0000
vt 0.3591 0.7719 0.0000
vt 0.3693 0.7672 0.0000
vt 0.3724 0.7723 0.0000
vt 0.3657 0.7852 0.0000
vt 0.3761 0.7783 0.0000
vt 0.3684 0.7922 0.0000
vt 0.3787 0.7846 0.0000
vt 0.3803 0.7895 0.0000
vt 0.3707 0.7978 0.0000
vt 0.3609 0.8036 0.0000
vt 0.2519 0.6521 0.0000
vt 0.2561 0.6485 0.0000
vt 0.4162 0.9654 0.0000
vt 0.4186 0.9716 0.0000
vt 0.4138 0.9725 0.0000
vt 0.4111 0.9674 0.0000
vt 0.4101 0.9739 0.0000
vt 0.4074 0.9714 0.0000
vt 0.5956 0.4073 0.0000
vt 0.5916 0.4102 0.0000
vt 0.5867 0.4137 0.0000
vt 0.5930 0.4138 0.0000
vt 0.5902 0.4172 0.0000
vt 0.9251 0.2038 0.0000
vt 0.9248 0.2104 0.0000
vt 0.9201 0.2096 0.0000
vt 0.9189 0.2045 0.0000
vt 0.5819 0.4165 0.0000
vt 0.3846 0.4887 0.0000
vt 0.3729 0.4877 0.0000
vt 0.3749 0.4832 0.0000
vt 0.3853 0.4828 0.0000
vt 0.3823 0.4946 0.0000
vt 0.3697 0.4917 0.0000
vt 0.3806 0.7678 0.0000
vt 0.3775 0.7633 0.0000
vt 0.3825 0.7619 0.0000
vt 0.3863 0.7642 0.0000
vt 0.3899 0.7689 0.0000
vt 0.3844 0.7733 0.0000
vt 0.4147 0.9796 0.0000
vt 0.4199 0.9802 0.0000
vt 0.4194 0.9873 0.0000
vt 0.4138 0.9856 0.0000
vt 0.4100 0.9828 0.0000
vt 0.4100 0.9784 0.0000
vt 0.4247 0.9801 0.0000
vt 0.4235 0.9721 0.0000
vt 0.4285 0.9734 0.0000
vt 0.4282 0.9798 0.0000
vt 0.3529 0.4785 0.0000
vt 0.3543 0.4843 0.0000
vt 0.3506 0.4860 0.0000
vt 0.3492 0.4782 0.0000
vt 0.4249 0.9870 0.0000
vt 0.3869 0.7790 0.0000
vt 0.3925 0.7738 0.0000
vt 0.3564 0.4916 0.0000
vt 0.3604 0.4888 0.0000
vt 0.3879 0.7835 0.0000
vt 0.3792 0.4673 0.0000
vt 0.3833 0.4732 0.0000
vt 0.3749 0.4748 0.0000
vt 0.3725 0.4699 0.0000
vt 0.9237 0.1596 0.0000
vt 0.9296 0.1562 0.0000
vt 0.9315 0.1638 0.0000
vt 0.9238 0.1668 0.0000
vt 0.9332 0.1745 0.0000
vt 0.3877 0.4609 0.0000
vt 0.2200 0.1527 0.0000
vt 0.2212 0.1584 0.0000
vt 0.9271 0.1489 0.0000
vt 0.9223 0.1431 0.0000
vt 0.9273 0.1397 0.0000
vt 0.9319 0.1462 0.0000
vt 0.4219 0.9654 0.0000
vt 0.2200 0.1638 0.0000
vt 0.3756 0.4791 0.0000
vt 0.3664 0.4782 0.0000
vt 0.3666 0.4821 0.0000
vt 0.3613 0.4806 0.0000
vt 0.3594 0.4777 0.0000
vt 0.3562 0.4731 0.0000
vt 0.3656 0.4742 0.0000
vt 0.3615 0.4691 0.0000
vt 0.9235 0.1530 0.0000
vt 0.3659 0.4709 0.0000
vt 0.3559 0.4792 0.0000
vt 0.3584 0.4825 0.0000
vt 0.3642 0.4856 0.0000
vt 0.0078 0.0492 0.0000
vt 0.0115 0.0473 0.0000
vt 0.0144 0.0594 0.0000
vt 0.0097 0.0603 0.0000
vt 0.0182 0.0739 0.0000
vt 0.1810 0.6459 0.0000
vt 0.1772 0.6422 0.0000
vt 0.1844 0.6371 0.0000
vt 0.1875 0.6392 0.0000
vt 0.0193 0.0582 0.0000
vt 0.0161 0.0456 0.0000
vt 0.0219 0.0441 0.0000
vt 0.5538 0.6127 0.0000
vt 0.5527 0.6079 0.0000
vt 0.5520 0.6046 0.0000
vt 0.2010 0.6373 0.0000
vt 0.1961 0.6356 0.0000
vt 0.1999 0.6317 0.0000
vt 0.2055 0.6330 0.0000
vt 0.2114 0.6361 0.0000
vt 0.2065 0.6402 0.0000
vt 0.0141 0.0363 0.0000
vt 0.0197 0.0342 0.0000
vt 0.0099 0.0391 0.0000
vt 0.2040 0.6274 0.0000
vt 0.2104 0.6282 0.0000
vt 0.2077 0.6224 0.0000
vt 0.2146 0.6231 0.0000
vt 0.2223 0.6261 0.0000
vt 0.2165 0.6318 0.0000
vt 0.8562 0.6363 0.0000
vt 0.8577 0.6483 0.0000
vt 0.8464 0.6448 0.0000
vt 0.8458 0.6321 0.0000
vt 0.8389 0.6210 0.0000
vt 0.8510 0.6257 0.0000
vt 0.8612 0.6296 0.0000
vt 0.0204 0.8593 0.0000
vt 0.0070 0.8604 0.0000
vt 0.0076 0.8505 0.0000
vt 0.0210 0.8491 0.0000
vt 0.8644 0.6397 0.0000
vt 0.2169 0.6431 0.0000
vt 0.0199 0.8678 0.0000
vt 0.0066 0.8688 0.0000
vt 0.9943 0.2331 0.0000
vt 0.9886 0.2282 0.0000
vt 0.9943 0.2214 0.0000
vt 0.0293 0.8764 0.0000
vt 0.0322 0.8848 0.0000
vt 0.0197 0.8848 0.0000
vt 0.0065 0.8860 0.0000
vt 0.0063 0.8774 0.0000
vt 0.0197 0.8764 0.0000
vt 0.8453 0.6620 0.0000
vt 0.8437 0.6786 0.0000
vt 0.8562 0.6640 0.0000
vt 0.8551 0.6794 0.0000
vt 0.8640 0.6660 0.0000
vt 0.8631 0.6806 0.0000
vt 0.8661 0.6512 0.0000
vt 0.8730 0.6537 0.0000
vt 0.8704 0.6681 0.0000
vt 0.8694 0.6821 0.0000
vt 0.8801 0.6563 0.0000
vt 0.8769 0.6703 0.0000
vt 0.8868 0.6587 0.0000
vt 0.8759 0.6838 0.0000
vt 0.0725 0.0225 0.0000
vt 0.0791 0.0170 0.0000
vt 0.8421 0.6894 0.0000
vt 0.8542 0.6900 0.0000
vt 0.8530 0.6969 0.0000
vt 0.8404 0.6963 0.0000
vt 0.8624 0.6908 0.0000
vt 0.8615 0.6977 0.0000
vt 0.8688 0.6920 0.0000
vt 0.8679 0.6985 0.0000
vt 0.8752 0.6932 0.0000
vt 0.8743 0.6993 0.0000
vt 0.8631 0.7289 0.0000
vt 0.8629 0.7245 0.0000
vt 0.8699 0.7240 0.0000
vt 0.8698 0.7285 0.0000
vt 0.8698 0.7332 0.0000
vt 0.8633 0.7336 0.0000
vt 0.8313 0.7323 0.0000
vt 0.8315 0.7264 0.0000
vt 0.8463 0.7252 0.0000
vt 0.8466 0.7300 0.0000
vt 0.8470 0.7350 0.0000
vt 0.8314 0.7384 0.0000
vt 0.8161 0.7287 0.0000
vt 0.8563 0.7292 0.0000
vt 0.8559 0.7247 0.0000
vt 0.8567 0.7339 0.0000
vt 0.8468 0.7196 0.0000
vt 0.8326 0.7200 0.0000
vt 0.8176 0.7212 0.0000
vt 0.8341 0.7139 0.0000
vt 0.8193 0.7143 0.0000
vt 0.8478 0.7141 0.0000
vt 0.8316 0.7455 0.0000
vt 0.8470 0.7415 0.0000
vt 0.8470 0.7485 0.0000
vt 0.8322 0.7527 0.0000
vt 0.8335 0.7589 0.0000
vt 0.8474 0.7555 0.0000
vt 0.8486 0.7611 0.0000
vt 0.8353 0.7633 0.0000
vt 0.8564 0.7466 0.0000
vt 0.8566 0.7399 0.0000
vt 0.8632 0.7394 0.0000
vt 0.8629 0.7456 0.0000
vt 0.8697 0.7387 0.0000
vt 0.8694 0.7446 0.0000
vt 0.9464 0.1099 0.0000
vt 0.9439 0.1111 0.0000
vt 0.9438 0.0980 0.0000
vt 0.9463 0.0965 0.0000
vt 0.9453 0.0813 0.0000
vt 0.8371 0.7662 0.0000
vt 0.8502 0.7647 0.0000
vt 0.8571 0.7592 0.0000
vt 0.8563 0.7533 0.0000
vt 0.8627 0.7519 0.0000
vt 0.8633 0.7574 0.0000
vt 0.8690 0.7504 0.0000
vt 0.8696 0.7556 0.0000
vt 0.8586 0.7631 0.0000
vt 0.8604 0.7660 0.0000
vt 0.8518 0.7672 0.0000
vt 0.8649 0.7613 0.0000
vt 0.8669 0.7641 0.0000
vt 0.8712 0.7594 0.0000
vt 0.8770 0.7574 0.0000
vt 0.8793 0.7602 0.0000
vt 0.8734 0.7621 0.0000
vt 0.9633 0.5643 0.0000
vt 0.9594 0.5652 0.0000
vt 0.9598 0.5501 0.0000
vt 0.9401 0.0990 0.0000
vt 0.9400 0.1118 0.0000
vt 0.5446 0.8290 0.0000
vt 0.5449 0.8328 0.0000
vt 0.5331 0.8289 0.0000
vt 0.5326 0.8253 0.0000
vt 0.5531 0.8318 0.0000
vt 0.5537 0.8355 0.0000
vt 0.9441 0.1199 0.0000
vt 0.9398 0.1207 0.0000
vt 0.9442 0.1263 0.0000
vt 0.9399 0.1277 0.0000
vt 0.9364 0.1278 0.0000
vt 0.9371 0.1204 0.0000
vt 0.9442 0.1327 0.0000
vt 0.9399 0.1344 0.0000
vt 0.9359 0.1354 0.0000
vt 0.5500 0.8535 0.0000
vt 0.5529 0.8642 0.0000
vt 0.5398 0.8621 0.0000
vt 0.5368 0.8513 0.0000
vt 0.5342 0.8418 0.0000
vt 0.5470 0.8445 0.0000
vt 0.5333 0.8342 0.0000
vt 0.5454 0.8377 0.0000
vt 0.5545 0.8399 0.0000
vt 0.5562 0.8461 0.0000
vt 0.5609 0.8378 0.0000
vt 0.5619 0.8416 0.0000
vt 0.5636 0.8473 0.0000
vt 0.5682 0.8402 0.0000
vt 0.5693 0.8434 0.0000
vt 0.5744 0.8419 0.0000
vt 0.5710 0.8487 0.0000
vt 0.9152 0.5805 0.0000
vt 0.9158 0.5937 0.0000
vt 0.9012 0.5938 0.0000
vt 0.9003 0.5810 0.0000
vt 0.9303 0.5785 0.0000
vt 0.5419 0.8740 0.0000
vt 0.5546 0.8759 0.0000
vt 0.5595 0.8551 0.0000
vt 0.5627 0.8658 0.0000
vt 0.5671 0.8565 0.0000
vt 0.5705 0.8675 0.0000
vt 0.5746 0.8582 0.0000
vt 0.5783 0.8696 0.0000
vt 0.9019 0.6033 0.0000
vt 0.9162 0.6034 0.0000
vt 0.5642 0.8773 0.0000
vt 0.5719 0.8789 0.0000
vt 0.9164 0.6116 0.0000
vt 0.9024 0.6114 0.0000
vt 0.5798 0.8806 0.0000
vt 0.9167 0.6200 0.0000
vt 0.9305 0.6184 0.0000
vt 0.7776 0.0886 0.0000
vt 0.7679 0.0877 0.0000
vt 0.9028 0.6195 0.0000
vt 0.8801 0.5796 0.0000
vt 0.8889 0.5805 0.0000
vt 0.8897 0.5931 0.0000
vt 0.8809 0.5921 0.0000
vt 0.8122 0.8031 0.0000
vt 0.8104 0.8118 0.0000
vt 0.8037 0.8108 0.0000
vt 0.8054 0.8021 0.0000
vt 0.8903 0.6025 0.0000
vt 0.8908 0.6104 0.0000
vt 0.8068 0.7947 0.0000
vt 0.8134 0.7956 0.0000
vt 0.8129 0.8237 0.0000
vt 0.8160 0.8129 0.0000
vt 0.8211 0.8142 0.0000
vt 0.8181 0.8248 0.0000
vt 0.8092 0.8365 0.0000
vt 0.8039 0.8360 0.0000
vt 0.8073 0.8228 0.0000
vt 0.8912 0.6184 0.0000
vt 0.9985 0.0885 0.0000
vt 0.9901 0.0877 0.0000
vt 0.3745 0.9724 0.0000
vt 0.3946 0.9712 0.0000
vt 0.3934 0.9791 0.0000
vt 0.3734 0.9795 0.0000
vt 0.8819 0.6168 0.0000
vt 0.8816 0.6091 0.0000
vt 0.8522 0.8213 0.0000
vt 0.8615 0.8202 0.0000
vt 0.8506 0.8337 0.0000
vt 0.2957 0.7072 0.0000
vt 0.2950 0.7146 0.0000
vt 0.8263 0.5936 0.0000
vt 0.8238 0.5818 0.0000
vt 0.8337 0.5797 0.0000
vt 0.8362 0.5916 0.0000
vt 0.8539 0.8110 0.0000
vt 0.8635 0.8109 0.0000
vt 0.8688 0.7691 0.0000
vt 0.8588 0.7859 0.0000
vt 0.8593 0.7691 0.0000
vt 0.8496 0.7730 0.0000
vt 0.8498 0.7691 0.0000
vt 0.8490 0.7919 0.0000
vt 0.8579 0.7913 0.0000
vt 0.8680 0.7929 0.0000
vt 0.8665 0.7979 0.0000
vt 0.8567 0.7975 0.0000
vt 0.8482 0.7987 0.0000
vt 0.8554 0.8036 0.0000
vt 0.8651 0.8038 0.0000
vt 0.8283 0.6024 0.0000
vt 0.8381 0.6005 0.0000
vt 0.8396 0.6079 0.0000
vt 0.8300 0.6097 0.0000
vt 0.9896 0.1378 0.0000
vt 0.9990 0.1368 0.0000
vt 0.9994 0.1475 0.0000
vt 0.9913 0.1496 0.0000
vt 0.8731 0.8214 0.0000
vt 0.8746 0.8142 0.0000
vt 0.9886 0.1284 0.0000
vt 0.9975 0.1288 0.0000
vt 0.8847 0.8147 0.0000
vt 0.8830 0.8209 0.0000
vt 0.8756 0.8087 0.0000
vt 0.8769 0.8035 0.0000
vt 0.8860 0.8098 0.0000
vt 0.8783 0.7987 0.0000
vt 0.8874 0.8052 0.0000
vt 0.8909 0.8288 0.0000
vt 0.8978 0.8309 0.0000
vt 0.8814 0.8275 0.0000
vt 0.8924 0.8230 0.0000
vt 0.8988 0.8259 0.0000
vt 0.8994 0.8214 0.0000
vt 0.8935 0.8184 0.0000
vt 0.8943 0.8142 0.0000
vt 0.8999 0.8170 0.0000
vt 0.5424 0.5823 0.0000
vt 0.5482 0.5798 0.0000
vt 0.5497 0.5827 0.0000
vt 0.5442 0.5859 0.0000
vt 0.5408 0.5778 0.0000
vt 0.5469 0.5757 0.0000
vt 0.8953 0.8101 0.0000
vt 0.9006 0.8126 0.0000
vt 0.7164 0.0284 0.0000
vt 0.7109 0.0305 0.0000
vt 0.7096 0.0183 0.0000
vt 0.7147 0.0155 0.0000
vt 0.7187 0.0121 0.0000
vt 0.7209 0.0267 0.0000
vt 0.1987 0.6272 0.0000
vt 0.1946 0.6269 0.0000
vt 0.1970 0.6235 0.0000
vt 0.2019 0.6227 0.0000
vt 0.1952 0.6310 0.0000
vt 0.1916 0.6300 0.0000
vt 0.3191 0.6669 0.0000
vt 0.3177 0.6701 0.0000
vt 0.3049 0.6668 0.0000
vt 0.5653 0.5684 0.0000
vt 0.5641 0.5659 0.0000
vt 0.5758 0.5527 0.0000
vt 0.5755 0.5559 0.0000
vt 0.5668 0.5707 0.0000
vt 0.1918 0.6345 0.0000
vt 0.1914 0.6405 0.0000
vt 0.1886 0.6329 0.0000
vt 0.5770 0.5593 0.0000
vt 0.5700 0.5741 0.0000
vt 0.5775 0.5634 0.0000
vt 0.5798 0.5758 0.0000
vt 0.5617 0.5713 0.0000
vt 0.5639 0.5739 0.0000
vt 0.5592 0.5769 0.0000
vt 0.5574 0.5742 0.0000
vt 0.5560 0.5709 0.0000
vt 0.5603 0.5684 0.0000
vt 0.5449 0.5893 0.0000
vt 0.5508 0.5856 0.0000
vt 0.5530 0.5893 0.0000
vt 0.5476 0.5930 0.0000
vt 0.5530 0.5770 0.0000
vt 0.5546 0.5798 0.0000
vt 0.5518 0.5734 0.0000
vt 0.5861 0.5811 0.0000
vt 0.5764 0.5934 0.0000
vt 0.5881 0.5832 0.0000
vt 0.5785 0.5955 0.0000
vt 0.5586 0.5863 0.0000
vt 0.5563 0.5825 0.0000
vt 0.5617 0.5798 0.0000
vt 0.5642 0.5838 0.0000
vt 0.5671 0.5770 0.0000
vt 0.5700 0.5812 0.0000
vt 0.5808 0.5979 0.0000
vt 0.5904 0.5849 0.0000
vt 0.5925 0.5877 0.0000
vt 0.5848 0.6003 0.0000
vt 0.5772 0.5987 0.0000
vt 0.5751 0.5963 0.0000
vt 0.5797 0.6008 0.0000
vt 0.0013 0.0381 0.0000
vt 0.0041 0.0355 0.0000
vt 0.0046 0.0402 0.0000
vt 0.0018 0.0425 0.0000
vt 0.5725 0.5991 0.0000
vt 0.5710 0.5965 0.0000
vt 0.5618 0.5906 0.0000
vt 0.5649 0.5941 0.0000
vt 0.5627 0.5960 0.0000
vt 0.5576 0.5930 0.0000
vt 0.5664 0.5886 0.0000
vt 0.5683 0.5927 0.0000
vt 0.5712 0.5867 0.0000
vt 0.5719 0.5914 0.0000
vt 0.1762 0.6421 0.0000
vt 0.1814 0.6362 0.0000
vt 0.5524 0.6010 0.0000
vt 0.5543 0.5965 0.0000
vt 0.5620 0.5991 0.0000
vt 0.5678 0.5994 0.0000
vt 0.5670 0.5969 0.0000
vt 0.0052 0.0451 0.0000
vt 0.0024 0.0470 0.0000
vt 0.1853 0.6329 0.0000
vt 0.5672 0.5954 0.0000
vt 0.5699 0.5948 0.0000
vt 0.5733 0.5942 0.0000
vt 0.0886 0.0103 0.0000
vt 0.0842 0.0132 0.0000
vt 0.8388 0.7011 0.0000
vt 0.8517 0.7018 0.0000
vt 0.8372 0.7051 0.0000
vt 0.8503 0.7057 0.0000
vt 0.8603 0.7024 0.0000
vt 0.8592 0.7062 0.0000
vt 0.8669 0.7030 0.0000
vt 0.8659 0.7066 0.0000
vt 0.8490 0.7096 0.0000
vt 0.8356 0.7091 0.0000
vt 0.8210 0.7091 0.0000
vt 0.0930 0.0073 0.0000
vt 0.8834 0.7176 0.0000
vt 0.8839 0.7129 0.0000
vt 0.9016 0.7130 0.0000
vt 0.9039 0.7202 0.0000
vt 0.8770 0.7183 0.0000
vt 0.8776 0.7136 0.0000
vt 0.8782 0.7100 0.0000
vt 0.8844 0.7092 0.0000
vt 0.9014 0.7094 0.0000
vt 0.8734 0.7036 0.0000
vt 0.8726 0.7069 0.0000
vt 0.8703 0.7190 0.0000
vt 0.8710 0.7142 0.0000
vt 0.8633 0.7193 0.0000
vt 0.8641 0.7143 0.0000
vt 0.8718 0.7103 0.0000
vt 0.8650 0.7102 0.0000
vt 0.8443 0.5783 0.0000
vt 0.8464 0.5904 0.0000
vt 0.8374 0.8260 0.0000
vt 0.8291 0.8262 0.0000
vt 0.8540 0.5777 0.0000
vt 0.8557 0.5899 0.0000
vt 0.8563 0.7194 0.0000
vt 0.8571 0.7143 0.0000
vt 0.8581 0.7100 0.0000
vt 0.8520 0.5634 0.0000
vt 0.8596 0.5634 0.0000
vt 0.8613 0.5778 0.0000
vt 0.8231 0.8258 0.0000
vt 0.8262 0.8153 0.0000
vt 0.8320 0.8158 0.0000
vt 0.8335 0.8075 0.0000
vt 0.8344 0.8002 0.0000
vt 0.8410 0.7999 0.0000
vt 0.8406 0.8072 0.0000
vt 0.8480 0.5995 0.0000
vt 0.8492 0.6070 0.0000
vt 0.0618 0.5891 0.0000
vt 0.0528 0.5896 0.0000
vt 0.0539 0.5818 0.0000
vt 0.0631 0.5817 0.0000
vt 0.8396 0.8155 0.0000
vt 0.8415 0.7794 0.0000
vt 0.8353 0.7796 0.0000
vt 0.8416 0.7732 0.0000
vt 0.8290 0.7779 0.0000
vt 0.8284 0.7765 0.0000
vt 0.0776 0.5017 0.0000
vt 0.0788 0.5006 0.0000
vt 0.0740 0.5216 0.0000
vt 0.0735 0.5137 0.0000
vt 0.8193 0.7886 0.0000
vt 0.8186 0.7964 0.0000
vt 0.8143 0.7879 0.0000
vt 0.3924 0.9845 0.0000
vt 0.3725 0.9843 0.0000
vt 0.2819 0.1529 0.0000
vt 0.2621 0.1529 0.0000
vt 0.2635 0.1458 0.0000
vt 0.8276 0.7974 0.0000
vt 0.8226 0.7961 0.0000
vt 0.8234 0.7751 0.0000
vt 0.0750 0.5294 0.0000
vt 0.0787 0.5217 0.0000
vt 0.8176 0.8041 0.0000
vt 0.1732 0.5505 0.0000
vt 0.2493 0.6747 0.0000
vt 0.1713 0.1691 0.0000
vt 0.1643 0.1734 0.0000
vt 0.1632 0.1694 0.0000
vt 0.1865 0.1845 0.0000
vt 0.1871 0.1807 0.0000
vt 0.1957 0.1843 0.0000
vt 0.8060 0.5048 0.0000
vt 0.0729 0.4732 0.0000
vt 0.0655 0.5017 0.0000
vt 0.0602 0.5005 0.0000
vt 0.0544 0.5294 0.0000
vt 0.6301 0.6681 0.0000
vt 0.3022 0.7059 0.0000
vt 0.7874 0.4782 0.0000
vt 0.7869 0.4757 0.0000
vt 0.8004 0.4756 0.0000
vt 0.3962 0.9629 0.0000
vt 0.3184 0.1438 0.0000
vt 0.4221 0.0311 0.0000
vt 0.0280 0.1856 0.0000
vt 0.0333 0.6893 0.0000
vt 0.6700 0.0047 0.0000
vt 0.0063 0.4539 0.0000
vt 0.0054 0.4610 0.0000
vt 0.0005 0.4610 0.0000
vt 0.9995 0.3144 0.0000
vt 0.9994 0.3226 0.0000
vt 0.9944 0.3216 0.0000
vt 0.9894 0.5632 0.0000
vt 0.0338 0.1734 0.0000
vt 0.0377 0.1757 0.0000
vt 0.0345 0.1808 0.0000
vt 0.9726 0.5523 0.0000
vt 0.9604 0.4011 0.0000
vt 0.9594 0.4055 0.0000
vt 0.9497 0.4024 0.0000
vt 0.9892 0.4943 0.0000
vt 0.0091 0.6864 0.0000
vt 0.2388 0.6473 0.0000
vt 0.2438 0.6457 0.0000
vt 0.2438 0.6506 0.0000
vt 0.0786 0.4760 0.0000
vt 0.9837 0.4365 0.0000
vt 0.9793 0.4403 0.0000
vt 0.9769 0.4344 0.0000
vt 0.2853 0.5668 0.0000
vt 0.1260 0.6352 0.0000
vt 0.1247 0.6382 0.0000
vt 0.1215 0.6342 0.0000
vt 0.7946 0.0915 0.0000
vt 0.9942 0.1632 0.0000
vt 0.9943 0.1758 0.0000
vt 0.9886 0.1750 0.0000
vt 0.7873 0.4944 0.0000
vt 0.7742 0.4991 0.0000
vt 0.7721 0.4926 0.0000
vt 0.7858 0.4887 0.0000
vt 0.7713 0.4856 0.0000
vt 0.0644 0.9832 0.0000
vt 0.0075 0.8237 0.0000
vt 0.4370 0.0479 0.0000
vt 0.4681 0.0479 0.0000
vt 0.0286 0.6304 0.0000
vt 0.0193 0.6299 0.0000
vt 0.0212 0.6152 0.0000
vt 0.0122 0.7572 0.0000
vt 0.9421 0.3614 0.0000
vt 0.9975 0.4148 0.0000
vt 0.9944 0.4114 0.0000
vt 0.9974 0.4074 0.0000
vt 0.0296 0.1034 0.0000
vt 0.0333 0.0993 0.0000
vt 0.0363 0.1034 0.0000
vt 0.9536 0.1933 0.0000
vt 0.3009 0.6044 0.0000
vt 0.3049 0.6067 0.0000
vt 0.0306 0.0476 0.0000
vt 0.4734 0.0227 0.0000
vt 0.9973 0.5236 0.0000
vt 0.9992 0.5307 0.0000
vt 0.9944 0.5307 0.0000
vt 0.2979 0.6624 0.0000
vt 0.4221 0.0797 0.0000
vt 0.2404 0.0248 0.0000
vt 0.7135 0.3626 0.0000
vt 0.7053 0.3519 0.0000
vt 0.6814 0.4084 0.0000
vt 0.9228 0.0603 0.0000
vt 0.9217 0.0578 0.0000
vt 0.9228 0.0548 0.0000
vt 0.7725 0.0798 0.0000
vt 0.7690 0.0784 0.0000
vt 0.7646 0.0613 0.0000
vt 0.0005 0.4422 0.0000
vt 0.2147 0.0073 0.0000
vt 0.0549 0.3097 0.0000
vt 0.0556 0.3149 0.0000
vt 0.6864 0.2862 0.0000
vt 0.6525 0.3635 0.0000
vt 0.6498 0.3618 0.0000
vt 0.6550 0.3550 0.0000
vt 0.3782 0.2097 0.0000
vt 0.3768 0.2245 0.0000
vt 0.3725 0.2236 0.0000
vt 0.8956 0.1109 0.0000
vt 0.9064 0.1115 0.0000
vt 0.9071 0.1162 0.0000
vt 0.6930 0.2485 0.0000
vt 0.9332 0.0994 0.0000
vt 0.4770 0.9540 0.0000
vt 0.0757 0.9304 0.0000
vt 0.4474 0.0640 0.0000
vt 0.0766 0.9663 0.0000
vt 0.0649 0.9429 0.0000
vt 0.0608 0.9406 0.0000
vt 0.0293 0.3509 0.0000
vt 0.9675 0.6282 0.0000
vt 0.9748 0.6316 0.0000
vt 0.4270 0.6704 0.0000
vt 0.5275 0.0179 0.0000
vt 0.3257 0.0676 0.0000
vt 0.9637 0.5488 0.0000
vt 0.2447 0.6566 0.0000
vt 0.1953 0.8440 0.0000
vt 0.2055 0.0983 0.0000
vt 0.2062 0.0918 0.0000
vt 0.2302 0.1023 0.0000
vt 0.1458 0.6879 0.0000
vt 0.6241 0.5888 0.0000
vt 0.9393 0.1974 0.0000
vt 0.7711 0.9042 0.0000
vt 0.2960 0.0321 0.0000
vt 0.5386 0.3536 0.0000
vt 0.1120 0.8609 0.0000
vt 0.9046 0.2383 0.0000
vt 0.9281 0.2212 0.0000
vt 0.9318 0.2288 0.0000
vt 0.4948 0.8142 0.0000
vt 0.3837 0.6808 0.0000
vt 0.2508 0.9657 0.0000
vt 0.1012 0.9402 0.0000
vt 0.9297 0.0834 0.0000
vt 0.9273 0.0825 0.0000
vt 0.9294 0.0720 0.0000
vt 0.1439 0.8084 0.0000
vt 0.0256 0.1000 0.0000
vt 0.0071 0.0972 0.0000
vt 0.0063 0.0935 0.0000
vt 0.7681 0.1159 0.0000
vt 0.0782 0.4732 0.0000
vt 0.0790 0.4754 0.0000
vt 0.0735 0.4754 0.0000
vt 0.5826 0.5749 0.0000
vt 0.5803 0.5705 0.0000
vt 0.2506 0.8650 0.0000
vt 0.2490 0.8684 0.0000
vt 0.2374 0.8652 0.0000
vt 0.9942 0.1923 0.0000
vt 0.9940 0.2047 0.0000
vt 0.9886 0.2021 0.0000
vt 0.9886 0.4598 0.0000
vt 0.9981 0.4597 0.0000
vt 0.9979 0.4679 0.0000
vt 0.3196 0.9461 0.0000
vt 0.5737 0.8894 0.0000
vt 0.2218 0.2954 0.0000
vt 0.1292 0.2938 0.0000
vt 0.1280 0.2886 0.0000
vt 0.1564 0.2843 0.0000
vt 0.4862 0.8602 0.0000
vt 0.2988 0.7619 0.0000
vt 0.1846 0.4117 0.0000
vt 0.1927 0.4151 0.0000
vt 0.1899 0.4196 0.0000
vt 0.1996 0.4232 0.0000
vt 0.1383 0.9661 0.0000
vt 0.1998 0.8800 0.0000
vt 0.6405 0.4804 0.0000
vt 0.0063 0.1167 0.0000
vt 0.2798 0.7814 0.0000
vt 0.4002 0.4450 0.0000
vt 0.2832 0.7642 0.0000
vt 0.3851 0.4780 0.0000
vt 0.1691 0.6512 0.0000
vt 0.5660 0.6076 0.0000
vt 0.8684 0.6321 0.0000
vt 0.8712 0.6425 0.0000
vt 0.2205 0.6407 0.0000
vt 0.0483 0.2795 0.0000
vt 0.0431 0.2844 0.0000
vt 0.0354 0.2796 0.0000
vt 0.9582 0.5876 0.0000
vt 0.9627 0.5869 0.0000
vt 0.9619 0.5945 0.0000
vt 0.0219 0.4435 0.0000
vt 0.0234 0.4364 0.0000
vt 0.0339 0.4402 0.0000
vt 0.5953 0.5912 0.0000
vt 0.1716 0.7930 0.0000
vt 0.1707 0.7962 0.0000
vt 0.1527 0.7933 0.0000
vt 0.1686 0.7980 0.0000
vt 0.5626 0.6009 0.0000
vt 0.0735 0.4952 0.0000
vt 0.1637 0.6036 0.0000
vt 0.1645 0.6079 0.0000
vt 0.1600 0.6094 0.0000
vt 0.1574 0.6114 0.0000
vt 0.1638 0.5987 0.0000
vt 0.1636 0.5928 0.0000
vt 0.1561 0.6141 0.0000
vt 0.1548 0.6167 0.0000
vt 0.1537 0.6188 0.0000
vt 0.1492 0.6382 0.0000
vt 0.1524 0.6231 0.0000
vt 0.1464 0.6397 0.0000
vt 0.1453 0.6382 0.0000
vt 0.1417 0.6372 0.0000
vt 0.1395 0.6333 0.0000
vt 0.1345 0.6295 0.0000
vt 0.1285 0.6248 0.0000
vt 0.1234 0.6200 0.0000
vt 0.1235 0.6179 0.0000
vt 0.1195 0.6119 0.0000
vt 0.1140 0.6040 0.0000
vt 0.1096 0.5948 0.0000
vt 0.1078 0.5964 0.0000
vt 0.1050 0.5878 0.0000
vt 0.1036 0.5890 0.0000
vt 0.1032 0.5807 0.0000
vt 0.0996 0.5752 0.0000
vt 0.0982 0.5757 0.0000
vt 0.0964 0.5705 0.0000
vt 0.0975 0.5702 0.0000
vt 0.1026 0.5684 0.0000
vt 0.0965 0.5646 0.0000
vt 0.0969 0.5574 0.0000
vt 0.0984 0.5478 0.0000
vt 0.0991 0.5479 0.0000
vt 0.0978 0.5353 0.0000
vt 0.0987 0.5352 0.0000
vt 0.0982 0.5205 0.0000
vt 0.0883 0.4872 0.0000
vt 0.0836 0.4828 0.0000
vt 0.0819 0.4778 0.0000
vt 0.0857 0.4759 0.0000
vt 0.0935 0.4948 0.0000
vt 0.0902 0.4748 0.0000
vt 0.0968 0.5062 0.0000
vt 0.0958 0.4713 0.0000
vt 0.1004 0.4727 0.0000
vt 0.0988 0.4768 0.0000
vt 0.0932 0.4726 0.0000
vt 0.1024 0.4793 0.0000
vt 0.1012 0.4808 0.0000
vt 0.1024 0.4829 0.0000
vt 0.1041 0.4855 0.0000
vt 0.1066 0.4901 0.0000
vt 0.1092 0.4957 0.0000
vt 0.1115 0.5006 0.0000
vt 0.1132 0.5058 0.0000
vt 0.1145 0.5121 0.0000
vt 0.1177 0.5181 0.0000
vt 0.1177 0.5231 0.0000
vt 0.1182 0.5270 0.0000
vt 0.1186 0.5308 0.0000
vt 0.1199 0.5355 0.0000
vt 0.1206 0.5425 0.0000
vt 0.1234 0.5503 0.0000
vt 0.1293 0.5593 0.0000
vt 0.1369 0.5669 0.0000
vt 0.1442 0.5682 0.0000
vt 0.1511 0.5678 0.0000
vt 0.1561 0.5665 0.0000
vt 0.1590 0.5719 0.0000
vt 0.1609 0.5784 0.0000
vt 0.1623 0.5857 0.0000
# 5912 texture coords

o AlaIzquierda
g AlaIzquierda
usemtl 13___Default
s 1
f 1/1/1 2/2/2 3/3/3 
f 3/3/3 4/4/4 1/1/1 
f 4/4/4 5/5/5 6/6/6 
f 6/6/6 1/1/1 4/4/4 
f 1/1/1 6/6/6 7/7/7 
f 7/7/7 8/8/8 1/1/1 
f 8/8/8 9/9/9 2/2/2 
f 2/2/2 1/1/1 8/8/8 
f 10/10/10 11/11/11 12/12/12 
f 12/12/12 13/13/13 10/10/10 
f 13/13/13 7/7/7 6/6/6 
f 6/6/6 10/10/10 13/13/13 
f 10/10/10 6/6/6 5/5/5 
f 5/5/5 14/14/14 10/10/10 
f 14/14/14 15/15/15 11/11/11 
f 11/11/11 10/10/10 14/14/14 
f 16/16/16 17/17/17 18/18/18 
f 18/18/18 19/19/19 16/16/16 
f 16/16/16 19/19/19 20/20/20 
f 16/21/16 21/22/21 15/23/15 
f 15/23/15 14/24/14 16/21/16 
f 14/24/14 5/25/5 17/26/17 
f 17/26/17 16/21/16 14/24/14 
f 22/27/22 23/28/23 24/29/24 
f 24/29/24 25/30/25 22/27/22 
f 25/30/25 24/29/24 18/18/18 
f 18/18/18 17/17/17 25/30/25 
f 25/31/25 17/26/17 5/25/5 
f 5/25/5 4/32/4 25/31/25 
f 4/32/4 3/33/3 22/34/22 
f 22/34/22 25/31/25 4/32/4 
f 26/35/26 27/36/27 28/37/28 
f 28/37/28 29/38/29 26/35/26 
f 29/38/29 30/39/30 31/40/31 
f 31/40/31 26/35/26 29/38/29 
f 26/35/26 31/40/31 32/41/32 
f 32/41/32 33/42/33 26/35/26 
f 33/43/33 34/44/34 27/45/27 
f 27/45/27 26/46/26 33/43/33 
f 35/47/35 24/29/24 23/28/23 
f 23/28/23 36/48/36 35/47/35 
f 36/48/36 32/41/32 31/40/31 
f 31/40/31 35/47/35 36/48/36 
f 35/47/35 31/40/31 30/39/30 
f 30/39/30 37/49/37 35/47/35 
f 37/49/37 18/18/18 24/29/24 
f 24/29/24 35/47/35 37/49/37 
f 38/50/38 39/51/39 40/52/40 
f 40/52/40 41/53/41 38/50/38 
f 40/52/40 42/54/42 43/55/43 
f 43/55/43 41/53/41 40/52/40 
f 44/56/44 45/57/45 46/58/46 
f 44/56/44 47/59/47 48/60/48 
f 44/56/44 49/61/49 50/62/50 
f 50/62/50 51/63/51 44/56/44 
f 51/64/51 52/65/52 45/66/45 
f 53/67/53 54/68/54 55/69/55 
f 55/69/55 56/70/56 53/67/53 
f 56/70/56 57/71/57 58/72/58 
f 58/72/58 53/67/53 56/70/56 
f 53/67/53 58/72/58 59/73/59 
f 59/73/59 60/74/60 53/67/53 
f 60/74/60 61/75/61 54/68/54 
f 62/76/62 63/77/63 64/78/64 
f 64/78/64 65/79/65 62/76/62 
f 65/79/65 66/80/66 67/81/67 
f 67/81/67 62/76/62 65/79/65 
f 67/81/67 50/62/50 49/61/49 
f 49/61/49 62/76/62 67/81/67 
f 49/61/49 48/60/48 63/77/63 
f 63/77/63 62/76/62 49/61/49 
f 68/82/68 69/83/69 70/84/70 
f 70/84/70 71/85/71 68/82/68 
f 46/58/46 45/57/45 68/86/68 
f 45/66/45 52/65/52 72/87/72 
f 72/87/72 68/88/68 45/66/45 
f 72/87/72 39/89/39 69/90/69 
f 69/90/69 68/88/68 72/87/72 
f 73/91/73 70/92/70 69/93/69 
f 69/93/69 74/94/74 73/91/73 
f 74/94/74 69/93/69 39/51/39 
f 75/95/75 76/96/76 77/97/77 
f 77/97/77 78/98/78 75/95/75 
f 78/99/78 79/100/79 80/101/80 
f 80/101/80 75/102/75 78/99/78 
f 75/103/75 80/104/80 81/105/81 
f 81/105/81 82/106/82 75/103/75 
f 82/107/82 83/108/83 76/109/76 
f 76/109/76 75/102/75 82/107/82 
f 84/110/84 85/111/85 86/112/86 
f 86/112/86 87/113/87 84/110/84 
f 87/114/87 88/115/88 89/116/89 
f 89/116/89 84/117/84 87/114/87 
f 90/118/90 84/117/84 89/116/89 
f 89/116/89 83/119/83 90/118/90 
f 85/111/85 84/110/84 90/120/90 
f 90/120/90 91/121/91 85/111/85 
f 92/122/92 93/123/93 94/124/94 
f 94/124/94 95/125/95 92/122/92 
f 95/126/95 91/121/91 90/120/90 
f 90/120/90 92/127/92 95/126/95 
f 92/127/92 90/120/90 83/108/83 
f 83/108/83 82/107/82 92/127/92 
f 82/106/82 81/105/81 93/123/93 
f 93/123/93 92/122/92 82/106/82 
f 96/128/96 97/129/97 98/130/98 
f 98/130/98 99/131/99 96/128/96 
f 99/131/99 81/132/81 80/133/80 
f 80/133/80 96/128/96 99/131/99 
f 96/128/96 80/133/80 79/134/79 
f 79/134/79 100/135/100 96/128/96 
f 100/136/100 101/137/101 97/138/97 
f 97/138/97 96/139/96 100/136/100 
f 102/140/102 103/141/103 104/142/104 
f 104/142/104 105/143/105 102/140/102 
f 105/144/105 106/145/106 107/146/107 
f 107/146/107 102/147/102 105/144/105 
f 102/140/102 107/148/107 108/149/108 
f 108/149/108 109/150/109 102/140/102 
f 109/150/109 110/151/110 103/141/103 
f 103/141/103 102/140/102 109/150/109 
f 111/152/111 21/153/21 20/20/20 
f 20/20/20 112/154/112 111/152/111 
f 112/154/112 113/155/113 114/156/114 
f 114/156/114 111/152/111 112/154/112 
f 111/157/111 114/158/114 115/159/115 
f 115/159/115 116/160/116 111/157/111 
f 116/160/116 15/23/15 21/22/21 
f 21/22/21 111/157/111 116/160/116 
f 117/161/117 118/162/118 119/163/119 
f 119/163/119 120/164/120 117/161/117 
f 120/165/120 121/166/121 122/167/122 
f 117/168/117 122/167/122 115/159/115 
f 115/159/115 114/158/114 117/168/117 
f 114/156/114 113/155/113 118/169/118 
f 118/169/118 117/170/117 114/156/114 
f 123/171/123 124/172/124 116/173/116 
f 116/173/116 115/174/115 123/171/123 
f 123/171/123 125/175/125 126/176/126 
f 126/176/126 124/172/124 123/171/123 
f 124/172/124 126/176/126 12/12/12 
f 12/12/12 11/11/11 124/172/124 
f 11/11/11 15/15/15 116/173/116 
f 116/173/116 124/172/124 11/11/11 
f 127/177/127 122/167/122 121/166/121 
f 128/178/128 129/179/129 130/180/130 
f 130/180/130 127/181/127 128/178/128 
f 127/181/127 130/180/130 125/175/125 
f 125/175/125 123/171/123 127/181/127 
f 122/182/122 127/181/127 123/171/123 
f 123/171/123 115/174/115 122/182/122 
f 131/183/131 19/19/19 18/18/18 
f 18/18/18 37/49/37 131/183/131 
f 37/49/37 30/39/30 132/184/132 
f 132/184/132 131/183/131 37/49/37 
f 131/183/131 132/184/132 133/185/133 
f 133/185/133 134/186/134 131/183/131 
f 134/186/134 20/20/20 19/19/19 
f 135/187/135 112/154/112 20/20/20 
f 20/20/20 134/186/134 135/187/135 
f 134/186/134 133/185/133 136/188/136 
f 136/188/136 135/187/135 134/186/134 
f 135/187/135 136/188/136 137/189/137 
f 137/189/137 138/190/138 135/187/135 
f 138/190/138 113/155/113 112/154/112 
f 112/154/112 135/187/135 138/190/138 
f 139/191/139 118/162/118 113/192/113 
f 138/193/138 137/194/137 140/195/140 
f 140/195/140 139/191/139 138/193/138 
f 139/191/139 140/195/140 141/196/141 
f 141/196/141 142/197/142 139/191/139 
f 142/197/142 119/163/119 118/162/118 
f 143/198/143 132/184/132 30/39/30 
f 30/39/30 29/38/29 143/198/143 
f 29/38/29 28/37/28 144/199/144 
f 144/199/144 143/198/143 29/38/29 
f 143/198/143 144/199/144 145/200/145 
f 145/200/145 146/201/146 143/198/143 
f 146/201/146 133/185/133 132/184/132 
f 132/184/132 143/198/143 146/201/146 
f 147/202/147 148/203/148 149/204/149 
f 149/204/149 150/205/150 147/202/147 
f 150/206/150 151/207/151 152/208/152 
f 152/208/152 147/209/147 150/206/150 
f 147/210/147 152/211/152 153/212/153 
f 153/212/153 154/213/154 147/210/147 
f 154/213/154 155/214/155 148/215/148 
f 148/215/148 147/210/147 154/213/154 
f 156/216/156 157/217/157 158/218/158 
f 158/219/158 153/212/153 152/211/152 
f 152/211/152 159/220/159 158/219/158 
f 160/221/160 159/222/159 152/208/152 
f 152/208/152 151/207/151 160/221/160 
f 159/222/159 160/221/160 161/223/161 
f 161/223/161 156/224/156 159/222/159 
f 162/225/162 163/226/163 164/227/164 
f 165/228/165 166/229/166 167/230/167 
f 167/230/167 162/225/162 165/228/165 
f 162/225/162 167/230/167 168/231/168 
f 168/231/168 169/232/169 162/225/162 
f 169/232/169 149/233/149 163/226/163 
f 163/226/163 162/225/162 169/232/169 
f 95/125/95 94/124/94 170/234/170 
f 170/234/170 171/235/171 95/125/95 
f 170/234/170 172/236/172 173/237/173 
f 171/238/171 173/239/173 174/240/174 
f 175/241/175 91/121/91 95/126/95 
f 95/126/95 171/242/171 175/241/175 
f 176/243/176 177/244/177 178/245/178 
f 178/245/178 179/246/179 176/243/176 
f 179/247/179 180/248/180 181/249/181 
f 181/249/181 176/250/176 179/247/179 
f 181/249/181 182/251/182 183/252/183 
f 183/252/183 176/250/176 181/249/181 
f 176/243/176 183/253/183 184/254/184 
f 184/254/184 177/244/177 176/243/176 
f 185/255/185 181/249/181 180/248/180 
f 180/248/180 186/256/186 185/255/185 
f 186/256/186 187/257/187 188/258/188 
f 188/258/188 185/255/185 186/256/186 
f 185/255/185 188/258/188 189/259/189 
f 189/259/189 190/260/190 185/255/185 
f 190/260/190 182/251/182 181/249/181 
f 181/249/181 185/255/185 190/260/190 
f 191/261/191 192/262/192 193/263/193 
f 193/263/193 194/264/194 191/261/191 
f 194/264/194 195/265/195 196/266/196 
f 196/266/196 191/261/191 194/264/194 
f 191/261/191 196/266/196 197/267/197 
f 197/267/197 198/268/198 191/261/191 
f 198/268/198 199/269/199 192/262/192 
f 192/262/192 191/261/191 198/268/198 
f 200/270/200 201/271/201 202/272/202 
f 202/272/202 203/273/203 200/270/200 
f 203/274/203 193/275/193 192/276/192 
f 192/276/192 200/277/200 203/274/203 
f 200/278/200 192/279/192 199/280/199 
f 199/280/199 204/281/204 200/278/200 
f 204/281/204 205/282/205 201/283/201 
f 201/283/201 200/278/200 204/281/204 
f 206/284/206 207/285/207 208/286/208 
f 208/286/208 209/287/209 206/284/206 
f 207/285/207 206/284/206 210/288/210 
f 210/288/210 211/289/211 207/285/207 
f 211/289/211 202/272/202 201/271/201 
f 201/271/201 207/285/207 211/289/211 
f 208/286/208 207/285/207 201/271/201 
f 201/271/201 205/290/205 208/286/208 
f 212/291/212 173/237/173 172/236/172 
f 172/236/172 213/292/213 212/291/212 
f 213/292/213 214/293/214 215/294/215 
f 215/294/215 212/291/212 213/292/213 
f 212/295/212 215/296/215 216/297/216 
f 216/297/216 217/298/217 212/295/212 
f 217/299/217 174/240/174 173/239/173 
f 218/300/218 219/301/219 220/302/220 
f 220/302/220 221/303/221 218/300/218 
f 221/303/221 216/304/216 215/305/215 
f 215/305/215 218/300/218 221/303/221 
f 218/306/218 215/294/215 214/293/214 
f 214/293/214 222/307/222 218/306/218 
f 222/307/222 223/308/223 219/309/219 
f 219/309/219 218/306/218 222/307/222 
f 224/310/224 225/311/225 226/312/226 
f 226/312/226 227/313/227 224/310/224 
f 227/313/227 228/314/228 229/315/229 
f 229/315/229 224/310/224 227/313/227 
f 224/316/224 229/317/229 106/145/106 
f 106/145/106 105/144/105 224/316/224 
f 105/143/105 104/142/104 225/311/225 
f 225/311/225 224/310/224 105/143/105 
f 230/318/230 229/317/229 228/319/228 
f 228/319/228 231/320/231 230/318/230 
f 231/320/231 232/321/232 233/322/233 
f 233/322/233 230/318/230 231/320/231 
f 230/318/230 233/322/233 234/323/234 
f 234/323/234 235/324/235 230/318/230 
f 235/324/235 106/145/106 229/317/229 
f 229/317/229 230/318/230 235/324/235 
f 236/325/236 233/326/233 232/327/232 
f 232/327/232 237/328/237 236/325/236 
f 237/328/237 238/329/238 239/330/239 
f 239/330/239 236/325/236 237/328/237 
f 236/325/236 239/330/239 240/331/240 
f 240/331/240 241/332/241 236/325/236 
f 241/332/241 234/333/234 233/326/233 
f 233/326/233 236/325/236 241/332/241 
f 242/334/242 239/335/239 238/336/238 
f 238/336/238 243/337/243 242/334/242 
f 243/337/243 244/338/244 245/339/245 
f 245/339/245 242/334/242 243/337/243 
f 242/334/242 245/339/245 246/340/246 
f 246/340/246 247/341/247 242/334/242 
f 247/341/247 240/342/240 239/335/239 
f 239/335/239 242/334/242 247/341/247 
f 248/343/248 249/344/249 250/345/250 
f 251/346/251 252/347/252 248/343/248 
f 252/348/252 253/349/253 254/350/254 
f 254/350/254 248/351/248 252/348/252 
f 254/352/254 255/353/255 249/354/249 
f 256/355/256 257/356/257 258/357/258 
f 258/357/258 259/358/259 256/355/256 
f 259/358/259 260/359/260 261/360/261 
f 261/360/261 256/355/256 259/358/259 
f 256/355/256 261/360/261 262/361/262 
f 262/361/262 263/362/263 256/355/256 
f 263/363/263 264/364/264 257/365/257 
f 257/365/257 256/366/256 263/363/263 
f 265/367/265 266/368/266 267/369/267 
f 267/369/267 268/370/268 265/367/265 
f 268/370/268 269/371/269 270/372/270 
f 270/372/270 265/367/265 268/370/268 
f 265/367/265 270/372/270 271/373/271 
f 271/373/271 272/374/272 265/367/265 
f 272/374/272 273/375/273 266/368/266 
f 266/368/266 265/367/265 272/374/272 
f 274/376/274 275/377/275 276/378/276 
f 276/378/276 277/379/277 274/376/274 
f 277/379/277 278/380/278 279/381/279 
f 279/381/279 274/376/274 277/379/277 
f 274/376/274 279/381/279 280/382/280 
f 280/382/280 281/383/281 274/376/274 
f 281/383/281 282/384/282 275/377/275 
f 275/377/275 274/376/274 281/383/281 
f 283/385/283 284/386/284 285/387/285 
f 285/387/285 286/388/286 283/385/283 
f 286/388/286 287/389/287 288/390/288 
f 288/390/288 283/385/283 286/388/286 
f 283/391/283 288/392/288 269/393/269 
f 269/393/269 268/394/268 283/391/283 
f 268/394/268 267/395/267 284/396/284 
f 284/396/284 283/391/283 268/394/268 
f 289/397/289 290/398/290 291/399/291 
f 291/399/291 292/400/292 289/397/289 
f 292/400/292 293/401/293 294/402/294 
f 294/402/294 289/397/289 292/400/292 
f 294/402/294 295/403/295 296/404/296 
f 296/404/296 289/397/289 294/402/294 
f 296/404/296 161/223/161 290/398/290 
f 290/398/290 289/397/289 296/404/296 
f 297/405/297 188/406/188 187/407/187 
f 187/407/187 298/408/298 297/405/297 
f 298/408/298 299/409/299 300/410/300 
f 300/410/300 297/405/297 298/408/298 
f 300/410/300 301/411/301 302/412/302 
f 302/412/302 297/405/297 300/410/300 
f 302/412/302 189/413/189 188/406/188 
f 188/406/188 297/405/297 302/412/302 
f 303/414/303 304/415/304 305/416/305 
f 305/416/305 306/417/306 303/414/303 
f 306/418/306 307/419/307 308/420/308 
f 308/420/308 303/421/303 306/418/306 
f 303/422/303 308/423/308 220/424/220 
f 219/309/219 223/308/223 304/415/304 
f 309/425/309 310/426/310 311/427/311 
f 311/427/311 312/428/312 309/425/309 
f 312/429/312 267/369/267 266/368/266 
f 266/368/266 309/430/309 312/429/312 
f 309/430/309 266/368/266 273/375/273 
f 273/375/273 313/431/313 309/430/309 
f 313/431/313 314/432/314 310/433/310 
f 310/433/310 309/430/309 313/431/313 
f 315/434/315 316/435/316 317/436/317 
f 317/436/317 318/437/318 315/434/315 
f 318/438/318 319/439/319 320/440/320 
f 320/440/320 315/441/315 318/438/318 
f 315/441/315 320/440/320 129/179/129 
f 129/179/129 128/178/128 315/441/315 
f 128/442/128 121/166/121 316/443/316 
f 316/443/316 315/444/315 128/442/128 
f 321/445/321 322/446/322 228/314/228 
f 228/314/228 227/313/227 321/445/321 
f 227/313/227 226/312/226 323/447/323 
f 323/447/323 321/445/321 227/313/227 
f 321/448/321 323/449/323 319/439/319 
f 319/439/319 318/438/318 321/448/321 
f 318/437/318 317/436/317 322/450/322 
f 322/450/322 321/451/321 318/437/318 
f 324/452/324 325/453/325 326/454/326 
f 326/454/326 327/455/327 324/452/324 
f 327/455/327 317/436/317 316/435/316 
f 316/435/316 324/452/324 327/455/327 
f 324/452/324 316/435/316 121/456/121 
f 121/456/121 120/164/120 324/452/324 
f 120/164/120 119/163/119 325/453/325 
f 325/453/325 324/452/324 120/164/120 
f 328/457/328 329/458/329 232/321/232 
f 232/321/232 231/320/231 328/457/328 
f 231/320/231 228/319/228 322/450/322 
f 322/450/322 328/457/328 231/320/231 
f 328/457/328 322/450/322 317/436/317 
f 317/436/317 327/455/327 328/457/328 
f 327/455/327 326/454/326 329/458/329 
f 329/458/329 328/457/328 327/455/327 
f 330/459/330 331/460/331 332/461/332 
f 333/462/333 326/454/326 325/453/325 
f 325/453/325 330/463/330 333/462/333 
f 330/463/330 325/453/325 119/163/119 
f 119/163/119 142/197/142 330/463/330 
f 142/197/142 141/196/141 331/464/331 
f 331/464/331 330/463/330 142/197/142 
f 334/465/334 335/466/335 238/329/238 
f 238/329/238 237/328/237 334/465/334 
f 237/467/237 232/468/232 329/469/329 
f 329/469/329 334/470/334 237/467/237 
f 334/465/334 329/471/329 326/472/326 
f 326/472/326 333/473/333 334/465/334 
f 333/474/333 332/461/332 335/475/335 
f 335/475/335 334/476/334 333/474/333 
f 336/477/336 337/478/337 338/479/338 
f 338/479/338 339/480/339 336/477/336 
f 339/481/339 332/461/332 331/460/331 
f 331/460/331 336/482/336 339/481/339 
f 336/483/336 331/464/331 141/196/141 
f 141/196/141 340/484/340 336/483/336 
f 340/484/340 341/485/341 337/486/337 
f 337/486/337 336/483/336 340/484/340 
f 342/487/342 343/488/343 244/338/244 
f 244/338/244 243/337/243 342/487/342 
f 243/337/243 238/336/238 335/475/335 
f 335/475/335 342/487/342 243/337/243 
f 342/487/342 335/475/335 332/461/332 
f 332/461/332 339/481/339 342/487/342 
f 339/481/339 338/489/338 343/488/343 
f 343/488/343 342/487/342 339/481/339 
f 344/490/344 345/491/345 346/492/346 
f 346/492/346 347/493/347 344/490/344 
f 347/493/347 348/494/348 349/495/349 
f 349/495/349 344/490/344 347/493/347 
f 344/490/344 349/495/349 295/403/295 
f 295/403/295 294/402/294 344/490/344 
f 294/402/294 293/401/293 345/491/345 
f 345/491/345 344/490/344 294/402/294 
f 350/496/350 351/497/351 253/349/253 
f 253/349/253 252/348/252 350/496/350 
f 252/347/252 251/346/251 352/498/352 
f 350/499/350 352/498/352 348/494/348 
f 348/494/348 347/493/347 350/499/350 
f 347/493/347 346/492/346 351/500/351 
f 351/500/351 350/499/350 347/493/347 
f 353/501/353 206/502/206 209/503/209 
f 209/503/209 354/504/354 353/501/353 
f 354/504/354 355/505/355 356/506/356 
f 356/506/356 353/501/353 354/504/354 
f 353/501/353 356/506/356 357/507/357 
f 357/507/357 358/508/358 353/501/353 
f 358/508/358 210/509/210 206/502/206 
f 206/502/206 353/501/353 358/508/358 
f 259/358/259 258/357/258 359/510/359 
f 359/510/359 360/511/360 259/358/259 
f 359/510/359 357/507/357 356/506/356 
f 356/506/356 360/511/360 359/510/359 
f 360/511/360 356/506/356 355/505/355 
f 355/505/355 361/512/361 360/511/360 
f 361/512/361 260/359/260 259/358/259 
f 259/358/259 360/511/360 361/512/361 
f 362/513/362 306/417/306 305/416/305 
f 363/514/363 311/427/311 310/426/310 
f 310/426/310 362/513/362 363/514/363 
f 362/515/362 310/516/310 314/517/314 
f 314/517/314 364/518/364 362/515/362 
f 364/518/364 307/419/307 306/418/306 
f 306/418/306 362/515/362 364/518/364 
f 365/519/365 284/396/284 267/395/267 
f 267/395/267 312/428/312 365/519/365 
f 312/428/312 311/427/311 366/520/366 
f 366/520/366 365/519/365 312/428/312 
f 365/521/365 366/522/366 367/523/367 
f 367/523/367 368/524/368 365/521/365 
f 368/524/368 285/525/285 284/526/284 
f 284/526/284 365/521/365 368/524/368 
f 369/527/369 370/528/370 371/529/371 
f 371/529/371 372/530/372 369/527/369 
f 372/530/372 373/531/373 374/532/374 
f 374/532/374 369/527/369 372/530/372 
f 369/533/369 374/534/374 375/535/375 
f 375/535/375 376/536/376 369/533/369 
f 376/537/376 377/538/377 370/539/370 
f 370/539/370 369/540/369 376/537/376 
f 378/541/378 379/542/379 380/543/380 
f 380/543/380 381/544/381 378/541/378 
f 381/544/381 382/545/382 383/546/383 
f 383/546/383 378/541/378 381/544/381 
f 378/547/378 383/548/383 384/549/384 
f 384/549/384 385/550/385 378/547/378 
f 385/551/385 386/552/386 379/542/379 
f 379/542/379 378/541/378 385/551/385 
f 387/553/387 388/554/388 389/555/389 
f 389/555/389 390/556/390 387/553/387 
f 390/556/390 391/557/391 392/558/392 
f 392/558/392 387/553/387 390/556/390 
f 387/559/387 392/560/392 382/545/382 
f 382/545/382 381/544/381 387/559/387 
f 381/544/381 380/543/380 388/561/388 
f 388/561/388 387/559/387 381/544/381 
f 393/562/393 370/539/370 377/538/377 
f 377/538/377 394/563/394 393/562/393 
f 394/564/394 395/565/395 396/566/396 
f 396/566/396 393/567/393 394/564/394 
f 393/567/393 396/566/396 397/568/397 
f 397/568/397 398/569/398 393/567/393 
f 398/570/398 371/529/371 370/528/370 
f 370/528/370 393/571/393 398/570/398 
f 399/572/399 400/573/400 377/538/377 
f 377/538/377 376/537/376 399/572/399 
f 376/537/376 375/574/375 401/575/401 
f 401/575/401 399/572/399 376/537/376 
f 399/576/399 401/577/401 402/578/402 
f 402/578/402 403/579/403 399/576/399 
f 403/580/403 404/581/404 400/582/400 
f 405/583/405 406/584/406 384/585/384 
f 407/586/407 408/587/408 409/588/409 
f 409/588/409 405/583/405 407/586/407 
f 401/577/401 405/589/405 409/590/409 
f 409/590/409 402/578/402 401/577/401 
f 401/577/401 375/535/375 406/591/406 
f 406/591/406 405/589/405 401/577/401 
f 410/592/410 383/546/383 382/545/382 
f 382/545/382 411/593/411 410/592/410 
f 411/594/411 412/595/412 413/596/413 
f 413/596/413 410/597/410 411/594/411 
f 410/598/410 413/599/413 408/587/408 
f 408/587/408 407/586/407 410/598/410 
f 407/586/407 384/585/384 383/600/383 
f 383/600/383 410/598/410 407/586/407 
f 414/601/414 392/558/392 391/557/391 
f 391/557/391 415/602/415 414/601/414 
f 415/603/415 416/604/416 417/605/417 
f 417/605/417 414/606/414 415/603/415 
f 414/606/414 417/605/417 412/607/412 
f 412/607/412 411/608/411 414/606/414 
f 411/593/411 382/545/382 392/560/392 
f 392/560/392 414/609/414 411/593/411 
f 418/610/418 415/611/415 391/612/391 
f 391/612/391 419/613/419 418/610/418 
f 419/613/419 395/565/395 420/614/420 
f 420/614/420 418/610/418 419/613/419 
f 418/610/418 420/614/420 421/615/421 
f 421/615/421 422/616/422 418/610/418 
f 422/616/422 416/617/416 415/611/415 
f 415/611/415 418/610/418 422/616/422 
f 423/618/423 400/582/400 404/581/404 
f 404/581/404 424/619/424 423/618/423 
f 424/620/424 421/615/421 420/614/420 
f 423/621/423 420/622/420 395/623/395 
f 395/623/395 394/624/394 423/621/423 
f 394/563/394 377/538/377 400/573/400 
f 400/573/400 423/625/423 394/563/394 
f 425/626/425 426/627/426 404/581/404 
f 404/581/404 403/580/403 425/626/425 
f 403/580/403 402/628/402 427/629/427 
f 427/629/427 425/626/425 403/580/403 
f 425/626/425 427/629/427 428/630/428 
f 428/630/428 429/631/429 425/626/425 
f 429/631/429 430/632/430 426/627/426 
f 426/627/426 425/626/425 429/631/429 
f 431/633/431 427/629/427 402/628/402 
f 402/628/402 409/634/409 431/633/431 
f 432/635/432 431/636/431 409/588/409 
f 409/588/409 408/587/408 432/635/432 
f 431/636/431 432/635/432 433/637/433 
f 433/637/433 434/638/434 431/636/431 
f 434/639/434 428/630/428 427/629/427 
f 427/629/427 431/633/431 434/639/434 
f 435/640/435 413/599/413 412/641/412 
f 412/641/412 436/642/436 435/640/435 
f 436/642/436 437/643/437 438/644/438 
f 438/644/438 435/640/435 436/642/436 
f 435/640/435 438/644/438 433/637/433 
f 433/637/433 432/635/432 435/640/435 
f 432/635/432 408/587/408 413/599/413 
f 413/599/413 435/640/435 432/635/432 
f 439/645/439 417/605/417 416/604/416 
f 416/604/416 440/646/440 439/645/439 
f 440/646/440 441/647/441 442/648/442 
f 442/648/442 439/645/439 440/646/440 
f 439/645/439 442/648/442 437/649/437 
f 436/650/436 412/607/412 417/605/417 
f 417/605/417 439/645/439 436/650/436 
f 422/616/422 421/615/421 443/651/443 
f 443/651/443 444/652/444 422/616/422 
f 444/652/444 443/651/443 445/653/445 
f 445/653/445 446/654/446 444/652/444 
f 444/655/444 446/656/446 441/647/441 
f 441/647/441 440/646/440 444/655/444 
f 440/657/440 416/617/416 422/616/422 
f 422/616/422 444/652/444 440/657/440 
f 447/658/447 426/659/426 430/660/430 
f 430/660/430 448/661/448 447/658/447 
f 448/661/448 445/653/445 443/651/443 
f 443/651/443 447/658/447 448/661/448 
f 447/658/447 443/651/443 421/615/421 
f 421/615/421 424/620/424 447/658/447 
f 424/619/424 404/581/404 426/627/426 
f 449/662/449 450/663/450 451/664/451 
f 451/664/451 452/665/452 449/662/449 
f 449/662/449 452/665/452 453/666/453 
f 453/666/453 454/667/454 449/662/449 
f 449/668/449 454/669/454 455/670/455 
f 455/670/455 456/671/456 449/668/449 
f 456/672/456 457/673/457 450/674/450 
f 450/674/450 449/675/449 456/672/456 
f 458/676/458 459/677/459 460/678/460 
f 461/679/461 462/680/462 463/681/463 
f 463/681/463 458/676/458 461/679/461 
f 458/682/458 463/683/463 451/664/451 
f 451/664/451 464/684/464 458/682/458 
f 464/684/464 465/685/465 459/686/459 
f 459/686/459 458/682/458 464/684/464 
f 466/687/466 467/688/467 468/689/468 
f 468/689/468 469/690/469 466/687/466 
f 470/691/470 466/687/466 469/690/469 
f 469/690/469 471/692/471 470/691/470 
f 466/687/466 470/691/470 462/693/462 
f 462/693/462 461/694/461 466/687/466 
f 461/695/461 460/696/460 467/697/467 
f 467/697/467 466/698/466 461/695/461 
f 472/699/472 469/700/469 468/701/468 
f 468/701/468 473/702/473 472/699/472 
f 473/703/473 474/704/474 475/705/475 
f 475/705/475 472/706/472 473/703/473 
f 472/706/472 475/705/475 476/707/476 
f 476/707/476 477/708/477 472/706/472 
f 477/709/477 471/692/471 469/690/469 
f 469/690/469 472/710/472 477/709/477 
f 478/711/478 475/705/475 474/704/474 
f 474/704/474 479/712/479 478/711/478 
f 479/712/479 480/713/480 481/714/481 
f 481/714/481 478/711/478 479/712/479 
f 478/711/478 481/714/481 482/715/482 
f 482/715/482 483/716/483 478/711/478 
f 483/716/483 476/707/476 475/705/475 
f 475/705/475 478/711/478 483/716/483 
f 484/717/484 485/718/485 486/719/486 
f 487/720/487 457/721/457 488/722/488 
f 488/722/488 484/723/484 487/720/487 
f 488/722/488 482/724/482 481/725/481 
f 481/725/481 484/723/484 488/722/488 
f 480/726/480 485/727/485 484/723/484 
f 484/723/484 481/725/481 480/726/480 
f 489/728/489 450/663/450 457/729/457 
f 457/729/457 487/730/487 489/728/489 
f 489/728/489 487/730/487 486/731/486 
f 486/731/486 490/732/490 489/728/489 
f 489/728/489 490/732/490 465/685/465 
f 464/684/464 451/664/451 450/663/450 
f 450/663/450 489/728/489 464/684/464 
f 491/733/491 492/734/492 428/630/428 
f 428/630/428 434/639/434 491/733/491 
f 434/638/434 433/637/433 493/735/493 
f 493/735/493 491/736/491 434/638/434 
f 493/735/493 494/737/494 495/738/495 
f 495/738/495 491/736/491 493/735/493 
f 495/739/495 496/740/496 492/734/492 
f 492/734/492 491/733/491 495/739/495 
f 497/741/497 498/742/498 494/737/494 
f 494/737/494 493/735/493 497/741/497 
f 493/735/493 433/637/433 438/644/438 
f 438/644/438 497/741/497 493/735/493 
f 497/741/497 438/644/438 437/643/437 
f 437/643/437 499/743/499 497/741/497 
f 499/743/499 500/744/500 498/742/498 
f 498/742/498 497/741/497 499/743/499 
f 501/745/501 442/648/442 441/647/441 
f 441/647/441 502/746/502 501/745/501 
f 502/746/502 503/747/503 504/748/504 
f 504/748/504 501/745/501 502/746/502 
f 501/745/501 504/748/504 500/749/500 
f 500/749/500 499/750/499 501/745/501 
f 499/750/499 437/649/437 442/648/442 
f 442/648/442 501/745/501 499/750/499 
f 505/751/505 446/654/446 445/653/445 
f 445/653/445 506/752/506 505/751/505 
f 506/752/506 507/753/507 508/754/508 
f 508/754/508 505/751/505 506/752/506 
f 505/751/505 508/754/508 503/755/503 
f 503/755/503 502/756/502 505/751/505 
f 502/757/502 441/758/441 446/759/446 
f 446/759/446 505/760/505 502/757/502 
f 509/761/509 506/752/506 445/653/445 
f 445/653/445 448/661/448 509/761/509 
f 448/661/448 430/660/430 510/762/510 
f 510/762/510 509/761/509 448/661/448 
f 509/761/509 510/762/510 511/763/511 
f 511/763/511 512/764/512 509/761/509 
f 506/752/506 509/761/509 512/764/512 
f 512/764/512 507/753/507 506/752/506 
f 513/765/513 492/734/492 496/740/496 
f 496/740/496 514/766/514 513/765/513 
f 514/766/514 511/767/511 510/768/510 
f 513/765/513 510/768/510 430/632/430 
f 430/632/430 429/631/429 513/765/513 
f 429/631/429 428/630/428 492/734/492 
f 492/734/492 513/765/513 429/631/429 
f 515/769/515 495/738/495 494/737/494 
f 494/737/494 516/770/516 515/769/515 
f 516/770/516 517/771/517 518/772/518 
f 518/772/518 515/769/515 516/770/516 
f 515/769/515 518/772/518 519/773/519 
f 515/774/515 520/775/520 496/740/496 
f 496/740/496 495/739/495 515/774/515 
f 521/776/521 467/697/467 460/696/460 
f 460/696/460 522/777/522 521/776/521 
f 522/777/522 523/778/523 524/779/524 
f 524/779/524 521/776/521 522/777/522 
f 521/780/521 524/781/524 525/782/525 
f 525/782/525 526/783/526 521/780/521 
f 526/783/526 468/701/468 467/784/467 
f 467/784/467 521/780/521 526/783/526 
f 527/785/527 528/786/528 529/787/529 
f 529/787/529 530/788/530 527/785/527 
f 530/788/530 531/789/531 532/790/532 
f 532/790/532 527/785/527 530/788/530 
f 527/791/527 532/792/532 525/793/525 
f 533/794/533 517/771/517 528/795/528 
f 528/795/528 527/796/527 533/794/533 
f 534/797/534 498/742/498 500/744/500 
f 500/744/500 535/798/535 534/797/534 
f 535/799/535 529/787/529 528/786/528 
f 528/786/528 534/800/534 535/799/535 
f 534/797/534 528/795/528 517/771/517 
f 517/771/517 516/770/516 534/797/534 
f 516/770/516 494/737/494 498/742/498 
f 498/742/498 534/797/534 516/770/516 
f 526/783/526 525/782/525 532/801/532 
f 532/801/532 536/802/536 526/783/526 
f 532/790/532 531/789/531 537/803/537 
f 537/803/537 536/804/536 532/790/532 
f 537/803/537 474/704/474 473/703/473 
f 473/703/473 536/804/536 537/803/537 
f 536/802/536 473/702/473 468/701/468 
f 468/701/468 526/783/526 536/802/536 
f 538/805/538 504/748/504 503/747/503 
f 503/747/503 539/806/539 538/805/538 
f 539/806/539 540/807/540 541/808/541 
f 541/808/541 538/805/538 539/806/539 
f 538/805/538 541/808/541 529/787/529 
f 529/787/529 535/799/535 538/805/538 
f 535/799/535 500/749/500 504/748/504 
f 504/748/504 538/805/538 535/799/535 
f 542/809/542 508/754/508 507/753/507 
f 507/753/507 543/810/543 542/809/542 
f 543/810/543 544/811/544 545/812/545 
f 545/812/545 542/809/542 543/810/543 
f 542/809/542 545/812/545 540/813/540 
f 540/813/540 539/814/539 542/809/542 
f 539/814/539 503/755/503 508/754/508 
f 508/754/508 542/809/542 539/814/539 
f 524/779/524 523/778/523 546/815/546 
f 546/815/546 519/816/519 518/817/518 
f 547/818/547 518/817/518 517/819/517 
f 533/820/533 525/793/525 524/779/524 
f 548/821/548 549/822/549 550/823/550 
f 550/823/550 551/824/551 548/821/548 
f 551/824/551 480/713/480 479/712/479 
f 479/712/479 548/821/548 551/824/551 
f 548/821/548 479/712/479 474/704/474 
f 474/704/474 537/803/537 548/821/548 
f 537/803/537 531/789/531 549/822/549 
f 549/822/549 548/821/548 537/803/537 
f 552/825/552 553/826/553 554/827/554 
f 555/828/555 556/829/556 557/830/557 
f 552/831/552 557/832/557 550/833/550 
f 550/833/550 558/834/558 552/831/552 
f 558/835/558 559/836/559 553/837/553 
f 553/837/553 552/838/552 558/835/558 
f 560/839/560 557/840/557 556/841/556 
f 561/842/561 486/731/486 485/843/485 
f 485/843/485 560/844/560 561/842/561 
f 560/845/560 485/846/485 480/847/480 
f 480/847/480 551/848/551 560/845/560 
f 551/848/551 550/833/550 557/832/557 
f 557/832/557 560/845/560 551/848/551 
f 561/849/561 556/829/556 562/850/562 
f 562/850/562 563/851/563 561/849/561 
f 562/850/562 564/852/564 565/853/565 
f 565/853/565 563/851/563 562/850/562 
f 563/854/563 565/855/565 465/685/465 
f 465/685/465 490/732/490 563/854/563 
f 490/732/490 486/731/486 561/842/561 
f 566/856/566 459/686/459 465/685/465 
f 465/685/465 565/855/565 566/856/566 
f 565/853/565 564/852/564 567/857/567 
f 567/857/567 566/858/566 565/853/565 
f 566/859/566 567/860/567 523/778/523 
f 523/778/523 522/777/522 566/859/566 
f 522/777/522 460/696/460 459/861/459 
f 568/862/568 567/857/567 564/852/564 
f 564/852/564 569/863/569 568/862/568 
f 569/863/569 570/864/570 571/865/571 
f 571/865/571 568/862/568 569/863/569 
f 568/866/568 571/867/571 572/868/572 
f 572/868/572 573/869/573 568/866/568 
f 573/869/573 523/778/523 567/860/567 
f 567/860/567 568/866/568 573/869/573 
f 574/870/574 571/865/571 570/864/570 
f 575/871/575 576/872/576 577/873/577 
f 577/873/577 574/874/574 575/871/575 
f 574/875/574 577/876/577 578/877/578 
f 578/877/578 579/878/579 574/875/574 
f 579/878/579 572/868/572 571/867/571 
f 571/867/571 574/875/574 579/878/579 
f 580/879/580 581/880/581 582/881/582 
f 582/881/582 583/882/583 580/879/580 
f 580/879/580 583/882/583 584/883/584 
f 584/883/584 585/884/585 580/879/580 
f 580/879/580 585/884/585 586/885/586 
f 587/886/587 588/887/588 584/888/584 
f 584/888/584 583/889/583 587/886/587 
f 583/890/583 582/891/582 589/892/589 
f 589/892/589 587/893/587 583/890/583 
f 587/893/587 589/892/589 576/894/576 
f 576/894/576 575/895/575 587/893/587 
f 575/895/575 570/864/570 588/896/588 
f 588/896/588 587/893/587 575/895/575 
f 590/897/590 591/898/591 592/899/592 
f 592/899/592 593/900/593 590/897/590 
f 593/901/593 594/902/594 595/903/595 
f 595/903/595 590/904/590 593/901/593 
f 590/904/590 595/903/595 596/905/596 
f 597/906/597 598/907/598 591/908/591 
f 599/909/599 600/910/600 601/911/601 
f 601/911/601 602/912/602 599/909/599 
f 602/912/602 601/911/601 594/902/594 
f 594/902/594 593/901/593 602/912/602 
f 593/900/593 592/899/592 603/913/603 
f 603/913/603 602/914/602 593/900/593 
f 603/913/603 586/885/586 599/915/599 
f 599/915/599 602/914/602 603/913/603 
f 604/916/604 601/911/601 600/910/600 
f 600/910/600 605/917/605 604/916/604 
f 605/917/605 606/918/606 607/919/607 
f 607/919/607 604/916/604 605/917/605 
f 604/916/604 607/919/607 608/920/608 
f 608/920/608 609/921/609 604/916/604 
f 609/921/609 594/902/594 601/911/601 
f 601/911/601 604/916/604 609/921/609 
f 610/922/610 611/923/611 612/924/612 
f 612/924/612 613/925/613 610/922/610 
f 613/925/613 556/829/556 555/828/555 
f 610/926/610 555/927/555 554/928/554 
f 554/928/554 614/929/614 610/926/610 
f 614/929/614 615/930/615 611/931/611 
f 611/931/611 610/926/610 614/929/614 
f 616/932/616 617/933/617 618/934/618 
f 619/935/619 564/852/564 562/850/562 
f 616/932/616 562/850/562 556/829/556 
f 556/829/556 613/925/613 616/932/616 
f 613/925/613 612/924/612 617/933/617 
f 620/936/620 618/937/618 617/938/617 
f 621/939/621 617/938/617 612/940/612 
f 612/940/612 622/941/622 621/939/621 
f 621/939/621 622/941/622 623/942/623 
f 623/942/623 620/936/620 621/939/621 
f 624/943/624 619/935/619 618/934/618 
f 625/944/625 584/883/584 588/945/588 
f 588/945/588 624/946/624 625/944/625 
f 624/943/624 588/896/588 570/864/570 
f 570/864/570 569/863/569 624/943/624 
f 569/863/569 564/852/564 619/935/619 
f 626/947/626 585/884/585 584/883/584 
f 625/944/625 618/948/618 627/949/627 
f 627/949/627 626/947/626 625/944/625 
f 627/949/627 628/950/628 629/951/629 
f 629/951/629 586/885/586 585/884/585 
f 630/952/630 628/953/628 627/954/627 
f 627/954/627 631/955/631 630/952/630 
f 627/954/627 618/937/618 620/936/620 
f 620/936/620 631/955/631 627/954/627 
f 631/955/631 620/936/620 623/942/623 
f 623/942/623 632/956/632 631/955/631 
f 632/956/632 633/957/633 630/952/630 
f 630/952/630 631/955/631 632/956/632 
f 634/958/634 629/951/629 628/950/628 
f 628/950/628 635/959/635 634/958/634 
f 635/959/635 636/960/636 637/961/637 
f 634/962/634 637/963/637 600/910/600 
f 600/910/600 599/909/599 634/962/634 
f 599/915/599 586/885/586 629/951/629 
f 629/951/629 634/958/634 599/915/599 
f 638/964/638 639/965/639 640/966/640 
f 640/966/640 641/967/641 638/964/638 
f 641/967/641 642/968/642 643/969/643 
f 643/969/643 638/964/638 641/967/641 
f 638/964/638 643/969/643 636/960/636 
f 636/960/636 635/959/635 638/964/638 
f 635/959/635 628/950/628 639/965/639 
f 639/965/639 638/964/638 635/959/635 
f 644/970/644 645/971/645 646/972/646 
f 646/972/646 647/973/647 644/970/644 
f 644/970/644 647/973/647 648/974/648 
f 648/974/648 649/975/649 644/970/644 
f 649/975/649 650/976/650 651/977/651 
f 651/977/651 644/970/644 649/975/649 
f 651/977/651 606/978/606 645/971/645 
f 652/979/652 637/963/637 636/980/636 
f 652/981/652 653/982/653 646/983/646 
f 646/983/646 645/984/645 652/981/652 
f 652/981/652 645/984/645 606/985/606 
f 605/917/605 600/910/600 637/963/637 
f 637/963/637 652/979/652 605/917/605 
f 654/986/654 649/975/649 648/974/648 
f 648/974/648 655/987/655 654/986/654 
f 654/988/654 655/989/655 656/990/656 
f 656/990/656 657/991/657 654/988/654 
f 657/991/657 633/957/633 658/992/658 
f 658/992/658 654/988/654 657/991/657 
f 654/986/654 658/993/658 650/976/650 
f 650/976/650 649/975/649 654/986/654 
f 659/994/659 660/995/660 661/996/661 
f 661/996/661 662/997/662 659/994/659 
f 662/998/662 646/983/646 653/982/653 
f 653/982/653 659/999/659 662/998/662 
f 653/1000/653 636/1001/636 643/1002/643 
f 659/994/659 643/1003/643 642/1004/642 
f 642/1004/642 660/995/660 659/994/659 
f 663/1005/663 630/952/630 633/957/633 
f 633/957/633 657/991/657 663/1005/663 
f 657/991/657 656/990/656 664/1006/664 
f 664/1006/664 663/1005/663 657/991/657 
f 663/1005/663 664/1006/664 640/1007/640 
f 640/1007/640 639/1008/639 663/1005/663 
f 639/1008/639 628/953/628 630/952/630 
f 630/952/630 663/1005/663 639/1008/639 
f 665/1009/665 664/1006/664 656/990/656 
f 660/1010/660 665/1009/665 666/1011/666 
f 666/1011/666 661/1012/661 660/1010/660 
f 665/1013/665 660/1014/660 642/968/642 
f 642/968/642 641/967/641 665/1013/665 
f 641/1015/641 640/1007/640 664/1006/664 
f 667/1016/667 662/1017/662 661/1018/661 
f 666/1011/666 656/990/656 655/989/655 
f 667/1016/667 655/987/655 648/974/648 
f 647/973/647 646/972/646 662/1017/662 
f 668/1019/668 669/1020/669 670/1021/670 
f 670/1021/670 671/1022/671 668/1019/668 
f 671/1022/671 94/1023/94 93/1024/93 
f 93/1024/93 668/1019/668 671/1022/671 
f 668/1025/668 93/1026/93 81/132/81 
f 81/132/81 99/131/99 668/1025/668 
f 99/131/99 98/130/98 669/1027/669 
f 669/1027/669 668/1025/668 99/131/99 
f 672/1028/672 170/1029/170 94/1023/94 
f 94/1023/94 671/1022/671 672/1028/672 
f 671/1022/671 670/1021/670 673/1030/673 
f 673/1030/673 672/1028/672 671/1022/671 
f 672/1028/672 673/1030/673 674/1031/674 
f 674/1031/674 675/1032/675 672/1028/672 
f 675/1032/675 172/1033/172 170/1029/170 
f 170/1029/170 672/1028/672 675/1032/675 
f 676/1034/676 673/1030/673 670/1021/670 
f 670/1021/670 677/1035/677 676/1034/676 
f 677/1035/677 678/1036/678 679/1037/679 
f 679/1037/679 676/1034/676 677/1035/677 
f 676/1034/676 679/1037/679 680/1038/680 
f 680/1038/680 681/1039/681 676/1034/676 
f 681/1039/681 674/1031/674 673/1030/673 
f 673/1030/673 676/1034/676 681/1039/681 
f 675/1032/675 674/1031/674 682/1040/682 
f 682/1040/682 683/1041/683 675/1032/675 
f 683/1042/683 682/1043/682 684/1044/684 
f 684/1044/684 685/1045/685 683/1042/683 
f 683/1046/683 685/1047/685 214/1048/214 
f 214/1048/214 213/1049/213 683/1046/683 
f 213/1050/213 172/1051/172 675/1052/675 
f 675/1052/675 683/1053/683 213/1050/213 
f 686/1054/686 681/1039/681 680/1038/680 
f 680/1038/680 687/1055/687 686/1054/686 
f 687/1056/687 688/1057/688 689/1058/689 
f 689/1058/689 686/1059/686 687/1056/687 
f 686/1060/686 689/1061/689 684/1044/684 
f 684/1044/684 682/1043/682 686/1060/686 
f 686/1054/686 682/1040/682 674/1031/674 
f 674/1031/674 681/1039/681 686/1054/686 
f 685/1047/685 684/1062/684 690/1063/690 
f 690/1063/690 691/1064/691 685/1047/685 
f 691/1065/691 690/1066/690 692/1067/692 
f 693/1068/693 223/1069/223 222/1070/222 
f 222/1071/222 214/1048/214 685/1047/685 
f 685/1047/685 691/1064/691 222/1071/222 
f 694/1072/694 690/1073/690 684/1044/684 
f 684/1044/684 689/1061/689 694/1072/694 
f 694/1074/694 689/1058/689 688/1057/688 
f 688/1057/688 695/1075/695 694/1074/694 
f 695/1076/695 696/1077/696 697/1078/697 
f 697/1078/697 694/1072/694 695/1076/695 
f 697/1078/697 692/1079/692 690/1073/690 
f 690/1073/690 694/1072/694 697/1078/697 
f 698/1080/698 699/1081/699 700/1082/700 
f 700/1082/700 701/1083/701 698/1080/698 
f 701/1083/701 367/523/367 366/522/366 
f 366/522/366 698/1080/698 701/1083/701 
f 698/1084/698 366/520/366 311/427/311 
f 311/427/311 363/514/363 698/1084/698 
f 698/1084/698 363/514/363 305/416/305 
f 702/1085/702 703/1086/703 700/1082/700 
f 699/1087/699 305/416/305 304/415/304 
f 702/1088/702 304/415/304 223/308/223 
f 693/1089/693 692/1090/692 703/1091/703 
f 704/1092/704 703/1093/703 692/1079/692 
f 692/1079/692 697/1078/697 704/1092/704 
f 704/1092/704 697/1078/697 696/1077/696 
f 696/1077/696 705/1094/705 704/1092/704 
f 705/1095/705 706/1096/706 707/1097/707 
f 707/1097/707 704/1098/704 705/1095/705 
f 704/1092/704 707/1099/707 700/1100/700 
f 700/1100/700 703/1093/703 704/1092/704 
f 708/1101/708 669/1102/669 98/1103/98 
f 98/1103/98 709/1104/709 708/1101/708 
f 709/1105/709 710/1106/710 711/1107/711 
f 711/1107/711 708/1108/708 709/1105/709 
f 708/1108/708 711/1107/711 678/1036/678 
f 678/1036/678 677/1035/677 708/1108/708 
f 677/1035/677 670/1021/670 669/1020/669 
f 669/1020/669 708/1108/708 677/1035/677 
f 709/1109/709 712/1110/712 713/1111/713 
f 713/1111/713 710/1112/710 709/1109/709 
f 709/1109/709 98/130/98 97/129/97 
f 97/129/97 712/1110/712 709/1109/709 
f 712/1110/712 97/129/97 101/1113/101 
f 101/1113/101 714/1114/714 712/1110/712 
f 714/1114/714 715/1115/715 713/1111/713 
f 713/1111/713 712/1110/712 714/1114/714 
f 716/1116/716 717/1117/717 718/1118/718 
f 718/1118/718 719/1119/719 716/1116/716 
f 718/1118/718 710/1120/710 713/1121/713 
f 713/1121/713 719/1119/719 718/1118/718 
f 719/1119/719 713/1121/713 715/1122/715 
f 715/1122/715 720/1123/720 719/1119/719 
f 716/1116/716 719/1119/719 720/1123/720 
f 720/1123/720 721/1124/721 716/1116/716 
f 722/1125/722 678/1036/678 711/1107/711 
f 711/1107/711 723/1126/723 722/1125/722 
f 711/1107/711 710/1106/710 724/1127/724 
f 724/1127/724 723/1126/723 711/1107/711 
f 723/1128/723 724/1129/724 725/1130/725 
f 725/1130/725 722/1131/722 723/1128/723 
f 726/1132/726 718/1118/718 717/1117/717 
f 717/1117/717 727/1133/727 726/1132/726 
f 727/1133/727 728/1134/728 729/1135/729 
f 729/1135/729 726/1132/726 727/1133/727 
f 729/1135/729 725/1136/725 724/1137/724 
f 724/1137/724 726/1132/726 729/1135/729 
f 726/1132/726 724/1137/724 710/1120/710 
f 730/1138/730 731/1139/731 732/1140/732 
f 732/1140/732 733/1141/733 730/1138/730 
f 732/1142/732 680/1038/680 679/1037/679 
f 679/1037/679 733/1143/733 732/1142/732 
f 733/1143/733 679/1037/679 678/1036/678 
f 678/1036/678 722/1125/722 733/1143/733 
f 722/1125/722 725/1144/725 730/1145/730 
f 730/1145/730 733/1143/733 722/1125/722 
f 734/1146/734 735/1147/735 736/1148/736 
f 736/1148/736 737/1149/737 734/1146/734 
f 737/1150/737 738/1151/738 739/1152/739 
f 739/1152/739 734/1153/734 737/1150/737 
f 734/1146/734 739/1154/739 728/1134/728 
f 728/1134/728 727/1133/727 734/1146/734 
f 727/1133/727 717/1117/717 735/1147/735 
f 735/1147/735 734/1146/734 727/1133/727 
f 740/1155/740 741/1156/741 738/1157/738 
f 738/1157/738 737/1158/737 740/1155/740 
f 737/1149/737 736/1148/736 742/1159/742 
f 742/1159/742 740/1160/740 737/1149/737 
f 740/1160/740 742/1159/742 7/7/7 
f 7/7/7 13/13/13 740/1160/740 
f 13/13/13 12/12/12 741/1161/741 
f 741/1161/741 740/1160/740 13/13/13 
f 743/1162/743 744/1163/744 745/1164/745 
f 745/1164/745 746/1165/746 743/1162/743 
f 730/1166/730 746/1165/746 745/1164/745 
f 745/1164/745 731/1167/731 730/1166/730 
f 746/1165/746 730/1166/730 725/1136/725 
f 725/1136/725 729/1135/729 746/1165/746 
f 746/1165/746 729/1135/729 728/1134/728 
f 728/1134/728 743/1162/743 746/1165/746 
f 743/1162/743 728/1134/728 739/1154/739 
f 739/1154/739 747/1168/747 743/1162/743 
f 747/1168/747 739/1154/739 738/1169/738 
f 738/1169/738 748/1170/748 747/1168/747 
f 747/1168/747 748/1170/748 744/1163/744 
f 744/1163/744 743/1162/743 747/1168/747 
f 749/1171/749 741/1156/741 12/1172/12 
f 12/1172/12 126/1173/126 749/1171/749 
f 749/1174/749 126/176/126 125/175/125 
f 125/175/125 750/1175/750 749/1174/749 
f 749/1171/749 750/1176/750 751/1177/751 
f 751/1177/751 752/1178/752 749/1171/749 
f 752/1178/752 738/1157/738 741/1156/741 
f 741/1156/741 749/1171/749 752/1178/752 
f 753/1179/753 732/1140/732 731/1139/731 
f 731/1139/731 754/1180/754 753/1179/753 
f 754/1180/754 755/1181/755 756/1182/756 
f 756/1182/756 753/1179/753 754/1180/754 
f 753/1183/753 756/1184/756 688/1057/688 
f 688/1057/688 687/1056/687 753/1183/753 
f 687/1055/687 680/1038/680 732/1142/732 
f 732/1142/732 753/1185/753 687/1055/687 
f 752/1186/752 751/1187/751 757/1188/757 
f 757/1188/757 758/1189/758 752/1186/752 
f 757/1188/757 759/1190/759 760/1191/760 
f 760/1191/760 758/1189/758 757/1188/757 
f 758/1189/758 760/1191/760 744/1163/744 
f 744/1163/744 748/1170/748 758/1189/758 
f 748/1170/748 738/1169/738 752/1186/752 
f 752/1186/752 758/1189/758 748/1170/748 
f 761/1192/761 760/1191/760 759/1190/759 
f 759/1190/759 762/1193/762 761/1192/761 
f 762/1193/762 755/1194/755 754/1195/754 
f 754/1195/754 761/1192/761 762/1193/762 
f 754/1195/754 731/1167/731 745/1164/745 
f 745/1164/745 761/1192/761 754/1195/754 
f 745/1164/745 744/1163/744 760/1191/760 
f 760/1191/760 761/1192/761 745/1164/745 
f 763/1196/763 756/1182/756 755/1181/755 
f 755/1181/755 764/1197/764 763/1196/763 
f 764/1197/764 765/1198/765 766/1199/766 
f 766/1199/766 763/1196/763 764/1197/764 
f 763/1200/763 766/1201/766 696/1202/696 
f 696/1202/696 695/1075/695 763/1200/763 
f 695/1075/695 688/1057/688 756/1184/756 
f 756/1184/756 763/1200/763 695/1075/695 
f 767/1203/767 764/1204/764 755/1194/755 
f 755/1194/755 762/1193/762 767/1203/767 
f 762/1193/762 759/1190/759 768/1205/768 
f 768/1205/768 767/1203/767 762/1193/762 
f 767/1203/767 768/1205/768 769/1206/769 
f 769/1206/769 770/1207/770 767/1203/767 
f 770/1207/770 765/1208/765 764/1204/764 
f 764/1204/764 767/1203/767 770/1207/770 
f 771/1209/771 757/1188/757 751/1187/751 
f 751/1187/751 772/1210/772 771/1209/771 
f 773/1211/773 771/1209/771 772/1210/772 
f 772/1210/772 774/1212/774 773/1211/773 
f 773/1211/773 769/1206/769 768/1205/768 
f 768/1205/768 771/1209/771 773/1211/773 
f 768/1205/768 759/1190/759 757/1188/757 
f 757/1188/757 771/1209/771 768/1205/768 
f 775/1213/775 130/180/130 129/179/129 
f 129/179/129 776/1214/776 775/1213/775 
f 776/1214/776 774/1212/774 772/1210/772 
f 772/1210/772 775/1213/775 776/1214/776 
f 775/1215/775 772/1216/772 751/1177/751 
f 751/1177/751 750/1176/750 775/1215/775 
f 750/1175/750 125/175/125 130/180/130 
f 130/180/130 775/1213/775 750/1175/750 
f 777/1217/777 778/1218/778 779/1219/779 
f 779/1219/779 780/1220/780 777/1217/777 
f 780/1220/780 781/1221/781 782/1222/782 
f 782/1222/782 777/1217/777 780/1220/780 
f 777/1217/777 782/1222/782 765/1208/765 
f 765/1208/765 770/1207/770 777/1217/777 
f 770/1207/770 769/1206/769 778/1218/778 
f 778/1218/778 777/1217/777 770/1207/770 
f 783/1223/783 766/1199/766 765/1198/765 
f 765/1198/765 782/1224/782 783/1223/783 
f 782/1224/782 781/1225/781 784/1226/784 
f 784/1226/784 783/1223/783 782/1224/782 
f 783/1227/783 784/1228/784 706/1229/706 
f 706/1229/706 705/1230/705 783/1227/783 
f 705/1230/705 696/1202/696 766/1201/766 
f 766/1201/766 783/1227/783 705/1230/705 
f 785/1231/785 778/1218/778 769/1206/769 
f 769/1206/769 773/1211/773 785/1231/785 
f 773/1211/773 774/1212/774 786/1232/786 
f 786/1232/786 785/1231/785 773/1211/773 
f 786/1232/786 779/1219/779 778/1218/778 
f 778/1218/778 785/1231/785 786/1232/786 
f 787/1233/787 707/1097/707 706/1096/706 
f 706/1096/706 788/1234/788 787/1233/787 
f 788/1234/788 789/1235/789 790/1236/790 
f 790/1236/790 787/1233/787 788/1234/788 
f 787/1233/787 790/1236/790 367/1237/367 
f 367/1237/367 701/1238/701 787/1233/787 
f 701/1238/701 700/1239/700 707/1097/707 
f 707/1097/707 787/1233/787 701/1238/701 
f 791/1240/791 320/440/320 319/439/319 
f 319/439/319 792/1241/792 791/1240/791 
f 792/1241/792 793/1242/793 794/1243/794 
f 794/1243/794 791/1240/791 792/1241/792 
f 791/1240/791 794/1243/794 774/1212/774 
f 774/1212/774 776/1214/776 791/1240/791 
f 776/1214/776 129/179/129 320/440/320 
f 320/440/320 791/1240/791 776/1214/776 
f 788/1244/788 706/1245/706 784/1226/784 
f 784/1226/784 795/1246/795 788/1244/788 
f 795/1246/795 784/1226/784 781/1225/781 
f 781/1225/781 796/1247/796 795/1246/795 
f 795/1246/795 796/1247/796 789/1248/789 
f 797/1249/797 794/1243/794 793/1242/793 
f 793/1242/793 798/1250/798 797/1249/797 
f 798/1250/798 799/1251/799 800/1252/800 
f 800/1252/800 797/1249/797 798/1250/798 
f 797/1249/797 800/1252/800 779/1219/779 
f 779/1219/779 786/1232/786 797/1249/797 
f 786/1232/786 774/1212/774 794/1243/794 
f 794/1243/794 797/1249/797 786/1232/786 
f 801/1253/801 800/1252/800 799/1251/799 
f 799/1251/799 802/1254/802 801/1253/801 
f 802/1254/802 789/1255/789 796/1256/796 
f 796/1256/796 801/1253/801 802/1254/802 
f 801/1253/801 796/1256/796 781/1221/781 
f 781/1221/781 780/1220/780 801/1253/801 
f 780/1220/780 779/1219/779 800/1252/800 
f 800/1252/800 801/1253/801 780/1220/780 
f 803/1257/803 790/1236/790 789/1235/789 
f 789/1235/789 804/1258/804 803/1257/803 
f 804/1258/804 805/1259/805 806/1260/806 
f 806/1260/806 803/1257/803 804/1258/804 
f 803/1257/803 806/1260/806 285/1261/285 
f 285/1261/285 368/1262/368 803/1257/803 
f 368/1262/368 367/1237/367 790/1236/790 
f 790/1236/790 803/1257/803 368/1262/368 
f 807/1263/807 323/449/323 226/1264/226 
f 226/1264/226 808/1265/808 807/1263/807 
f 808/1265/808 809/1266/809 810/1267/810 
f 810/1267/810 807/1263/807 808/1265/808 
f 807/1263/807 810/1267/810 793/1242/793 
f 793/1242/793 792/1241/792 807/1263/807 
f 792/1241/792 319/439/319 323/449/323 
f 323/449/323 807/1263/807 792/1241/792 
f 811/1268/811 810/1267/810 809/1266/809 
f 809/1266/809 812/1269/812 811/1268/811 
f 812/1269/812 813/1270/813 814/1271/814 
f 814/1271/814 811/1268/811 812/1269/812 
f 811/1268/811 814/1271/814 799/1251/799 
f 799/1251/799 798/1250/798 811/1268/811 
f 798/1250/798 793/1242/793 810/1267/810 
f 810/1267/810 811/1268/811 798/1250/798 
f 815/1272/815 814/1271/814 813/1270/813 
f 813/1270/813 816/1273/816 815/1272/815 
f 816/1273/816 805/1274/805 804/1275/804 
f 804/1275/804 815/1272/815 816/1273/816 
f 815/1272/815 804/1275/804 789/1255/789 
f 789/1255/789 802/1254/802 815/1272/815 
f 802/1254/802 799/1251/799 814/1271/814 
f 814/1271/814 815/1272/815 802/1254/802 
f 817/1276/817 818/1277/818 806/1260/806 
f 806/1260/806 805/1259/805 817/1276/817 
f 818/1277/818 817/1276/817 819/1278/819 
f 819/1278/819 820/1279/820 818/1277/818 
f 818/1277/818 820/1279/820 287/1280/287 
f 287/1280/287 286/1281/286 818/1277/818 
f 286/1281/286 285/1261/285 806/1260/806 
f 806/1260/806 818/1277/818 286/1281/286 
f 821/1282/821 225/1283/225 104/1284/104 
f 104/1284/104 822/1285/822 821/1282/821 
f 822/1285/822 823/1286/823 824/1287/824 
f 824/1287/824 821/1282/821 822/1285/822 
f 821/1282/821 824/1287/824 809/1266/809 
f 809/1266/809 808/1265/808 821/1282/821 
f 808/1265/808 226/1264/226 225/1283/225 
f 225/1283/225 821/1282/821 808/1265/808 
f 825/1288/825 824/1287/824 823/1286/823 
f 823/1286/823 826/1289/826 825/1288/825 
f 826/1289/826 827/1290/827 828/1291/828 
f 828/1291/828 825/1288/825 826/1289/826 
f 825/1288/825 828/1291/828 813/1270/813 
f 813/1270/813 812/1269/812 825/1288/825 
f 812/1269/812 809/1266/809 824/1287/824 
f 824/1287/824 825/1288/825 812/1269/812 
f 829/1292/829 828/1291/828 827/1290/827 
f 827/1290/827 830/1293/830 829/1292/829 
f 830/1293/830 819/1294/819 817/1295/817 
f 817/1295/817 829/1292/829 830/1293/830 
f 829/1292/829 817/1295/817 805/1274/805 
f 805/1274/805 816/1273/816 829/1292/829 
f 816/1273/816 813/1270/813 828/1291/828 
f 828/1291/828 829/1292/829 816/1273/816 
f 103/1296/103 110/1297/110 831/1298/831 
f 831/1298/831 832/1299/832 103/1296/103 
f 831/1298/831 833/1300/833 834/1301/834 
f 834/1301/834 832/1299/832 831/1298/831 
f 832/1299/832 834/1301/834 823/1286/823 
f 823/1286/823 822/1285/822 832/1299/832 
f 822/1285/822 104/1284/104 103/1296/103 
f 103/1296/103 832/1299/832 822/1285/822 
f 520/1302/520 519/1303/519 835/1304/835 
f 835/1305/835 836/1306/836 837/1307/837 
f 837/1307/837 838/1308/838 835/1305/835 
f 838/1309/838 837/1310/837 511/767/511 
f 514/766/514 496/740/496 520/775/520 
f 839/1311/839 840/1312/840 841/1313/841 
f 841/1313/841 842/1314/842 839/1311/839 
f 842/1314/842 836/1306/836 843/1315/843 
f 843/1315/843 839/1311/839 842/1314/842 
f 839/1311/839 843/1315/843 572/868/572 
f 572/868/572 579/878/579 839/1311/839 
f 579/878/579 578/877/578 840/1312/840 
f 840/1312/840 839/1311/839 579/878/579 
f 844/1316/844 512/1317/512 511/1318/511 
f 837/1319/837 836/1320/836 845/1321/845 
f 845/1321/845 844/1316/844 837/1319/837 
f 844/1322/844 845/1323/845 544/811/544 
f 544/811/544 543/810/543 844/1322/844 
f 543/810/543 507/753/507 512/764/512 
f 512/764/512 844/1322/844 543/810/543 
f 573/869/573 572/868/572 843/1315/843 
f 843/1315/843 846/1324/846 573/869/573 
f 843/1315/843 836/1306/836 835/1305/835 
f 835/1305/835 846/1324/846 843/1315/843 
f 846/1324/846 835/1305/835 519/816/519 
f 519/816/519 546/815/546 846/1324/846 
f 546/815/546 523/778/523 573/869/573 
f 573/869/573 846/1324/846 546/815/546 
f 847/1325/847 848/1326/848 849/1327/849 
f 850/1328/850 851/1329/851 852/1330/852 
f 847/1325/847 852/1331/852 853/1332/853 
f 854/1333/854 836/1306/836 848/1326/848 
f 855/1334/855 852/1335/852 851/1336/851 
f 851/1336/851 856/1337/856 855/1334/855 
f 856/1337/856 857/1338/857 858/1339/858 
f 855/1340/855 858/1341/858 859/1342/859 
f 859/1342/859 860/1343/860 855/1340/855 
f 860/1343/860 853/1332/853 852/1331/852 
f 852/1331/852 855/1340/855 860/1343/860 
f 861/1344/861 862/1345/862 863/1346/863 
f 863/1346/863 864/1347/864 861/1344/861 
f 861/1344/861 864/1347/864 865/1348/865 
f 865/1348/865 866/1349/866 861/1344/861 
f 861/1344/861 866/1349/866 867/1350/867 
f 867/1350/867 868/1351/868 861/1344/861 
f 868/1351/868 869/1352/869 862/1345/862 
f 862/1345/862 861/1344/861 868/1351/868 
f 870/1353/870 871/1354/871 872/1355/872 
f 872/1355/872 873/1356/873 870/1353/870 
f 873/1356/873 874/1357/874 875/1358/875 
f 875/1358/875 870/1353/870 873/1356/873 
f 870/1359/870 875/1360/875 876/1361/876 
f 876/1361/876 877/1362/877 870/1359/870 
f 877/1363/877 878/1364/878 871/1365/871 
f 871/1365/871 870/1366/870 877/1363/877 
f 879/1367/879 875/1358/875 874/1357/874 
f 874/1357/874 880/1368/880 879/1367/879 
f 880/1368/880 881/1369/881 882/1370/882 
f 882/1370/882 879/1367/879 880/1368/880 
f 879/1367/879 882/1370/882 883/1371/883 
f 883/1371/883 884/1372/884 879/1367/879 
f 884/1372/884 876/1373/876 875/1358/875 
f 875/1358/875 879/1367/879 884/1372/884 
f 885/1374/885 886/1375/886 887/1376/887 
f 887/1376/887 888/1377/888 885/1374/885 
f 888/1377/888 889/1378/889 890/1379/890 
f 890/1379/890 885/1374/885 888/1377/888 
f 885/1374/885 890/1379/890 874/1357/874 
f 874/1357/874 873/1356/873 885/1374/885 
f 873/1356/873 872/1355/872 886/1375/886 
f 886/1375/886 885/1374/885 873/1356/873 
f 891/1380/891 892/1381/892 893/1382/893 
f 893/1382/893 894/1383/894 891/1380/891 
f 894/1383/894 895/1384/895 896/1385/896 
f 896/1385/896 891/1380/891 894/1383/894 
f 891/1386/891 896/1387/896 889/1378/889 
f 889/1378/889 888/1377/888 891/1386/891 
f 888/1377/888 887/1376/887 892/1388/892 
f 892/1388/892 891/1386/891 888/1377/888 
f 897/1389/897 890/1379/890 889/1378/889 
f 889/1378/889 898/1390/898 897/1389/897 
f 898/1390/898 899/1391/899 900/1392/900 
f 900/1392/900 897/1389/897 898/1390/898 
f 897/1389/897 900/1392/900 881/1369/881 
f 881/1369/881 880/1368/880 897/1389/897 
f 880/1368/880 874/1357/874 890/1379/890 
f 890/1379/890 897/1389/897 880/1368/880 
f 901/1393/901 900/1394/900 899/1395/899 
f 899/1395/899 902/1396/902 901/1393/901 
f 902/1396/902 833/1300/833 831/1298/831 
f 831/1298/831 901/1393/901 902/1396/902 
f 901/1393/901 831/1298/831 110/1297/110 
f 110/1297/110 903/1397/903 901/1393/901 
f 903/1398/903 881/1369/881 900/1392/900 
f 900/1392/900 901/1399/901 903/1398/903 
f 904/1400/904 905/1401/905 906/1402/906 
f 906/1402/906 907/1403/907 904/1400/904 
f 907/1403/907 908/1404/908 909/1405/909 
f 909/1405/909 904/1400/904 907/1403/907 
f 904/1400/904 909/1405/909 893/1406/893 
f 893/1406/893 910/1407/910 904/1400/904 
f 910/1407/910 911/1408/911 905/1401/905 
f 905/1401/905 904/1400/904 910/1407/910 
f 912/1409/912 834/1301/834 833/1300/833 
f 833/1300/833 913/1410/913 912/1409/912 
f 913/1410/913 914/1411/914 915/1412/915 
f 915/1412/915 912/1409/912 913/1410/913 
f 912/1409/912 915/1412/915 827/1290/827 
f 827/1290/827 826/1289/826 912/1409/912 
f 826/1289/826 823/1286/823 834/1301/834 
f 834/1301/834 912/1409/912 826/1289/826 
f 916/1413/916 917/1414/917 918/1415/918 
f 918/1415/918 919/1416/919 916/1413/916 
f 918/1417/918 920/1418/920 921/1419/921 
f 921/1419/921 919/1420/919 918/1417/918 
f 921/1419/921 287/1280/287 820/1279/820 
f 820/1279/820 919/1420/919 921/1419/921 
f 820/1279/820 819/1278/819 916/1421/916 
f 922/1422/922 915/1412/915 914/1411/914 
f 914/1411/914 923/1423/923 922/1422/922 
f 923/1423/923 917/1414/917 916/1413/916 
f 916/1413/916 922/1422/922 923/1423/923 
f 922/1422/922 916/1413/916 819/1294/819 
f 819/1294/819 830/1293/830 922/1422/922 
f 830/1293/830 827/1290/827 915/1412/915 
f 915/1412/915 922/1422/922 830/1293/830 
f 924/1424/924 925/1425/925 920/1418/920 
f 924/1426/924 918/1415/918 917/1414/917 
f 926/1427/926 598/907/598 597/906/597 
f 597/906/597 924/1424/924 926/1427/926 
f 597/906/597 596/905/596 925/1425/925 
f 925/1425/925 924/1424/924 597/906/597 
f 927/1428/927 902/1396/902 899/1395/899 
f 899/1395/899 928/1429/928 927/1428/927 
f 928/1429/928 929/1430/929 930/1431/930 
f 930/1431/930 927/1428/927 928/1429/928 
f 927/1428/927 930/1431/930 914/1411/914 
f 914/1411/914 913/1410/913 927/1428/927 
f 913/1410/913 833/1300/833 902/1396/902 
f 902/1396/902 927/1428/927 913/1410/913 
f 931/1432/931 896/1385/896 895/1384/895 
f 932/1433/932 929/1434/929 928/1435/928 
f 931/1436/931 928/1435/928 899/1437/899 
f 898/1438/898 889/1439/889 896/1385/896 
f 896/1385/896 931/1432/931 898/1438/898 
f 933/1440/933 909/1405/909 908/1404/908 
f 908/1404/908 934/1441/934 933/1440/933 
f 934/1441/934 929/1434/929 932/1433/932 
f 933/1440/933 932/1433/932 895/1442/895 
f 895/1442/895 894/1443/894 933/1440/933 
f 894/1443/894 893/1406/893 909/1405/909 
f 909/1405/909 933/1440/933 894/1443/894 
f 935/1444/935 936/1445/936 937/1446/937 
f 937/1446/937 938/1447/938 935/1444/935 
f 937/1446/937 929/1430/929 934/1448/934 
f 934/1441/934 908/1404/908 939/1449/939 
f 939/1449/939 938/1450/938 934/1441/934 
f 938/1451/938 939/1452/939 940/1453/940 
f 941/1454/941 937/1446/937 936/1445/936 
f 936/1445/936 942/1455/942 941/1454/941 
f 942/1455/942 943/1456/943 944/1457/944 
f 944/1457/944 941/1454/941 942/1455/942 
f 941/1454/941 944/1457/944 945/1458/945 
f 946/1459/946 929/1430/929 937/1446/937 
f 947/1460/947 948/1461/948 945/1458/945 
f 945/1458/945 944/1457/944 947/1460/947 
f 944/1457/944 943/1456/943 949/1462/949 
f 949/1462/949 947/1460/947 944/1457/944 
f 947/1460/947 949/1462/949 598/1463/598 
f 598/1463/598 926/1464/926 947/1460/947 
f 926/1464/926 917/1414/917 948/1461/948 
f 948/1461/948 947/1460/947 926/1464/926 
f 923/1423/923 914/1411/914 930/1431/930 
f 930/1431/930 950/1465/950 923/1423/923 
f 930/1431/930 929/1430/929 946/1459/946 
f 946/1459/946 950/1465/950 930/1431/930 
f 950/1465/950 946/1459/946 945/1458/945 
f 945/1458/945 948/1461/948 950/1465/950 
f 950/1465/950 948/1461/948 917/1414/917 
f 917/1414/917 923/1423/923 950/1465/950 
f 951/1466/951 952/1467/952 453/666/453 
f 453/666/453 452/665/452 951/1466/951 
f 452/665/452 451/664/451 463/683/463 
f 463/683/463 951/1466/951 452/665/452 
f 951/1468/951 463/681/463 462/680/462 
f 462/680/462 953/1469/953 951/1468/951 
f 951/1468/951 953/1469/953 954/1470/954 
f 954/1470/954 952/1471/952 951/1468/951 
f 955/1472/955 956/1473/956 957/1474/957 
f 957/1474/957 958/1475/958 955/1472/955 
f 955/1472/955 958/1475/958 482/724/482 
f 482/724/482 488/722/488 955/1472/955 
f 955/1472/955 488/722/488 457/721/457 
f 457/721/457 456/671/456 955/1472/955 
f 955/1472/955 456/671/456 455/670/455 
f 455/670/455 956/1473/956 955/1472/955 
f 959/1476/959 960/1477/960 961/1478/961 
f 961/1478/961 962/1479/962 959/1476/959 
f 962/1480/962 963/1481/963 964/1482/964 
f 964/1482/964 959/1483/959 962/1480/962 
f 959/1484/959 964/1485/964 471/692/471 
f 471/692/471 477/709/477 959/1484/959 
f 477/708/477 476/707/476 960/1477/960 
f 960/1477/960 959/1476/959 477/708/477 
f 470/691/470 471/692/471 964/1485/964 
f 964/1485/964 965/1486/965 470/691/470 
f 964/1485/964 963/1487/963 966/1488/966 
f 966/1488/966 965/1486/965 964/1485/964 
f 965/1486/965 966/1488/966 954/1489/954 
f 954/1489/954 953/1490/953 965/1486/965 
f 953/1490/953 462/693/462 470/691/470 
f 470/691/470 965/1486/965 953/1490/953 
f 967/1491/967 958/1492/958 957/1493/957 
f 957/1493/957 968/1494/968 967/1491/967 
f 968/1494/968 961/1478/961 960/1477/960 
f 960/1477/960 967/1491/967 968/1494/968 
f 967/1491/967 960/1477/960 476/707/476 
f 476/707/476 483/716/483 967/1491/967 
f 483/716/483 482/715/482 958/1492/958 
f 958/1492/958 967/1491/967 483/716/483 
f 969/1495/969 970/1496/970 971/1497/971 
f 971/1497/971 972/1498/972 969/1495/969 
f 969/1499/969 972/1500/972 963/1501/963 
f 969/1502/969 962/1479/962 961/1478/961 
f 961/1478/961 968/1494/968 969/1502/969 
f 968/1494/968 957/1493/957 970/1503/970 
f 970/1503/970 969/1502/969 968/1494/968 
f 973/1504/973 952/1505/952 954/1506/954 
f 954/1506/954 966/1507/966 973/1504/973 
f 966/1507/966 963/1508/963 972/1509/972 
f 973/1504/973 972/1509/972 971/1510/971 
f 971/1510/971 974/1511/974 973/1504/973 
f 453/1512/453 952/1513/952 973/1514/973 
f 975/1515/975 974/1516/974 971/1517/971 
f 971/1517/971 970/1518/970 975/1515/975 
f 970/1518/970 957/1474/957 956/1473/956 
f 956/1473/956 975/1515/975 970/1518/970 
f 975/1515/975 956/1473/956 455/670/455 
f 455/670/455 454/669/454 975/1515/975 
f 975/1519/975 454/1520/454 453/1512/453 
f 398/569/398 397/568/397 976/1521/976 
f 976/1521/976 977/1522/977 398/569/398 
f 976/1523/976 386/1524/386 978/1525/978 
f 978/1525/978 977/1526/977 976/1523/976 
f 977/1527/977 978/1528/978 373/531/373 
f 373/531/373 372/530/372 977/1527/977 
f 372/530/372 371/529/371 398/570/398 
f 398/570/398 977/1527/977 372/530/372 
f 979/1529/979 978/1530/978 386/1531/386 
f 386/1531/386 385/550/385 979/1529/979 
f 385/1532/385 384/585/384 406/584/406 
f 406/584/406 979/1533/979 385/1532/385 
f 979/1533/979 406/584/406 375/1534/375 
f 375/1534/375 374/1535/374 979/1533/979 
f 979/1536/979 374/532/374 373/531/373 
f 373/531/373 978/1528/978 979/1536/979 
f 980/1537/980 388/561/388 380/543/380 
f 380/543/380 379/542/379 980/1537/980 
f 379/542/379 386/552/386 976/1538/976 
f 976/1538/976 980/1537/980 379/542/379 
f 980/1539/980 976/1521/976 397/568/397 
f 981/1540/981 389/555/389 388/554/388 
f 388/554/388 980/1541/980 981/1540/981 
f 982/1542/982 390/1543/390 389/1544/389 
f 389/1544/389 981/1545/981 982/1542/982 
f 981/1545/981 397/568/397 396/566/396 
f 396/566/396 982/1542/982 981/1545/981 
f 982/1542/982 396/566/396 395/565/395 
f 395/565/395 419/613/419 982/1542/982 
f 419/613/419 391/612/391 390/1543/390 
f 390/1543/390 982/1542/982 419/613/419 
f 983/1546/983 939/1449/939 908/1404/908 
f 907/1403/907 906/1402/906 984/1547/984 
f 984/1547/984 983/1546/983 907/1403/907 
f 983/1546/983 984/1547/984 985/1548/985 
f 985/1548/985 986/1549/986 983/1546/983 
f 986/1549/986 940/1550/940 939/1449/939 
f 939/1449/939 983/1546/983 986/1549/986 
f 987/1551/987 840/1312/840 578/877/578 
f 578/877/578 988/1552/988 987/1551/987 
f 988/1552/988 989/1553/989 990/1554/990 
f 990/1554/990 987/1551/987 988/1552/988 
f 987/1555/987 990/1556/990 991/1557/991 
f 991/1557/991 992/1558/992 987/1555/987 
f 992/1559/992 841/1313/841 840/1312/840 
f 840/1312/840 987/1551/987 992/1559/992 
f 993/1560/993 994/1561/994 995/1562/995 
f 995/1562/995 996/1563/996 993/1560/993 
f 996/1564/996 936/1445/936 935/1444/935 
f 935/1444/935 993/1565/993 996/1564/996 
f 993/1565/993 935/1444/935 940/1566/940 
f 940/1566/940 986/1567/986 993/1565/993 
f 986/1567/986 985/1568/985 994/1569/994 
f 994/1569/994 993/1565/993 986/1567/986 
f 997/1570/997 990/1554/990 989/1553/989 
f 989/1553/989 998/1571/998 997/1570/997 
f 998/1572/998 995/1562/995 994/1561/994 
f 994/1561/994 997/1573/997 998/1572/998 
f 997/1573/997 994/1561/994 985/1574/985 
f 985/1574/985 999/1575/999 997/1573/997 
f 999/1576/999 991/1577/991 990/1554/990 
f 990/1554/990 997/1570/997 999/1576/999 
f 1000/1578/1000 603/913/603 592/899/592 
f 592/899/592 1001/1579/1001 1000/1578/1000 
f 1001/1579/1001 1002/1580/1002 1003/1581/1003 
f 1003/1581/1003 1000/1578/1000 1001/1579/1001 
f 1000/1578/1000 1003/1581/1003 582/881/582 
f 582/881/582 581/880/581 1000/1578/1000 
f 581/880/581 586/885/586 603/913/603 
f 603/913/603 1000/1578/1000 581/880/581 
f 1004/1582/1004 1002/1580/1002 1005/1583/1005 
f 1005/1583/1005 943/1456/943 942/1455/942 
f 942/1455/942 1006/1584/1006 1005/1583/1005 
f 1006/1584/1006 942/1455/942 936/1445/936 
f 996/1585/996 995/1586/995 1004/1587/1004 
f 1007/1588/1007 1008/1589/1008 1009/1590/1009 
f 1009/1590/1009 1010/1591/1010 1007/1588/1007 
f 1007/1592/1007 1010/1593/1010 1002/1594/1002 
f 1002/1594/1002 1004/1587/1004 1007/1592/1007 
f 1007/1592/1007 1004/1587/1004 995/1586/995 
f 995/1586/995 998/1595/998 1007/1592/1007 
f 998/1595/998 989/1596/989 1008/1597/1008 
f 1008/1597/1008 1007/1592/1007 998/1595/998 
f 1011/1598/1011 949/1462/949 943/1456/943 
f 943/1456/943 1005/1583/1005 1011/1598/1011 
f 1005/1583/1005 1002/1580/1002 1001/1579/1001 
f 1001/1579/1001 1011/1598/1011 1005/1583/1005 
f 592/899/592 591/898/591 1011/1598/1011 
f 591/898/591 598/1463/598 949/1462/949 
f 949/1462/949 1011/1598/1011 591/898/591 
f 1012/1599/1012 589/1600/589 582/1601/582 
f 1003/1602/1003 1002/1594/1002 1010/1593/1010 
f 1012/1603/1012 1010/1591/1010 1009/1590/1009 
f 1009/1590/1009 1013/1604/1013 1012/1603/1012 
f 1013/1604/1013 576/894/576 589/892/589 
f 589/892/589 1012/1603/1012 1013/1604/1013 
f 1014/1605/1014 577/873/577 576/872/576 
f 576/872/576 1013/1606/1013 1014/1605/1014 
f 1013/1606/1013 1009/1607/1009 1008/1597/1008 
f 1008/1597/1008 1014/1605/1014 1013/1606/1013 
f 1014/1605/1014 1008/1597/1008 989/1596/989 
f 989/1596/989 988/1608/988 1014/1605/1014 
f 988/1608/988 578/1609/578 577/873/577 
f 577/873/577 1014/1605/1014 988/1608/988 
f 1015/1610/1015 1016/1611/1016 865/1612/865 
f 865/1612/865 1017/1613/1017 1015/1610/1015 
f 1017/1613/1017 1018/1614/1018 1019/1615/1019 
f 1019/1615/1019 1015/1610/1015 1017/1613/1017 
f 1015/1610/1015 1019/1615/1019 1020/1616/1020 
f 1020/1616/1020 1021/1617/1021 1015/1610/1015 
f 1021/1617/1021 1022/1618/1022 1016/1611/1016 
f 1016/1611/1016 1015/1610/1015 1021/1617/1021 
f 1023/1619/1023 842/1314/842 841/1313/841 
f 841/1313/841 1024/1620/1024 1023/1619/1023 
f 1024/1620/1024 1025/1621/1025 1026/1622/1026 
f 1026/1622/1026 1023/1619/1023 1024/1620/1024 
f 1023/1619/1023 1026/1622/1026 849/1327/849 
f 849/1327/849 848/1326/848 1023/1619/1023 
f 848/1326/848 836/1306/836 842/1314/842 
f 842/1314/842 1023/1619/1023 848/1326/848 
f 1027/1623/1027 992/1559/992 991/1577/991 
f 1028/1624/1028 1029/1625/1029 1030/1626/1030 
f 1027/1623/1027 1030/1627/1030 1025/1621/1025 
f 1025/1621/1025 1024/1620/1024 1027/1623/1027 
f 1024/1620/1024 841/1313/841 992/1559/992 
f 992/1559/992 1027/1623/1027 1024/1620/1024 
f 1031/1628/1031 1032/1629/1032 1029/1625/1029 
f 1028/1630/1028 991/1577/991 999/1576/999 
f 1031/1631/1031 999/1632/999 985/1633/985 
f 984/1547/984 906/1402/906 1032/1629/1032 
f 1033/1634/1033 1030/1626/1030 1029/1625/1029 
f 1029/1625/1029 1034/1635/1034 1033/1634/1033 
f 1034/1635/1034 1035/1636/1035 1036/1637/1036 
f 1036/1637/1036 1033/1634/1033 1034/1635/1034 
f 1033/1634/1033 1036/1637/1036 1037/1638/1037 
f 1037/1638/1037 1038/1639/1038 1033/1634/1033 
f 1038/1639/1038 1025/1640/1025 1030/1626/1030 
f 1039/1641/1039 1035/1636/1035 1034/1635/1034 
f 1034/1635/1034 1040/1642/1040 1039/1641/1039 
f 1034/1635/1034 1029/1625/1029 1032/1629/1032 
f 1032/1629/1032 1040/1642/1040 1034/1635/1034 
f 1032/1629/1032 906/1402/906 905/1401/905 
f 905/1401/905 1040/1642/1040 1032/1629/1032 
f 1040/1642/1040 905/1401/905 911/1408/911 
f 911/1408/911 1039/1641/1039 1040/1642/1040 
f 1041/1643/1041 1042/1644/1042 1043/1645/1043 
f 1043/1645/1043 1044/1646/1044 1041/1643/1041 
f 1044/1646/1044 1045/1647/1045 1046/1648/1046 
f 1046/1648/1046 1041/1643/1041 1044/1646/1044 
f 1046/1649/1046 1047/1650/1047 1048/1651/1048 
f 1048/1651/1048 1041/1652/1041 1046/1649/1046 
f 1048/1651/1048 1018/1653/1018 1042/1654/1042 
f 1042/1654/1042 1041/1652/1041 1048/1651/1048 
f 1049/1655/1049 1050/1656/1050 1051/1657/1051 
f 1051/1657/1051 1052/1658/1052 1049/1655/1049 
f 1052/1658/1052 1053/1659/1053 1054/1660/1054 
f 1054/1660/1054 1049/1655/1049 1052/1658/1052 
f 1049/1655/1049 1054/1660/1054 1035/1661/1035 
f 1035/1661/1035 1039/1662/1039 1049/1655/1049 
f 1039/1662/1039 911/1663/911 1050/1656/1050 
f 1050/1656/1050 1049/1655/1049 1039/1662/1039 
f 864/1664/864 863/1665/863 1055/1666/1055 
f 1055/1666/1055 1056/1667/1056 864/1664/864 
f 1055/1666/1055 1043/1645/1043 1042/1644/1042 
f 1042/1644/1042 1056/1667/1056 1055/1666/1055 
f 1056/1668/1056 1042/1654/1042 1018/1653/1018 
f 1018/1653/1018 1017/1669/1017 1056/1668/1056 
f 1017/1669/1017 865/1348/865 864/1347/864 
f 864/1347/864 1056/1668/1056 1017/1669/1017 
f 1057/1670/1057 1058/1671/1058 1037/1672/1037 
f 1037/1672/1037 1036/1673/1036 1057/1670/1057 
f 1036/1673/1036 1035/1661/1035 1054/1660/1054 
f 1054/1660/1054 1057/1670/1057 1036/1673/1036 
f 1057/1670/1057 1054/1660/1054 1053/1659/1053 
f 1053/1659/1053 1059/1674/1059 1057/1670/1057 
f 1057/1670/1057 1059/1674/1059 1060/1675/1060 
f 1060/1675/1060 1058/1671/1058 1057/1670/1057 
f 1061/1676/1061 1062/1677/1062 1051/1678/1051 
f 1051/1678/1051 1063/1679/1063 1061/1676/1061 
f 1063/1679/1063 887/1376/887 886/1375/886 
f 886/1375/886 1061/1676/1061 1063/1679/1063 
f 1061/1676/1061 886/1375/886 872/1355/872 
f 872/1355/872 1064/1680/1064 1061/1676/1061 
f 1064/1680/1064 1045/1681/1045 1062/1677/1062 
f 1062/1677/1062 1061/1676/1061 1064/1680/1064 
f 1065/1682/1065 1066/1683/1066 1044/1646/1044 
f 1044/1646/1044 1043/1645/1043 1065/1682/1065 
f 1066/1684/1066 1065/1685/1065 1053/1659/1053 
f 1053/1659/1053 1052/1658/1052 1066/1684/1066 
f 1052/1686/1052 1051/1678/1051 1062/1677/1062 
f 1062/1677/1062 1066/1687/1066 1052/1686/1052 
f 1066/1687/1066 1062/1677/1062 1045/1681/1045 
f 1045/1681/1045 1044/1688/1044 1066/1687/1066 
f 1067/1689/1067 892/1690/892 887/1691/887 
f 887/1691/887 1063/1692/1063 1067/1689/1067 
f 1063/1693/1063 1051/1657/1051 1050/1656/1050 
f 1050/1656/1050 1067/1694/1067 1063/1693/1063 
f 1067/1694/1067 1050/1656/1050 911/1663/911 
f 911/1663/911 910/1695/910 1067/1694/1067 
f 910/1696/910 893/1382/893 892/1381/892 
f 892/1381/892 1067/1697/1067 910/1696/910 
f 1065/1685/1065 1068/1698/1068 1059/1674/1059 
f 1059/1674/1059 1053/1659/1053 1065/1685/1065 
f 1065/1682/1065 1043/1645/1043 1055/1666/1055 
f 1055/1666/1055 1068/1699/1068 1065/1682/1065 
f 1068/1699/1068 1055/1666/1055 863/1665/863 
f 863/1665/863 1069/1700/1069 1068/1699/1068 
f 1069/1701/1069 1060/1675/1060 1059/1674/1059 
f 1059/1674/1059 1068/1698/1068 1069/1701/1069 
f 1070/1702/1070 1071/1703/1071 1072/1704/1072 
f 1072/1704/1072 1073/1705/1073 1070/1702/1070 
f 1073/1705/1073 269/393/269 288/392/288 
f 288/392/288 1070/1702/1070 1073/1705/1073 
f 1070/1706/1070 288/390/288 287/389/287 
f 287/389/287 921/1707/921 1070/1706/1070 
f 921/1707/921 920/1708/920 1071/1709/1071 
f 1071/1709/1071 1070/1706/1070 921/1707/921 
f 1074/1710/1074 270/372/270 269/371/269 
f 269/371/269 1073/1711/1073 1074/1710/1074 
f 1073/1711/1073 1072/1712/1072 1075/1713/1075 
f 1075/1713/1075 1074/1710/1074 1073/1711/1073 
f 1074/1710/1074 1075/1713/1075 1076/1714/1076 
f 1076/1714/1076 1077/1715/1077 1074/1710/1074 
f 1077/1715/1077 271/373/271 270/372/270 
f 270/372/270 1074/1710/1074 1077/1715/1077 
f 1078/1716/1078 1075/1713/1075 1072/1712/1072 
f 1072/1712/1072 1079/1717/1079 1078/1716/1078 
f 1079/1717/1079 1080/1718/1080 1081/1719/1081 
f 1081/1719/1081 1078/1716/1078 1079/1717/1079 
f 1078/1716/1078 1081/1719/1081 1082/1720/1082 
f 1082/1720/1082 1083/1721/1083 1078/1716/1078 
f 1083/1721/1083 1076/1714/1076 1075/1713/1075 
f 1075/1713/1075 1078/1716/1078 1083/1721/1083 
f 263/362/263 262/361/262 1084/1722/1084 
f 1084/1722/1084 1085/1723/1085 263/362/263 
f 1085/1724/1085 1084/1725/1084 1086/1726/1086 
f 1086/1726/1086 1087/1727/1087 1085/1724/1085 
f 1087/1727/1087 1088/1728/1088 1089/1729/1089 
f 1089/1729/1089 1085/1724/1085 1087/1727/1087 
f 1085/1724/1085 1089/1729/1089 264/364/264 
f 264/364/264 263/363/263 1085/1724/1085 
f 1090/1730/1090 249/1731/249 255/1732/255 
f 1091/1733/1091 1092/1734/1092 1093/1735/1093 
f 1090/1736/1090 1093/1735/1093 1094/1737/1094 
f 1094/1737/1094 1095/1738/1095 1090/1736/1090 
f 1095/1738/1095 250/345/250 249/344/249 
f 1096/1739/1096 1097/1740/1097 1098/1741/1098 
f 1098/1741/1098 1099/1742/1099 1096/1739/1096 
f 1099/1743/1099 276/378/276 275/377/275 
f 275/377/275 1096/1744/1096 1099/1743/1099 
f 1096/1739/1096 275/1745/275 282/1746/282 
f 282/1746/282 1100/1747/1100 1096/1739/1096 
f 1100/1747/1100 1101/1748/1101 1097/1740/1097 
f 1097/1740/1097 1096/1739/1096 1100/1747/1100 
f 1102/1749/1102 1103/1750/1103 1104/1751/1104 
f 1104/1751/1104 1105/1752/1105 1102/1749/1102 
f 1105/1752/1105 1106/1753/1106 1107/1754/1107 
f 1107/1754/1107 1102/1749/1102 1105/1752/1105 
f 1102/1749/1102 1107/1754/1107 240/331/240 
f 240/331/240 247/1755/247 1102/1749/1102 
f 247/1755/247 246/1756/246 1103/1750/1103 
f 1103/1750/1103 1102/1749/1102 247/1755/247 
f 1108/1757/1108 1109/1758/1109 1110/1759/1110 
f 1110/1759/1110 1111/1760/1111 1108/1757/1108 
f 1111/1761/1111 108/1762/108 107/146/107 
f 107/146/107 1108/1763/1108 1111/1761/1111 
f 1108/1763/1108 107/146/107 106/145/106 
f 106/145/106 235/324/235 1108/1763/1108 
f 235/324/235 234/323/234 1109/1764/1109 
f 1109/1764/1109 1108/1763/1108 235/324/235 
f 1112/1765/1112 1107/1754/1107 1106/1753/1106 
f 1106/1753/1106 1113/1766/1113 1112/1765/1112 
f 1113/1766/1113 1110/1759/1110 1109/1758/1109 
f 1109/1758/1109 1112/1765/1112 1113/1766/1113 
f 1112/1765/1112 1109/1758/1109 234/333/234 
f 234/333/234 241/332/241 1112/1765/1112 
f 241/332/241 240/331/240 1107/1754/1107 
f 1107/1754/1107 1112/1765/1112 241/332/241 
f 1114/1767/1114 1115/1768/1115 1116/1769/1116 
f 1116/1769/1116 1117/1770/1117 1114/1767/1114 
f 1117/1770/1117 1118/1771/1118 1119/1772/1119 
f 1119/1772/1119 1114/1767/1114 1117/1770/1117 
f 1114/1767/1114 1119/1772/1119 1110/1759/1110 
f 1110/1759/1110 1113/1766/1113 1114/1767/1114 
f 1113/1766/1113 1106/1753/1106 1115/1768/1115 
f 1115/1768/1115 1114/1767/1114 1113/1766/1113 
f 109/1773/109 108/1774/108 1120/1775/1120 
f 1120/1775/1120 1121/1776/1121 109/1773/109 
f 1120/1775/1120 1122/1777/1122 1123/1778/1123 
f 1123/1778/1123 881/1369/881 903/1398/903 
f 903/1398/903 1121/1776/1121 1123/1778/1123 
f 903/1779/903 110/151/110 109/150/109 
f 109/150/109 1121/1780/1121 903/1779/903 
f 1124/1781/1124 1119/1772/1119 1118/1771/1118 
f 1118/1771/1118 1125/1782/1125 1124/1781/1124 
f 1125/1783/1125 1122/1784/1122 1120/1785/1120 
f 1120/1785/1120 1124/1786/1124 1125/1783/1125 
f 1124/1786/1124 1120/1785/1120 108/1762/108 
f 108/1762/108 1111/1761/1111 1124/1786/1124 
f 1111/1760/1111 1110/1759/1110 1119/1772/1119 
f 1119/1772/1119 1124/1781/1124 1111/1760/1111 
f 1126/1787/1126 1127/1788/1127 1128/1789/1128 
f 1128/1789/1128 1129/1790/1129 1126/1787/1126 
f 1129/1791/1129 1130/1792/1130 1131/1793/1131 
f 1126/1794/1126 1131/1793/1131 1132/1795/1132 
f 1133/1796/1133 1134/1797/1134 1127/1798/1127 
f 1135/1799/1135 1136/1800/1136 1137/1801/1137 
f 1137/1801/1137 1138/1802/1138 1135/1799/1135 
f 1138/1802/1138 1128/1789/1128 1127/1788/1127 
f 1127/1788/1127 1135/1799/1135 1138/1802/1138 
f 1135/1803/1135 1127/1804/1127 1134/1805/1134 
f 1134/1805/1134 1139/1806/1139 1135/1803/1135 
f 1139/1806/1139 1140/1807/1140 1136/1808/1136 
f 1136/1808/1136 1135/1803/1135 1139/1806/1139 
f 1141/1809/1141 1142/1810/1142 1143/1811/1143 
f 1143/1811/1143 1144/1812/1144 1141/1809/1141 
f 1144/1812/1144 1143/1811/1143 1145/1813/1145 
f 1145/1813/1145 1146/1814/1146 1144/1812/1144 
f 1146/1814/1146 1147/1815/1147 1148/1816/1148 
f 1148/1816/1148 1144/1812/1144 1146/1814/1146 
f 1144/1812/1144 1148/1816/1148 1149/1817/1149 
f 1149/1817/1149 1141/1809/1141 1144/1812/1144 
f 1150/1818/1150 1151/1819/1151 1152/1820/1152 
f 1152/1820/1152 1153/1821/1153 1150/1818/1150 
f 1153/1821/1153 1154/1822/1154 1155/1823/1155 
f 1155/1823/1155 1150/1818/1150 1153/1821/1153 
f 1150/1824/1150 1155/1825/1155 1156/1826/1156 
f 1156/1826/1156 1157/1827/1157 1150/1824/1150 
f 1157/1827/1157 1158/1828/1158 1151/1829/1151 
f 1151/1829/1151 1150/1824/1150 1157/1827/1157 
f 1159/1830/1159 1081/1719/1081 1080/1718/1080 
f 1080/1718/1080 1160/1831/1160 1159/1830/1159 
f 1160/1832/1160 1161/1833/1161 1162/1834/1162 
f 1162/1834/1162 1159/1835/1159 1160/1832/1160 
f 1159/1835/1159 1162/1834/1162 1163/1836/1163 
f 1164/1837/1164 1082/1720/1082 1081/1719/1081 
f 1081/1719/1081 1159/1830/1159 1164/1837/1164 
f 1165/1838/1165 1166/1839/1166 1167/1840/1167 
f 1167/1840/1167 1168/1841/1168 1169/1842/1169 
f 1169/1842/1169 1170/1843/1170 1167/1840/1167 
f 1170/1843/1170 1169/1842/1169 1171/1844/1171 
f 1172/1845/1172 1173/1846/1173 1165/1838/1165 
f 1165/1838/1165 1170/1843/1170 1172/1845/1172 
f 1174/1847/1174 1162/1834/1162 1161/1833/1161 
f 1174/1847/1174 1175/1848/1175 1176/1849/1176 
f 1176/1849/1176 1177/1850/1177 1174/1847/1174 
f 1174/1847/1174 1177/1850/1177 1178/1851/1178 
f 1162/1834/1162 1174/1847/1174 1179/1852/1179 
f 1179/1852/1179 1163/1836/1163 1162/1834/1162 
f 1180/1853/1180 1177/1854/1177 1176/1855/1176 
f 1180/1853/1180 1181/1856/1181 1168/1841/1168 
f 1180/1853/1180 1167/1840/1167 1166/1839/1166 
f 1166/1839/1166 1182/1857/1182 1180/1853/1180 
f 1182/1857/1182 1178/1858/1178 1177/1854/1177 
f 1183/1859/1183 1071/1709/1071 920/1708/920 
f 1184/1860/1184 1185/1861/1185 1186/1862/1186 
f 1186/1862/1186 1183/1863/1183 1184/1860/1184 
f 1183/1863/1183 1186/1862/1186 1080/1864/1080 
f 1080/1864/1080 1079/1865/1079 1183/1863/1183 
f 1079/1865/1079 1072/1704/1072 1071/1703/1071 
f 1071/1703/1071 1183/1863/1183 1079/1865/1079 
f 1186/1862/1186 1185/1861/1185 1187/1866/1187 
f 1188/1867/1188 1187/1866/1187 1161/1868/1161 
f 1161/1868/1161 1160/1869/1160 1188/1867/1188 
f 1188/1867/1188 1160/1869/1160 1080/1864/1080 
f 1080/1864/1080 1186/1862/1186 1188/1867/1188 
f 1189/1870/1189 1190/1871/1190 1191/1872/1191 
f 1192/1873/1192 1176/1849/1176 1175/1848/1175 
f 1175/1874/1175 1161/1868/1161 1187/1866/1187 
f 1189/1870/1189 1187/1866/1187 1185/1861/1185 
f 1193/1875/1193 1181/1876/1181 1176/1877/1176 
f 1176/1877/1176 1192/1878/1192 1193/1875/1193 
f 1192/1879/1192 1191/1872/1191 1194/1880/1194 
f 1193/1881/1193 1194/1880/1194 1195/1882/1195 
f 1195/1882/1195 1196/1883/1196 1193/1881/1193 
f 1196/1884/1196 1168/1841/1168 1181/1856/1181 
f 1197/1885/1197 595/903/595 594/902/594 
f 594/902/594 609/921/609 1197/1885/1197 
f 609/921/609 608/920/608 1198/1886/1198 
f 1198/1886/1198 1197/1885/1197 609/921/609 
f 1197/1885/1197 1198/1886/1198 1199/1887/1199 
f 1199/1887/1199 1200/1888/1200 1197/1885/1197 
f 1200/1888/1200 596/905/596 595/903/595 
f 595/903/595 1197/1885/1197 1200/1888/1200 
f 1201/1889/1201 925/1425/925 596/905/596 
f 596/905/596 1200/1888/1200 1201/1889/1201 
f 1200/1888/1200 1199/1887/1199 1202/1890/1202 
f 1201/1889/1201 1202/1890/1202 1185/1891/1185 
f 1185/1891/1185 1184/1892/1184 1201/1889/1201 
f 1184/1892/1184 920/1418/920 925/1425/925 
f 925/1425/925 1201/1889/1201 1184/1892/1184 
f 1203/1893/1203 611/1894/611 615/1895/615 
f 615/1895/615 1204/1896/1204 1203/1893/1203 
f 1204/1896/1204 1205/1897/1205 1206/1898/1206 
f 1206/1898/1206 1203/1893/1203 1204/1896/1204 
f 1203/1893/1203 1206/1898/1206 623/942/623 
f 623/942/623 622/941/622 1203/1893/1203 
f 622/941/622 612/940/612 611/1894/611 
f 1190/1899/1190 1185/1891/1185 1202/1890/1202 
f 1202/1890/1202 1207/1900/1207 1190/1899/1190 
f 1207/1901/1207 1202/1902/1202 1199/1903/1199 
f 1199/1903/1199 1208/1904/1208 1207/1901/1207 
f 1208/1904/1208 1209/1905/1209 1210/1906/1210 
f 1210/1906/1210 1207/1901/1207 1208/1904/1208 
f 1210/1906/1210 1191/1907/1191 1190/1908/1190 
f 1190/1908/1190 1207/1901/1207 1210/1906/1210 
f 1211/1909/1211 1205/1910/1205 1212/1911/1212 
f 1213/1912/1213 1212/1911/1212 1214/1913/1214 
f 1214/1913/1214 1215/1914/1215 1213/1912/1213 
f 1215/1914/1215 1209/1915/1209 1211/1909/1211 
f 1211/1909/1211 1213/1912/1213 1215/1914/1215 
f 1216/1916/1216 1198/1917/1198 608/1918/608 
f 608/1918/608 1217/1919/1217 1216/1916/1216 
f 1217/1919/1217 1205/1910/1205 1211/1909/1211 
f 1211/1909/1211 1216/1916/1216 1217/1919/1217 
f 1216/1916/1216 1211/1909/1211 1209/1915/1209 
f 1209/1915/1209 1208/1920/1208 1216/1916/1216 
f 1208/1904/1208 1199/1903/1199 1198/1921/1198 
f 1198/1921/1198 1216/1922/1216 1208/1904/1208 
f 1218/1923/1218 651/977/651 650/976/650 
f 650/976/650 1219/1924/1219 1218/1923/1218 
f 1219/1924/1219 1205/1910/1205 1217/1919/1217 
f 1217/1919/1217 608/1918/608 607/1925/607 
f 607/1925/607 1218/1923/1218 1217/1919/1217 
f 607/1925/607 606/978/606 651/977/651 
f 651/977/651 1218/1923/1218 607/1925/607 
f 632/956/632 623/942/623 1206/1898/1206 
f 1206/1898/1206 1220/1926/1220 632/956/632 
f 1206/1898/1206 1205/1897/1205 1219/1927/1219 
f 1219/1924/1219 650/976/650 658/993/658 
f 1220/1926/1220 658/992/658 633/957/633 
f 633/957/633 632/956/632 1220/1926/1220 
f 1221/1928/1221 1194/1880/1194 1191/1872/1191 
f 1221/1929/1221 1210/1906/1210 1209/1905/1209 
f 1209/1905/1209 1215/1930/1215 1221/1929/1221 
f 1221/1931/1221 1215/1932/1215 1214/1933/1214 
f 1222/1934/1222 1195/1935/1195 1194/1936/1194 
f 1223/1937/1223 1224/1938/1224 1225/1939/1225 
f 1225/1939/1225 1226/1940/1226 1223/1937/1223 
f 1226/1940/1226 1227/1941/1227 1228/1942/1228 
f 1228/1942/1228 1223/1937/1223 1226/1940/1226 
f 1223/1943/1223 1228/1944/1228 1229/1945/1229 
f 1229/1945/1229 1230/1946/1230 1223/1943/1223 
f 1230/1947/1230 1231/1948/1231 1224/1938/1224 
f 1224/1938/1224 1223/1937/1223 1230/1947/1230 
f 1232/1949/1232 1230/1950/1230 1229/1951/1229 
f 1229/1951/1229 1233/1952/1233 1232/1949/1232 
f 1233/1952/1233 1234/1953/1234 1235/1954/1235 
f 1235/1954/1235 1232/1949/1232 1233/1952/1233 
f 1232/1955/1232 1235/1956/1235 1236/1957/1236 
f 1236/1957/1236 1237/1958/1237 1232/1955/1232 
f 1237/1958/1237 1231/1948/1231 1230/1947/1230 
f 1233/1959/1233 1229/1945/1229 1228/1944/1228 
f 1228/1944/1228 1238/1960/1238 1233/1959/1233 
f 1228/1942/1228 1227/1941/1227 1239/1961/1239 
f 1239/1961/1239 1238/1962/1238 1228/1942/1228 
f 1238/1962/1238 1239/1961/1239 1240/1963/1240 
f 1240/1963/1240 1241/1964/1241 1238/1962/1238 
f 1241/1965/1241 1234/1953/1234 1233/1952/1233 
f 1233/1952/1233 1238/1966/1238 1241/1965/1241 
f 1242/1967/1242 1243/1968/1243 1244/1969/1244 
f 1244/1969/1244 1245/1970/1245 1242/1967/1242 
f 1245/1970/1245 1244/1969/1244 1246/1971/1246 
f 1246/1971/1246 1247/1972/1247 1245/1970/1245 
f 1247/1972/1247 1240/1963/1240 1239/1961/1239 
f 1239/1961/1239 1245/1970/1245 1247/1972/1247 
f 1245/1970/1245 1239/1961/1239 1227/1941/1227 
f 1227/1941/1227 1242/1967/1242 1245/1970/1245 
f 1248/1973/1248 1249/1974/1249 1234/1975/1234 
f 1234/1975/1234 1241/1976/1241 1248/1973/1248 
f 1241/1964/1241 1240/1963/1240 1250/1977/1250 
f 1250/1977/1250 1248/1978/1248 1241/1964/1241 
f 1248/1973/1248 1250/1979/1250 1251/1980/1251 
f 1251/1980/1251 1252/1981/1252 1248/1973/1248 
f 1252/1981/1252 1253/1982/1253 1249/1974/1249 
f 1249/1974/1249 1248/1973/1248 1252/1981/1252 
f 1254/1983/1254 1247/1984/1247 1246/1985/1246 
f 1246/1985/1246 1255/1986/1255 1254/1983/1254 
f 1255/1986/1255 1256/1987/1256 1257/1988/1257 
f 1257/1988/1257 1254/1983/1254 1255/1986/1255 
f 1250/1979/1250 1254/1989/1254 1257/1990/1257 
f 1257/1990/1257 1251/1980/1251 1250/1979/1250 
f 1254/1991/1254 1250/1977/1250 1240/1963/1240 
f 1240/1963/1240 1247/1972/1247 1254/1991/1254 
f 1257/1990/1257 1256/1992/1256 1258/1993/1258 
f 1258/1993/1258 1259/1994/1259 1257/1990/1257 
f 1259/1995/1259 1258/1996/1258 1260/1997/1260 
f 1260/1997/1260 1261/1998/1261 1259/1995/1259 
f 1261/1999/1261 1262/2000/1262 1263/2001/1263 
f 1263/2001/1263 1259/1994/1259 1261/1999/1261 
f 1259/1994/1259 1263/2001/1263 1251/1980/1251 
f 1251/1980/1251 1257/1990/1257 1259/1994/1259 
f 1264/2002/1264 1265/2003/1265 1266/2004/1266 
f 1266/2004/1266 1267/2005/1267 1264/2002/1264 
f 1264/2002/1264 1267/2005/1267 1268/2006/1268 
f 1268/2006/1268 1269/2007/1269 1264/2002/1264 
f 1269/2007/1269 1140/2008/1140 1139/2009/1139 
f 1139/2009/1139 1264/2002/1264 1269/2007/1269 
f 1139/2009/1139 1134/2010/1134 1265/2003/1265 
f 1265/2003/1265 1264/2002/1264 1139/2009/1139 
f 1270/2011/1270 1271/2012/1271 1272/2013/1272 
f 1272/2013/1272 1273/2014/1273 1270/2011/1270 
f 1273/2015/1273 1274/2016/1274 1275/2017/1275 
f 1275/2017/1275 1270/2018/1270 1273/2015/1273 
f 1270/2011/1270 1275/2019/1275 1118/1771/1118 
f 1118/1771/1118 1117/1770/1117 1270/2011/1270 
f 1117/1770/1117 1116/1769/1116 1271/2012/1271 
f 1271/2012/1271 1270/2011/1270 1117/1770/1117 
f 1276/2020/1276 1275/2017/1275 1274/2016/1274 
f 1277/2021/1277 1122/1784/1122 1125/1783/1125 
f 1125/1783/1125 1276/2022/1276 1277/2021/1277 
f 1125/1782/1125 1118/1771/1118 1275/2019/1275 
f 1275/2019/1275 1276/2023/1276 1125/1782/1125 
f 1278/2024/1278 1133/2025/1133 1132/1795/1132 
f 1132/1795/1132 1279/2026/1279 1278/2024/1278 
f 1279/2027/1279 1280/2028/1280 1281/2029/1281 
f 1266/2004/1266 1265/2003/1265 1278/2024/1278 
f 1278/2024/1278 1265/2003/1265 1134/2010/1134 
f 1134/2010/1134 1133/2025/1133 1278/2024/1278 
f 1282/2030/1282 1283/2031/1283 1284/2032/1284 
f 1285/2033/1285 1286/2034/1286 1287/2035/1287 
f 1287/2035/1287 1282/2036/1282 1285/2033/1285 
f 1282/2036/1282 1287/2035/1287 1280/2037/1280 
f 1279/2026/1279 1132/1795/1132 1283/2031/1283 
f 1288/2038/1288 1281/2039/1281 1280/2037/1280 
f 1289/2040/1289 1290/2041/1290 1291/2042/1291 
f 1291/2042/1291 1288/2038/1288 1289/2040/1289 
f 1288/2038/1288 1291/2042/1291 1292/2043/1292 
f 1292/2043/1292 1293/2044/1293 1288/2038/1288 
f 1293/2044/1293 1266/2045/1266 1281/2039/1281 
f 1281/2039/1281 1288/2038/1288 1293/2044/1293 
f 1290/2041/1290 1294/2046/1294 1295/2047/1295 
f 1294/2046/1294 1286/2034/1286 1296/2048/1296 
f 1296/2049/1296 1122/1784/1122 1277/2021/1277 
f 1277/2050/1277 1274/2016/1274 1297/2051/1297 
f 1298/2052/1298 1123/1778/1123 1122/1777/1122 
f 1122/1777/1122 1296/2048/1296 1298/2052/1298 
f 1296/2048/1296 1286/2034/1286 1299/2053/1299 
f 1298/2052/1298 1299/2053/1299 883/1371/883 
f 883/1371/883 882/1370/882 1298/2052/1298 
f 882/1370/882 881/1369/881 1123/1778/1123 
f 1300/2054/1300 1294/2046/1294 1290/2041/1290 
f 1290/2041/1290 1289/2040/1289 1300/2054/1300 
f 1300/2054/1300 1289/2040/1289 1280/2037/1280 
f 1280/2037/1280 1287/2035/1287 1300/2054/1300 
f 1287/2035/1287 1286/2034/1286 1294/2046/1294 
f 1294/2046/1294 1300/2054/1300 1287/2035/1287 
f 1301/2055/1301 1302/2056/1302 876/1373/876 
f 876/1373/876 884/1372/884 1301/2055/1301 
f 884/1372/884 883/1371/883 1299/2053/1299 
f 1299/2053/1299 1301/2055/1301 884/1372/884 
f 1301/2055/1301 1299/2053/1299 1286/2034/1286 
f 1286/2034/1286 1285/2033/1285 1301/2055/1301 
f 1285/2033/1285 1284/2057/1284 1302/2056/1302 
f 1302/2056/1302 1301/2055/1301 1285/2033/1285 
f 1303/2058/1303 1304/2059/1304 1292/2043/1292 
f 1297/2051/1297 1303/2058/1303 1291/2042/1291 
f 1291/2042/1291 1290/2041/1290 1297/2051/1297 
f 1303/2058/1303 1297/2051/1297 1274/2016/1274 
f 1274/2016/1274 1273/2015/1273 1303/2058/1303 
f 1273/2014/1273 1272/2013/1272 1304/2060/1304 
f 1305/2061/1305 871/1365/871 878/1364/878 
f 878/1364/878 1306/2062/1306 1305/2061/1305 
f 1306/2063/1306 1047/2064/1047 1046/1648/1046 
f 1046/1648/1046 1305/2065/1305 1306/2063/1306 
f 1305/2065/1305 1046/1648/1046 1045/1647/1045 
f 1045/1647/1045 1064/2066/1064 1305/2065/1305 
f 1064/2066/1064 872/2067/872 871/2068/871 
f 871/2068/871 1305/2065/1305 1064/2066/1064 
f 1307/2069/1307 1019/2070/1019 1018/2071/1018 
f 1018/2071/1018 1048/2072/1048 1307/2069/1307 
f 1307/2069/1307 1048/2072/1048 1047/2073/1047 
f 1047/2073/1047 1308/2074/1308 1307/2069/1307 
f 1308/2074/1308 1309/2075/1309 1310/2076/1310 
f 1310/2076/1310 1307/2069/1307 1308/2074/1308 
f 1310/2077/1310 1020/1616/1020 1019/1615/1019 
f 1019/1615/1019 1307/2078/1307 1310/2077/1310 
f 1311/2079/1311 1302/2080/1302 1284/2081/1284 
f 1312/2082/1312 1313/2083/1313 1314/2084/1314 
f 1314/2084/1314 1311/2085/1311 1312/2082/1312 
f 1311/2085/1311 1314/2084/1314 878/1364/878 
f 878/1364/878 877/1363/877 1311/2085/1311 
f 877/1362/877 876/1361/876 1302/2080/1302 
f 1302/2080/1302 1311/2079/1311 877/1362/877 
f 1315/2086/1315 1283/2031/1283 1132/1795/1132 
f 1132/1795/1132 1131/1793/1131 1315/2086/1315 
f 1131/1793/1131 1130/1792/1130 1316/2087/1316 
f 1316/2087/1316 1315/2086/1315 1131/1793/1131 
f 1315/2086/1315 1316/2087/1316 1313/2083/1313 
f 1313/2083/1313 1312/2082/1312 1315/2086/1315 
f 1312/2082/1312 1284/2032/1284 1283/2031/1283 
f 1317/2088/1317 1318/2089/1318 1319/2090/1319 
f 1319/2090/1319 1320/2091/1320 1317/2088/1317 
f 1320/2091/1320 1319/2090/1319 1047/2073/1047 
f 1047/2073/1047 1306/2092/1306 1320/2091/1320 
f 1306/2092/1306 878/2093/878 1314/2094/1314 
f 1314/2094/1314 1320/2091/1320 1306/2092/1306 
f 1313/2095/1313 1317/2088/1317 1320/2091/1320 
f 1321/2096/1321 1322/2097/1322 1309/2075/1309 
f 1309/2075/1309 1308/2074/1308 1321/2096/1321 
f 1308/2074/1308 1047/2073/1047 1319/2090/1319 
f 1319/2090/1319 1321/2096/1321 1308/2074/1308 
f 1321/2096/1321 1319/2090/1319 1318/2089/1318 
f 1318/2089/1318 1322/2097/1322 1321/2096/1321 
f 1323/2098/1323 1313/2095/1313 1316/2099/1316 
f 1316/2099/1316 1324/2100/1324 1323/2098/1323 
f 1324/2100/1324 1316/2099/1316 1130/2101/1130 
f 1130/2101/1130 1325/2102/1325 1324/2100/1324 
f 1324/2100/1324 1325/2102/1325 1326/2103/1326 
f 1326/2103/1326 1323/2098/1323 1324/2100/1324 
f 1327/2104/1327 1310/2076/1310 1309/2075/1309 
f 1309/2075/1309 1328/2105/1328 1327/2104/1327 
f 1327/2104/1327 1328/2105/1328 1329/2106/1329 
f 1329/2106/1329 1330/2107/1330 1327/2104/1327 
f 1330/2108/1330 1331/2109/1331 1332/2110/1332 
f 1332/2110/1332 1327/2111/1327 1330/2108/1330 
f 1327/2111/1327 1332/2110/1332 1020/1616/1020 
f 1020/1616/1020 1310/2077/1310 1327/2111/1327 
f 1322/2097/1322 1318/2089/1318 1333/2112/1333 
f 1333/2112/1333 1334/2113/1334 1322/2097/1322 
f 1334/2113/1334 1333/2112/1333 1335/2114/1335 
f 1336/2115/1336 1329/2106/1329 1328/2105/1328 
f 1328/2105/1328 1334/2113/1334 1336/2115/1336 
f 1328/2105/1328 1309/2075/1309 1322/2097/1322 
f 1322/2097/1322 1334/2113/1334 1328/2105/1328 
f 1337/2116/1337 1323/2098/1323 1326/2103/1326 
f 1326/2103/1326 1338/2117/1338 1337/2116/1337 
f 1338/2117/1338 1335/2114/1335 1333/2112/1333 
f 1333/2112/1333 1337/2116/1337 1338/2117/1338 
f 1337/2116/1337 1333/2112/1333 1318/2089/1318 
f 1318/2089/1318 1317/2088/1317 1337/2116/1337 
f 1317/2088/1317 1313/2095/1313 1323/2098/1323 
f 1323/2098/1323 1337/2116/1337 1317/2088/1317 
f 1330/2107/1330 1329/2106/1329 1339/2118/1339 
f 1340/2119/1340 1339/2118/1339 1341/2120/1341 
f 1341/2120/1341 1342/2121/1342 1340/2119/1340 
f 1342/2121/1342 1343/2122/1343 1344/2123/1344 
f 1344/2123/1344 1340/2119/1340 1342/2121/1342 
f 1340/2119/1340 1344/2123/1344 1331/2124/1331 
f 1331/2124/1331 1330/2107/1330 1340/2119/1340 
f 1129/1790/1129 1128/1789/1128 1345/2125/1345 
f 1345/2125/1345 1346/2126/1346 1129/1790/1129 
f 1347/2127/1347 1346/2126/1346 1345/2125/1345 
f 1345/2125/1345 1348/2128/1348 1347/2127/1347 
f 1346/2126/1346 1347/2127/1347 1326/2103/1326 
f 1326/2103/1326 1325/2102/1325 1346/2126/1346 
f 1325/2102/1325 1130/2101/1130 1129/1790/1129 
f 1129/1790/1129 1346/2126/1346 1325/2102/1325 
f 1349/2129/1349 1347/2127/1347 1348/2128/1348 
f 1348/2128/1348 1350/2130/1350 1349/2129/1349 
f 1350/2130/1350 1351/2131/1351 1352/2132/1352 
f 1352/2132/1352 1349/2129/1349 1350/2130/1350 
f 1349/2129/1349 1352/2132/1352 1335/2114/1335 
f 1338/2117/1338 1326/2103/1326 1347/2127/1347 
f 1347/2127/1347 1349/2129/1349 1338/2117/1338 
f 1353/2133/1353 1352/2132/1352 1351/2131/1351 
f 1351/2131/1351 1354/2134/1354 1353/2133/1353 
f 1354/2134/1354 1341/2120/1341 1339/2118/1339 
f 1339/2118/1339 1353/2133/1353 1354/2134/1354 
f 1353/2133/1353 1339/2118/1339 1329/2106/1329 
f 1329/2106/1329 1336/2115/1336 1353/2133/1353 
f 1336/2115/1336 1335/2114/1335 1352/2132/1352 
f 1355/2135/1355 1356/2136/1356 1357/2137/1357 
f 1357/2137/1357 1358/2138/1358 1355/2135/1355 
f 1358/2139/1358 1359/2140/1359 1360/2141/1360 
f 1360/2141/1360 1355/2142/1355 1358/2139/1358 
f 1355/2135/1355 1360/2143/1360 1343/2122/1343 
f 1343/2122/1343 1342/2121/1342 1355/2135/1355 
f 1342/2121/1342 1341/2120/1341 1356/2136/1356 
f 1361/2144/1361 1345/2125/1345 1128/1789/1128 
f 1128/1789/1128 1138/1802/1138 1361/2144/1361 
f 1138/1802/1138 1137/1801/1137 1362/2145/1362 
f 1362/2145/1362 1361/2144/1361 1138/1802/1138 
f 1362/2145/1362 1363/2146/1363 1364/2147/1364 
f 1364/2147/1364 1361/2144/1361 1362/2145/1362 
f 1364/2147/1364 1348/2128/1348 1345/2125/1345 
f 1345/2125/1345 1361/2144/1361 1364/2147/1364 
f 1365/2148/1365 1364/2149/1364 1363/2150/1363 
f 1363/2150/1363 1366/2151/1366 1365/2148/1365 
f 1366/2151/1366 1367/2152/1367 1368/2153/1368 
f 1368/2153/1368 1365/2148/1365 1366/2151/1366 
f 1365/2154/1365 1368/2155/1368 1351/2131/1351 
f 1351/2131/1351 1350/2130/1350 1365/2154/1365 
f 1350/2156/1350 1348/2157/1348 1364/2149/1364 
f 1364/2149/1364 1365/2148/1365 1350/2156/1350 
f 1369/2158/1369 1368/2155/1368 1367/2159/1367 
f 1367/2159/1367 1370/2160/1370 1369/2158/1369 
f 1370/2160/1370 1357/2137/1357 1356/2136/1356 
f 1356/2136/1356 1369/2158/1369 1370/2160/1370 
f 1369/2158/1369 1356/2136/1356 1341/2120/1341 
f 1341/2120/1341 1354/2134/1354 1369/2158/1369 
f 1354/2134/1354 1351/2131/1351 1368/2155/1368 
f 1368/2155/1368 1369/2158/1369 1354/2134/1354 
f 1371/2161/1371 1372/2162/1372 1373/2163/1373 
f 1373/2163/1373 1374/2164/1374 1371/2161/1371 
f 1374/2164/1374 1375/2165/1375 1376/2166/1376 
f 1376/2166/1376 1371/2161/1371 1374/2164/1374 
f 1371/2161/1371 1376/2166/1376 1377/2167/1377 
f 1377/2167/1377 1378/2168/1378 1371/2161/1371 
f 1378/2168/1378 1379/2169/1379 1372/2162/1372 
f 1372/2162/1372 1371/2161/1371 1378/2168/1378 
f 1380/2170/1380 1374/2164/1374 1373/2163/1373 
f 1381/2171/1381 1382/2172/1382 1383/2173/1383 
f 1383/2173/1383 1380/2174/1380 1381/2171/1381 
f 1380/2174/1380 1383/2173/1383 1384/2175/1384 
f 1384/2175/1384 1385/2176/1385 1380/2174/1380 
f 1385/2177/1385 1375/2165/1375 1374/2164/1374 
f 1374/2164/1374 1380/2170/1380 1385/2177/1385 
f 1386/2178/1386 1387/2179/1387 1388/2180/1388 
f 1388/2180/1388 1389/2181/1389 1386/2178/1386 
f 1386/2182/1386 1390/2183/1390 1391/2184/1391 
f 1387/2185/1387 1391/2184/1391 1392/2186/1392 
f 1392/2186/1392 1393/2187/1393 1387/2185/1387 
f 1388/2180/1388 1387/2179/1387 1393/2188/1393 
f 1393/2188/1393 1394/2189/1394 1388/2180/1388 
f 1395/2190/1395 1391/2184/1391 1390/2183/1390 
f 1390/2183/1390 1396/2191/1396 1395/2190/1395 
f 1396/2191/1396 1397/2192/1397 1398/2193/1398 
f 1398/2193/1398 1395/2190/1395 1396/2191/1396 
f 1395/2190/1395 1398/2193/1398 1399/2194/1399 
f 1399/2194/1399 1400/2195/1400 1395/2190/1395 
f 1400/2195/1400 1392/2186/1392 1391/2184/1391 
f 1391/2184/1391 1395/2190/1395 1400/2195/1400 
f 1401/2196/1401 1402/2197/1402 1173/1846/1173 
f 1173/1846/1173 1172/1845/1172 1401/2196/1401 
f 1172/1845/1172 1171/1844/1171 1403/2198/1403 
f 1403/2198/1403 1401/2196/1401 1172/1845/1172 
f 1401/2196/1401 1403/2198/1403 1404/2199/1404 
f 1404/2199/1404 1405/2200/1405 1401/2196/1401 
f 1405/2201/1405 1406/2202/1406 1402/2203/1402 
f 1402/2203/1402 1401/2204/1401 1405/2201/1405 
f 1407/2205/1407 1408/2206/1408 1409/2207/1409 
f 1409/2207/1409 1410/2208/1410 1407/2205/1407 
f 1410/2208/1410 1411/2209/1411 1412/2210/1412 
f 1407/2205/1407 1412/2210/1412 1397/2192/1397 
f 1397/2192/1397 1396/2191/1396 1407/2205/1407 
f 1396/2191/1396 1390/2183/1390 1408/2206/1408 
f 1413/2211/1413 1414/2212/1414 1411/2209/1411 
f 1411/2209/1411 1410/2208/1410 1413/2211/1413 
f 1410/2213/1410 1409/2214/1409 1415/2215/1415 
f 1415/2215/1415 1413/2216/1413 1410/2213/1410 
f 1413/2216/1413 1415/2215/1415 1406/2202/1406 
f 1406/2202/1406 1405/2201/1405 1413/2216/1413 
f 1405/2201/1405 1404/2217/1404 1414/2218/1414 
f 1414/2218/1414 1413/2216/1413 1405/2201/1405 
f 1416/2219/1416 1417/2220/1417 1418/2221/1418 
f 1418/2221/1418 1419/2222/1419 1416/2219/1416 
f 1419/2223/1419 1420/2224/1420 1421/2225/1421 
f 1421/2225/1421 1416/2226/1416 1419/2223/1419 
f 1416/2227/1416 1421/2228/1421 1422/2229/1422 
f 1422/2229/1422 1423/2230/1423 1416/2227/1416 
f 1423/2231/1423 1424/2232/1424 1417/2233/1417 
f 1417/2233/1417 1416/2226/1416 1423/2231/1423 
f 1425/2234/1425 1426/2235/1426 1427/2236/1427 
f 1427/2236/1427 1428/2237/1428 1425/2234/1425 
f 1428/2237/1428 1171/1844/1171 1169/1842/1169 
f 1169/1842/1169 1425/2234/1425 1428/2237/1428 
f 1425/2234/1425 1169/1842/1169 1168/1841/1168 
f 1196/2238/1196 1195/2239/1195 1426/2240/1426 
f 1426/2240/1426 1425/2241/1425 1196/2238/1196 
f 1428/2242/1428 1427/2243/1427 1429/2244/1429 
f 1429/2244/1429 1430/2245/1430 1428/2242/1428 
f 1429/2246/1429 1404/2199/1404 1403/2198/1403 
f 1403/2198/1403 1430/2247/1430 1429/2246/1429 
f 1430/2247/1430 1403/2198/1403 1171/1844/1171 
f 1431/2248/1431 1398/2193/1398 1397/2192/1397 
f 1397/2192/1397 1432/2249/1432 1431/2248/1431 
f 1432/2250/1432 1418/2251/1418 1417/2233/1417 
f 1417/2233/1417 1431/2252/1431 1432/2250/1432 
f 1431/2252/1431 1417/2233/1417 1424/2232/1424 
f 1424/2232/1424 1433/2253/1433 1431/2252/1431 
f 1433/2253/1433 1399/2254/1399 1398/2255/1398 
f 1398/2255/1398 1431/2252/1431 1433/2253/1433 
f 1434/2256/1434 1426/2240/1426 1195/2239/1195 
f 1195/2239/1195 1222/2257/1222 1434/2256/1434 
f 1222/2258/1222 1214/1913/1214 1435/2259/1435 
f 1434/2256/1434 1435/2260/1435 1436/2261/1436 
f 1436/2261/1436 1437/2262/1437 1434/2256/1434 
f 1437/2263/1437 1427/2243/1427 1426/2264/1426 
f 1438/2265/1438 1439/2266/1439 1440/2267/1440 
f 1438/2268/1438 1441/2269/1441 1427/2243/1427 
f 1437/2270/1437 1436/2271/1436 1439/2266/1439 
f 1439/2266/1439 1438/2265/1438 1437/2270/1437 
f 1420/2272/1420 1442/2273/1442 1443/2274/1443 
f 1436/2275/1436 1444/2276/1444 1443/2277/1443 
f 1444/2276/1444 615/2278/615 614/2279/614 
f 614/2279/614 1443/2277/1443 1444/2276/1444 
f 614/2279/614 554/827/554 1445/2280/1445 
f 1446/2281/1446 1440/2282/1440 1439/2283/1439 
f 1439/2284/1439 1436/2275/1436 1442/2285/1442 
f 1442/2285/1442 1447/2286/1447 1439/2284/1439 
f 1447/2287/1447 1442/2273/1442 1420/2272/1420 
f 1419/2222/1419 1418/2221/1418 1446/2281/1446 
f 1446/2281/1446 1447/2288/1447 1419/2222/1419 
f 1448/2289/1448 1204/2290/1204 615/2278/615 
f 615/2278/615 1444/2276/1444 1448/2289/1448 
f 1444/2276/1444 1436/2275/1436 1435/2259/1435 
f 1435/2259/1435 1448/2289/1448 1444/2276/1444 
f 1448/2289/1448 1435/2259/1435 1214/1913/1214 
f 1214/1913/1214 1212/1911/1212 1448/2289/1448 
f 1212/2291/1212 1205/1897/1205 1204/1896/1204 
f 1204/1896/1204 1448/2292/1448 1212/2291/1212 
f 1449/2293/1449 1412/2210/1412 1411/2209/1411 
f 1411/2209/1411 1450/2294/1450 1449/2293/1449 
f 1450/2294/1450 1440/2282/1440 1446/2281/1446 
f 1446/2281/1446 1449/2293/1449 1450/2294/1450 
f 1449/2293/1449 1446/2281/1446 1418/2221/1418 
f 1432/2249/1432 1397/2192/1397 1412/2210/1412 
f 1412/2210/1412 1449/2293/1449 1432/2249/1432 
f 1429/2244/1429 1427/2243/1427 1441/2269/1441 
f 1441/2269/1441 1440/2282/1440 1450/2294/1450 
f 1450/2294/1450 1451/2295/1451 1441/2269/1441 
f 1450/2294/1450 1411/2209/1411 1414/2212/1414 
f 1451/2296/1451 1414/2218/1414 1404/2217/1404 
f 1452/2297/1452 1453/2298/1453 1454/2299/1454 
f 1454/2299/1454 1455/2300/1455 1452/2297/1452 
f 1455/2300/1455 1399/2301/1399 1433/2302/1433 
f 1433/2302/1433 1452/2297/1452 1455/2300/1455 
f 1452/2297/1452 1433/2302/1433 1424/2303/1424 
f 1424/2303/1424 1423/2230/1423 1452/2297/1452 
f 1423/2230/1423 1422/2229/1422 1453/2298/1453 
f 1455/2300/1455 1454/2299/1454 1456/2304/1456 
f 1456/2304/1456 1457/2305/1457 1455/2300/1455 
f 1456/2304/1456 1458/2306/1458 1459/2307/1459 
f 1459/2307/1459 1457/2305/1457 1456/2304/1456 
f 1457/2305/1457 1459/2307/1459 1392/2308/1392 
f 1400/2309/1400 1399/2301/1399 1455/2300/1455 
f 1455/2300/1455 1457/2305/1457 1400/2309/1400 
f 1460/2310/1460 1461/2311/1461 1462/2312/1462 
f 1462/2312/1462 1463/2313/1463 1460/2310/1460 
f 1463/2313/1463 1464/2314/1464 1465/2315/1465 
f 1465/2315/1465 1460/2310/1460 1463/2313/1463 
f 1460/2310/1460 1465/2315/1465 1458/2306/1458 
f 1456/2304/1456 1454/2299/1454 1461/2311/1461 
f 1461/2311/1461 1460/2310/1460 1456/2304/1456 
f 1393/2316/1393 1392/2308/1392 1459/2307/1459 
f 1459/2307/1459 1466/2317/1466 1393/2316/1393 
f 1466/2317/1466 1459/2307/1459 1458/2306/1458 
f 1458/2306/1458 1467/2318/1467 1466/2317/1466 
f 1466/2317/1466 1467/2318/1467 1468/2319/1468 
f 1468/2319/1468 1469/2320/1469 1466/2317/1466 
f 1394/2321/1394 1393/2316/1393 1466/2317/1466 
f 1467/2318/1467 1458/2306/1458 1465/2315/1465 
f 1465/2315/1465 1470/2322/1470 1467/2318/1467 
f 1471/2323/1471 1470/2322/1470 1465/2315/1465 
f 1465/2315/1465 1464/2314/1464 1471/2323/1471 
f 1470/2322/1470 1471/2323/1471 1472/2324/1472 
f 1472/2324/1472 1473/2325/1473 1470/2322/1470 
f 1473/2325/1473 1468/2319/1468 1467/2318/1467 
f 1467/2318/1467 1470/2322/1470 1473/2325/1473 
f 1474/2326/1474 1475/2327/1475 1476/2328/1476 
f 1476/2328/1476 1477/2329/1477 1474/2326/1474 
f 1477/2329/1477 1478/2330/1478 1479/2331/1479 
f 1479/2331/1479 1474/2326/1474 1477/2329/1477 
f 1474/2326/1474 1479/2331/1479 1480/2332/1480 
f 1480/2332/1480 1481/2333/1481 1474/2326/1474 
f 1481/2333/1481 1482/2334/1482 1475/2327/1475 
f 1475/2327/1475 1474/2326/1474 1481/2333/1481 
f 1483/2335/1483 1484/2336/1484 1485/2337/1485 
f 1485/2337/1485 1486/2338/1486 1483/2335/1483 
f 1486/2339/1486 1487/2340/1487 1488/2341/1488 
f 1488/2341/1488 1483/2342/1483 1486/2339/1486 
f 1483/2342/1483 1488/2341/1488 1379/2343/1379 
f 1379/2343/1379 1378/2344/1378 1483/2342/1483 
f 1378/2344/1378 1377/2345/1377 1484/2346/1484 
f 1484/2346/1484 1483/2342/1483 1378/2344/1378 
f 1489/2347/1489 1490/2348/1490 1491/2349/1491 
f 1491/2349/1491 1492/2350/1492 1489/2347/1489 
f 1492/2350/1492 1343/2351/1343 1360/2141/1360 
f 1360/2141/1360 1489/2347/1489 1492/2350/1492 
f 1489/2347/1489 1360/2141/1360 1359/2140/1359 
f 1359/2140/1359 1493/2352/1493 1489/2347/1489 
f 1493/2352/1493 1494/2353/1494 1490/2348/1490 
f 1490/2348/1490 1489/2347/1489 1493/2352/1493 
f 1495/2354/1495 1332/2110/1332 1331/2109/1331 
f 1331/2109/1331 1496/2355/1496 1495/2354/1495 
f 1496/2356/1496 1497/2357/1497 1498/2358/1498 
f 1498/2358/1498 1495/2359/1495 1496/2356/1496 
f 1495/2359/1495 1498/2358/1498 1022/2360/1022 
f 1022/2360/1022 1021/2361/1021 1495/2359/1495 
f 1021/1617/1021 1020/1616/1020 1332/2110/1332 
f 1332/2110/1332 1495/2354/1495 1021/1617/1021 
f 1499/2362/1499 1500/2363/1500 1497/2364/1497 
f 1497/2364/1497 1496/2355/1496 1499/2362/1499 
f 1496/2355/1496 1331/2109/1331 1344/2365/1344 
f 1344/2365/1344 1499/2362/1499 1496/2355/1496 
f 1499/2362/1499 1344/2365/1344 1343/2351/1343 
f 1343/2351/1343 1492/2350/1492 1499/2362/1499 
f 1492/2350/1492 1491/2349/1491 1500/2363/1500 
f 1500/2363/1500 1499/2362/1499 1492/2350/1492 
f 1501/2366/1501 1498/2358/1498 1497/2357/1497 
f 1497/2357/1497 1502/2367/1502 1501/2366/1501 
f 1502/2367/1502 1503/2368/1503 1504/2369/1504 
f 1501/2366/1501 1504/2369/1504 1505/2370/1505 
f 1506/2371/1506 1022/2360/1022 1498/2358/1498 
f 1498/2358/1498 1501/2366/1501 1506/2371/1506 
f 1507/2372/1507 1016/2373/1016 1022/2360/1022 
f 1022/2360/1022 1506/2371/1506 1507/2372/1507 
f 1506/2374/1506 1505/2375/1505 1508/2376/1508 
f 1508/2376/1508 1507/2377/1507 1506/2374/1506 
f 1507/2377/1507 1508/2376/1508 867/2378/867 
f 867/2378/867 866/2379/866 1507/2377/1507 
f 866/2379/866 865/1612/865 1016/1611/1016 
f 1016/1611/1016 1507/2377/1507 866/2379/866 
f 1509/2380/1509 1510/2381/1510 1503/2382/1503 
f 1502/2383/1502 1497/2364/1497 1500/2363/1500 
f 1500/2363/1500 1509/2384/1509 1502/2383/1502 
f 1509/2384/1509 1500/2363/1500 1491/2349/1491 
f 1491/2349/1491 1511/2385/1511 1509/2384/1509 
f 1512/2386/1512 1510/2381/1510 1509/2380/1509 
f 1513/2387/1513 1505/2370/1505 1504/2369/1504 
f 1504/2369/1504 1514/2388/1514 1513/2387/1513 
f 1514/2388/1514 1504/2369/1504 1503/2368/1503 
f 1503/2368/1503 1515/2389/1515 1514/2388/1514 
f 1514/2390/1514 1515/2391/1515 1516/2392/1516 
f 1516/2392/1516 1513/2393/1513 1514/2390/1514 
f 1517/2394/1517 1461/2311/1461 1454/2299/1454 
f 1454/2299/1454 1518/2395/1518 1517/2394/1517 
f 1518/2395/1518 1519/2396/1519 1520/2397/1520 
f 1520/2397/1520 1517/2394/1517 1518/2395/1518 
f 1517/2394/1517 1520/2397/1520 1521/2398/1521 
f 1521/2398/1521 1522/2399/1522 1517/2394/1517 
f 1522/2399/1522 1462/2312/1462 1461/2311/1461 
f 1461/2311/1461 1517/2394/1517 1522/2399/1522 
f 1523/2400/1523 1524/2401/1524 1525/2402/1525 
f 1525/2402/1525 1526/2403/1526 1523/2400/1523 
f 1526/2403/1526 1519/2396/1519 1527/2404/1527 
f 1527/2404/1527 1523/2400/1523 1526/2403/1526 
f 1527/2404/1527 1528/2405/1528 1524/2401/1524 
f 1524/2401/1524 1523/2400/1523 1527/2404/1527 
f 1529/2406/1529 1453/2298/1453 1422/2229/1422 
f 1530/2407/1530 1528/2405/1528 1527/2404/1527 
f 1529/2406/1529 1527/2404/1527 1519/2396/1519 
f 1519/2396/1519 1518/2395/1518 1529/2406/1529 
f 1518/2395/1518 1454/2299/1454 1453/2298/1453 
f 1531/2408/1531 1532/2409/1532 1533/2410/1533 
f 1533/2410/1533 1534/2411/1534 1531/2408/1531 
f 1534/2412/1534 1533/2413/1533 1535/2414/1535 
f 1535/2414/1535 1536/2415/1536 1534/2412/1534 
f 1534/2416/1534 1536/2417/1536 1537/2418/1537 
f 1537/2418/1537 1538/2419/1538 1534/2416/1534 
f 1538/2419/1538 1539/2420/1539 1531/2421/1531 
f 1531/2421/1531 1534/2416/1534 1538/2419/1538 
f 1540/2422/1540 1541/2423/1541 1542/2424/1542 
f 1540/2425/1540 1543/2426/1543 1544/2427/1544 
f 1544/2427/1544 1545/2428/1545 1540/2425/1540 
f 1545/2429/1545 1546/2430/1546 1547/2431/1547 
f 1547/2431/1547 1540/2432/1540 1545/2429/1545 
f 1547/2433/1547 1548/2434/1548 1541/2423/1541 
f 1541/2423/1541 1540/2422/1540 1547/2433/1547 
f 1549/2435/1549 1550/2436/1550 1551/2437/1551 
f 1551/2437/1551 1552/2438/1552 1549/2435/1549 
f 1549/2435/1549 1552/2438/1552 1553/2439/1553 
f 1553/2439/1553 1554/2440/1554 1549/2435/1549 
f 1541/2441/1541 1549/2435/1549 1554/2440/1554 
f 1554/2440/1554 1542/2442/1542 1541/2441/1541 
f 1549/2435/1549 1541/2441/1541 1548/2443/1548 
f 1548/2443/1548 1550/2436/1550 1549/2435/1549 
f 1554/2444/1554 1553/2445/1553 1555/2446/1555 
f 1555/2446/1555 1556/2447/1556 1554/2444/1554 
f 1556/2448/1556 1555/2449/1555 1557/2450/1557 
f 1557/2450/1557 1558/2451/1558 1556/2448/1556 
f 1556/2448/1556 1558/2451/1558 1544/2427/1544 
f 1544/2427/1544 1543/2426/1543 1556/2448/1556 
f 1556/2447/1556 1543/2452/1543 1542/2453/1542 
f 1542/2453/1542 1554/2444/1554 1556/2447/1556 
f 1538/2419/1538 1537/2418/1537 1559/2454/1559 
f 1559/2454/1559 1560/2455/1560 1538/2419/1538 
f 1552/2438/1552 1560/2455/1560 1559/2454/1559 
f 1559/2454/1559 1553/2439/1553 1552/2438/1552 
f 1552/2438/1552 1551/2437/1551 1561/2456/1561 
f 1561/2456/1561 1560/2455/1560 1552/2438/1552 
f 1560/2455/1560 1561/2456/1561 1539/2420/1539 
f 1539/2420/1539 1538/2419/1538 1560/2455/1560 
f 1562/2457/1562 1536/2458/1536 1535/2459/1535 
f 1563/2460/1563 1557/2450/1557 1555/2449/1555 
f 1562/2461/1562 1555/2462/1555 1553/2439/1553 
f 1553/2439/1553 1559/2454/1559 1562/2461/1562 
f 1559/2454/1559 1537/2418/1537 1536/2417/1536 
f 1536/2417/1536 1562/2461/1562 1559/2454/1559 
f 1564/2463/1564 1533/2464/1533 1532/2465/1532 
f 1532/2465/1532 1565/2466/1565 1564/2463/1564 
f 1565/2466/1565 1566/2467/1566 1567/2468/1567 
f 1567/2468/1567 1564/2463/1564 1565/2466/1565 
f 1564/2463/1564 1567/2468/1567 1557/2450/1557 
f 1557/2450/1557 1563/2460/1563 1564/2463/1564 
f 1563/2460/1563 1535/2459/1535 1533/2464/1533 
f 1533/2464/1533 1564/2463/1564 1563/2460/1563 
f 1568/2469/1568 1569/2470/1569 1546/2471/1546 
f 1546/2471/1546 1545/2428/1545 1568/2469/1568 
f 1545/2428/1545 1544/2427/1544 1558/2451/1558 
f 1558/2451/1558 1568/2469/1568 1545/2428/1545 
f 1568/2469/1568 1558/2451/1558 1557/2450/1557 
f 1557/2450/1557 1567/2468/1567 1568/2469/1568 
f 1567/2468/1567 1566/2467/1566 1569/2470/1569 
f 1569/2470/1569 1568/2469/1568 1567/2468/1567 
f 1570/2472/1570 1571/2473/1571 1572/2474/1572 
f 1572/2474/1572 1573/2475/1573 1570/2472/1570 
f 1573/2475/1573 1574/2476/1574 1575/2477/1575 
f 1575/2477/1575 1570/2472/1570 1573/2475/1573 
f 1570/2472/1570 1575/2477/1575 1576/2478/1576 
f 1576/2478/1576 1577/2479/1577 1570/2472/1570 
f 1577/2479/1577 1578/2480/1578 1571/2473/1571 
f 1571/2473/1571 1570/2472/1570 1577/2479/1577 
f 1579/2481/1579 1573/2475/1573 1572/2474/1572 
f 1572/2474/1572 1580/2482/1580 1579/2481/1579 
f 1580/2482/1580 1581/2483/1581 1582/2484/1582 
f 1582/2484/1582 1579/2481/1579 1580/2482/1580 
f 1579/2481/1579 1582/2484/1582 1583/2485/1583 
f 1583/2485/1583 1584/2486/1584 1579/2481/1579 
f 1584/2486/1584 1574/2476/1574 1573/2475/1573 
f 1573/2475/1573 1579/2481/1579 1584/2486/1584 
f 1585/2487/1585 1586/2488/1586 1587/2489/1587 
f 1587/2489/1587 1588/2490/1588 1585/2487/1585 
f 1588/2490/1588 1572/2474/1572 1571/2473/1571 
f 1571/2473/1571 1585/2487/1585 1588/2490/1588 
f 1585/2487/1585 1571/2473/1571 1578/2480/1578 
f 1578/2480/1578 1589/2491/1589 1585/2487/1585 
f 1589/2491/1589 1590/2492/1590 1586/2488/1586 
f 1586/2488/1586 1585/2487/1585 1589/2491/1589 
f 1591/2493/1591 1588/2490/1588 1587/2489/1587 
f 1587/2489/1587 1592/2494/1592 1591/2493/1591 
f 1592/2494/1592 1593/2495/1593 1594/2496/1594 
f 1594/2496/1594 1591/2493/1591 1592/2494/1592 
f 1591/2493/1591 1594/2496/1594 1581/2483/1581 
f 1581/2483/1581 1580/2482/1580 1591/2493/1591 
f 1580/2482/1580 1572/2474/1572 1588/2490/1588 
f 1588/2490/1588 1591/2493/1591 1580/2482/1580 
f 1595/2497/1595 1524/2401/1524 1528/2405/1528 
f 1528/2405/1528 1596/2498/1596 1595/2497/1595 
f 1596/2498/1596 1597/2499/1597 1598/2500/1598 
f 1598/2500/1598 1595/2497/1595 1596/2498/1596 
f 1595/2497/1595 1598/2500/1598 1590/2492/1590 
f 1590/2492/1590 1599/2501/1599 1595/2497/1595 
f 1599/2501/1599 1525/2402/1525 1524/2401/1524 
f 1524/2401/1524 1595/2497/1595 1599/2501/1599 
f 1600/2502/1600 1593/2503/1593 1601/2504/1601 
f 1601/2505/1601 1602/2506/1602 1603/2507/1603 
f 1603/2507/1603 1604/2508/1604 1601/2505/1601 
f 1603/2509/1603 853/1332/853 860/1343/860 
f 860/1343/860 859/1342/859 1600/2502/1600 
f 1600/2502/1600 1604/2510/1604 860/1343/860 
f 1605/2511/1605 854/1333/854 853/1332/853 
f 1603/2512/1603 1602/2513/1602 1606/2514/1606 
f 1605/2515/1605 1606/2514/1606 544/811/544 
f 544/811/544 845/1323/845 1605/2515/1605 
f 845/2516/845 836/1306/836 854/1333/854 
f 854/1333/854 1605/2511/1605 845/2516/845 
f 1607/2517/1607 1608/2518/1608 1597/2519/1597 
f 1609/2520/1609 1420/2521/1420 1445/2280/1445 
f 1607/2517/1607 1445/2280/1445 554/827/554 
f 553/837/553 559/836/559 1608/2522/1608 
f 1609/2523/1609 1597/2499/1597 1596/2498/1596 
f 1596/2498/1596 1610/2524/1610 1609/2523/1609 
f 1596/2498/1596 1528/2405/1528 1530/2407/1530 
f 1530/2407/1530 1610/2524/1610 1596/2498/1596 
f 1530/2407/1530 1422/2229/1422 1421/2228/1421 
f 1421/2228/1421 1610/2524/1610 1530/2407/1530 
f 1421/2525/1421 1420/2521/1420 1609/2520/1609 
f 1611/2526/1611 545/812/545 544/811/544 
f 544/811/544 1606/2514/1606 1611/2526/1611 
f 1606/2514/1606 1602/2513/1602 1612/2527/1612 
f 1612/2527/1612 1611/2526/1611 1606/2514/1606 
f 1612/2528/1612 1613/2529/1613 1614/2530/1614 
f 1614/2531/1614 540/813/540 545/812/545 
f 1615/2532/1615 1586/2488/1586 1590/2492/1590 
f 1598/2500/1598 1597/2499/1597 1616/2533/1616 
f 1615/2532/1615 1616/2533/1616 1617/2534/1617 
f 1617/2534/1617 1618/2535/1618 1615/2532/1615 
f 1618/2535/1618 1587/2489/1587 1586/2488/1586 
f 1619/2536/1619 549/822/549 531/789/531 
f 531/789/531 1620/2537/1620 1619/2536/1619 
f 1620/2537/1620 1613/2529/1613 1621/2538/1621 
f 1621/2538/1621 1619/2536/1619 1620/2537/1620 
f 1621/2538/1621 559/836/559 558/835/558 
f 558/835/558 1619/2536/1619 1621/2538/1621 
f 558/835/558 550/823/550 549/822/549 
f 549/822/549 1619/2536/1619 558/835/558 
f 1622/2539/1622 530/788/530 529/787/529 
f 541/808/541 540/807/540 1614/2530/1614 
f 1614/2530/1614 1613/2529/1613 1620/2537/1620 
f 1620/2537/1620 1622/2539/1622 1614/2530/1614 
f 1620/2537/1620 531/789/531 530/788/530 
f 1623/2540/1623 1613/2529/1613 1612/2528/1612 
f 1612/2528/1612 1624/2541/1624 1623/2540/1623 
f 1624/2542/1624 1612/2527/1612 1602/2513/1602 
f 1624/2542/1624 1625/2543/1625 1617/2544/1617 
f 1617/2544/1617 1623/2545/1623 1624/2542/1624 
f 1626/2546/1626 1608/2522/1608 559/836/559 
f 559/836/559 1621/2538/1621 1626/2546/1626 
f 1621/2538/1621 1613/2529/1613 1623/2540/1623 
f 1623/2540/1623 1626/2546/1626 1621/2538/1621 
f 1623/2545/1623 1617/2544/1617 1616/2547/1616 
f 1616/2533/1616 1597/2499/1597 1608/2522/1608 
f 1608/2522/1608 1626/2546/1626 1616/2533/1616 
f 1627/2548/1627 1592/2494/1592 1587/2489/1587 
f 1587/2489/1587 1618/2535/1618 1627/2548/1627 
f 1618/2535/1618 1617/2534/1617 1625/2549/1625 
f 1625/2549/1625 1627/2548/1627 1618/2535/1618 
f 1627/2548/1627 1625/2549/1625 1602/2506/1602 
f 1602/2506/1602 1601/2505/1601 1627/2548/1627 
f 1601/2505/1601 1593/2495/1593 1592/2494/1592 
f 1592/2494/1592 1627/2548/1627 1601/2505/1601 
f 1628/2550/1628 1600/2502/1600 859/1342/859 
f 859/1342/859 858/1341/858 1628/2550/1628 
f 1628/2550/1628 858/1341/858 857/2551/857 
f 1629/2552/1629 1630/2553/1630 1631/2554/1631 
f 1631/2554/1631 1628/2550/1628 1629/2552/1629 
f 1631/2554/1631 1593/2503/1593 1600/2502/1600 
f 1632/2555/1632 1633/2556/1633 1634/2557/1634 
f 1634/2557/1634 1635/2558/1635 1632/2555/1632 
f 1634/2559/1634 1636/2560/1636 1637/2561/1637 
f 1635/2562/1635 1637/2563/1637 867/2564/867 
f 1508/2376/1508 1505/2375/1505 1632/2555/1632 
f 1632/2555/1632 1635/2558/1635 1508/2376/1508 
f 1638/2565/1638 1636/2560/1636 1634/2559/1634 
f 1634/2559/1634 1639/2566/1639 1638/2565/1638 
f 1639/2567/1639 1634/2557/1634 1633/2556/1633 
f 1633/2556/1633 1640/2568/1640 1639/2567/1639 
f 1639/2566/1639 1640/2569/1640 1641/2570/1641 
f 1642/2571/1642 1643/2572/1643 1636/2560/1636 
f 1638/2565/1638 1641/2570/1641 1644/2573/1644 
f 1644/2573/1644 1642/2571/1642 1638/2565/1638 
f 1642/2571/1642 1644/2573/1644 1630/2553/1630 
f 1629/2552/1629 857/2551/857 1643/2572/1643 
f 1643/2572/1643 1642/2571/1642 1629/2552/1629 
f 1645/2574/1645 1646/2575/1646 1647/2576/1647 
f 1633/2556/1633 1632/2555/1632 1647/2577/1647 
f 1647/2577/1647 1632/2555/1632 1505/2375/1505 
f 1513/2578/1513 1516/2579/1516 1648/2580/1648 
f 1648/2580/1648 1647/2576/1647 1513/2578/1513 
f 1649/2581/1649 1631/2554/1631 1630/2553/1630 
f 1630/2553/1630 1650/2582/1650 1649/2581/1649 
f 1650/2582/1650 1651/2583/1651 1652/2584/1652 
f 1652/2584/1652 1649/2581/1649 1650/2582/1650 
f 1649/2581/1649 1652/2584/1652 1581/2585/1581 
f 1581/2585/1581 1594/2586/1594 1649/2581/1649 
f 1594/2586/1594 1593/2503/1593 1631/2554/1631 
f 1631/2554/1631 1649/2581/1649 1594/2586/1594 
f 1653/2587/1653 1644/2573/1644 1641/2570/1641 
f 1641/2570/1641 1654/2588/1654 1653/2587/1653 
f 1654/2588/1654 1655/2589/1655 1656/2590/1656 
f 1656/2590/1656 1653/2587/1653 1654/2588/1654 
f 1653/2587/1653 1656/2590/1656 1651/2583/1651 
f 1651/2583/1651 1650/2582/1650 1653/2587/1653 
f 1650/2582/1650 1630/2553/1630 1644/2573/1644 
f 1644/2573/1644 1653/2587/1653 1650/2582/1650 
f 1657/2591/1657 1646/2592/1646 1645/2593/1645 
f 1645/2593/1645 1658/2594/1658 1657/2591/1657 
f 1658/2595/1658 1655/2589/1655 1654/2588/1654 
f 1654/2588/1654 1657/2596/1657 1658/2595/1658 
f 1654/2588/1654 1641/2570/1641 1640/2569/1640 
f 1640/2569/1640 1657/2596/1657 1654/2588/1654 
f 1657/2591/1657 1640/2568/1640 1633/2556/1633 
f 1633/2556/1633 1646/2592/1646 1657/2591/1657 
f 1659/2597/1659 1652/2584/1652 1651/2583/1651 
f 1651/2583/1651 1660/2598/1660 1659/2597/1659 
f 1660/2598/1660 1661/2599/1661 1662/2600/1662 
f 1662/2600/1662 1659/2597/1659 1660/2598/1660 
f 1659/2597/1659 1662/2600/1662 1583/2601/1583 
f 1583/2601/1583 1582/2602/1582 1659/2597/1659 
f 1582/2602/1582 1581/2585/1581 1652/2584/1652 
f 1652/2584/1652 1659/2597/1659 1582/2602/1582 
f 1663/2603/1663 1664/2604/1664 1665/2605/1665 
f 1665/2605/1665 1666/2606/1666 1663/2603/1663 
f 1666/2607/1666 1667/2608/1667 1668/2609/1668 
f 1668/2609/1668 1663/2610/1663 1666/2607/1666 
f 1663/2610/1663 1668/2609/1668 1655/2611/1655 
f 1655/2611/1655 1658/2594/1658 1663/2610/1663 
f 1658/2612/1658 1645/2574/1645 1664/2604/1664 
f 1664/2604/1664 1663/2603/1663 1658/2612/1658 
f 1656/2590/1656 1655/2589/1655 1668/2613/1668 
f 1668/2613/1668 1669/2614/1669 1656/2590/1656 
f 1669/2614/1669 1668/2613/1668 1667/2615/1667 
f 1667/2615/1667 1670/2616/1670 1669/2614/1669 
f 1669/2614/1669 1670/2616/1670 1661/2599/1661 
f 1661/2599/1661 1660/2598/1660 1669/2614/1669 
f 1660/2598/1660 1651/2583/1651 1656/2590/1656 
f 1656/2590/1656 1669/2614/1669 1660/2598/1660 
f 1671/2617/1671 1662/2600/1662 1661/2599/1661 
f 1661/2599/1661 1672/2618/1672 1671/2617/1671 
f 1671/2617/1671 1672/2618/1672 1673/2619/1673 
f 1673/2619/1673 1674/2620/1674 1671/2617/1671 
f 1671/2617/1671 1674/2620/1674 1675/2621/1675 
f 1675/2621/1675 1676/2622/1676 1671/2617/1671 
f 1676/2622/1676 1583/2601/1583 1662/2600/1662 
f 1662/2600/1662 1671/2617/1671 1676/2622/1676 
f 1677/2623/1677 1678/2624/1678 1679/2625/1679 
f 1679/2625/1679 1680/2626/1680 1677/2623/1677 
f 1680/2627/1680 1681/2628/1681 1682/2629/1682 
f 1682/2629/1682 1677/2630/1677 1680/2627/1680 
f 1677/2631/1677 1682/2632/1682 1667/2608/1667 
f 1667/2608/1667 1666/2607/1666 1677/2631/1677 
f 1666/2606/1666 1665/2605/1665 1678/2624/1678 
f 1678/2624/1678 1677/2623/1677 1666/2606/1666 
f 1683/2633/1683 1682/2629/1682 1681/2628/1681 
f 1681/2628/1681 1684/2634/1684 1683/2633/1683 
f 1684/2634/1684 1673/2619/1673 1672/2618/1672 
f 1672/2618/1672 1683/2633/1683 1684/2634/1684 
f 1683/2633/1683 1672/2618/1672 1661/2599/1661 
f 1661/2599/1661 1670/2616/1670 1683/2633/1683 
f 1670/2616/1670 1667/2615/1667 1682/2629/1682 
f 1682/2629/1682 1683/2633/1683 1670/2616/1670 
f 1685/2635/1685 1686/2636/1686 1687/2637/1687 
f 1687/2637/1687 1688/2638/1688 1685/2635/1685 
f 1688/2639/1688 1689/2640/1689 1690/2641/1690 
f 1690/2641/1690 1685/2642/1685 1688/2639/1688 
f 1685/2642/1685 1690/2641/1690 1691/2643/1691 
f 1691/2643/1691 1692/2644/1692 1685/2642/1685 
f 1692/2645/1692 1693/2646/1693 1686/2636/1686 
f 1686/2636/1686 1685/2635/1685 1692/2645/1692 
f 1694/2647/1694 1695/2648/1695 1696/2649/1696 
f 1696/2649/1696 1697/2650/1697 1694/2647/1694 
f 1697/2650/1697 1696/2649/1696 1698/2651/1698 
f 1698/2651/1698 1699/2652/1699 1697/2650/1697 
f 1699/2652/1699 1687/2637/1687 1686/2636/1686 
f 1686/2636/1686 1697/2650/1697 1699/2652/1699 
f 1697/2650/1697 1686/2636/1686 1693/2646/1693 
f 1693/2646/1693 1694/2647/1694 1697/2650/1697 
f 1700/2653/1700 1701/2654/1701 1702/2655/1702 
f 1702/2655/1702 1703/2656/1703 1700/2653/1700 
f 1703/2657/1703 1698/2651/1698 1696/2649/1696 
f 1696/2649/1696 1700/2658/1700 1703/2657/1703 
f 1700/2658/1700 1696/2649/1696 1695/2648/1695 
f 1695/2648/1695 1704/2659/1704 1700/2658/1700 
f 1704/2660/1704 1705/2661/1705 1701/2654/1701 
f 1701/2654/1701 1700/2653/1700 1704/2660/1704 
f 1706/2662/1706 1707/2663/1707 1708/2664/1708 
f 1708/2664/1708 1709/2665/1709 1706/2662/1706 
f 1709/2665/1709 195/265/195 194/264/194 
f 194/264/194 1706/2662/1706 1709/2665/1709 
f 1706/2662/1706 194/264/194 193/263/193 
f 193/263/193 1710/2666/1710 1706/2662/1706 
f 1710/2666/1710 1711/2667/1711 1707/2663/1707 
f 1707/2663/1707 1706/2662/1706 1710/2666/1710 
f 203/2668/203 202/2669/202 1712/2670/1712 
f 1712/2670/1712 1713/2671/1713 203/2668/203 
f 1713/2671/1713 1712/2670/1712 1714/2672/1714 
f 1714/2672/1714 1715/2673/1715 1713/2671/1713 
f 1713/2671/1713 1715/2673/1715 1711/2674/1711 
f 1710/2675/1710 193/2676/193 203/2668/203 
f 203/2668/203 1713/2671/1713 1710/2675/1710 
f 1716/2677/1716 1712/2678/1712 202/272/202 
f 202/272/202 211/289/211 1716/2677/1716 
f 211/289/211 210/288/210 1717/2679/1717 
f 1717/2679/1717 1716/2677/1716 211/289/211 
f 1716/2680/1716 1717/2681/1717 1718/2682/1718 
f 1719/2683/1719 1714/2684/1714 1712/2685/1712 
f 1712/2685/1712 1716/2686/1716 1719/2683/1719 
f 1720/2687/1720 1721/2688/1721 1722/2689/1722 
f 1722/2689/1722 1723/2690/1723 1720/2687/1720 
f 1723/2690/1723 1722/2689/1722 1724/2691/1724 
f 1724/2691/1724 1725/2692/1725 1723/2690/1723 
f 1725/2693/1725 1726/2694/1726 1727/2695/1727 
f 1727/2695/1727 1723/2696/1723 1725/2693/1725 
f 1723/2696/1723 1727/2695/1727 1152/1820/1152 
f 1152/1820/1152 1720/2697/1720 1723/2696/1723 
f 1728/2698/1728 296/404/296 295/403/295 
f 295/403/295 1729/2699/1729 1728/2698/1728 
f 1729/2700/1729 1730/2701/1730 1731/2702/1731 
f 1728/2703/1728 1731/2704/1731 157/2705/157 
f 157/2705/157 156/2706/156 1728/2703/1728 
f 156/224/156 161/223/161 296/404/296 
f 296/404/296 1728/2698/1728 156/224/156 
f 1732/2707/1732 148/215/148 155/214/155 
f 155/214/155 1733/2708/1733 1732/2707/1732 
f 1732/2707/1732 1733/2708/1733 1734/2709/1734 
f 1734/2709/1734 1735/2710/1735 1732/2707/1732 
f 1735/2710/1735 164/2711/164 163/2712/163 
f 163/2712/163 1732/2707/1732 1735/2710/1735 
f 163/2712/163 149/2713/149 148/215/148 
f 148/215/148 1732/2707/1732 163/2712/163 
f 1736/2714/1736 1737/2715/1737 1738/2716/1738 
f 1738/2716/1738 1739/2717/1739 1736/2714/1736 
f 1739/2718/1739 1730/2701/1730 1729/2700/1729 
f 1729/2700/1729 1736/2719/1736 1739/2718/1739 
f 1736/2720/1736 1729/2699/1729 295/403/295 
f 295/403/295 349/495/349 1736/2720/1736 
f 349/495/349 348/494/348 1737/2721/1737 
f 1737/2721/1737 1736/2720/1736 349/495/349 
f 1740/2722/1740 1249/1974/1249 1253/1982/1253 
f 1253/1982/1253 1741/2723/1741 1740/2722/1740 
f 1741/2723/1741 1742/2724/1742 1743/2725/1743 
f 1740/2726/1740 1743/2727/1743 1236/2728/1236 
f 1236/2728/1236 1235/1954/1235 1740/2726/1740 
f 1740/2722/1740 1235/2729/1235 1234/1975/1234 
f 1234/1975/1234 1249/1974/1249 1740/2722/1740 
f 1744/2730/1744 1745/2731/1745 1746/2732/1746 
f 1746/2732/1746 1747/2733/1747 1744/2730/1744 
f 1747/2734/1747 1236/2728/1236 1743/2727/1743 
f 1743/2727/1743 1744/2735/1744 1747/2734/1747 
f 1744/2730/1744 1743/2725/1743 1742/2724/1742 
f 1748/2736/1748 1749/2737/1749 1745/2731/1745 
f 1745/2731/1745 1744/2730/1744 1748/2736/1748 
f 1750/2738/1750 1263/2001/1263 1262/2000/1262 
f 1262/2000/1262 1751/2739/1751 1750/2738/1750 
f 1751/2739/1751 1742/2724/1742 1741/2723/1741 
f 1741/2723/1741 1750/2738/1750 1751/2739/1751 
f 1750/2738/1750 1741/2723/1741 1253/1982/1253 
f 1253/1982/1253 1252/1981/1252 1750/2738/1750 
f 1252/1981/1252 1251/1980/1251 1263/2001/1263 
f 1263/2001/1263 1750/2738/1750 1252/1981/1252 
f 1752/2740/1752 1258/1996/1258 1256/2741/1256 
f 1256/2741/1256 1255/2742/1255 1752/2740/1752 
f 1255/2742/1255 1246/2743/1246 1753/2744/1753 
f 1753/2744/1753 1752/2740/1752 1255/2742/1255 
f 1753/2744/1753 1754/2745/1754 1755/2746/1755 
f 1755/2746/1755 1260/1997/1260 1258/1996/1258 
f 1756/2747/1756 1757/2748/1757 1758/2749/1758 
f 1758/2749/1758 1759/2750/1759 1756/2747/1756 
f 1759/2750/1759 1758/2749/1758 1548/2434/1548 
f 1548/2434/1548 1547/2433/1547 1759/2750/1759 
f 1759/2751/1759 1547/2431/1547 1546/2430/1546 
f 1546/2430/1546 1760/2752/1760 1759/2751/1759 
f 1760/2753/1760 1761/2754/1761 1756/2747/1756 
f 1756/2747/1756 1759/2750/1759 1760/2753/1760 
f 1762/2755/1762 1763/2756/1763 1551/2437/1551 
f 1550/2436/1550 1548/2443/1548 1758/2757/1758 
f 1758/2757/1758 1762/2755/1762 1550/2436/1550 
f 1762/2755/1762 1758/2757/1758 1757/2758/1757 
f 1764/2759/1764 1765/2760/1765 1763/2756/1763 
f 1763/2756/1763 1762/2755/1762 1764/2759/1764 
f 1766/2761/1766 1767/2762/1767 1768/2763/1768 
f 1768/2763/1768 1769/2764/1769 1766/2761/1766 
f 1769/2765/1769 1770/2766/1770 1771/2767/1771 
f 1771/2767/1771 1766/2768/1766 1769/2765/1769 
f 1766/2768/1766 1771/2767/1771 1566/2467/1566 
f 1566/2467/1566 1565/2466/1565 1766/2768/1766 
f 1565/2769/1565 1532/2409/1532 1767/2762/1767 
f 1767/2762/1767 1766/2761/1766 1565/2769/1565 
f 1772/2770/1772 1569/2470/1569 1566/2467/1566 
f 1566/2467/1566 1771/2767/1771 1772/2770/1772 
f 1771/2767/1771 1770/2766/1770 1773/2771/1773 
f 1773/2771/1773 1772/2770/1772 1771/2767/1771 
f 1773/2771/1773 1761/2772/1761 1760/2773/1760 
f 1760/2773/1760 1772/2770/1772 1773/2771/1773 
f 1760/2773/1760 1546/2471/1546 1569/2470/1569 
f 1569/2470/1569 1772/2770/1772 1760/2773/1760 
f 1226/1940/1226 1225/1939/1225 1774/2774/1774 
f 1774/2774/1774 1775/2775/1775 1226/1940/1226 
f 1774/2774/1774 1776/2776/1776 1777/2777/1777 
f 1777/2777/1777 1775/2775/1775 1774/2774/1774 
f 1775/2775/1775 1777/2777/1777 1243/1968/1243 
f 1243/1968/1243 1242/1967/1242 1775/2775/1775 
f 1242/1967/1242 1227/1941/1227 1226/1940/1226 
f 1226/1940/1226 1775/2775/1775 1242/1967/1242 
f 1778/2778/1778 1244/1969/1244 1243/1968/1243 
f 1243/1968/1243 1777/2777/1777 1778/2778/1778 
f 1777/2777/1777 1776/2776/1776 1779/2779/1779 
f 1779/2779/1779 1778/2778/1778 1777/2777/1777 
f 1778/2780/1778 1779/2781/1779 1754/2745/1754 
f 1753/2744/1753 1246/2743/1246 1244/2782/1244 
f 1244/2782/1244 1778/2780/1778 1753/2744/1753 
f 1780/2783/1780 1781/2784/1781 1147/1815/1147 
f 1147/1815/1147 1146/1814/1146 1780/2783/1780 
f 1146/1814/1146 1145/1813/1145 1782/2785/1782 
f 1782/2785/1782 1780/2783/1780 1146/1814/1146 
f 1780/2783/1780 1782/2785/1782 1783/2786/1783 
f 1783/2786/1783 1784/2787/1784 1780/2783/1780 
f 1784/2787/1784 1785/2788/1785 1781/2784/1781 
f 1781/2784/1781 1780/2783/1780 1784/2787/1784 
f 1786/2789/1786 1787/2790/1787 1785/2791/1785 
f 1785/2791/1785 1784/2792/1784 1786/2789/1786 
f 1784/2792/1784 1783/2793/1783 1788/2794/1788 
f 1788/2794/1788 1786/2789/1786 1784/2792/1784 
f 1383/2173/1383 1786/2789/1786 1788/2794/1788 
f 1788/2794/1788 1384/2175/1384 1383/2173/1383 
f 1787/2790/1787 1786/2789/1786 1383/2173/1383 
f 1383/2173/1383 1382/2172/1382 1787/2790/1787 
f 1789/2795/1789 1790/2796/1790 1791/2797/1791 
f 1791/2797/1791 1792/2798/1792 1789/2795/1789 
f 1792/2798/1792 1793/2799/1793 1794/2800/1794 
f 1794/2800/1794 1789/2795/1789 1792/2798/1792 
f 1789/2795/1789 1794/2800/1794 1795/2801/1795 
f 1795/2801/1795 1796/2802/1796 1789/2795/1789 
f 1796/2802/1796 1797/2803/1797 1790/2796/1790 
f 1790/2796/1790 1789/2795/1789 1796/2802/1796 
f 1798/2804/1798 1799/2805/1799 1800/2806/1800 
f 1800/2806/1800 1801/2807/1801 1798/2804/1798 
f 1798/2808/1798 1802/2809/1802 1803/2810/1803 
f 1803/2810/1803 1799/2811/1799 1798/2808/1798 
f 1799/2812/1799 1803/2813/1803 178/2814/178 
f 178/2814/178 177/2815/177 1799/2812/1799 
f 177/2815/177 184/2816/184 1800/2817/1800 
f 1800/2817/1800 1799/2812/1799 177/2815/177 
f 1804/2818/1804 1805/2819/1805 1806/2820/1806 
f 1806/2820/1806 1807/2821/1807 1804/2818/1804 
f 1807/2822/1807 1806/2823/1806 1808/2824/1808 
f 1808/2824/1808 1809/2825/1809 1807/2822/1807 
f 1807/2821/1807 1809/2826/1809 1810/2827/1810 
f 1810/2827/1810 1811/2828/1811 1807/2821/1807 
f 1807/2821/1807 1811/2828/1811 1812/2829/1812 
f 1812/2829/1812 1804/2818/1804 1807/2821/1807 
f 1813/2830/1813 1814/2831/1814 1810/2827/1810 
f 1810/2827/1810 1809/2826/1809 1813/2830/1813 
f 1809/2832/1809 1808/2833/1808 1815/2834/1815 
f 1815/2834/1815 1813/2835/1813 1809/2832/1809 
f 1813/2830/1813 1815/2836/1815 164/2711/164 
f 164/2711/164 1735/2710/1735 1813/2830/1813 
f 1735/2710/1735 1734/2709/1734 1814/2831/1814 
f 1814/2831/1814 1813/2830/1813 1735/2710/1735 
f 1816/2837/1816 1815/2838/1815 1808/2839/1808 
f 1817/2840/1817 1818/2841/1818 1819/2842/1819 
f 1819/2842/1819 1816/2843/1816 1817/2840/1817 
f 1816/2843/1816 1819/2842/1819 166/229/166 
f 165/2844/165 164/2845/164 1815/2834/1815 
f 1815/2834/1815 1816/2846/1816 165/2844/165 
f 1820/2847/1820 1806/2823/1806 1805/2848/1805 
f 1821/2849/1821 1822/2850/1822 1823/2851/1823 
f 1820/2852/1820 1823/2853/1823 1818/2854/1818 
f 1818/2854/1818 1817/2855/1817 1820/2852/1820 
f 1817/2856/1817 1808/2824/1808 1806/2823/1806 
f 1806/2823/1806 1820/2847/1820 1817/2856/1817 
f 1824/2857/1824 1825/2858/1825 1826/2859/1826 
f 1826/2859/1826 1827/2860/1827 1824/2857/1824 
f 1827/2860/1827 1828/2861/1828 1829/2862/1829 
f 1829/2862/1829 1824/2857/1824 1827/2860/1827 
f 1824/2857/1824 1829/2862/1829 195/265/195 
f 195/265/195 1709/2665/1709 1824/2857/1824 
f 1709/2665/1709 1708/2664/1708 1825/2858/1825 
f 1825/2858/1825 1824/2857/1824 1709/2665/1709 
f 1830/2863/1830 1831/2864/1831 1828/2861/1828 
f 1828/2861/1828 1827/2860/1827 1830/2863/1830 
f 1827/2860/1827 1826/2859/1826 1832/2865/1832 
f 1832/2865/1832 1830/2863/1830 1827/2860/1827 
f 1830/2863/1830 1832/2865/1832 1793/2866/1793 
f 1793/2866/1793 1792/2867/1792 1830/2863/1830 
f 1792/2798/1792 1791/2797/1791 1831/2868/1831 
f 1831/2868/1831 1830/2869/1830 1792/2798/1792 
f 1833/2870/1833 1745/2731/1745 1749/2737/1749 
f 1749/2737/1749 1834/2871/1834 1833/2870/1833 
f 1834/2871/1834 1835/2872/1835 1836/2873/1836 
f 1833/2874/1833 1836/2875/1836 1094/1737/1094 
f 1094/1737/1094 1837/2876/1837 1833/2874/1833 
f 1837/2876/1837 1746/2877/1746 1745/2878/1745 
f 1745/2878/1745 1833/2874/1833 1837/2876/1837 
f 1838/2879/1838 1089/2880/1089 1088/2881/1088 
f 1088/2881/1088 1839/2882/1839 1838/2879/1838 
f 1839/2883/1839 1840/2884/1840 1841/2885/1841 
f 1841/2885/1841 1838/2886/1838 1839/2883/1839 
f 1838/2886/1838 1841/2885/1841 1842/2887/1842 
f 1842/2887/1842 1843/2888/1843 1838/2886/1838 
f 1843/2888/1843 264/364/264 1089/1729/1089 
f 1089/1729/1089 1838/2886/1838 1843/2888/1843 
f 1844/2889/1844 1845/2890/1845 1726/2694/1726 
f 1726/2694/1726 1725/2693/1725 1844/2889/1844 
f 1725/2693/1725 1724/2891/1724 1846/2892/1846 
f 1846/2892/1846 1844/2889/1844 1725/2693/1725 
f 1844/2889/1844 1846/2892/1846 1840/2893/1840 
f 1840/2893/1840 1839/2882/1839 1844/2889/1844 
f 1839/2882/1839 1088/2881/1088 1845/2890/1845 
f 1845/2890/1845 1844/2889/1844 1839/2882/1839 
f 1847/2894/1847 1836/2873/1836 1835/2872/1835 
f 1848/2895/1848 1849/2896/1849 1850/2897/1850 
f 1850/2897/1850 1847/2898/1847 1848/2895/1848 
f 1847/2898/1847 1850/2897/1850 250/345/250 
f 250/345/250 1095/1738/1095 1847/2898/1847 
f 1095/1738/1095 1094/1737/1094 1836/2875/1836 
f 1851/2899/1851 1852/2900/1852 1853/2901/1853 
f 1854/2902/1854 1738/2716/1738 1737/2715/1737 
f 1737/2715/1737 1851/2903/1851 1854/2902/1854 
f 1851/2899/1851 1737/2721/1737 348/494/348 
f 348/494/348 352/498/352 1851/2899/1851 
f 352/498/352 251/346/251 1852/2900/1852 
f 1852/2900/1852 1851/2899/1851 352/498/352 
f 1855/2904/1855 1850/2897/1850 1849/2896/1849 
f 1856/2905/1856 1853/2906/1853 1852/2907/1852 
f 1852/2907/1852 1855/2908/1855 1856/2905/1856 
f 1855/2904/1855 1852/2900/1852 251/346/251 
f 251/346/251 1857/2909/1857 1855/2904/1855 
f 1857/2909/1857 250/345/250 1850/2897/1850 
f 1850/2897/1850 1855/2904/1855 1857/2909/1857 
f 1858/2910/1858 1859/2911/1859 1860/2912/1860 
f 1860/2912/1860 1861/2913/1861 1858/2910/1858 
f 1861/2914/1861 258/2915/258 257/365/257 
f 257/365/257 1858/2916/1858 1861/2914/1861 
f 1858/2916/1858 257/365/257 264/364/264 
f 264/364/264 1843/2888/1843 1858/2916/1858 
f 1843/2888/1843 1842/2887/1842 1859/2917/1859 
f 1859/2917/1859 1858/2916/1858 1843/2888/1843 
f 1862/2918/1862 1863/2919/1863 1864/2920/1864 
f 1864/2920/1864 1865/2921/1865 1862/2918/1862 
f 1865/2922/1865 1866/2923/1866 1867/2924/1867 
f 1867/2924/1867 1862/2925/1862 1865/2922/1865 
f 1862/2925/1862 1867/2924/1867 1142/2926/1142 
f 1142/2926/1142 1141/2927/1141 1862/2925/1862 
f 1141/2928/1141 1149/2929/1149 1863/2919/1863 
f 1868/2930/1868 160/221/160 151/207/151 
f 151/207/151 1869/2931/1869 1868/2930/1868 
f 1869/2932/1869 1870/2933/1870 1871/2934/1871 
f 1871/2934/1871 1868/2935/1868 1869/2932/1869 
f 1871/2936/1871 291/399/291 290/398/290 
f 290/398/290 1868/2930/1868 1871/2936/1871 
f 1868/2930/1868 290/398/290 161/223/161 
f 161/223/161 160/221/160 1868/2930/1868 
f 1872/2937/1872 150/205/150 149/204/149 
f 149/204/149 169/2938/169 1872/2937/1872 
f 169/232/169 168/231/168 1873/2939/1873 
f 1873/2939/1873 1872/2940/1872 169/232/169 
f 1869/2932/1869 1872/2941/1872 1873/2942/1873 
f 1873/2942/1873 1870/2933/1870 1869/2932/1869 
f 1869/2931/1869 151/207/151 150/206/150 
f 150/206/150 1872/2943/1872 1869/2931/1869 
f 1874/2944/1874 1731/2702/1731 1730/2701/1730 
f 1730/2701/1730 1875/2945/1875 1874/2944/1874 
f 1875/2946/1875 1876/2947/1876 1877/2948/1877 
f 1877/2948/1877 1874/2949/1874 1875/2946/1875 
f 1874/2949/1874 1877/2948/1877 153/212/153 
f 153/212/153 158/219/158 1874/2949/1874 
f 158/2950/158 157/2705/157 1731/2704/1731 
f 1731/2704/1731 1874/2951/1874 158/2950/158 
f 1878/2952/1878 1877/2948/1877 1876/2947/1876 
f 1876/2947/1876 1879/2953/1879 1878/2952/1878 
f 1879/2953/1879 1734/2709/1734 1733/2708/1733 
f 1733/2708/1733 1878/2952/1878 1879/2953/1879 
f 1733/2708/1733 155/214/155 154/213/154 
f 154/213/154 1878/2952/1878 1733/2708/1733 
f 154/213/154 153/212/153 1877/2948/1877 
f 1877/2948/1877 1878/2952/1878 154/213/154 
f 1880/2954/1880 1881/2955/1881 1882/2956/1882 
f 1882/2956/1882 1883/2957/1883 1880/2954/1880 
f 1883/2957/1883 357/507/357 359/510/359 
f 359/510/359 1880/2954/1880 1883/2957/1883 
f 1880/2954/1880 359/510/359 258/357/258 
f 258/357/258 1861/2913/1861 1880/2954/1880 
f 1861/2913/1861 1860/2912/1860 1881/2955/1881 
f 1881/2955/1881 1880/2954/1880 1861/2913/1861 
f 1884/2958/1884 358/508/358 357/507/357 
f 357/507/357 1883/2957/1883 1884/2958/1884 
f 1883/2957/1883 1882/2956/1882 1885/2959/1885 
f 1885/2959/1885 1884/2958/1884 1883/2957/1883 
f 1717/2681/1717 1884/2958/1884 1885/2959/1885 
f 1885/2959/1885 1718/2682/1718 1717/2681/1717 
f 1884/2958/1884 1717/2681/1717 210/509/210 
f 210/509/210 358/508/358 1884/2958/1884 
f 1886/2960/1886 279/381/279 278/380/278 
f 278/380/278 1887/2961/1887 1886/2960/1886 
f 1886/2960/1886 1887/2961/1887 1888/2962/1888 
f 1888/2962/1888 1889/2963/1889 1886/2960/1886 
f 1886/2960/1886 1889/2963/1889 1890/2964/1890 
f 1890/2964/1890 1891/2965/1891 1886/2960/1886 
f 1891/2965/1891 280/382/280 279/381/279 
f 279/381/279 1886/2960/1886 1891/2965/1891 
f 1892/2966/1892 1893/2967/1893 301/2968/301 
f 301/2968/301 300/2969/300 1892/2966/1892 
f 1894/2970/1894 1892/2971/1892 300/410/300 
f 300/410/300 299/409/299 1894/2970/1894 
f 1892/2966/1892 1894/2972/1894 1890/2964/1890 
f 1890/2964/1890 1889/2963/1889 1892/2966/1892 
f 1889/2963/1889 1888/2962/1888 1893/2967/1893 
f 1893/2967/1893 1892/2966/1892 1889/2963/1889 
f 1895/2973/1895 1531/2408/1531 1539/2974/1539 
f 1539/2974/1539 1896/2975/1896 1895/2973/1895 
f 1896/2975/1896 1897/2976/1897 1898/2977/1898 
f 1898/2977/1898 1895/2973/1895 1896/2975/1896 
f 1898/2977/1898 1768/2763/1768 1767/2762/1767 
f 1895/2973/1895 1767/2762/1767 1532/2409/1532 
f 1532/2409/1532 1531/2408/1531 1895/2973/1895 
f 1899/2978/1899 1900/2979/1900 1897/2980/1897 
f 1896/2981/1896 1539/2420/1539 1561/2456/1561 
f 1561/2456/1561 1899/2978/1899 1896/2981/1896 
f 1899/2978/1899 1561/2456/1561 1551/2437/1551 
f 1551/2437/1551 1763/2756/1763 1899/2978/1899 
f 1763/2756/1763 1765/2760/1765 1900/2979/1900 
f 1901/2982/1901 1902/2983/1902 1903/2984/1903 
f 1903/2984/1903 1904/2985/1904 1901/2982/1901 
f 1904/2985/1904 1905/2986/1905 1906/2987/1906 
f 1906/2987/1906 1901/2982/1901 1904/2985/1904 
f 1901/2982/1901 1906/2987/1906 1907/2988/1907 
f 1907/2988/1907 1908/2989/1908 1901/2982/1901 
f 1908/2989/1908 1909/2990/1909 1902/2983/1902 
f 1902/2983/1902 1901/2982/1901 1908/2989/1908 
f 1910/2991/1910 1911/2992/1911 1476/2328/1476 
f 1476/2328/1476 1475/2327/1475 1910/2991/1910 
f 1475/2327/1475 1482/2334/1482 1912/2993/1912 
f 1912/2993/1912 1910/2991/1910 1475/2327/1475 
f 1910/2994/1910 1912/2995/1912 1905/2986/1905 
f 1905/2986/1905 1904/2985/1904 1910/2994/1910 
f 1904/2996/1904 1903/2997/1903 1911/2998/1911 
f 1911/2998/1911 1910/2999/1910 1904/2996/1904 
f 1913/3000/1913 1914/3001/1914 1915/3002/1915 
f 1915/3002/1915 1916/3003/1916 1913/3000/1913 
f 1916/3003/1916 1917/3004/1917 1918/3005/1918 
f 1918/3005/1918 1913/3000/1913 1916/3003/1916 
f 1913/3000/1913 1918/3005/1918 1919/3006/1919 
f 1919/3006/1919 1920/3007/1920 1913/3000/1913 
f 1920/3007/1920 1921/3008/1921 1914/3001/1914 
f 1914/3001/1914 1913/3000/1913 1920/3007/1920 
f 1922/3009/1922 1923/3010/1923 1924/3011/1924 
f 1924/3011/1924 1925/3012/1925 1922/3009/1922 
f 1925/3012/1925 1919/3006/1919 1918/3005/1918 
f 1918/3005/1918 1922/3009/1922 1925/3012/1925 
f 1922/3009/1922 1918/3005/1918 1917/3004/1917 
f 1917/3004/1917 1926/3013/1926 1922/3009/1922 
f 1926/3013/1926 1927/3014/1927 1923/3010/1923 
f 1923/3010/1923 1922/3009/1922 1926/3013/1926 
f 1928/3015/1928 1747/3016/1747 1746/2877/1746 
f 1746/2877/1746 1929/3017/1929 1928/3015/1928 
f 1929/3017/1929 1930/3018/1930 1931/3019/1931 
f 1931/3019/1931 1928/3015/1928 1929/3017/1929 
f 1928/3015/1928 1931/3019/1931 1231/1948/1231 
f 1231/1948/1231 1237/1958/1237 1928/3015/1928 
f 1237/1958/1237 1236/1957/1236 1747/3016/1747 
f 1747/3016/1747 1928/3015/1928 1237/1958/1237 
f 1932/3020/1932 1093/1735/1093 1092/1734/1092 
f 1092/1734/1092 1933/3021/1933 1932/3020/1932 
f 1932/3020/1932 1933/3021/1933 1930/3018/1930 
f 1930/3018/1930 1929/3017/1929 1932/3020/1932 
f 1837/2876/1837 1932/3020/1932 1929/3017/1929 
f 1929/3017/1929 1746/2877/1746 1837/2876/1837 
f 1837/2876/1837 1094/1737/1094 1093/1735/1093 
f 1093/1735/1093 1932/3020/1932 1837/2876/1837 
f 1934/3022/1934 1097/1740/1097 1101/1748/1101 
f 1101/1748/1101 1935/3023/1935 1934/3022/1934 
f 1935/3023/1935 1936/3024/1936 1937/3025/1937 
f 1937/3025/1937 1934/3022/1934 1935/3023/1935 
f 1934/3022/1934 1937/3025/1937 1938/3026/1938 
f 1938/3026/1938 1939/3027/1939 1934/3022/1934 
f 1939/3027/1939 1098/1741/1098 1097/1740/1097 
f 1097/1740/1097 1934/3022/1934 1939/3027/1939 
f 1940/3028/1940 1941/3029/1941 1942/3030/1942 
f 1942/3030/1942 1943/3031/1943 1940/3028/1940 
f 1943/3032/1943 1938/3026/1938 1937/3025/1937 
f 1937/3025/1937 1940/3033/1940 1943/3032/1943 
f 1940/3033/1940 1937/3025/1937 1936/3024/1936 
f 1936/3024/1936 1944/3034/1944 1940/3033/1940 
f 1940/3028/1940 1944/3035/1944 1945/3036/1945 
f 1945/3036/1945 1941/3029/1941 1940/3028/1940 
f 1946/3037/1946 1947/3038/1947 1948/3039/1948 
f 1949/3040/1949 1950/3041/1950 1951/3042/1951 
f 1951/3042/1951 1946/3043/1946 1949/3040/1949 
f 1946/3037/1946 1951/3044/1951 1952/3045/1952 
f 1952/3045/1952 1953/3046/1953 1946/3037/1946 
f 1953/3046/1953 1954/3047/1954 1947/3038/1947 
f 1955/3048/1955 1956/3049/1956 1950/3041/1950 
f 1950/3041/1950 1949/3040/1949 1955/3048/1955 
f 1949/3050/1949 1948/3051/1948 1957/3052/1957 
f 1957/3053/1957 1754/3054/1754 1779/3055/1779 
f 1779/3055/1779 1955/3056/1955 1957/3053/1957 
f 1779/2779/1779 1776/2776/1776 1956/3057/1956 
f 1958/3058/1958 1914/3001/1914 1921/3008/1921 
f 1921/3008/1921 1959/3059/1959 1958/3058/1958 
f 1959/3059/1959 1960/3060/1960 1961/3061/1961 
f 1961/3061/1961 1958/3058/1958 1959/3059/1959 
f 1958/3058/1958 1961/3061/1961 1158/3062/1158 
f 1158/3062/1158 1962/3063/1962 1958/3058/1958 
f 1962/3063/1962 1915/3002/1915 1914/3001/1914 
f 1914/3001/1914 1958/3058/1958 1962/3063/1962 
f 1963/3064/1963 1151/1829/1151 1158/1828/1158 
f 1961/3065/1961 1960/3066/1960 1964/3067/1964 
f 1964/3067/1964 1963/3068/1963 1961/3065/1961 
f 1963/3068/1963 1964/3067/1964 1721/3069/1721 
f 1720/2697/1720 1152/1820/1152 1151/1819/1151 
f 1151/1819/1151 1963/3068/1963 1720/2697/1720 
f 1965/3070/1965 1966/3071/1966 1967/3072/1967 
f 1967/3072/1967 1968/3073/1968 1965/3070/1965 
f 1968/3073/1968 1969/3074/1969 1970/3075/1970 
f 1970/3075/1970 1965/3070/1965 1968/3073/1968 
f 1965/3070/1965 1970/3075/1970 1866/3076/1866 
f 1866/3076/1866 1865/3077/1865 1965/3070/1965 
f 1865/3077/1865 1864/3078/1864 1966/3071/1966 
f 1966/3071/1966 1965/3070/1965 1865/3077/1865 
f 1971/3079/1971 1972/3080/1972 1969/3074/1969 
f 1969/3074/1969 1968/3073/1968 1971/3079/1971 
f 1968/3073/1968 1967/3072/1967 1973/3081/1973 
f 1971/3079/1971 1973/3081/1973 1942/3030/1942 
f 1942/3030/1942 1941/3029/1941 1971/3079/1971 
f 1941/3029/1941 1945/3036/1945 1972/3080/1972 
f 1972/3080/1972 1971/3079/1971 1941/3029/1941 
f 1953/3046/1953 1952/3045/1952 1974/3082/1974 
f 1974/3082/1974 1975/3083/1975 1976/3084/1976 
f 1976/3084/1976 1977/3085/1977 1974/3082/1974 
f 1978/3086/1978 1977/3087/1977 1976/3088/1976 
f 1976/3088/1976 1979/3089/1979 1978/3086/1978 
f 1977/3087/1977 1978/3086/1978 1954/3090/1954 
f 1980/3091/1980 1979/3092/1979 1976/3093/1976 
f 1981/3094/1981 1982/3095/1982 1976/3084/1976 
f 1976/3084/1976 1975/3083/1975 1981/3094/1981 
f 1981/3094/1981 1770/2766/1770 1769/2765/1769 
f 1769/2765/1769 1982/3095/1982 1981/3094/1981 
f 1769/2765/1769 1768/3096/1768 1980/3097/1980 
f 1980/3097/1980 1982/3095/1982 1769/2765/1769 
f 1983/3098/1983 1923/3010/1923 1927/3014/1927 
f 1927/3014/1927 1984/3099/1984 1983/3098/1983 
f 1983/3100/1983 1984/3101/1984 1985/3102/1985 
f 1985/3102/1985 1986/3103/1986 1983/3100/1983 
f 1986/3104/1986 1987/3105/1987 1988/3106/1988 
f 1988/3106/1988 1983/3107/1983 1986/3104/1986 
f 1988/3108/1988 1924/3011/1924 1923/3010/1923 
f 1923/3010/1923 1983/3098/1983 1988/3108/1988 
f 1989/3109/1989 1990/3110/1990 1987/3105/1987 
f 1987/3105/1987 1986/3104/1986 1989/3109/1989 
f 1986/3104/1986 1985/3111/1985 1991/3112/1991 
f 1991/3112/1991 1989/3109/1989 1986/3104/1986 
f 1989/3109/1989 1991/3112/1991 1909/2990/1909 
f 1909/2990/1909 1908/2989/1908 1989/3109/1989 
f 1908/3113/1908 1907/3114/1907 1990/3115/1990 
f 1992/3116/1992 1993/3117/1993 1994/3118/1994 
f 1995/3119/1995 1996/3120/1996 1997/3121/1997 
f 1992/3122/1992 1997/3121/1997 1765/2760/1765 
f 1765/2760/1765 1764/2759/1764 1992/3122/1992 
f 1764/3123/1764 1757/3124/1757 1993/3125/1993 
f 1993/3125/1993 1992/3126/1992 1764/3123/1764 
f 1998/3127/1998 1999/3128/1999 2000/3129/2000 
f 2000/3129/2000 2001/3130/2001 1998/3127/1998 
f 2001/3130/2001 2002/3131/2002 2003/3132/2003 
f 2003/3132/2003 1998/3127/1998 2001/3130/2001 
f 1998/3127/1998 2003/3132/2003 1487/2340/1487 
f 1487/2340/1487 1486/2339/1486 1998/3127/1998 
f 1486/2339/1486 1485/3133/1485 1999/3128/1999 
f 1999/3128/1999 1998/3127/1998 1486/2339/1486 
f 2004/3134/2004 2005/3135/2005 2006/3136/2006 
f 2006/3136/2006 2007/3137/2007 2004/3134/2004 
f 2007/3137/2007 2008/3138/2008 2009/3139/2009 
f 2009/3139/2009 2004/3134/2004 2007/3137/2007 
f 2004/3134/2004 2009/3139/2009 2010/3140/2010 
f 2010/3140/2010 2011/3141/2011 2004/3134/2004 
f 2011/3141/2011 2012/3142/2012 2005/3135/2005 
f 2005/3135/2005 2004/3134/2004 2011/3141/2011 
f 2013/3143/2013 2014/3144/2014 2008/3145/2008 
f 2008/3145/2008 2007/3146/2007 2013/3143/2013 
f 2007/3146/2007 2006/3147/2006 2015/3148/2015 
f 2015/3148/2015 2013/3143/2013 2007/3146/2007 
f 2013/3149/2013 2015/3150/2015 1691/2643/1691 
f 1691/2643/1691 1690/2641/1690 2013/3149/2013 
f 1690/2641/1690 1689/2640/1689 2014/3151/2014 
f 2014/3151/2014 2013/3149/2013 1690/2641/1690 
f 2016/3152/2016 2017/3153/2017 2018/3154/2018 
f 2018/3154/2018 2019/3155/2019 2016/3152/2016 
f 2019/3155/2019 1708/2664/1708 1707/2663/1707 
f 1707/2663/1707 2016/3152/2016 2019/3155/2019 
f 2016/3152/2016 1707/2663/1707 1711/2667/1711 
f 1711/2667/1711 2020/3156/2020 2016/3152/2016 
f 2020/3156/2020 2021/3157/2021 2017/3153/2017 
f 2017/3153/2017 2016/3152/2016 2020/3156/2020 
f 2022/3158/2022 2023/3159/2023 2024/3160/2024 
f 2025/3161/2025 2026/3162/2026 2027/3163/2027 
f 2022/3158/2022 2027/3163/2027 1714/2672/1714 
f 1719/3164/1719 1718/2682/1718 2023/3159/2023 
f 2023/3159/2023 2022/3158/2022 1719/3164/1719 
f 2028/3165/2028 2029/3166/2029 2030/3167/2030 
f 2030/3167/2030 2031/3168/2031 2028/3165/2028 
f 2031/3168/2031 1842/2887/1842 1841/2885/1841 
f 1841/2885/1841 2028/3165/2028 2031/3168/2031 
f 2028/3165/2028 1841/2885/1841 1840/2884/1840 
f 1840/2884/1840 2032/3169/2032 2028/3165/2028 
f 2032/3169/2032 2033/3170/2033 2029/3166/2029 
f 2029/3166/2029 2028/3165/2028 2032/3169/2032 
f 2034/3171/2034 2035/3172/2035 2036/3173/2036 
f 2036/3173/2036 2037/3174/2037 2034/3171/2034 
f 2037/3174/2037 1721/3069/1721 1964/3067/1964 
f 1964/3067/1964 2034/3171/2034 2037/3174/2037 
f 2034/3171/2034 1964/3067/1964 1960/3066/1960 
f 1960/3066/1960 2038/3175/2038 2034/3171/2034 
f 2038/3175/2038 2039/3176/2039 2035/3172/2035 
f 2035/3172/2035 2034/3171/2034 2038/3175/2038 
f 2040/3177/2040 2041/3178/2041 2042/3179/2042 
f 2042/3179/2042 2043/3180/2043 2040/3177/2040 
f 2043/3180/2043 2044/3181/2044 2045/3182/2045 
f 2045/3182/2045 2040/3177/2040 2043/3180/2043 
f 2040/3177/2040 2045/3182/2045 1730/3183/1730 
f 1730/3183/1730 1739/2717/1739 2040/3177/2040 
f 1739/2717/1739 1738/2716/1738 2041/3178/2041 
f 2041/3178/2041 2040/3177/2040 1739/2717/1739 
f 2046/3184/2046 2047/3185/2047 2048/3186/2048 
f 2048/3186/2048 2049/3187/2049 2046/3184/2046 
f 2049/3187/2049 2050/3188/2050 2051/3189/2051 
f 2051/3189/2051 2046/3184/2046 2049/3187/2049 
f 2046/3184/2046 2051/3189/2051 1742/2724/1742 
f 1742/2724/1742 1751/2739/1751 2046/3184/2046 
f 1751/2739/1751 1262/2000/1262 2047/3185/2047 
f 2047/3185/2047 2046/3184/2046 1751/2739/1751 
f 2052/3190/2052 2053/3191/2053 2054/3192/2054 
f 2054/3192/2054 2055/3193/2055 2052/3190/2052 
f 2055/3194/2055 2056/3195/2056 2057/3196/2057 
f 2057/3196/2057 2052/3197/2052 2055/3194/2055 
f 2052/3197/2052 2057/3196/2057 1849/3198/1849 
f 1849/3198/1849 1848/3199/1848 2052/3197/2052 
f 1848/3199/1848 1835/3200/1835 2053/3201/2053 
f 2053/3201/2053 2052/3197/2052 1848/3199/1848 
f 2058/3202/2058 2059/3203/2059 2060/3204/2060 
f 2060/3204/2060 2061/3205/2061 2058/3202/2058 
f 2060/3204/2060 1757/2748/1757 1756/2747/1756 
f 1756/2747/1756 2061/3205/2061 2060/3204/2060 
f 2061/3205/2061 1756/2747/1756 1761/2754/1761 
f 1761/2754/1761 2062/3206/2062 2061/3205/2061 
f 2062/3206/2062 2063/3207/2063 2058/3202/2058 
f 2058/3202/2058 2061/3205/2061 2062/3206/2062 
f 2064/3208/2064 2065/3209/2065 2066/3210/2066 
f 2067/3211/2067 1776/3212/1776 1774/3213/1774 
f 1774/3213/1774 2064/3208/2064 2067/3211/2067 
f 2064/3214/2064 1774/3215/1774 1225/3216/1225 
f 1225/3216/1225 2068/3217/2068 2064/3214/2064 
f 2068/3217/2068 2039/3218/2039 2065/3219/2065 
f 2065/3219/2065 2064/3214/2064 2068/3217/2068 
f 2069/3220/2069 2070/3221/2070 2071/3222/2071 
f 2071/3222/2071 2072/3223/2072 2069/3220/2069 
f 2072/3224/2072 1924/3011/1924 1988/3108/1988 
f 2069/3225/2069 1988/3106/1988 1987/3105/1987 
f 1987/3105/1987 2073/3226/2073 2069/3225/2069 
f 2073/3227/2073 2074/3228/2074 2070/3221/2070 
f 2070/3221/2070 2069/3220/2069 2073/3227/2073 
f 2075/3229/2075 2076/3230/2076 2077/3231/2077 
f 2077/3231/2077 2078/3232/2078 2075/3229/2075 
f 2078/3232/2078 1795/3233/1795 1794/3234/1794 
f 1794/3234/1794 2075/3229/2075 2078/3232/2078 
f 2075/3229/2075 1794/3234/1794 1793/3235/1793 
f 1793/3235/1793 2079/3236/2079 2075/3229/2075 
f 2079/3236/2079 2080/3237/2080 2076/3230/2076 
f 2076/3230/2076 2075/3229/2075 2079/3236/2079 
f 2081/3238/2081 167/230/167 166/229/166 
f 166/229/166 2082/3239/2082 2081/3238/2081 
f 2082/3239/2082 2083/3240/2083 2084/3241/2084 
f 2084/3241/2084 2081/3238/2081 2082/3239/2082 
f 2081/3238/2081 2084/3241/2084 2018/3154/2018 
f 2018/3154/2018 2085/3242/2085 2081/3238/2081 
f 2085/3242/2085 168/231/168 167/230/167 
f 167/230/167 2081/3238/2081 2085/3242/2085 
f 2085/3242/2085 2018/3154/2018 2017/3153/2017 
f 2017/3153/2017 2086/3243/2086 2085/3242/2085 
f 2086/3243/2086 2017/3153/2017 2021/3157/2021 
f 2021/3157/2021 2087/3244/2087 2086/3243/2086 
f 2086/3245/2086 2087/3246/2087 1870/2933/1870 
f 1870/2933/1870 1873/2942/1873 2086/3245/2086 
f 2086/3243/2086 1873/2939/1873 168/231/168 
f 168/231/168 2085/3242/2085 2086/3243/2086 
f 2088/3247/2088 1825/2858/1825 1708/2664/1708 
f 1708/2664/1708 2019/3155/2019 2088/3247/2088 
f 2019/3155/2019 2018/3154/2018 2084/3241/2084 
f 2084/3241/2084 2088/3247/2088 2019/3155/2019 
f 2088/3247/2088 2084/3241/2084 2083/3240/2083 
f 2083/3240/2083 2089/3248/2089 2088/3247/2088 
f 2089/3248/2089 1826/2859/1826 1825/2858/1825 
f 1825/2858/1825 2088/3247/2088 2089/3248/2089 
f 2090/3249/2090 1871/3250/1871 1870/3251/1870 
f 1870/3251/1870 2087/3252/2087 2090/3249/2090 
f 2087/3252/2087 2021/3253/2021 2091/3254/2091 
f 2091/3254/2091 2090/3249/2090 2087/3252/2087 
f 2091/3254/2091 2026/3162/2026 2092/3255/2092 
f 2092/3255/2092 2090/3249/2090 2091/3254/2091 
f 2090/3249/2090 2092/3255/2092 291/3256/291 
f 291/3256/291 1871/3250/1871 2090/3249/2090 
f 2093/3257/2093 2092/3255/2092 2026/3162/2026 
f 2026/3162/2026 2025/3161/2025 2093/3257/2093 
f 2025/3161/2025 2024/3160/2024 2094/3258/2094 
f 2094/3258/2094 2093/3257/2093 2025/3161/2025 
f 2093/3259/2093 2094/3260/2094 293/401/293 
f 293/401/293 292/400/292 2093/3259/2093 
f 292/3261/292 291/3256/291 2092/3255/2092 
f 2092/3255/2092 2093/3257/2093 292/3261/292 
f 1715/2673/1715 1714/2672/1714 2027/3163/2027 
f 2095/3262/2095 2027/3163/2027 2026/3162/2026 
f 2026/3162/2026 2091/3254/2091 2095/3262/2095 
f 2095/3262/2095 2091/3254/2091 2021/3253/2021 
f 2020/3263/2020 1711/3264/1711 1715/3265/1715 
f 1715/3265/1715 2095/3266/2095 2020/3263/2020 
f 2096/3267/2096 345/491/345 293/401/293 
f 293/401/293 2094/3260/2094 2096/3267/2096 
f 2096/3268/2096 2094/3258/2094 2024/3160/2024 
f 2024/3160/2024 2097/3269/2097 2096/3268/2096 
f 2096/3270/2096 2097/3271/2097 2098/3272/2098 
f 2098/3272/2098 2099/3273/2099 2096/3270/2096 
f 2099/3274/2099 346/492/346 345/491/345 
f 345/491/345 2096/3267/2096 2099/3274/2099 
f 2097/3269/2097 2024/3160/2024 2023/3159/2023 
f 2023/3159/2023 2100/3275/2100 2097/3269/2097 
f 2100/3275/2100 2023/3159/2023 1718/2682/1718 
f 1718/2682/1718 1885/2959/1885 2100/3275/2100 
f 2100/3275/2100 1885/2959/1885 1882/2956/1882 
f 2101/3276/2101 2098/3277/2098 2097/3269/2097 
f 2097/3269/2097 2100/3275/2100 2101/3276/2101 
f 2102/3278/2102 254/350/254 253/349/253 
f 253/349/253 2103/3279/2103 2102/3278/2102 
f 2103/3279/2103 2104/3280/2104 2105/3281/2105 
f 2105/3281/2105 2102/3278/2102 2103/3279/2103 
f 2102/3278/2102 2105/3281/2105 2030/3282/2030 
f 2030/3282/2030 2106/3283/2106 2102/3278/2102 
f 2106/3283/2106 255/3284/255 254/350/254 
f 254/350/254 2102/3278/2102 2106/3283/2106 
f 2107/3285/2107 1091/3286/1091 255/1732/255 
f 255/1732/255 2106/3287/2106 2107/3285/2107 
f 2106/3283/2106 2030/3282/2030 2029/3288/2029 
f 2029/3288/2029 2107/3289/2107 2106/3283/2106 
f 2107/3290/2107 2029/3291/2029 2033/3292/2033 
f 2033/3292/2033 2108/3293/2108 2107/3290/2107 
f 2108/3294/2108 1092/3295/1092 1091/3286/1091 
f 1091/3286/1091 2107/3285/2107 2108/3294/2108 
f 2109/3296/2109 1859/2911/1859 1842/3297/1842 
f 1842/3297/1842 2031/3298/2031 2109/3296/2109 
f 2031/3298/2031 2030/3282/2030 2105/3281/2105 
f 2105/3281/2105 2109/3296/2109 2031/3298/2031 
f 2109/3296/2109 2105/3281/2105 2104/3280/2104 
f 2104/3280/2104 2110/3299/2110 2109/3296/2109 
f 2110/3299/2110 1860/2912/1860 1859/2911/1859 
f 1859/2911/1859 2109/3296/2109 2110/3299/2110 
f 2111/3300/2111 1931/3301/1931 1930/3302/1930 
f 1930/3302/1930 2112/3303/2112 2111/3300/2111 
f 2112/3303/2112 2113/3304/2113 2114/3305/2114 
f 2114/3305/2114 2111/3300/2111 2112/3303/2112 
f 2111/3306/2111 2114/3307/2114 2036/3308/2036 
f 2036/3308/2036 2115/3309/2115 2111/3306/2111 
f 2115/3309/2115 1231/3310/1231 1931/3311/1931 
f 1931/3311/1931 2111/3306/2111 2115/3309/2115 
f 2116/3312/2116 1224/3313/1224 1231/3314/1231 
f 1231/3314/1231 2115/3315/2115 2116/3312/2116 
f 2115/3315/2115 2036/3173/2036 2035/3172/2035 
f 2035/3172/2035 2116/3312/2116 2115/3315/2115 
f 2116/3312/2116 2035/3172/2035 2039/3176/2039 
f 2039/3176/2039 2068/3316/2068 2116/3312/2116 
f 2068/3217/2068 1225/3216/1225 1224/3317/1224 
f 1224/3317/1224 2116/3318/2116 2068/3217/2068 
f 2117/3319/2117 1722/3320/1722 1721/3069/1721 
f 1721/3069/1721 2037/3174/2037 2117/3319/2117 
f 2037/3174/2037 2036/3173/2036 2114/3305/2114 
f 2114/3305/2114 2117/3319/2117 2037/3174/2037 
f 2117/3319/2117 2114/3305/2114 2113/3304/2113 
f 2113/3304/2113 2118/3321/2118 2117/3319/2117 
f 2118/3321/2118 1724/2891/1724 1722/3320/1722 
f 1722/3320/1722 2117/3319/2117 2118/3321/2118 
f 2119/3322/2119 2120/3323/2120 2121/3324/2121 
f 2121/3324/2121 2122/3325/2122 2119/3322/2119 
f 2122/3325/2122 2123/3326/2123 2124/3327/2124 
f 2124/3327/2124 2119/3322/2119 2122/3325/2122 
f 2119/3322/2119 2124/3327/2124 180/248/180 
f 180/248/180 179/247/179 2119/3322/2119 
f 179/247/179 178/3328/178 2120/3323/2120 
f 2120/3323/2120 2119/3322/2119 179/247/179 
f 2125/3329/2125 2124/3327/2124 2123/3326/2123 
f 2123/3326/2123 2126/3330/2126 2125/3329/2125 
f 2126/3330/2126 2127/3331/2127 2128/3332/2128 
f 2128/3332/2128 2125/3329/2125 2126/3330/2126 
f 2125/3329/2125 2128/3332/2128 187/257/187 
f 187/257/187 186/256/186 2125/3329/2125 
f 186/256/186 180/248/180 2124/3327/2124 
f 2124/3327/2124 2125/3329/2125 186/256/186 
f 2129/3333/2129 2130/3334/2130 2126/3330/2126 
f 2126/3330/2126 2123/3326/2123 2129/3333/2129 
f 2129/3333/2129 1734/2709/1734 1879/2953/1879 
f 1879/2953/1879 2130/3334/2130 2129/3333/2129 
f 1879/2953/1879 1876/2947/1876 2131/3335/2131 
f 2131/3335/2131 2130/3334/2130 1879/2953/1879 
f 2130/3334/2130 2131/3335/2131 2127/3331/2127 
f 2127/3331/2127 2126/3330/2126 2130/3334/2130 
f 2132/3336/2132 2133/3337/2133 1810/2827/1810 
f 1810/2827/1810 1814/2831/1814 2132/3336/2132 
f 1814/2831/1814 1734/2709/1734 2129/3333/2129 
f 2129/3333/2129 2132/3336/2132 1814/2831/1814 
f 2132/3336/2132 2129/3333/2129 2123/3326/2123 
f 2123/3326/2123 2122/3325/2122 2132/3336/2132 
f 2122/3325/2122 2121/3324/2121 2133/3337/2133 
f 2133/3337/2133 2132/3336/2132 2122/3325/2122 
f 2134/3338/2134 2128/3339/2128 2127/3340/2127 
f 2127/3340/2127 2135/3341/2135 2134/3338/2134 
f 2135/3341/2135 2044/3342/2044 2136/3343/2136 
f 2136/3343/2136 2134/3338/2134 2135/3341/2135 
f 2134/3338/2134 2136/3343/2136 299/409/299 
f 299/409/299 298/408/298 2134/3338/2134 
f 298/408/298 187/407/187 2128/3339/2128 
f 2128/3339/2128 2134/3338/2134 298/408/298 
f 2137/3344/2137 2136/3343/2136 2044/3342/2044 
f 2044/3342/2044 2043/3345/2043 2137/3344/2137 
f 2043/3180/2043 2042/3179/2042 2138/3346/2138 
f 2138/3346/2138 2137/3347/2137 2043/3180/2043 
f 2137/3347/2137 2138/3346/2138 1890/2964/1890 
f 1890/2964/1890 1894/2972/1894 2137/3347/2137 
f 1894/2970/1894 299/409/299 2136/3343/2136 
f 2136/3343/2136 2137/3344/2137 1894/2970/1894 
f 2139/3348/2139 2131/3335/2131 1876/2947/1876 
f 1876/2947/1876 1875/2946/1875 2139/3348/2139 
f 1875/3349/1875 1730/3350/1730 2045/3351/2045 
f 2045/3351/2045 2139/3352/2139 1875/3349/1875 
f 2139/3352/2139 2045/3351/2045 2044/3342/2044 
f 2044/3342/2044 2135/3341/2135 2139/3352/2139 
f 2135/3341/2135 2127/3340/2127 2131/3353/2131 
f 2131/3353/2131 2139/3352/2139 2135/3341/2135 
f 2140/3354/2140 2141/3355/2141 2142/3356/2142 
f 2142/3356/2142 2143/3357/2143 2140/3354/2140 
f 2143/3357/2143 2050/3188/2050 2144/3358/2144 
f 2144/3358/2144 2140/3354/2140 2143/3357/2143 
f 2140/3354/2140 2144/3358/2144 1945/3036/1945 
f 1945/3036/1945 1944/3035/1944 2140/3354/2140 
f 1944/3034/1944 1936/3024/1936 2141/3359/2141 
f 2141/3359/2141 2140/3360/2140 1944/3034/1944 
f 2145/3361/2145 1972/3080/1972 1945/3036/1945 
f 2145/3361/2145 2144/3358/2144 2050/3188/2050 
f 2050/3188/2050 2049/3187/2049 2145/3361/2145 
f 2049/3187/2049 2048/3186/2048 2146/3362/2146 
f 2146/3362/2146 1969/3074/1969 1972/3080/1972 
f 1972/3080/1972 2145/3361/2145 2146/3362/2146 
f 2147/3363/2147 2148/3364/2148 1749/2737/1749 
f 1749/2737/1749 1748/2736/1748 2147/3363/2147 
f 1748/2736/1748 1742/2724/1742 2051/3189/2051 
f 2051/3189/2051 2147/3363/2147 1748/2736/1748 
f 2147/3363/2147 2051/3189/2051 2050/3188/2050 
f 2050/3188/2050 2143/3357/2143 2147/3363/2147 
f 2143/3357/2143 2142/3356/2142 2148/3364/2148 
f 2149/3365/2149 2150/3366/2150 2151/3367/2151 
f 2151/3367/2151 2152/3368/2152 2149/3365/2149 
f 2152/3368/2152 2056/3195/2056 2153/3369/2153 
f 2153/3369/2153 2149/3365/2149 2152/3368/2152 
f 2149/3365/2149 2153/3369/2153 282/384/282 
f 282/384/282 281/383/281 2149/3365/2149 
f 281/383/281 280/382/280 2150/3366/2150 
f 2150/3366/2150 2149/3365/2149 281/383/281 
f 2154/3370/2154 2153/3369/2153 2056/3195/2056 
f 2056/3195/2056 2055/3194/2055 2154/3370/2154 
f 2055/3193/2055 2054/3192/2054 2155/3371/2155 
f 2155/3371/2155 2154/3372/2154 2055/3193/2055 
f 2154/3372/2154 2155/3371/2155 1101/1748/1101 
f 1101/1748/1101 1100/1747/1100 2154/3372/2154 
f 1100/3373/1100 282/384/282 2153/3369/2153 
f 2153/3369/2153 2154/3370/2154 1100/3373/1100 
f 2156/3374/2156 2157/3375/2157 1853/2906/1853 
f 1853/2906/1853 1856/2905/1856 2156/3374/2156 
f 1856/2905/1856 1849/3198/1849 2057/3196/2057 
f 2057/3196/2057 2156/3374/2156 1856/2905/1856 
f 2156/3374/2156 2057/3196/2057 2056/3195/2056 
f 2056/3195/2056 2152/3368/2152 2156/3374/2156 
f 2152/3368/2152 2151/3367/2151 2157/3375/2157 
f 2157/3375/2157 2156/3374/2156 2152/3368/2152 
f 2158/3376/2158 2159/3377/2159 2160/3378/2160 
f 2160/3378/2160 2161/3379/2161 2158/3376/2158 
f 2161/3379/2161 2162/3380/2162 2163/3381/2163 
f 2158/3382/2158 2163/3383/2163 1142/1810/1142 
f 1867/2924/1867 1866/2923/1866 2159/3377/2159 
f 2159/3377/2159 2158/3376/2158 1867/2924/1867 
f 1143/1811/1143 1142/1810/1142 2163/3383/2163 
f 2163/3383/2163 2164/3384/2164 1143/1811/1143 
f 2164/3384/2164 2163/3383/2163 2162/3385/2162 
f 2164/3384/2164 2165/3386/2165 2166/3387/2166 
f 2166/3387/2166 2167/3388/2167 2164/3384/2164 
f 2167/3388/2167 1145/1813/1145 1143/1811/1143 
f 1143/1811/1143 2164/3384/2164 2167/3388/2167 
f 2165/3389/2165 2162/3380/2162 2168/3390/2168 
f 2168/3390/2168 2169/3391/2169 2165/3389/2165 
f 2169/3391/2169 2168/3390/2168 1754/2745/1754 
f 1754/2745/1754 1957/3052/1957 2169/3391/2169 
f 2169/3391/2169 1957/3052/1957 1948/3051/1948 
f 1948/3051/1948 2170/3392/2170 2169/3391/2169 
f 2170/3392/2170 2166/3393/2166 2165/3389/2165 
f 2165/3389/2165 2169/3391/2169 2170/3392/2170 
f 2171/3394/2171 2172/3395/2172 1260/1997/1260 
f 1260/1997/1260 1755/2746/1755 2171/3394/2171 
f 1755/2746/1755 1754/2745/1754 2168/3390/2168 
f 2168/3390/2168 2171/3394/2171 1755/2746/1755 
f 2171/3394/2171 2168/3390/2168 2162/3380/2162 
f 2162/3380/2162 2161/3379/2161 2171/3394/2171 
f 2161/3379/2161 2160/3378/2160 2172/3395/2172 
f 2173/3396/2173 2174/3397/2174 2175/3398/2175 
f 2175/3398/2175 2176/3399/2176 2173/3396/2173 
f 2176/3399/2176 2177/3400/2177 2178/3401/2178 
f 2173/3402/2173 2178/3403/2178 1375/2165/1375 
f 1385/2177/1385 1384/3404/1384 2174/3405/2174 
f 2174/3405/2174 2173/3402/2173 1385/2177/1385 
f 2179/3406/2179 1376/2166/1376 1375/2165/1375 
f 1375/2165/1375 2178/3403/2178 2179/3406/2179 
f 2178/3403/2178 2177/3407/2177 2180/3408/2180 
f 2179/3406/2179 2180/3408/2180 2181/3409/2181 
f 2181/3409/2181 2182/3410/2182 2179/3406/2179 
f 2182/3410/2182 1377/2167/1377 1376/2166/1376 
f 1376/2166/1376 2179/3406/2179 2182/3410/2182 
f 2183/3411/2183 2180/3408/2180 2177/3407/2177 
f 2177/3407/2177 2184/3412/2184 2183/3411/2183 
f 2184/3412/2184 1768/2763/1768 1898/2977/1898 
f 1898/2977/1898 2183/3411/2183 2184/3412/2184 
f 2183/3411/2183 1898/2977/1898 1897/2976/1897 
f 1897/2976/1897 2185/3413/2185 2183/3411/2183 
f 2185/3413/2185 2181/3409/2181 2180/3408/2180 
f 2180/3408/2180 2183/3411/2183 2185/3413/2185 
f 2186/3414/2186 2187/3415/2187 1979/3416/1979 
f 1979/3416/1979 1980/3417/1980 2186/3414/2186 
f 1980/3417/1980 1768/2763/1768 2184/3412/2184 
f 2184/3412/2184 2186/3414/2186 1980/3417/1980 
f 2186/3418/2186 2184/3419/2184 2177/3400/2177 
f 2177/3400/2177 2176/3399/2176 2186/3418/2186 
f 2176/3420/2176 2175/3421/2175 2187/3415/2187 
f 2187/3415/2187 2186/3414/2186 2176/3420/2176 
f 2188/3422/2188 1484/2346/1484 1377/2345/1377 
f 1377/2345/1377 2182/3423/2182 2188/3422/2188 
f 2182/3423/2182 2181/3424/2181 2189/3425/2189 
f 2189/3425/2189 2188/3422/2188 2182/3423/2182 
f 2188/3422/2188 2189/3425/2189 2190/3426/2190 
f 2190/3426/2190 2191/3427/2191 2188/3422/2188 
f 2191/3427/2191 1485/3133/1485 1484/2346/1484 
f 2192/3428/2192 1999/3128/1999 1485/3133/1485 
f 1485/3133/1485 2191/3427/2191 2192/3428/2192 
f 2191/3429/2191 2190/3430/2190 2193/3431/2193 
f 2193/3431/2193 2192/3432/2192 2191/3429/2191 
f 2192/3432/2192 2193/3431/2193 2194/3433/2194 
f 2194/3433/2194 2195/3434/2195 2192/3432/2192 
f 2195/3435/2195 2000/3129/2000 1999/3128/1999 
f 1999/3128/1999 2192/3428/2192 2195/3435/2195 
f 2196/3436/2196 2193/3431/2193 2190/3430/2190 
f 2190/3430/2190 2197/3437/2197 2196/3436/2196 
f 2197/3437/2197 1765/2760/1765 1997/3121/1997 
f 1997/3121/1997 2196/3436/2196 2197/3437/2197 
f 2196/3436/2196 1997/3121/1997 1996/3120/1996 
f 2198/3438/2198 2194/3439/2194 2193/3440/2193 
f 2193/3440/2193 2196/3441/2196 2198/3438/2198 
f 2199/3442/2199 1900/2979/1900 1765/2760/1765 
f 1765/2760/1765 2197/3437/2197 2199/3442/2199 
f 2197/3437/2197 2190/3430/2190 2189/3443/2189 
f 2189/3443/2189 2199/3442/2199 2197/3437/2197 
f 2199/3442/2199 2189/3443/2189 2181/3444/2181 
f 2181/3444/2181 2185/3445/2185 2199/3442/2199 
f 2185/3445/2185 1897/2980/1897 1900/2979/1900 
f 1900/2979/1900 2199/3442/2199 2185/3445/2185 
f 2200/3446/2200 1703/2656/1703 1702/2655/1702 
f 1702/2655/1702 2201/3447/2201 2200/3446/2200 
f 2201/3448/2201 2202/3449/2202 2203/3450/2203 
f 2203/3450/2203 2200/3451/2200 2201/3448/2201 
f 2200/3452/2200 2203/3453/2203 2204/3454/2204 
f 2204/3454/2204 2205/3455/2205 2200/3452/2200 
f 2205/3455/2205 1698/2651/1698 1703/2657/1703 
f 1703/2657/1703 2200/3452/2200 2205/3455/2205 
f 2206/3456/2206 2207/3457/2207 2205/3455/2205 
f 2205/3455/2205 2204/3454/2204 2206/3456/2206 
f 2206/3456/2206 2208/3458/2208 2209/3459/2209 
f 2209/3459/2209 2207/3457/2207 2206/3456/2206 
f 2207/3457/2207 2209/3459/2209 1687/2637/1687 
f 1687/2637/1687 1699/2652/1699 2207/3457/2207 
f 1699/2652/1699 1698/2651/1698 2205/3455/2205 
f 2205/3455/2205 2207/3457/2207 1699/2652/1699 
f 2210/3460/2210 2209/3461/2209 2208/3462/2208 
f 2208/3462/2208 2211/3463/2211 2210/3460/2210 
f 2211/3463/2211 2212/3464/2212 2213/3465/2213 
f 2213/3465/2213 2210/3460/2210 2211/3463/2211 
f 2210/3460/2210 2213/3465/2213 1689/2640/1689 
f 1689/2640/1689 1688/2639/1688 2210/3460/2210 
f 1688/2639/1688 1687/3466/1687 2209/3461/2209 
f 2209/3461/2209 2210/3460/2210 1688/2639/1688 
f 2214/3467/2214 2014/3151/2014 1689/2640/1689 
f 1689/2640/1689 2213/3465/2213 2214/3467/2214 
f 2213/3465/2213 2212/3464/2212 2215/3468/2215 
f 2215/3468/2215 2214/3467/2214 2213/3465/2213 
f 2214/3469/2214 2215/3470/2215 2216/3471/2216 
f 2216/3471/2216 2217/3472/2217 2214/3469/2214 
f 2217/3472/2217 2008/3145/2008 2014/3144/2014 
f 2014/3144/2014 2214/3469/2214 2217/3472/2217 
f 2218/3473/2218 2009/3139/2009 2008/3138/2008 
f 2008/3138/2008 2217/3474/2217 2218/3473/2218 
f 2217/3474/2217 2216/3475/2216 2219/3476/2219 
f 2219/3476/2219 2218/3473/2218 2217/3474/2217 
f 2218/3473/2218 2219/3476/2219 2220/3477/2220 
f 2220/3477/2220 2221/3478/2221 2218/3473/2218 
f 2221/3478/2221 2010/3140/2010 2009/3139/2009 
f 2222/3479/2222 2223/3480/2223 2224/3481/2224 
f 2224/3481/2224 2225/3482/2225 2222/3479/2222 
f 2225/3482/2225 2059/3203/2059 2226/3483/2226 
f 2226/3483/2226 2222/3479/2222 2225/3482/2225 
f 2222/3479/2222 2226/3483/2226 1482/2334/1482 
f 1482/2334/1482 1481/2333/1481 2222/3479/2222 
f 1481/2333/1481 1480/2332/1480 2223/3480/2223 
f 2223/3480/2223 2222/3479/2222 1481/2333/1481 
f 2227/3484/2227 1912/2993/1912 1482/2334/1482 
f 1482/2334/1482 2226/3483/2226 2227/3484/2227 
f 2226/3483/2226 2059/3203/2059 2058/3202/2058 
f 2058/3202/2058 2227/3484/2227 2226/3483/2226 
f 2227/3484/2227 2058/3202/2058 2063/3207/2063 
f 2063/3207/2063 2228/3485/2228 2227/3484/2227 
f 2228/3486/2228 1905/3487/1905 1912/3488/1912 
f 2229/3489/2229 2230/3490/2230 1994/3118/1994 
f 1994/3118/1994 1993/3117/1993 2229/3489/2229 
f 1993/3117/1993 1757/2748/1757 2060/3204/2060 
f 2060/3204/2060 2229/3489/2229 1993/3117/1993 
f 2229/3489/2229 2060/3204/2060 2059/3203/2059 
f 2059/3203/2059 2225/3482/2225 2229/3489/2229 
f 2225/3482/2225 2224/3481/2224 2230/3490/2230 
f 2230/3490/2230 2229/3489/2229 2225/3482/2225 
f 2231/3491/2231 1906/2987/1906 1905/2986/1905 
f 1905/2986/1905 2228/3492/2228 2231/3491/2231 
f 2228/3492/2228 2063/3493/2063 2232/3494/2232 
f 2232/3494/2232 2231/3491/2231 2228/3492/2228 
f 2231/3491/2231 2232/3494/2232 2233/3495/2233 
f 2233/3495/2233 2234/3496/2234 2231/3491/2231 
f 2234/3496/2234 1907/2988/1907 1906/2987/1906 
f 1906/2987/1906 2231/3491/2231 2234/3496/2234 
f 2235/3497/2235 1990/3115/1990 1907/3114/1907 
f 1907/3114/1907 2234/3498/2234 2235/3497/2235 
f 2234/3498/2234 2233/3499/2233 2236/3500/2236 
f 2236/3500/2236 2235/3497/2235 2234/3498/2234 
f 2235/3497/2235 2236/3500/2236 2074/3228/2074 
f 2074/3228/2074 2073/3227/2073 2235/3497/2235 
f 2073/3226/2073 1987/3105/1987 1990/3110/1990 
f 2237/3501/2237 2074/3228/2074 2236/3500/2236 
f 2236/3500/2236 2238/3502/2238 2237/3501/2237 
f 2238/3503/2238 2236/3504/2236 2233/3495/2233 
f 2233/3495/2233 2239/3505/2239 2238/3503/2238 
f 2238/3502/2238 2239/3506/2239 1770/3507/1770 
f 1770/3507/1770 1981/3508/1981 2238/3502/2238 
f 2237/3501/2237 2238/3502/2238 1981/3508/1981 
f 1981/3508/1981 1975/3509/1975 2237/3501/2237 
f 2240/3510/2240 2062/3511/2062 1761/3512/1761 
f 1761/3512/1761 1773/3513/1773 2240/3510/2240 
f 1773/3513/1773 1770/3507/1770 2239/3506/2239 
f 2239/3506/2239 2240/3510/2240 1773/3513/1773 
f 2240/3514/2240 2239/3505/2239 2233/3495/2233 
f 2233/3495/2233 2232/3494/2232 2240/3514/2240 
f 2240/3514/2240 2232/3494/2232 2063/3493/2063 
f 2063/3493/2063 2062/3515/2062 2240/3514/2240 
f 2241/3516/2241 2242/3517/2242 2243/3518/2243 
f 2243/3518/2243 2244/3519/2244 2241/3516/2241 
f 2244/3519/2244 2066/3210/2066 2245/3520/2245 
f 2245/3520/2245 2241/3516/2241 2244/3519/2244 
f 2241/3516/2241 2245/3520/2245 1921/3008/1921 
f 1921/3008/1921 1920/3007/1920 2241/3516/2241 
f 1920/3007/1920 1919/3006/1919 2242/3517/2242 
f 1959/3059/1959 1921/3008/1921 2245/3520/2245 
f 2245/3520/2245 2066/3210/2066 2065/3209/2065 
f 2065/3209/2065 2246/3521/2246 2245/3520/2245 
f 2246/3521/2246 2065/3209/2065 2039/3522/2039 
f 2039/3522/2039 2038/3523/2038 2246/3521/2246 
f 2038/3523/2038 1960/3060/1960 1959/3059/1959 
f 2247/3524/2247 2248/3525/2248 1950/3041/1950 
f 1950/3041/1950 1956/3049/1956 2247/3524/2247 
f 1956/3049/1956 1776/3212/1776 2067/3211/2067 
f 2067/3211/2067 2247/3524/2247 1956/3049/1956 
f 2247/3524/2247 2067/3211/2067 2066/3210/2066 
f 2066/3210/2066 2244/3519/2244 2247/3524/2247 
f 2244/3519/2244 2243/3518/2243 2248/3525/2248 
f 2249/3526/2249 1951/3042/1951 1950/3041/1950 
f 1950/3041/1950 2248/3525/2248 2249/3526/2249 
f 2248/3525/2248 2243/3518/2243 2250/3527/2250 
f 2250/3527/2250 2249/3526/2249 2248/3525/2248 
f 2249/3526/2249 2250/3527/2250 2071/3528/2071 
f 2071/3528/2071 2251/3529/2251 2249/3526/2249 
f 2251/3529/2251 1952/3530/1952 1951/3042/1951 
f 1951/3042/1951 2249/3526/2249 2251/3529/2251 
f 2252/3531/2252 1974/3532/1974 1952/3533/1952 
f 1952/3533/1952 2251/3534/2251 2252/3531/2252 
f 2251/3534/2251 2071/3222/2071 2070/3221/2070 
f 2070/3221/2070 2252/3531/2252 2251/3534/2251 
f 2252/3535/2252 2070/3536/2070 2074/3537/2074 
f 1974/3532/1974 2252/3531/2252 2237/3501/2237 
f 2237/3501/2237 1975/3509/1975 1974/3532/1974 
f 2253/3538/2253 1925/3012/1925 1924/3011/1924 
f 1924/3011/1924 2072/3224/2072 2253/3538/2253 
f 2072/3224/2072 2071/3528/2071 2250/3527/2250 
f 2250/3527/2250 2253/3538/2253 2072/3224/2072 
f 2253/3538/2253 2250/3527/2250 2243/3518/2243 
f 2243/3518/2243 2242/3517/2242 2253/3538/2253 
f 2253/3538/2253 2242/3517/2242 1919/3006/1919 
f 2254/3539/2254 1978/3086/1978 1979/3089/1979 
f 2255/3540/2255 2254/3539/2254 2187/3541/2187 
f 2187/3541/2187 2175/3542/2175 2255/3540/2255 
f 2254/3539/2254 2255/3540/2255 2256/3543/2256 
f 2256/3543/2256 2257/3544/2257 2254/3539/2254 
f 2257/3544/2257 1954/3090/1954 1978/3086/1978 
f 1978/3086/1978 2254/3539/2254 2257/3544/2257 
f 2258/3545/2258 1947/3546/1947 1954/3547/1954 
f 2257/3548/2257 2256/3549/2256 2259/3550/2259 
f 2258/3545/2258 2259/3550/2259 2166/3387/2166 
f 2166/3387/2166 2170/3551/2170 2258/3545/2258 
f 2170/3551/2170 1948/3552/1948 1947/3546/1947 
f 1947/3546/1947 2258/3545/2258 2170/3551/2170 
f 2260/3553/2260 2259/3550/2259 2256/3549/2256 
f 2256/3549/2256 2261/3554/2261 2260/3553/2260 
f 2261/3554/2261 1783/2786/1783 1782/2785/1782 
f 1782/2785/1782 2260/3553/2260 2261/3554/2261 
f 2260/3553/2260 1782/2785/1782 1145/1813/1145 
f 1145/1813/1145 2167/3388/2167 2260/3553/2260 
f 2167/3388/2167 2166/3387/2166 2259/3550/2259 
f 2262/3555/2262 1788/2794/1788 1783/2793/1783 
f 1783/2793/1783 2261/3556/2261 2262/3555/2262 
f 2261/3556/2261 2256/3557/2256 2255/3558/2255 
f 2255/3558/2255 2262/3555/2262 2261/3556/2261 
f 2262/3555/2262 2255/3558/2255 2175/3398/2175 
f 2175/3398/2175 2174/3397/2174 2262/3555/2262 
f 2174/3397/2174 1384/2175/1384 1788/2794/1788 
f 1788/2794/1788 2262/3555/2262 2174/3397/2174 
f 2263/3559/2263 1823/3560/1823 1822/3561/1822 
f 2264/3562/2264 2077/3231/2077 2076/3230/2076 
f 2076/3230/2076 2263/3559/2263 2264/3562/2264 
f 2263/3559/2263 2076/3230/2076 2080/3237/2080 
f 2265/3563/2265 1818/2854/1818 1823/2853/1823 
f 1823/2853/1823 2263/3564/2263 2265/3563/2265 
f 2266/3565/2266 2133/3337/2133 2121/3324/2121 
f 2121/3324/2121 2267/3566/2267 2266/3565/2266 
f 2267/3566/2267 2268/3567/2268 2269/3568/2269 
f 2269/3568/2269 2266/3565/2266 2267/3566/2267 
f 2266/3565/2266 2269/3568/2269 1812/2829/1812 
f 1812/2829/1812 1811/2828/1811 2266/3565/2266 
f 1811/2828/1811 1810/2827/1810 2133/3337/2133 
f 2133/3337/2133 2266/3565/2266 1811/2828/1811 
f 1803/2810/1803 1802/2809/1802 2270/3569/2270 
f 2270/3569/2270 2271/3570/2271 1803/2810/1803 
f 2271/3570/2271 2270/3569/2270 2268/3567/2268 
f 2268/3567/2268 2267/3566/2267 2271/3570/2271 
f 2267/3566/2267 2121/3324/2121 2120/3323/2120 
f 2120/3323/2120 2271/3570/2271 2267/3566/2267 
f 2271/3570/2271 2120/3323/2120 178/3328/178 
f 178/3328/178 1803/2810/1803 2271/3570/2271 
f 2272/3571/2272 1832/2865/1832 1826/2859/1826 
f 1826/2859/1826 2089/3248/2089 2272/3571/2272 
f 2089/3248/2089 2083/3240/2083 2273/3572/2273 
f 2273/3572/2273 2272/3571/2272 2089/3248/2089 
f 2272/3571/2272 2273/3572/2273 2080/3573/2080 
f 2080/3573/2080 2079/3574/2079 2272/3571/2272 
f 2079/3574/2079 1793/2866/1793 1832/2865/1832 
f 1832/2865/1832 2272/3571/2272 2079/3574/2079 
f 2274/3575/2274 1819/2842/1819 1818/2841/1818 
f 1818/2841/1818 2265/3576/2265 2274/3575/2274 
f 2265/3576/2265 2080/3573/2080 2273/3572/2273 
f 2273/3572/2273 2274/3575/2274 2265/3576/2265 
f 2274/3575/2274 2273/3572/2273 2083/3240/2083 
f 2083/3240/2083 2082/3239/2082 2274/3575/2274 
f 2082/3239/2082 166/229/166 1819/2842/1819 
f 1819/2842/1819 2274/3575/2274 2082/3239/2082 
f 2275/3577/2275 1933/3578/1933 1092/3295/1092 
f 1092/3295/1092 2108/3294/2108 2275/3577/2275 
f 2108/3293/2108 2033/3292/2033 2276/3579/2276 
f 2276/3579/2276 2275/3580/2275 2108/3293/2108 
f 2275/3577/2275 2276/3581/2276 2113/3582/2113 
f 2113/3582/2113 2112/3583/2112 2275/3577/2275 
f 2112/3583/2112 1930/3584/1930 1933/3578/1933 
f 1933/3578/1933 2275/3577/2275 2112/3583/2112 
f 2277/3585/2277 2276/3579/2276 2033/3292/2033 
f 2033/3292/2033 2032/3586/2032 2277/3585/2277 
f 2032/3586/2032 1840/2893/1840 1846/2892/1846 
f 1846/2892/1846 2277/3585/2277 2032/3586/2032 
f 2277/3585/2277 1846/2892/1846 1724/2891/1724 
f 1724/2891/1724 2118/3321/2118 2277/3585/2277 
f 2118/3321/2118 2113/3304/2113 2276/3579/2276 
f 2276/3579/2276 2277/3585/2277 2118/3321/2118 
f 2278/3587/2278 2155/3371/2155 2054/3192/2054 
f 2054/3192/2054 2279/3588/2279 2278/3587/2278 
f 2279/3588/2279 2142/3589/2142 2141/3359/2141 
f 2141/3359/2141 2278/3587/2278 2279/3588/2279 
f 2278/3587/2278 2141/3359/2141 1936/3024/1936 
f 1936/3024/1936 1935/3023/1935 2278/3587/2278 
f 1935/3023/1935 1101/1748/1101 2155/3371/2155 
f 2155/3371/2155 2278/3587/2278 1935/3023/1935 
f 2280/3590/2280 2148/3364/2148 2142/3356/2142 
f 2142/3356/2142 2279/3591/2279 2280/3590/2280 
f 2279/3592/2279 2054/3593/2054 2053/3594/2053 
f 2053/3594/2053 2280/3595/2280 2279/3592/2279 
f 2280/3595/2280 2053/3594/2053 1835/3596/1835 
f 1835/3596/1835 1834/3597/1834 2280/3595/2280 
f 1834/2871/1834 1749/2737/1749 2148/3364/2148 
f 2281/3598/2281 2138/3346/2138 2042/3179/2042 
f 2042/3179/2042 2282/3599/2282 2281/3598/2281 
f 2282/3599/2282 2151/3367/2151 2150/3366/2150 
f 2150/3366/2150 2281/3598/2281 2282/3599/2282 
f 2281/3598/2281 2150/3366/2150 280/382/280 
f 280/382/280 1891/2965/1891 2281/3598/2281 
f 1891/2965/1891 1890/2964/1890 2138/3346/2138 
f 2138/3346/2138 2281/3598/2281 1891/2965/1891 
f 2283/3600/2283 2041/3178/2041 1738/2716/1738 
f 1854/2902/1854 1853/2906/1853 2157/3375/2157 
f 2157/3375/2157 2283/3600/2283 1854/2902/1854 
f 2283/3600/2283 2157/3375/2157 2151/3367/2151 
f 2151/3367/2151 2282/3599/2282 2283/3600/2283 
f 2282/3599/2282 2042/3179/2042 2041/3178/2041 
f 2041/3178/2041 2283/3600/2283 2282/3599/2282 
f 2284/3601/2284 351/497/351 346/3602/346 
f 2099/3603/2099 2098/3277/2098 2285/3604/2285 
f 2285/3604/2285 2284/3601/2284 2099/3603/2099 
f 2284/3601/2284 2285/3604/2285 2104/3280/2104 
f 2103/3279/2103 253/349/253 351/497/351 
f 2286/3605/2286 1881/2955/1881 1860/2912/1860 
f 1860/2912/1860 2110/3299/2110 2286/3605/2286 
f 2110/3299/2110 2104/3280/2104 2285/3604/2285 
f 2285/3604/2285 2286/3605/2286 2110/3299/2110 
f 2286/3605/2286 2285/3604/2285 2098/3277/2098 
f 2098/3277/2098 2101/3276/2101 2286/3605/2286 
f 2101/3276/2101 1882/2956/1882 1881/2955/1881 
f 1261/1998/1261 1260/1997/1260 2172/3395/2172 
f 2172/3395/2172 2287/3606/2287 1261/1998/1261 
f 2287/3607/2287 2172/3608/2172 2160/3609/2160 
f 2288/3610/2288 2048/3186/2048 2047/3185/2047 
f 2047/3185/2047 2287/3611/2287 2288/3610/2288 
f 2287/3611/2287 2047/3185/2047 1262/2000/1262 
f 1262/2000/1262 1261/1999/1261 2287/3611/2287 
f 2288/3610/2288 2160/3612/2160 2159/3613/2159 
f 2159/3613/2159 2289/3614/2289 2288/3610/2288 
f 1970/3075/1970 2289/3614/2289 2159/3613/2159 
f 2159/3613/2159 1866/3076/1866 1970/3075/1970 
f 2289/3614/2289 1970/3075/1970 1969/3074/1969 
f 1969/3074/1969 2146/3362/2146 2289/3614/2289 
f 2146/3362/2146 2048/3186/2048 2288/3610/2288 
f 2288/3610/2288 2289/3614/2289 2146/3362/2146 
f 2290/3615/2290 1637/3616/1637 1636/3617/1636 
f 1636/3617/1636 2291/3618/2291 2290/3615/2290 
f 2291/3618/2291 2292/3619/2292 2293/3620/2293 
f 2290/3615/2290 2293/3620/2293 869/1352/869 
f 868/1351/868 867/1350/867 1637/3616/1637 
f 1637/3616/1637 2290/3615/2290 868/1351/868 
f 2294/3621/2294 1038/1639/1038 1037/1638/1037 
f 1037/1638/1037 2295/3622/2295 2294/3621/2294 
f 2295/3622/2295 2296/3623/2296 2297/3624/2297 
f 2297/3624/2297 2294/3621/2294 2295/3622/2295 
f 2294/3621/2294 2297/3624/2297 849/3625/849 
f 849/3625/849 1026/3626/1026 2294/3621/2294 
f 2294/3621/2294 1026/3626/1026 1025/1640/1025 
f 1025/1640/1025 1038/1639/1038 2294/3621/2294 
f 2298/3627/2298 2299/3628/2299 2300/3629/2300 
f 2300/3629/2300 2301/3630/2301 2298/3627/2298 
f 2301/3630/2301 2296/3631/2296 2295/3632/2295 
f 2295/3632/2295 2298/3627/2298 2301/3630/2301 
f 2298/3627/2298 2295/3632/2295 1037/1672/1037 
f 1037/1672/1037 1058/1671/1058 2298/3627/2298 
f 1058/1671/1058 1060/1675/1060 2299/3628/2299 
f 2299/3628/2299 2298/3627/2298 1058/1671/1058 
f 2302/3633/2302 2297/3634/2297 2296/3635/2296 
f 2296/3635/2296 2303/3636/2303 2302/3633/2302 
f 2302/3637/2302 2303/3638/2303 2304/3639/2304 
f 2304/3639/2304 2305/3640/2305 2302/3637/2302 
f 2302/3637/2302 2305/3640/2305 851/1336/851 
f 851/1336/851 850/3641/850 2302/3637/2302 
f 850/3641/850 849/3642/849 2297/3643/2297 
f 2297/3643/2297 2302/3637/2302 850/3641/850 
f 2306/3644/2306 2303/3645/2303 2296/3631/2296 
f 2296/3631/2296 2301/3630/2301 2306/3644/2306 
f 2301/3630/2301 2300/3629/2300 2307/3646/2307 
f 2307/3646/2307 2306/3644/2306 2301/3630/2301 
f 2306/3644/2306 2307/3646/2307 2308/3647/2308 
f 2308/3647/2308 2309/3648/2309 2306/3644/2306 
f 2309/3648/2309 2304/3649/2304 2303/3645/2303 
f 2303/3645/2303 2306/3644/2306 2309/3648/2309 
f 2309/3650/2309 2308/3651/2308 2310/3652/2310 
f 2310/3653/2310 857/1338/857 856/1337/856 
f 856/1337/856 851/1336/851 2305/3640/2305 
f 2305/3640/2305 2311/3654/2311 856/1337/856 
f 2311/3654/2311 2305/3640/2305 2304/3639/2304 
f 1643/3655/1643 857/3656/857 2310/3657/2310 
f 2312/3658/2312 2310/3657/2310 2308/3659/2308 
f 2308/3659/2308 2313/3660/2313 2312/3658/2312 
f 2312/3658/2312 2313/3660/2313 2292/3619/2292 
f 2292/3619/2292 2291/3618/2291 2312/3658/2312 
f 2291/3618/2291 1636/3617/1636 1643/3655/1643 
f 2293/3620/2293 2292/3619/2292 2313/3660/2313 
f 2313/3660/2313 2314/3661/2314 2293/3620/2293 
f 2313/3660/2313 2308/3659/2308 2307/3662/2307 
f 2307/3662/2307 2314/3661/2314 2313/3660/2313 
f 2314/3663/2314 2307/3664/2307 2300/3665/2300 
f 2300/3665/2300 2315/3666/2315 2314/3663/2314 
f 2315/3667/2315 869/1352/869 2293/3620/2293 
f 2293/3620/2293 2314/3661/2314 2315/3667/2315 
f 2316/3668/2316 862/3669/862 869/3670/869 
f 869/3670/869 2315/3666/2315 2316/3668/2316 
f 2315/3671/2315 2300/3629/2300 2299/3628/2299 
f 2299/3628/2299 2316/3672/2316 2315/3671/2315 
f 2316/3672/2316 2299/3628/2299 1060/1675/1060 
f 1060/1675/1060 1069/1701/1069 2316/3672/2316 
f 1069/1700/1069 863/1665/863 862/3669/862 
f 862/3669/862 2316/3668/2316 1069/1700/1069 
f 2317/3673/2317 1520/2397/1520 1519/2396/1519 
f 1519/2396/1519 1526/2403/1526 2317/3673/2317 
f 1526/2403/1526 1525/2402/1525 2318/3674/2318 
f 2318/3674/2318 2317/3673/2317 1526/2403/1526 
f 2319/3675/2319 2317/3676/2317 2318/3677/2318 
f 2318/3677/2318 2320/3678/2320 2319/3675/2319 
f 2319/3679/2319 1521/2398/1521 1520/2397/1520 
f 1520/2397/1520 2317/3673/2317 2319/3679/2319 
f 1589/3680/1589 1578/3681/1578 2321/3682/2321 
f 2321/3682/2321 2322/3683/2322 1589/3680/1589 
f 2321/3684/2321 2320/3685/2320 2318/3686/2318 
f 2318/3686/2318 2322/3687/2322 2321/3684/2321 
f 2322/3687/2322 2318/3686/2318 1525/3688/1525 
f 1599/2501/1599 1590/2492/1590 1589/2491/1589 
f 1577/3689/1577 1576/3690/1576 2323/3691/2323 
f 2323/3691/2323 2324/3692/2324 2325/3693/2325 
f 2326/3694/2326 2325/3693/2325 2320/3685/2320 
f 2320/3685/2320 2321/3684/2321 2326/3694/2326 
f 2326/3695/2326 2321/3682/2321 1578/3681/1578 
f 1578/3681/1578 1577/3696/1577 2326/3695/2326 
f 2327/3697/2327 1522/3698/1522 1521/3699/1521 
f 1521/3699/1521 2328/3700/2328 2327/3697/2327 
f 2328/3701/2328 2329/3702/2329 2330/3703/2330 
f 2330/3703/2330 2327/3704/2327 2328/3701/2328 
f 2327/3704/2327 2330/3703/2330 1464/2314/1464 
f 1464/2314/1464 1463/2313/1463 2327/3704/2327 
f 2327/3704/2327 1463/2313/1463 1462/2312/1462 
f 1462/2312/1462 1522/2399/1522 2327/3704/2327 
f 2331/3705/2331 2328/3700/2328 1521/3699/1521 
f 1521/3699/1521 2319/3675/2319 2331/3705/2331 
f 2331/3705/2331 2319/3675/2319 2320/3678/2320 
f 2320/3678/2320 2332/3706/2332 2331/3705/2331 
f 2331/3707/2331 2332/3708/2332 2333/3709/2333 
f 2333/3709/2333 2334/3710/2334 2331/3707/2331 
f 2334/3711/2334 2329/3712/2329 2328/3700/2328 
f 2328/3700/2328 2331/3705/2331 2334/3711/2334 
f 2335/3713/2335 2336/3714/2336 2333/3709/2333 
f 2333/3709/2333 2332/3708/2332 2335/3713/2335 
f 2332/3708/2332 2320/3685/2320 2325/3693/2325 
f 2325/3693/2325 2335/3713/2335 2332/3708/2332 
f 2335/3713/2335 2325/3693/2325 2324/3692/2324 
f 2324/3692/2324 2336/3714/2336 2335/3713/2335 
f 2337/3715/2337 2338/3716/2338 2339/3717/2339 
f 2339/3717/2339 2340/3718/2340 2337/3715/2337 
f 2340/3718/2340 1480/2332/1480 1479/2331/1479 
f 1479/2331/1479 2337/3715/2337 2340/3718/2340 
f 2337/3715/2337 1479/2331/1479 1478/2330/1478 
f 1478/2330/1478 2341/3719/2341 2337/3715/2337 
f 2341/3720/2341 2342/3721/2342 2338/3722/2338 
f 2338/3722/2338 2337/3723/2337 2341/3720/2341 
f 2343/3724/2343 2344/3725/2344 2345/3726/2345 
f 2345/3726/2345 2346/3727/2346 2343/3724/2343 
f 2346/3728/2346 2347/3729/2347 2348/3730/2348 
f 2348/3730/2348 2343/3731/2343 2346/3728/2346 
f 2343/3731/2343 2348/3730/2348 2012/3142/2012 
f 2012/3142/2012 2011/3141/2011 2343/3731/2343 
f 2011/3732/2011 2010/3733/2010 2344/3725/2344 
f 2344/3725/2344 2343/3724/2343 2011/3732/2011 
f 2349/3734/2349 2338/3722/2338 2342/3721/2342 
f 2342/3721/2342 2350/3735/2350 2349/3734/2349 
f 2350/3735/2350 2351/3736/2351 2352/3737/2352 
f 2352/3737/2352 2349/3734/2349 2350/3735/2350 
f 2349/3734/2349 2352/3737/2352 2353/3738/2353 
f 2353/3738/2353 2354/3739/2354 2349/3734/2349 
f 2354/3739/2354 2339/3740/2339 2338/3722/2338 
f 2338/3722/2338 2349/3734/2349 2354/3739/2354 
f 2346/3727/2346 2345/3726/2345 2355/3741/2355 
f 2355/3741/2355 2356/3742/2356 2346/3727/2346 
f 2356/3742/2356 2355/3741/2355 2353/3738/2353 
f 2353/3738/2353 2352/3737/2352 2356/3742/2356 
f 2356/3742/2356 2352/3737/2352 2351/3736/2351 
f 2351/3736/2351 2357/3743/2357 2356/3742/2356 
f 2346/3727/2346 2356/3742/2356 2357/3743/2357 
f 2357/3743/2357 2347/3744/2347 2346/3727/2346 
f 2358/3745/2358 2223/3480/2223 1480/2332/1480 
f 1480/2332/1480 2340/3718/2340 2358/3745/2358 
f 2340/3718/2340 2339/3717/2339 2359/3746/2359 
f 2359/3746/2359 2358/3745/2358 2340/3718/2340 
f 2358/3745/2358 2359/3746/2359 2360/3747/2360 
f 2360/3747/2360 2361/3748/2361 2358/3745/2358 
f 2361/3748/2361 2224/3481/2224 2223/3480/2223 
f 2223/3480/2223 2358/3745/2358 2361/3748/2361 
f 2362/3749/2362 2363/3750/2363 2364/3751/2364 
f 2364/3751/2364 2365/3752/2365 2362/3749/2362 
f 2365/3752/2365 2345/3753/2345 2344/3754/2344 
f 2344/3754/2344 2362/3749/2362 2365/3752/2365 
f 2362/3749/2362 2344/3754/2344 2010/3140/2010 
f 2010/3140/2010 2221/3478/2221 2362/3749/2362 
f 2221/3478/2221 2220/3477/2220 2363/3750/2363 
f 2363/3750/2363 2362/3749/2362 2221/3478/2221 
f 2366/3755/2366 2367/3756/2367 2368/3757/2368 
f 2368/3757/2368 2369/3758/2369 2366/3755/2366 
f 2369/3759/2369 2353/3760/2353 2355/3761/2355 
f 2355/3761/2355 2366/3762/2366 2369/3759/2369 
f 2366/3762/2366 2355/3761/2355 2345/3753/2345 
f 2345/3753/2345 2365/3752/2365 2366/3762/2366 
f 2365/3752/2365 2364/3751/2364 2367/3763/2367 
f 2367/3763/2367 2366/3762/2366 2365/3752/2365 
f 2370/3764/2370 2354/3765/2354 2353/3760/2353 
f 2353/3760/2353 2369/3759/2369 2370/3764/2370 
f 2369/3758/2369 2368/3757/2368 2371/3766/2371 
f 2371/3766/2371 2370/3767/2370 2369/3758/2369 
f 2371/3766/2371 2360/3768/2360 2359/3769/2359 
f 2359/3769/2359 2370/3767/2370 2371/3766/2371 
f 2370/3767/2370 2359/3769/2359 2339/3740/2339 
f 2339/3740/2339 2354/3739/2354 2370/3767/2370 
f 2372/3770/2372 2373/3771/2373 2374/3772/2374 
f 2374/3772/2374 2375/3773/2375 2372/3770/2372 
f 2374/3772/2374 1994/3118/1994 2230/3490/2230 
f 2230/3490/2230 2375/3773/2375 2374/3772/2374 
f 2375/3773/2375 2230/3490/2230 2224/3481/2224 
f 2224/3481/2224 2361/3748/2361 2375/3773/2375 
f 2361/3748/2361 2360/3747/2360 2372/3770/2372 
f 2372/3770/2372 2375/3773/2375 2361/3748/2361 
f 2376/3774/2376 2371/3766/2371 2368/3757/2368 
f 2368/3757/2368 2377/3775/2377 2376/3774/2376 
f 2377/3776/2377 2378/3777/2378 2379/3778/2379 
f 2379/3778/2379 2376/3779/2376 2377/3776/2377 
f 2376/3779/2376 2379/3778/2379 2373/3780/2373 
f 2373/3780/2373 2372/3781/2372 2376/3779/2376 
f 2372/3782/2372 2360/3768/2360 2371/3766/2371 
f 2371/3766/2371 2376/3774/2376 2372/3782/2372 
f 2380/3783/2380 2374/3772/2374 2373/3771/2373 
f 2373/3771/2373 2381/3784/2381 2380/3783/2380 
f 2381/3785/2381 2382/3786/2382 2383/3787/2383 
f 2383/3787/2383 2380/3788/2380 2381/3785/2381 
f 2380/3788/2380 2383/3787/2383 1996/3120/1996 
f 1996/3120/1996 1995/3119/1995 2380/3788/2380 
f 1995/3789/1995 1994/3118/1994 2374/3772/2374 
f 2374/3772/2374 2380/3783/2380 1995/3789/1995 
f 2384/3790/2384 2379/3778/2379 2378/3777/2378 
f 2378/3777/2378 2385/3791/2385 2384/3790/2384 
f 2385/3792/2385 2386/3793/2386 2387/3794/2387 
f 2387/3794/2387 2384/3795/2384 2385/3792/2385 
f 2384/3795/2384 2387/3794/2387 2382/3786/2382 
f 2382/3786/2382 2381/3785/2381 2384/3795/2384 
f 2381/3796/2381 2373/3780/2373 2379/3778/2379 
f 2388/3797/2388 2383/3798/2383 2382/3799/2382 
f 2389/3800/2389 2390/3801/2390 2391/3802/2391 
f 2391/3802/2391 2388/3803/2388 2389/3800/2389 
f 2388/3803/2388 2391/3802/2391 2194/3804/2194 
f 2194/3804/2194 2198/3805/2198 2388/3803/2388 
f 2198/3438/2198 1996/3806/1996 2383/3807/2383 
f 2383/3807/2383 2388/3808/2388 2198/3438/2198 
f 2392/3809/2392 2393/3810/2393 2394/3811/2394 
f 2394/3811/2394 2395/3812/2395 2392/3809/2392 
f 2392/3813/2392 2395/3814/2395 2390/3815/2390 
f 2390/3815/2390 2389/3816/2389 2392/3813/2392 
f 2389/3816/2389 2382/3786/2382 2387/3794/2387 
f 2387/3794/2387 2392/3813/2392 2389/3816/2389 
f 2387/3794/2387 2386/3793/2386 2393/3817/2393 
f 2396/3818/2396 2397/3819/2397 2398/3820/2398 
f 2398/3820/2398 2399/3821/2399 2396/3818/2396 
f 2399/3821/2399 2398/3820/2398 2400/3822/2400 
f 2400/3822/2400 2401/3823/2401 2399/3821/2399 
f 2399/3824/2399 2401/3825/2401 2202/3826/2202 
f 2202/3826/2202 2201/3827/2201 2399/3824/2399 
f 2201/3448/2201 1702/3828/1702 2396/3818/2396 
f 2396/3818/2396 2399/3821/2399 2201/3448/2201 
f 2402/3829/2402 2391/3802/2391 2390/3801/2390 
f 2390/3801/2390 2403/3830/2403 2402/3829/2402 
f 2403/3830/2403 2404/3831/2404 2405/3832/2405 
f 2405/3832/2405 2402/3829/2402 2403/3830/2403 
f 2402/3829/2402 2405/3832/2405 2000/3833/2000 
f 2000/3833/2000 2195/3834/2195 2402/3829/2402 
f 2195/3834/2195 2194/3804/2194 2391/3802/2391 
f 2391/3802/2391 2402/3829/2402 2195/3834/2195 
f 2403/3835/2403 2390/3836/2390 2395/3812/2395 
f 2395/3812/2395 2406/3837/2406 2403/3835/2403 
f 2395/3812/2395 2394/3811/2394 2407/3838/2407 
f 2407/3838/2407 2406/3837/2406 2395/3812/2395 
f 2406/3839/2406 2407/3840/2407 2408/3841/2408 
f 2408/3841/2408 2409/3842/2409 2406/3839/2406 
f 2406/3837/2406 2409/3843/2409 2404/3844/2404 
f 2404/3844/2404 2403/3835/2403 2406/3837/2406 
f 2410/3845/2410 2398/3820/2398 2397/3819/2397 
f 2397/3819/2397 2411/3846/2411 2410/3845/2410 
f 2411/3847/2411 2408/3841/2408 2407/3840/2407 
f 2407/3840/2407 2410/3848/2410 2411/3847/2411 
f 2410/3845/2410 2407/3838/2407 2394/3811/2394 
f 2394/3811/2394 2412/3849/2412 2410/3845/2410 
f 2412/3849/2412 2400/3822/2400 2398/3820/2398 
f 2398/3820/2398 2410/3845/2410 2412/3849/2412 
f 2413/3850/2413 1701/3851/1701 1705/3852/1705 
f 1705/3852/1705 2414/3853/2414 2413/3850/2413 
f 2414/3853/2414 2415/3854/2415 2416/3855/2416 
f 2416/3855/2416 2413/3850/2413 2414/3853/2414 
f 2413/3850/2413 2416/3855/2416 2397/3819/2397 
f 2397/3819/2397 2396/3818/2396 2413/3850/2413 
f 2396/3856/2396 1702/2655/1702 1701/2654/1701 
f 1701/2654/1701 2413/3857/2413 2396/3856/2396 
f 2417/3858/2417 2405/3832/2405 2404/3831/2404 
f 2404/3831/2404 2418/3859/2418 2417/3858/2417 
f 2418/3859/2418 2419/3860/2419 2420/3861/2420 
f 2420/3861/2420 2417/3858/2417 2418/3859/2418 
f 2417/3858/2417 2420/3861/2420 2002/3862/2002 
f 2002/3862/2002 2001/3863/2001 2417/3858/2417 
f 2001/3863/2001 2000/3833/2000 2405/3832/2405 
f 2405/3832/2405 2417/3858/2417 2001/3863/2001 
f 2418/3864/2418 2404/3844/2404 2409/3843/2409 
f 2409/3843/2409 2421/3865/2421 2418/3864/2418 
f 2409/3843/2409 2408/3866/2408 2422/3867/2422 
f 2422/3867/2422 2421/3865/2421 2409/3843/2409 
f 2421/3865/2421 2422/3867/2422 2423/3868/2423 
f 2423/3868/2423 2424/3869/2424 2421/3865/2421 
f 2421/3865/2421 2424/3869/2424 2419/3870/2419 
f 2419/3870/2419 2418/3864/2418 2421/3865/2421 
f 2425/3871/2425 2416/3855/2416 2415/3854/2415 
f 2415/3854/2415 2426/3872/2426 2425/3871/2425 
f 2426/3872/2426 2423/3868/2423 2422/3867/2422 
f 2422/3867/2422 2425/3871/2425 2426/3872/2426 
f 2425/3871/2425 2422/3867/2422 2408/3866/2408 
f 2408/3866/2408 2411/3846/2411 2425/3871/2425 
f 2411/3846/2411 2397/3819/2397 2416/3855/2416 
f 2416/3855/2416 2425/3871/2425 2411/3846/2411 
f 2427/3873/2427 2428/3874/2428 2429/3875/2429 
f 2429/3875/2429 2430/3876/2430 2427/3873/2427 
f 2427/3873/2427 2430/3876/2430 2431/3877/2431 
f 2431/3877/2431 2432/3878/2432 2427/3873/2427 
f 2432/3878/2432 2002/3862/2002 2420/3861/2420 
f 2420/3861/2420 2427/3873/2427 2432/3878/2432 
f 2428/3874/2428 2427/3873/2427 2420/3861/2420 
f 2420/3861/2420 2419/3860/2419 2428/3874/2428 
f 2433/3879/2433 2428/3880/2428 2419/3870/2419 
f 2419/3870/2419 2424/3869/2424 2433/3879/2433 
f 2424/3869/2424 2423/3868/2423 2434/3881/2434 
f 2434/3881/2434 2433/3879/2433 2424/3869/2424 
f 2433/3879/2433 2434/3881/2434 2435/3882/2435 
f 2435/3882/2435 2436/3883/2436 2433/3879/2433 
f 2436/3883/2436 2429/3884/2429 2428/3880/2428 
f 2428/3880/2428 2433/3879/2433 2436/3883/2436 
f 2437/3885/2437 1678/2624/1678 1665/2605/1665 
f 1665/2605/1665 2438/3886/2438 2437/3885/2437 
f 2439/3887/2439 2437/3888/2437 2438/3889/2438 
f 2438/3889/2438 2440/3890/2440 2439/3887/2439 
f 2437/3888/2437 2439/3887/2439 2441/3891/2441 
f 2441/3891/2441 2442/3892/2442 2437/3888/2437 
f 2442/3893/2442 1679/2625/1679 1678/2624/1678 
f 1678/2624/1678 2437/3885/2437 2442/3893/2442 
f 2443/3894/2443 2444/3895/2444 2440/3896/2440 
f 2440/3896/2440 2445/3897/2445 2443/3894/2443 
f 2445/3897/2445 1516/2579/1516 2446/3898/2446 
f 2446/3898/2446 2443/3894/2443 2445/3897/2445 
f 2443/3894/2443 2446/3898/2446 2447/3899/2447 
f 2447/3899/2447 2448/3900/2448 2443/3894/2443 
f 2448/3901/2448 2449/3902/2449 2444/3903/2444 
f 2444/3903/2444 2443/3904/2443 2448/3901/2448 
f 1503/3905/1503 1510/3906/1510 2450/3907/2450 
f 2451/3908/2451 2450/3907/2450 1510/3906/1510 
f 1510/3906/1510 1512/3909/1512 2451/3908/2451 
f 2451/3910/2451 2447/3899/2447 2446/3898/2446 
f 2446/3898/2446 2450/3911/2450 2451/3910/2451 
f 2450/3907/2450 2446/3912/2446 1516/2392/1516 
f 1516/2392/1516 1515/2391/1515 2450/3907/2450 
f 2445/3897/2445 2440/3896/2440 2438/3886/2438 
f 2438/3886/2438 2452/3913/2452 2445/3897/2445 
f 2438/3886/2438 1665/2605/1665 1664/2604/1664 
f 1664/2604/1664 2452/3913/2452 2438/3886/2438 
f 2452/3913/2452 1664/2604/1664 1645/2574/1645 
f 2452/3913/2452 1648/2580/1648 1516/2579/1516 
f 2453/3914/2453 2454/3915/2454 2455/3916/2455 
f 2456/3917/2456 2457/3918/2457 2458/3919/2458 
f 2458/3919/2458 2453/3914/2453 2456/3917/2456 
f 2453/3914/2453 2458/3919/2458 57/71/57 
f 57/71/57 56/70/56 2453/3914/2453 
f 56/70/56 55/69/55 2454/3915/2454 
f 2459/3920/2459 2460/3921/2460 2461/3922/2461 
f 2462/3923/2462 2463/3924/2463 2464/3925/2464 
f 2459/3920/2459 2464/3925/2464 2457/3918/2457 
f 2457/3918/2457 2456/3917/2456 2459/3920/2459 
f 2456/3917/2456 2455/3916/2455 2460/3921/2460 
f 2465/3926/2465 2466/3927/2466 2467/3928/2467 
f 2468/3929/2468 2469/3930/2469 2470/3931/2470 
f 2470/3931/2470 2465/3926/2465 2468/3929/2468 
f 2465/3926/2465 2470/3931/2470 2471/3932/2471 
f 2471/3932/2471 2472/3933/2472 2465/3926/2465 
f 2472/3933/2472 2473/3934/2473 2466/3927/2466 
f 2466/3927/2466 2465/3926/2465 2472/3933/2472 
f 2474/3935/2474 2475/3936/2475 2476/3937/2476 
f 2477/3938/2477 2478/3939/2478 2479/3940/2479 
f 2479/3940/2479 2474/3941/2474 2477/3938/2477 
f 2474/3942/2474 2479/3943/2479 2471/3944/2471 
f 2471/3944/2471 2470/3945/2470 2474/3942/2474 
f 2470/3931/2470 2469/3930/2469 2475/3936/2475 
f 2475/3936/2475 2474/3935/2474 2470/3931/2470 
f 2480/3946/2480 2481/3947/2481 2478/3948/2478 
f 2478/3948/2478 2477/3949/2477 2480/3946/2480 
f 2482/3950/2482 2483/3951/2483 2484/3952/2484 
f 2484/3952/2484 2485/3953/2485 2482/3950/2482 
f 2485/3954/2485 2463/3955/2463 2462/3956/2462 
f 2482/3950/2482 2462/3923/2462 2461/3922/2461 
f 2461/3922/2461 2486/3957/2486 2482/3950/2482 
f 2487/3958/2487 2488/3959/2488 2489/3960/2489 
f 2490/3961/2490 2491/3962/2491 2492/3963/2492 
f 2492/3963/2492 2487/3958/2487 2490/3961/2490 
f 2492/3964/2492 2463/3965/2463 2485/3966/2485 
f 2485/3967/2485 2484/3968/2484 2488/3959/2488 
f 2488/3959/2488 2487/3958/2487 2485/3967/2485 
f 2493/3969/2493 2490/3961/2490 2489/3960/2489 
f 2489/3960/2489 2494/3970/2494 2493/3969/2493 
f 2494/3970/2494 2495/3971/2495 2496/3972/2496 
f 2496/3972/2496 2493/3969/2493 2494/3970/2494 
f 2493/3969/2493 2496/3972/2496 2497/3973/2497 
f 2493/3969/2493 2498/3974/2498 2491/3962/2491 
f 2491/3962/2491 2490/3961/2490 2493/3969/2493 
f 2496/3975/2496 2495/3976/2495 2499/3977/2499 
f 2499/3977/2499 2500/3978/2500 2496/3975/2496 
f 2499/3977/2499 2467/3928/2467 2466/3927/2466 
f 2466/3927/2466 2500/3978/2500 2499/3977/2499 
f 2500/3978/2500 2466/3927/2466 2473/3934/2473 
f 2473/3934/2473 2501/3979/2501 2500/3978/2500 
f 2501/3980/2501 2497/3981/2497 2496/3982/2496 
f 2502/3983/2502 2503/3984/2503 2504/3985/2504 
f 2505/3986/2505 2506/3987/2506 2507/3988/2507 
f 2507/3988/2507 2508/3989/2508 2505/3986/2505 
f 2508/3989/2508 2504/3985/2504 2503/3984/2503 
f 2503/3984/2503 2505/3986/2505 2508/3989/2508 
f 2509/3990/2509 2510/3991/2510 2507/3988/2507 
f 2507/3988/2507 2506/3987/2506 2509/3990/2509 
f 2511/3992/2511 2512/3993/2512 2510/3991/2510 
f 2510/3991/2510 2509/3990/2509 2511/3992/2511 
f 2513/3994/2513 735/1147/735 717/1117/717 
f 717/1117/717 716/1116/716 2513/3994/2513 
f 716/1116/716 721/1124/721 2514/3995/2514 
f 2514/3995/2514 2513/3994/2513 716/1116/716 
f 2513/3994/2513 2514/3995/2514 2515/3996/2515 
f 2516/3997/2516 736/1148/736 735/1147/735 
f 735/1147/735 2513/3994/2513 2516/3997/2516 
f 2517/3998/2517 742/1159/742 736/1148/736 
f 736/1148/736 2516/3997/2516 2517/3998/2517 
f 2516/3999/2516 2515/4000/2515 2518/4001/2518 
f 2518/4001/2518 2517/4002/2517 2516/3999/2516 
f 2517/3998/2517 2518/4003/2518 9/9/9 
f 9/9/9 8/8/8 2517/3998/2517 
f 8/8/8 7/7/7 742/1159/742 
f 742/1159/742 2517/3998/2517 8/8/8 
f 2519/4004/2519 2520/4005/2520 2521/4006/2521 
f 2521/4006/2521 2522/4007/2522 2519/4004/2519 
f 2523/4008/2523 2524/4009/2524 2525/4010/2525 
f 2525/4011/2525 2520/4012/2520 2519/4013/2519 
f 2526/4014/2526 2527/4015/2527 2528/4016/2528 
f 2529/4017/2529 2530/4018/2530 2531/4019/2531 
f 2531/4019/2531 2526/4014/2526 2529/4017/2529 
f 2526/4014/2526 2531/4019/2531 182/251/182 
f 182/251/182 190/260/190 2526/4014/2526 
f 190/260/190 189/259/189 2527/4015/2527 
f 2527/4015/2527 2526/4014/2526 190/260/190 
f 2532/4020/2532 2527/4021/2527 189/413/189 
f 189/413/189 302/412/302 2532/4020/2532 
f 302/412/302 301/411/301 2533/4022/2533 
f 2533/4022/2533 2532/4020/2532 302/412/302 
f 2532/4020/2532 2533/4022/2533 2534/4023/2534 
f 2534/4023/2534 2535/4024/2535 2532/4020/2532 
f 2535/4024/2535 2528/4025/2528 2527/4021/2527 
f 2527/4021/2527 2532/4020/2532 2535/4024/2535 
f 2536/4026/2536 2537/4027/2537 2538/4028/2538 
f 2538/4028/2538 2539/4029/2539 2536/4026/2536 
f 2539/4029/2539 86/112/86 85/111/85 
f 85/111/85 2536/4026/2536 2539/4029/2539 
f 2536/4026/2536 85/111/85 91/121/91 
f 91/121/91 175/241/175 2536/4026/2536 
f 175/4030/175 174/240/174 2537/4031/2537 
f 2540/4032/2540 2541/4033/2541 2542/4034/2542 
f 2542/4034/2542 2543/4035/2543 2540/4032/2540 
f 2542/4034/2542 2544/4036/2544 2545/4037/2545 
f 2545/4037/2545 2543/4035/2543 2542/4034/2542 
f 2543/4035/2543 2545/4037/2545 1942/3030/1942 
f 1942/3030/1942 1973/3081/1973 2543/4035/2543 
f 2543/4035/2543 1973/3081/1973 1967/3072/1967 
f 1967/3072/1967 2540/4032/2540 2543/4035/2543 
f 2546/4038/2546 2545/4037/2545 2544/4036/2544 
f 2547/4039/2547 2548/4040/2548 2549/4041/2549 
f 2549/4041/2549 2546/4042/2546 2547/4039/2547 
f 2546/4043/2546 2549/4044/2549 1938/3026/1938 
f 1938/3026/1938 1943/3032/1943 2546/4043/2546 
f 1943/3031/1943 1942/3030/1942 2545/4037/2545 
f 2545/4037/2545 2546/4038/2546 1943/3031/1943 
f 2550/4045/2550 2551/4046/2551 2552/4047/2552 
f 2552/4047/2552 2553/4048/2553 2550/4045/2550 
f 2550/4049/2550 2554/4050/2554 2555/4051/2555 
f 2555/4051/2555 2551/4052/2551 2550/4049/2550 
f 2551/4052/2551 2555/4051/2555 1082/1720/1082 
f 1082/1720/1082 1164/1837/1164 2551/4052/2551 
f 1164/1837/1164 1163/4053/1163 2552/4054/2552 
f 2552/4054/2552 2551/4052/2551 1164/1837/1164 
f 2556/4055/2556 308/420/308 307/419/307 
f 307/419/307 2557/4056/2557 2556/4055/2556 
f 2557/4056/2557 2558/4057/2558 2559/4058/2559 
f 2559/4058/2559 2556/4055/2556 2557/4056/2557 
f 2556/4055/2556 2559/4058/2559 2560/4059/2560 
f 2560/4059/2560 2561/4060/2561 2556/4055/2556 
f 2561/4060/2561 220/302/220 308/420/308 
f 308/420/308 2556/4055/2556 2561/4060/2561 
f 2562/4061/2562 2563/4062/2563 2564/4063/2564 
f 2564/4063/2564 2565/4064/2565 2562/4061/2562 
f 2565/4064/2565 1487/4065/1487 2003/4066/2003 
f 2003/4066/2003 2562/4061/2562 2565/4064/2565 
f 2562/4061/2562 2003/4066/2003 2002/3862/2002 
f 2002/3862/2002 2432/3878/2432 2562/4061/2562 
f 2432/3878/2432 2431/3877/2431 2563/4062/2563 
f 2563/4062/2563 2562/4061/2562 2432/3878/2432 
f 2566/4067/2566 2567/4068/2567 1693/2646/1693 
f 1693/2646/1693 1692/2645/1692 2566/4067/2566 
f 1692/2644/1692 1691/2643/1691 2568/4069/2568 
f 2568/4069/2568 2566/4070/2566 1692/2644/1692 
f 2566/4070/2566 2568/4069/2568 2569/4071/2569 
f 2569/4071/2569 2570/4072/2570 2566/4070/2566 
f 2570/4073/2570 2571/4074/2571 2567/4068/2567 
f 2567/4068/2567 2566/4067/2566 2570/4073/2570 
f 2572/4075/2572 2573/4076/2573 2569/4071/2569 
f 2569/4071/2569 2568/4069/2568 2572/4075/2572 
f 2568/4069/2568 1691/2643/1691 2015/3150/2015 
f 2015/3150/2015 2572/4075/2572 2568/4069/2568 
f 2572/4077/2572 2015/3148/2015 2006/3147/2006 
f 2006/3147/2006 2574/4078/2574 2572/4077/2572 
f 2574/4078/2574 2575/4079/2575 2573/4080/2573 
f 2573/4080/2573 2572/4077/2572 2574/4078/2574 
f 2576/4081/2576 2005/3135/2005 2012/3142/2012 
f 2012/3142/2012 2577/4082/2577 2576/4081/2576 
f 2577/4082/2577 2578/4083/2578 2579/4084/2579 
f 2579/4084/2579 2576/4081/2576 2577/4082/2577 
f 2576/4081/2576 2579/4084/2579 2575/4085/2575 
f 2575/4085/2575 2574/4086/2574 2576/4081/2576 
f 2574/4086/2574 2006/3136/2006 2005/3135/2005 
f 2005/3135/2005 2576/4081/2576 2574/4086/2574 
f 2580/4087/2580 2581/4088/2581 2578/4083/2578 
f 2578/4083/2578 2577/4082/2577 2580/4087/2580 
f 2577/4082/2577 2012/3142/2012 2348/3730/2348 
f 2348/3730/2348 2580/4087/2580 2577/4082/2577 
f 2580/4087/2580 2348/3730/2348 2347/3729/2347 
f 2347/3729/2347 2582/4089/2582 2580/4087/2580 
f 2582/4089/2582 2583/4090/2583 2581/4088/2581 
f 2581/4088/2581 2580/4087/2580 2582/4089/2582 
f 2584/4091/2584 2585/4092/2585 2586/4093/2586 
f 2586/4093/2586 2587/4094/2587 2584/4091/2584 
f 2587/4095/2587 1909/4096/1909 1991/4097/1991 
f 1991/4097/1991 2584/4098/2584 2587/4095/2587 
f 2584/4098/2584 1991/4097/1991 1985/3102/1985 
f 1985/3102/1985 2588/4099/2588 2584/4098/2584 
f 2588/4100/2588 2589/4101/2589 2585/4092/2585 
f 2585/4092/2585 2584/4091/2584 2588/4100/2588 
f 2590/4102/2590 2591/4103/2591 2592/4104/2592 
f 2592/4104/2592 2593/4105/2593 2590/4102/2590 
f 2593/4105/2593 2594/4106/2594 2595/4107/2595 
f 2595/4107/2595 2590/4102/2590 2593/4105/2593 
f 2590/4102/2590 2595/4107/2595 1917/3004/1917 
f 1917/3004/1917 1916/3003/1916 2590/4102/2590 
f 1916/3003/1916 1915/3002/1915 2591/4103/2591 
f 2591/4103/2591 2590/4102/2590 1916/3003/1916 
f 2596/4108/2596 1157/4109/1157 1156/4110/1156 
f 1156/4110/1156 2597/4111/2597 2596/4108/2596 
f 2597/4111/2597 2592/4104/2592 2591/4103/2591 
f 2591/4103/2591 2596/4108/2596 2597/4111/2597 
f 2596/4108/2596 2591/4103/2591 1915/3002/1915 
f 1915/3002/1915 1962/3063/1962 2596/4108/2596 
f 1962/3063/1962 1158/3062/1158 1157/4109/1157 
f 1157/4109/1157 2596/4108/2596 1962/3063/1962 
f 2598/4112/2598 2599/4113/2599 2600/4114/2600 
f 2600/4114/2600 2601/4115/2601 2598/4112/2598 
f 2601/4116/2601 2602/4117/2602 2603/4118/2603 
f 2603/4118/2603 2598/4119/2598 2601/4116/2601 
f 2598/4112/2598 2603/4120/2603 2329/3712/2329 
f 2329/3712/2329 2334/3711/2334 2598/4112/2598 
f 2334/3711/2334 2333/4121/2333 2599/4113/2599 
f 2599/4113/2599 2598/4112/2598 2334/3711/2334 
f 2604/4122/2604 2603/4118/2603 2602/4117/2602 
f 2602/4117/2602 2605/4123/2605 2604/4122/2604 
f 2605/4123/2605 1472/2324/1472 1471/2323/1471 
f 1471/2323/1471 2604/4122/2604 2605/4123/2605 
f 2604/4122/2604 1471/2323/1471 1464/2314/1464 
f 1464/2314/1464 2330/3703/2330 2604/4122/2604 
f 2330/3703/2330 2329/3702/2329 2603/4118/2603 
f 2603/4118/2603 2604/4122/2604 2330/3703/2330 
f 2606/4124/2606 2607/4125/2607 2608/4126/2608 
f 2608/4126/2608 2609/4127/2609 2606/4124/2606 
f 2606/4124/2606 2609/4127/2609 2589/4128/2589 
f 2589/4128/2589 2588/4099/2588 2606/4124/2606 
f 2588/4099/2588 1985/3102/1985 1984/3101/1984 
f 1984/3101/1984 2606/4124/2606 2588/4099/2588 
f 1984/3101/1984 1927/4129/1927 2607/4125/2607 
f 2607/4125/2607 2606/4124/2606 1984/3101/1984 
f 2610/4130/2610 2595/4107/2595 2594/4106/2594 
f 2594/4106/2594 2611/4131/2611 2610/4130/2610 
f 2611/4131/2611 2608/4132/2608 2607/4133/2607 
f 2607/4133/2607 2610/4130/2610 2611/4131/2611 
f 2610/4130/2610 2607/4133/2607 1927/3014/1927 
f 1927/3014/1927 1926/3013/1926 2610/4130/2610 
f 1926/3013/1926 1917/3004/1917 2595/4107/2595 
f 2595/4107/2595 2610/4130/2610 1926/3013/1926 
f 2612/4134/2612 89/116/89 88/115/88 
f 88/115/88 2613/4135/2613 2612/4134/2612 
f 2613/4135/2613 2614/4136/2614 2615/4137/2615 
f 2615/4137/2615 2612/4134/2612 2613/4135/2613 
f 2612/4138/2612 2615/4139/2615 77/4140/77 
f 77/4140/77 76/109/76 2612/4138/2612 
f 76/4141/76 83/119/83 89/116/89 
f 89/116/89 2612/4134/2612 76/4141/76 
f 2616/4142/2616 2531/4019/2531 2530/4018/2530 
f 2530/4018/2530 2617/4143/2617 2616/4142/2616 
f 2617/4143/2617 2618/4144/2618 2619/4145/2619 
f 2619/4145/2619 2616/4142/2616 2617/4143/2617 
f 2619/4146/2619 184/254/184 183/253/183 
f 183/253/183 2616/4147/2616 2619/4146/2619 
f 2531/4019/2531 2616/4142/2616 183/252/183 
f 183/252/183 182/251/182 2531/4019/2531 
f 2620/4148/2620 2621/4149/2621 2622/4150/2622 
f 2622/4150/2622 2623/4151/2623 2620/4148/2620 
f 2624/4152/2624 2623/4151/2623 2622/4150/2622 
f 2622/4150/2622 2625/4153/2625 2624/4152/2624 
f 2624/4152/2624 2618/4154/2618 2626/4155/2626 
f 2626/4155/2626 2623/4151/2623 2624/4152/2624 
f 2623/4151/2623 2626/4155/2626 2627/4156/2627 
f 2627/4156/2627 2620/4148/2620 2623/4151/2623 
f 2628/4157/2628 2629/4158/2629 2630/4159/2630 
f 2630/4159/2630 2631/4160/2631 2628/4157/2628 
f 2631/4161/2631 2627/4156/2627 2626/4155/2626 
f 2626/4155/2626 2628/4162/2628 2631/4161/2631 
f 2628/4162/2628 2626/4155/2626 2618/4154/2618 
f 2618/4154/2618 2617/4163/2617 2628/4162/2628 
f 2617/4143/2617 2530/4018/2530 2629/4158/2629 
f 2629/4158/2629 2628/4157/2628 2617/4143/2617 
f 2632/4164/2632 2633/4165/2633 2627/4156/2627 
f 2627/4156/2627 2631/4161/2631 2632/4164/2632 
f 2631/4160/2631 2630/4159/2630 2634/4166/2634 
f 2634/4166/2634 2632/4167/2632 2631/4160/2631 
f 2632/4167/2632 2634/4166/2634 145/200/145 
f 145/200/145 144/199/144 2632/4167/2632 
f 144/4168/144 28/4169/28 2633/4165/2633 
f 2633/4165/2633 2632/4164/2632 144/4168/144 
f 2635/4170/2635 2624/4152/2624 2625/4153/2625 
f 2625/4153/2625 2636/4171/2636 2635/4170/2635 
f 1800/2806/1800 2635/4170/2635 2636/4171/2636 
f 2636/4171/2636 1801/2807/1801 1800/2806/1800 
f 2635/4172/2635 1800/2817/1800 184/2816/184 
f 184/2816/184 2619/4173/2619 2635/4172/2635 
f 2624/4152/2624 2635/4170/2635 2619/4146/2619 
f 2619/4146/2619 2618/4154/2618 2624/4152/2624 
f 2637/4174/2637 27/45/27 34/44/34 
f 34/44/34 2638/4175/2638 2637/4174/2637 
f 2637/4174/2637 2638/4175/2638 2621/4149/2621 
f 2621/4149/2621 2620/4148/2620 2637/4174/2637 
f 2620/4148/2620 2627/4156/2627 2633/4165/2633 
f 2633/4165/2633 2637/4174/2637 2620/4148/2620 
f 2633/4165/2633 28/4169/28 27/45/27 
f 27/45/27 2637/4174/2637 2633/4165/2633 
f 2639/4176/2639 2640/4177/2640 2641/4178/2641 
f 2641/4178/2641 2642/4179/2642 2639/4176/2639 
f 2641/4178/2641 2643/4180/2643 2644/4181/2644 
f 2644/4181/2644 2642/4179/2642 2641/4178/2641 
f 2642/4179/2642 2644/4181/2644 66/80/66 
f 66/80/66 65/79/65 2642/4179/2642 
f 65/79/65 64/78/64 2639/4176/2639 
f 2645/4182/2645 2646/4183/2646 2647/4184/2647 
f 2647/4184/2647 2648/4185/2648 2645/4182/2645 
f 2648/4185/2648 2649/4186/2649 2650/4187/2650 
f 2650/4187/2650 2645/4182/2645 2648/4185/2648 
f 1790/2796/1790 2645/4182/2645 2650/4187/2650 
f 2650/4187/2650 1791/2797/1791 1790/2796/1790 
f 1790/2796/1790 1797/2803/1797 2646/4183/2646 
f 2646/4183/2646 2645/4182/2645 1790/2796/1790 
f 2651/4188/2651 2652/4189/2652 2653/4190/2653 
f 2653/4190/2653 2654/4191/2654 2651/4188/2651 
f 2654/4191/2654 2655/4192/2655 2656/4193/2656 
f 2656/4193/2656 2651/4188/2651 2654/4191/2654 
f 2651/4188/2651 2656/4193/2656 2649/4186/2649 
f 2649/4186/2649 2648/4185/2648 2651/4188/2651 
f 2648/4185/2648 2647/4184/2647 2652/4189/2652 
f 2652/4189/2652 2651/4188/2651 2648/4185/2648 
f 2657/4194/2657 2658/4195/2658 2655/4196/2655 
f 2655/4196/2655 2654/4197/2654 2657/4194/2657 
f 2654/4197/2654 2653/4198/2653 2659/4199/2659 
f 2659/4199/2659 2657/4194/2657 2654/4197/2654 
f 2657/4194/2657 2659/4199/2659 2614/4136/2614 
f 2614/4136/2614 2613/4135/2613 2657/4194/2657 
f 2613/4135/2613 88/115/88 2658/4195/2658 
f 2658/4195/2658 2657/4194/2657 2613/4135/2613 
f 2660/4200/2660 2656/4201/2656 2655/4196/2655 
f 2655/4196/2655 2661/4202/2661 2660/4200/2660 
f 2661/4203/2661 2662/4204/2662 2663/4205/2663 
f 2663/4205/2663 2660/4206/2660 2661/4203/2661 
f 2660/4206/2660 2663/4205/2663 2664/4207/2664 
f 2664/4207/2664 2665/4208/2665 2660/4206/2660 
f 2665/4208/2665 2649/4186/2649 2656/4193/2656 
f 2656/4193/2656 2660/4206/2660 2665/4208/2665 
f 2666/4209/2666 2667/4210/2667 2662/4211/2662 
f 2662/4211/2662 2661/4202/2661 2666/4209/2666 
f 2661/4202/2661 2655/4196/2655 2658/4195/2658 
f 2658/4195/2658 2666/4209/2666 2661/4202/2661 
f 2666/4209/2666 2658/4195/2658 88/115/88 
f 88/115/88 87/114/87 2666/4209/2666 
f 87/114/87 86/4212/86 2667/4210/2667 
f 2667/4210/2667 2666/4209/2666 87/114/87 
f 196/266/196 195/265/195 1829/2862/1829 
f 1829/2862/1829 2668/4213/2668 196/266/196 
f 2668/4213/2668 1829/2862/1829 1828/2861/1828 
f 1828/2861/1828 2669/4214/2669 2668/4213/2668 
f 2668/4213/2668 2669/4214/2669 2664/4215/2664 
f 2664/4215/2664 2670/4216/2670 2668/4213/2668 
f 2670/4216/2670 197/267/197 196/266/196 
f 2671/4217/2671 2670/4218/2670 2664/4207/2664 
f 2664/4207/2664 2663/4205/2663 2671/4217/2671 
f 2663/4205/2663 2662/4204/2662 2672/4219/2672 
f 2672/4219/2672 2671/4217/2671 2663/4205/2663 
f 2671/4220/2671 2672/4221/2672 2673/4222/2673 
f 2674/4223/2674 197/267/197 2670/4216/2670 
f 2670/4216/2670 2671/4220/2671 2674/4223/2674 
f 2675/4224/2675 2650/4187/2650 2649/4186/2649 
f 2649/4186/2649 2665/4208/2665 2675/4224/2675 
f 2665/4208/2665 2664/4207/2664 2669/4225/2669 
f 2669/4225/2669 2675/4224/2675 2665/4208/2665 
f 2669/4214/2669 1828/2861/1828 1831/2864/1831 
f 1831/2864/1831 2675/4226/2675 2669/4214/2669 
f 2675/4224/2675 1831/2868/1831 1791/2797/1791 
f 1791/2797/1791 2650/4187/2650 2675/4224/2675 
f 2676/4227/2676 2549/4041/2549 2548/4040/2548 
f 2548/4040/2548 2677/4228/2677 2676/4227/2676 
f 2677/4228/2677 2678/4229/2678 2679/4230/2679 
f 2679/4230/2679 2676/4227/2676 2677/4228/2677 
f 2676/4227/2676 2679/4230/2679 1098/4231/1098 
f 1098/4231/1098 1939/4232/1939 2676/4227/2676 
f 1939/4232/1939 1938/4233/1938 2549/4041/2549 
f 2549/4041/2549 2676/4227/2676 1939/4232/1939 
f 2539/4029/2539 2538/4028/2538 2680/4234/2680 
f 2680/4234/2680 2681/4235/2681 2539/4029/2539 
f 2680/4236/2680 2673/4222/2673 2672/4221/2672 
f 2667/4237/2667 2681/4235/2681 2672/4219/2672 
f 2672/4219/2672 2662/4204/2662 2667/4237/2667 
f 2681/4238/2681 2667/4239/2667 86/4240/86 
f 86/4240/86 2539/4241/2539 2681/4238/2681 
f 1099/1742/1099 1098/1741/1098 2679/4242/2679 
f 2679/4242/2679 2682/4243/2682 1099/1742/1099 
f 2679/4242/2679 2678/4244/2678 2683/4245/2683 
f 2683/4245/2683 2682/4243/2682 2679/4242/2679 
f 2682/4246/2682 2683/4247/2683 2684/4248/2684 
f 2684/4248/2684 2685/4249/2685 2682/4246/2682 
f 2682/4246/2682 2685/4249/2685 276/378/276 
f 276/378/276 1099/1743/1099 2682/4246/2682 
f 2686/4250/2686 2683/4245/2683 2678/4244/2678 
f 2678/4244/2678 2687/4251/2687 2686/4250/2686 
f 2687/4251/2687 2688/4252/2688 2689/4253/2689 
f 2689/4253/2689 2686/4250/2686 2687/4251/2687 
f 2686/4254/2686 2689/4255/2689 2690/4256/2690 
f 2690/4256/2690 2691/4257/2691 2686/4254/2686 
f 2691/4257/2691 2684/4248/2684 2683/4247/2683 
f 2683/4247/2683 2686/4254/2686 2691/4257/2691 
f 2555/4051/2555 2554/4050/2554 2692/4258/2692 
f 2692/4258/2692 2693/4259/2693 2555/4051/2555 
f 2694/4260/2694 2693/4259/2693 2692/4258/2692 
f 2692/4258/2692 2695/4261/2695 2694/4260/2694 
f 2693/4259/2693 2694/4260/2694 1076/1714/1076 
f 1076/1714/1076 1083/1721/1083 2693/4259/2693 
f 1083/1721/1083 1082/1720/1082 2555/4051/2555 
f 2555/4051/2555 2693/4259/2693 1083/1721/1083 
f 2696/4262/2696 1103/1750/1103 246/1756/246 
f 246/1756/246 2697/4263/2697 2696/4262/2696 
f 2697/4264/2697 2690/4256/2690 2689/4255/2689 
f 2689/4255/2689 2696/4265/2696 2697/4264/2697 
f 2696/4262/2696 2689/4253/2689 2688/4252/2688 
f 2688/4252/2688 2698/4266/2698 2696/4262/2696 
f 2698/4266/2698 1104/1751/1104 1103/1750/1103 
f 1103/1750/1103 2696/4262/2696 2698/4266/2698 
f 2699/4267/2699 2694/4260/2694 2695/4261/2695 
f 2695/4261/2695 2700/4268/2700 2699/4267/2699 
f 2700/4268/2700 2701/4269/2701 2702/4270/2702 
f 2702/4270/2702 2699/4267/2699 2700/4268/2700 
f 2699/4267/2699 2702/4270/2702 271/373/271 
f 271/373/271 1077/1715/1077 2699/4267/2699 
f 1077/1715/1077 1076/1714/1076 2694/4260/2694 
f 2694/4260/2694 2699/4267/2699 1077/1715/1077 
f 2703/4271/2703 2700/4268/2700 2695/4261/2695 
f 2695/4261/2695 2704/4272/2704 2703/4271/2703 
f 2704/4272/2704 2705/4273/2705 2706/4274/2706 
f 2706/4274/2706 2703/4271/2703 2704/4272/2704 
f 2703/4271/2703 2706/4274/2706 2707/4275/2707 
f 2707/4275/2707 2708/4276/2708 2703/4271/2703 
f 2708/4276/2708 2701/4269/2701 2700/4268/2700 
f 2700/4268/2700 2703/4271/2703 2708/4276/2708 
f 2709/4277/2709 1084/1725/1084 262/4278/262 
f 262/4278/262 2710/4279/2710 2709/4277/2709 
f 2710/4279/2710 2707/4275/2707 2706/4274/2706 
f 2706/4274/2706 2709/4277/2709 2710/4279/2710 
f 2709/4277/2709 2706/4274/2706 2705/4273/2705 
f 2705/4273/2705 2711/4280/2711 2709/4277/2709 
f 2711/4280/2711 1086/1726/1086 1084/1725/1084 
f 1084/1725/1084 2709/4277/2709 2711/4280/2711 
f 2712/4281/2712 2685/4249/2685 2684/4248/2684 
f 2684/4248/2684 2713/4282/2713 2712/4281/2712 
f 2714/4283/2714 2712/4281/2712 2713/4282/2713 
f 2713/4282/2713 2715/4284/2715 2714/4283/2714 
f 2712/4281/2712 2714/4283/2714 278/380/278 
f 278/380/278 277/379/277 2712/4281/2712 
f 277/379/277 276/378/276 2685/4249/2685 
f 2685/4249/2685 2712/4281/2712 277/379/277 
f 2716/4285/2716 2717/4286/2717 2691/4257/2691 
f 2691/4257/2691 2690/4256/2690 2716/4285/2716 
f 2717/4286/2717 2716/4285/2716 2718/4287/2718 
f 2718/4287/2718 2719/4288/2719 2717/4286/2717 
f 2719/4288/2719 2715/4284/2715 2713/4282/2713 
f 2713/4282/2713 2717/4286/2717 2719/4288/2719 
f 2691/4257/2691 2717/4286/2717 2713/4282/2713 
f 2713/4282/2713 2684/4248/2684 2691/4257/2691 
f 2720/4289/2720 2718/4287/2718 2716/4285/2716 
f 2716/4285/2716 2721/4290/2721 2720/4289/2720 
f 2721/4290/2721 2716/4285/2716 2690/4256/2690 
f 2690/4256/2690 2697/4264/2697 2721/4290/2721 
f 2697/4264/2697 246/340/246 245/339/245 
f 245/339/245 2721/4290/2721 2697/4264/2697 
f 2720/4289/2720 2721/4290/2721 245/339/245 
f 245/339/245 244/338/244 2720/4289/2720 
f 272/374/272 271/373/271 2702/4270/2702 
f 2702/4270/2702 2722/4291/2722 272/374/272 
f 2702/4270/2702 2701/4269/2701 2723/4292/2723 
f 2723/4292/2723 2722/4291/2722 2702/4270/2702 
f 2722/4291/2722 2723/4292/2723 2724/4293/2724 
f 2724/4293/2724 2725/4294/2725 2722/4291/2722 
f 2725/4294/2725 273/375/273 272/374/272 
f 272/374/272 2722/4291/2722 2725/4294/2725 
f 2726/4295/2726 2727/4296/2727 2728/4297/2728 
f 2728/4297/2728 2729/4298/2729 2726/4295/2726 
f 2729/4299/2729 2724/4293/2724 2723/4292/2723 
f 2723/4292/2723 2726/4300/2726 2729/4299/2729 
f 2726/4300/2726 2723/4292/2723 2701/4269/2701 
f 2701/4269/2701 2708/4276/2708 2726/4300/2726 
f 2708/4301/2708 2707/4302/2707 2727/4296/2727 
f 2727/4296/2727 2726/4295/2726 2708/4301/2708 
f 2730/4303/2730 1966/3071/1966 1864/3078/1864 
f 1864/3078/1864 2731/4304/2731 2730/4303/2730 
f 2731/4305/2731 2732/4306/2732 2733/4307/2733 
f 2733/4307/2733 2730/4308/2730 2731/4305/2731 
f 2730/4303/2730 2733/4309/2733 2541/4033/2541 
f 2541/4033/2541 2540/4032/2540 2730/4303/2730 
f 2540/4032/2540 1967/3072/1967 1966/3071/1966 
f 1966/3071/1966 2730/4303/2730 2540/4032/2540 
f 2734/4310/2734 261/360/261 260/359/260 
f 260/359/260 2735/4311/2735 2734/4310/2734 
f 2735/4311/2735 2728/4297/2728 2727/4296/2727 
f 2727/4296/2727 2734/4310/2734 2735/4311/2735 
f 2734/4310/2734 2727/4296/2727 2707/4302/2707 
f 2707/4302/2707 2710/4312/2710 2734/4310/2734 
f 2710/4312/2710 262/361/262 261/360/261 
f 261/360/261 2734/4310/2734 2710/4312/2710 
f 2736/4313/2736 1863/2919/1863 1149/2929/1149 
f 1149/2929/1149 2737/4314/2737 2736/4313/2736 
f 2737/4315/2737 2738/4316/2738 2739/4317/2739 
f 2736/4318/2736 2739/4317/2739 2732/4306/2732 
f 2732/4306/2732 2731/4305/2731 2736/4318/2736 
f 2731/4305/2731 1864/4319/1864 1863/4320/1863 
f 1863/4320/1863 2736/4318/2736 2731/4305/2731 
f 2740/4321/2740 2741/4322/2741 2742/4323/2742 
f 2742/4323/2742 2743/4324/2743 2740/4321/2740 
f 2743/4324/2743 2732/4306/2732 2739/4317/2739 
f 2739/4317/2739 2740/4321/2740 2743/4324/2743 
f 2740/4321/2740 2739/4317/2739 2738/4316/2738 
f 2744/4325/2744 2745/4326/2745 2741/4322/2741 
f 2741/4322/2741 2740/4321/2740 2744/4325/2744 
f 2746/4327/2746 221/303/221 220/302/220 
f 220/302/220 2561/4060/2561 2746/4327/2746 
f 2561/4060/2561 2560/4059/2560 2747/4328/2747 
f 2747/4328/2747 2746/4327/2746 2561/4060/2561 
f 2746/4327/2746 2747/4328/2747 2748/4329/2748 
f 2748/4329/2748 2749/4330/2749 2746/4327/2746 
f 2746/4327/2746 2749/4330/2749 216/304/216 
f 216/304/216 221/303/221 2746/4327/2746 
f 2750/4331/2750 2742/4323/2742 2741/4322/2741 
f 2741/4322/2741 2751/4332/2751 2750/4331/2750 
f 2751/4332/2751 2741/4322/2741 2745/4326/2745 
f 2751/4333/2751 2752/4334/2752 1140/1807/1140 
f 1140/1807/1140 1269/4335/1269 2751/4333/2751 
f 1269/2007/1269 1268/2006/1268 2750/4331/2750 
f 2750/4331/2750 2751/4332/2751 1269/2007/1269 
f 2753/4336/2753 2634/4166/2634 2630/4159/2630 
f 2630/4159/2630 2754/4337/2754 2753/4336/2753 
f 2754/4337/2754 2755/4338/2755 2756/4339/2756 
f 2756/4339/2756 2753/4336/2753 2754/4337/2754 
f 2756/4339/2756 2757/4340/2757 2758/4341/2758 
f 2758/4341/2758 2753/4336/2753 2756/4339/2756 
f 2634/4166/2634 2753/4336/2753 2758/4341/2758 
f 2758/4341/2758 145/200/145 2634/4166/2634 
f 2759/4342/2759 2749/4343/2749 2748/4344/2748 
f 2748/4344/2748 2760/4345/2760 2759/4342/2759 
f 2760/4346/2760 2538/4347/2538 2537/4031/2537 
f 2537/4031/2537 2759/4348/2759 2760/4346/2760 
f 2759/4348/2759 2537/4031/2537 174/240/174 
f 217/298/217 216/297/216 2749/4343/2749 
f 2749/4343/2749 2759/4342/2759 217/298/217 
f 2761/4349/2761 2762/4350/2762 2755/4338/2755 
f 2755/4338/2755 2754/4337/2754 2761/4349/2761 
f 2754/4337/2754 2630/4159/2630 2629/4158/2629 
f 2629/4158/2629 2761/4349/2761 2754/4337/2754 
f 2761/4349/2761 2629/4158/2629 2530/4018/2530 
f 2530/4018/2530 2529/4017/2529 2761/4349/2761 
f 2529/4017/2529 2528/4016/2528 2762/4350/2762 
f 2762/4350/2762 2761/4349/2761 2529/4017/2529 
f 2763/4351/2763 140/195/140 137/194/137 
f 137/194/137 2764/4352/2764 2763/4351/2763 
f 2764/4353/2764 2757/4354/2757 2765/4355/2765 
f 2765/4355/2765 2763/4356/2763 2764/4353/2764 
f 2763/4351/2763 2765/4357/2765 341/485/341 
f 341/485/341 340/484/340 2763/4351/2763 
f 340/484/340 141/196/141 140/195/140 
f 140/195/140 2763/4351/2763 340/484/340 
f 2766/4358/2766 2765/4355/2765 2757/4354/2757 
f 2757/4354/2757 2756/4359/2756 2766/4358/2766 
f 2766/4360/2766 2756/4339/2756 2755/4338/2755 
f 2755/4338/2755 2767/4361/2767 2766/4360/2766 
f 2767/4362/2767 2768/4363/2768 2769/4364/2769 
f 2769/4364/2769 2766/4365/2766 2767/4362/2767 
f 2769/4364/2769 341/485/341 2765/4357/2765 
f 2765/4357/2765 2766/4365/2766 2769/4364/2769 
f 2770/4366/2770 136/188/136 133/185/133 
f 133/185/133 146/201/146 2770/4366/2770 
f 146/201/146 145/200/145 2758/4341/2758 
f 2758/4341/2758 2770/4366/2770 146/201/146 
f 2770/4366/2770 2758/4341/2758 2757/4340/2757 
f 2764/4367/2764 137/189/137 136/188/136 
f 136/188/136 2770/4366/2770 2764/4367/2764 
f 2771/4368/2771 2772/4369/2772 2773/4370/2773 
f 2773/4370/2773 2774/4371/2774 2771/4368/2771 
f 2774/4371/2774 2775/4372/2775 2776/4373/2776 
f 2776/4373/2776 2771/4368/2771 2774/4371/2774 
f 2771/4368/2771 2776/4373/2776 2715/4284/2715 
f 2715/4284/2715 2719/4288/2719 2771/4368/2771 
f 2719/4288/2719 2718/4287/2718 2772/4369/2772 
f 2772/4369/2772 2771/4368/2771 2719/4288/2719 
f 2777/4374/2777 2778/4375/2778 2768/4363/2768 
f 2768/4363/2768 2767/4362/2767 2777/4374/2777 
f 2767/4361/2767 2755/4338/2755 2762/4350/2762 
f 2777/4374/2777 2762/4376/2762 2528/4025/2528 
f 2535/4024/2535 2534/4023/2534 2778/4375/2778 
f 2778/4375/2778 2777/4374/2777 2535/4024/2535 
f 2779/4377/2779 343/488/343 338/489/338 
f 338/489/338 2780/4378/2780 2779/4377/2779 
f 2780/4378/2780 2773/4370/2773 2772/4369/2772 
f 2772/4369/2772 2779/4377/2779 2780/4378/2780 
f 2779/4377/2779 2772/4369/2772 2718/4287/2718 
f 2718/4287/2718 2720/4289/2720 2779/4377/2779 
f 2720/4289/2720 244/338/244 343/488/343 
f 343/488/343 2779/4377/2779 2720/4289/2720 
f 2781/4379/2781 1893/2967/1893 1888/2962/1888 
f 1888/2962/1888 2782/4380/2782 2781/4379/2781 
f 2782/4380/2782 2775/4372/2775 2783/4381/2783 
f 2783/4381/2783 2781/4379/2781 2782/4380/2782 
f 2781/4382/2781 2783/4383/2783 2534/4023/2534 
f 2534/4023/2534 2533/4022/2533 2781/4382/2781 
f 2533/4384/2533 301/2968/301 1893/2967/1893 
f 1893/2967/1893 2781/4379/2781 2533/4384/2533 
f 2784/4385/2784 2783/4381/2783 2775/4372/2775 
f 2775/4372/2775 2774/4371/2774 2784/4385/2784 
f 2774/4371/2774 2773/4370/2773 2785/4386/2785 
f 2785/4386/2785 2784/4385/2784 2774/4371/2774 
f 2784/4387/2784 2785/4388/2785 2768/4363/2768 
f 2778/4375/2778 2534/4023/2534 2783/4383/2783 
f 2786/4389/2786 1887/2961/1887 278/380/278 
f 278/380/278 2714/4283/2714 2786/4389/2786 
f 2714/4283/2714 2715/4284/2715 2776/4373/2776 
f 2776/4373/2776 2786/4389/2786 2714/4283/2714 
f 2786/4389/2786 2776/4373/2776 2775/4372/2775 
f 2775/4372/2775 2782/4380/2782 2786/4389/2786 
f 2782/4380/2782 1888/2962/1888 1887/2961/1887 
f 2787/4390/2787 337/486/337 341/485/341 
f 341/485/341 2769/4364/2769 2787/4390/2787 
f 2769/4364/2769 2768/4363/2768 2785/4388/2785 
f 2785/4388/2785 2787/4390/2787 2769/4364/2769 
f 2787/4390/2787 2785/4388/2785 2773/4391/2773 
f 2773/4391/2773 2780/4392/2780 2787/4390/2787 
f 2780/4392/2780 338/4393/338 337/486/337 
f 337/486/337 2787/4390/2787 2780/4392/2780 
f 2788/4394/2788 2557/4056/2557 307/419/307 
f 307/419/307 364/518/364 2788/4394/2788 
f 364/518/364 314/517/314 2789/4395/2789 
f 2789/4395/2789 2788/4394/2788 364/518/364 
f 2790/4396/2790 2788/4394/2788 2789/4395/2789 
f 2789/4395/2789 2791/4397/2791 2790/4396/2790 
f 2788/4394/2788 2790/4396/2790 2558/4057/2558 
f 2558/4057/2558 2557/4056/2557 2788/4394/2788 
f 2725/4294/2725 2724/4293/2724 2792/4398/2792 
f 2792/4398/2792 2793/4399/2793 2725/4294/2725 
f 2793/4400/2793 2792/4401/2792 2791/4397/2791 
f 2791/4397/2791 2789/4395/2789 2793/4400/2793 
f 2793/4400/2793 2789/4395/2789 314/517/314 
f 314/517/314 313/4402/313 2793/4400/2793 
f 313/431/313 273/375/273 2725/4294/2725 
f 2725/4294/2725 2793/4399/2793 313/431/313 
f 2794/4403/2794 2795/4404/2795 2796/4405/2796 
f 2796/4405/2796 2797/4406/2797 2794/4403/2794 
f 2797/4406/2797 2798/4407/2798 2799/4408/2799 
f 2799/4408/2799 2794/4403/2794 2797/4406/2797 
f 2794/4403/2794 2799/4408/2799 2564/4409/2564 
f 2564/4409/2564 2800/4410/2800 2794/4403/2794 
f 2800/4410/2800 2801/4411/2801 2795/4404/2795 
f 2795/4404/2795 2794/4403/2794 2800/4410/2800 
f 2802/4412/2802 2803/4413/2803 2804/4414/2804 
f 2804/4414/2804 2805/4415/2805 2802/4412/2802 
f 2805/4415/2805 2796/4416/2796 2806/4417/2806 
f 2806/4417/2806 2802/4412/2802 2805/4415/2805 
f 2802/4418/2802 2806/4419/2806 1359/4420/1359 
f 1359/4420/1359 1358/4421/1358 2802/4418/2802 
f 1358/2138/1358 1357/2137/1357 2803/4413/2803 
f 2807/4422/2807 1372/2162/1372 1379/2169/1379 
f 1379/2169/1379 2808/4423/2808 2807/4422/2807 
f 2808/4424/2808 2798/4425/2798 2809/4426/2809 
f 2809/4426/2809 2807/4427/2807 2808/4424/2808 
f 2807/4422/2807 2809/4428/2809 2810/4429/2810 
f 2810/4429/2810 2811/4430/2811 2807/4422/2807 
f 2811/4430/2811 1373/2163/1373 1372/2162/1372 
f 1372/2162/1372 2807/4422/2807 2811/4430/2811 
f 2812/4431/2812 2810/4429/2810 2809/4428/2809 
f 2809/4428/2809 2813/4432/2813 2812/4431/2812 
f 2813/4433/2813 2809/4426/2809 2798/4425/2798 
f 2798/4425/2798 2797/4434/2797 2813/4433/2813 
f 2813/4433/2813 2797/4434/2797 2796/4435/2796 
f 2796/4435/2796 2805/4436/2805 2813/4433/2813 
f 2805/4415/2805 2804/4414/2804 2812/4431/2812 
f 2812/4431/2812 2813/4432/2813 2805/4415/2805 
f 2814/4437/2814 1488/4438/1488 1487/4439/1487 
f 1487/4439/1487 2565/4440/2565 2814/4437/2814 
f 2565/4441/2565 2564/4442/2564 2799/4443/2799 
f 2799/4443/2799 2814/4444/2814 2565/4441/2565 
f 2814/4444/2814 2799/4443/2799 2798/4425/2798 
f 2798/4425/2798 2808/4424/2808 2814/4444/2814 
f 2808/4424/2808 1379/2343/1379 1488/2341/1488 
f 1488/2341/1488 2814/4444/2814 2808/4424/2808 
f 1493/4445/1493 1359/4420/1359 2806/4419/2806 
f 2806/4419/2806 2815/4446/2815 1493/4445/1493 
f 2806/4419/2806 2796/4447/2796 2795/4448/2795 
f 2795/4448/2795 2815/4446/2815 2806/4419/2806 
f 2815/4446/2815 2795/4448/2795 2801/4449/2801 
f 2801/4449/2801 2816/4450/2816 2815/4446/2815 
f 1494/4451/1494 1493/4445/1493 2815/4446/2815 
f 2817/4452/2817 1911/4453/1911 1903/4454/1903 
f 2818/4455/2818 2819/4456/2819 2820/4457/2820 
f 2820/4457/2820 2817/4458/2817 2818/4455/2818 
f 2817/4458/2817 2820/4457/2820 2821/4459/2821 
f 2821/4459/2821 2822/4460/2822 2817/4458/2817 
f 2817/4458/2817 2822/4460/2822 1476/2328/1476 
f 1476/2328/1476 1911/2992/1911 2817/4458/2817 
f 2823/4461/2823 1902/4462/1902 1909/4463/1909 
f 1909/4463/1909 2587/4094/2587 2823/4461/2823 
f 2587/4094/2587 2586/4093/2586 2824/4464/2824 
f 2824/4464/2824 2823/4461/2823 2587/4094/2587 
f 2823/4461/2823 2824/4464/2824 2819/4465/2819 
f 2819/4465/2819 2818/4466/2818 2823/4461/2823 
f 2818/4466/2818 1903/4467/1903 1902/4462/1902 
f 1902/4462/1902 2823/4461/2823 2818/4466/2818 
f 2825/4468/2825 2826/4469/2826 2827/4470/2827 
f 2827/4470/2827 2828/4471/2828 2825/4468/2825 
f 2828/4471/2828 1173/1846/1173 1402/2197/1402 
f 1402/2197/1402 2825/4468/2825 2828/4471/2828 
f 2825/4472/2825 1402/2203/1402 1406/2202/1406 
f 1406/2202/1406 2829/4473/2829 2825/4472/2825 
f 2829/4474/2829 2830/4475/2830 2826/4469/2826 
f 2826/4469/2826 2825/4468/2825 2829/4474/2829 
f 2831/4476/2831 2832/4477/2832 1166/1839/1166 
f 1166/1839/1166 1165/1838/1165 2831/4476/2831 
f 1165/1838/1165 1173/1846/1173 2828/4471/2828 
f 2828/4471/2828 2831/4476/2831 1165/1838/1165 
f 2831/4476/2831 2828/4471/2828 2827/4470/2827 
f 2827/4470/2827 2833/4478/2833 2831/4476/2831 
f 2833/4478/2833 2834/4479/2834 2832/4477/2832 
f 2832/4477/2832 2831/4476/2831 2833/4478/2833 
f 2835/4480/2835 2836/4481/2836 2837/4482/2837 
f 2837/4482/2837 2838/4483/2838 2835/4480/2835 
f 2838/4483/2838 2839/4484/2839 2840/4485/2840 
f 2840/4485/2840 2835/4480/2835 2838/4483/2838 
f 2835/4480/2835 2840/4485/2840 2594/4106/2594 
f 2594/4106/2594 2593/4105/2593 2835/4480/2835 
f 2593/4105/2593 2592/4104/2592 2836/4481/2836 
f 2841/4486/2841 2842/4487/2842 2839/4484/2839 
f 2839/4484/2839 2843/4488/2843 2841/4486/2841 
f 2843/4488/2843 2827/4470/2827 2826/4469/2826 
f 2826/4469/2826 2841/4486/2841 2843/4488/2843 
f 2841/4486/2841 2826/4469/2826 2830/4475/2830 
f 2830/4475/2830 2844/4489/2844 2841/4486/2841 
f 2844/4489/2844 2845/4490/2845 2842/4487/2842 
f 2842/4487/2842 2841/4486/2841 2844/4489/2844 
f 2846/4491/2846 2847/4492/2847 2834/4479/2834 
f 2834/4479/2834 2833/4478/2833 2846/4491/2846 
f 2833/4478/2833 2827/4470/2827 2843/4488/2843 
f 2843/4488/2843 2846/4491/2846 2833/4478/2833 
f 2846/4491/2846 2843/4488/2843 2839/4484/2839 
f 2839/4484/2839 2838/4483/2838 2846/4491/2846 
f 2838/4483/2838 2837/4482/2837 2847/4492/2847 
f 2848/4493/2848 2849/4494/2849 2850/4495/2850 
f 2850/4495/2850 2851/4496/2851 2848/4493/2848 
f 2851/4496/2851 1726/2694/1726 1845/2890/1845 
f 1845/2890/1845 2848/4493/2848 2851/4496/2851 
f 2848/4493/2848 1845/2890/1845 1088/2881/1088 
f 1088/2881/1088 1087/4497/1087 2848/4493/2848 
f 1087/4497/1087 1086/4498/1086 2849/4494/2849 
f 2849/4494/2849 2848/4493/2848 1087/4497/1087 
f 2611/4131/2611 2594/4106/2594 2840/4485/2840 
f 2840/4485/2840 2852/4499/2852 2611/4131/2611 
f 2840/4485/2840 2839/4484/2839 2842/4487/2842 
f 2842/4487/2842 2852/4499/2852 2840/4485/2840 
f 2852/4499/2852 2842/4487/2842 2845/4490/2845 
f 2845/4490/2845 2853/4500/2853 2852/4499/2852 
f 2611/4131/2611 2852/4499/2852 2853/4500/2853 
f 2853/4500/2853 2608/4132/2608 2611/4131/2611 
f 2854/4501/2854 2692/4258/2692 2554/4050/2554 
f 2554/4050/2554 2855/4502/2855 2854/4501/2854 
f 2855/4503/2855 2856/4504/2856 2857/4505/2857 
f 2857/4505/2857 2854/4506/2854 2855/4503/2855 
f 2854/4501/2854 2857/4507/2857 2705/4273/2705 
f 2705/4273/2705 2704/4272/2704 2854/4501/2854 
f 2704/4272/2704 2695/4261/2695 2692/4258/2692 
f 2692/4258/2692 2854/4501/2854 2704/4272/2704 
f 2858/4508/2858 1727/2695/1727 1726/2694/1726 
f 1726/2694/1726 2851/4496/2851 2858/4508/2858 
f 2851/4496/2851 2850/4495/2850 2859/4509/2859 
f 2859/4509/2859 2858/4508/2858 2851/4496/2851 
f 2858/4508/2858 2859/4509/2859 1154/1822/1154 
f 1153/1821/1153 1152/1820/1152 1727/2695/1727 
f 1727/2695/1727 2858/4508/2858 1153/1821/1153 
f 2860/4510/2860 2859/4509/2859 2850/4495/2850 
f 2850/4495/2850 2861/4511/2861 2860/4510/2860 
f 2861/4511/2861 2856/4504/2856 2862/4512/2862 
f 2862/4512/2862 2860/4510/2860 2861/4511/2861 
f 2860/4510/2860 2862/4512/2862 2863/4513/2863 
f 2863/4513/2863 2864/4514/2864 2860/4510/2860 
f 2864/4514/2864 1154/1822/1154 2859/4509/2859 
f 2859/4509/2859 2860/4510/2860 2864/4514/2864 
f 2865/4515/2865 2857/4505/2857 2856/4504/2856 
f 2856/4504/2856 2861/4511/2861 2865/4515/2865 
f 2861/4511/2861 2850/4495/2850 2849/4494/2849 
f 2849/4494/2849 2865/4515/2865 2861/4511/2861 
f 2865/4515/2865 2849/4494/2849 1086/4498/1086 
f 1086/4498/1086 2711/4516/2711 2865/4515/2865 
f 2711/4280/2711 2705/4273/2705 2857/4507/2857 
f 2857/4507/2857 2865/4517/2865 2711/4280/2711 
f 2866/4518/2866 2867/4519/2867 2868/4520/2868 
f 2868/4520/2868 2869/4521/2869 2866/4518/2866 
f 2869/4522/2869 1116/1769/1116 1115/1768/1115 
f 1115/1768/1115 2866/4523/2866 2869/4522/2869 
f 2866/4523/2866 1115/1768/1115 1106/1753/1106 
f 1106/1753/1106 1105/1752/1105 2866/4523/2866 
f 1105/1752/1105 1104/1751/1104 2867/4524/2867 
f 2867/4524/2867 2866/4523/2866 1105/1752/1105 
f 2870/4525/2870 2550/4045/2550 2553/4048/2553 
f 2553/4048/2553 2871/4526/2871 2870/4525/2870 
f 2871/4526/2871 2863/4513/2863 2862/4512/2862 
f 2870/4525/2870 2862/4512/2862 2856/4504/2856 
f 2856/4504/2856 2855/4503/2855 2870/4525/2870 
f 2855/4503/2855 2554/4527/2554 2550/4045/2550 
f 2550/4045/2550 2870/4525/2870 2855/4503/2855 
f 2872/4528/2872 2677/4228/2677 2548/4040/2548 
f 2548/4040/2548 2873/4529/2873 2872/4528/2872 
f 2873/4530/2873 2874/4531/2874 2875/4532/2875 
f 2875/4532/2875 2872/4533/2872 2873/4530/2873 
f 2872/4533/2872 2875/4532/2875 2688/4252/2688 
f 2688/4252/2688 2687/4251/2687 2872/4533/2872 
f 2687/4534/2687 2678/4229/2678 2677/4228/2677 
f 2677/4228/2677 2872/4528/2872 2687/4534/2687 
f 2876/4535/2876 1271/2012/1271 1116/1769/1116 
f 1116/1769/1116 2869/4522/2869 2876/4535/2876 
f 2869/4521/2869 2868/4520/2868 2877/4536/2877 
f 2877/4536/2877 2876/4537/2876 2869/4521/2869 
f 2876/4535/2876 2877/4538/2877 2878/4539/2878 
f 2878/4539/2878 2879/4540/2879 2876/4535/2876 
f 2879/4540/2879 1272/2013/1272 1271/2012/1271 
f 1271/2012/1271 2876/4535/2876 2879/4540/2879 
f 2880/4541/2880 2878/4542/2878 2877/4543/2877 
f 2877/4543/2877 2881/4544/2881 2880/4541/2880 
f 2881/4545/2881 2877/4538/2877 2868/4546/2868 
f 2868/4546/2868 2882/4547/2882 2881/4545/2881 
f 2882/4547/2882 2874/4531/2874 2883/4548/2883 
f 2883/4548/2883 2881/4545/2881 2882/4547/2882 
f 2883/4549/2883 2884/4550/2884 2880/4541/2880 
f 2880/4541/2880 2881/4544/2881 2883/4549/2883 
f 2885/4551/2885 2875/4532/2875 2874/4531/2874 
f 2874/4531/2874 2882/4547/2882 2885/4551/2885 
f 2882/4552/2882 2868/4520/2868 2867/4519/2867 
f 2867/4519/2867 2885/4553/2885 2882/4552/2882 
f 2885/4551/2885 2867/4524/2867 1104/1751/1104 
f 1104/1751/1104 2698/4266/2698 2885/4551/2885 
f 2698/4266/2698 2688/4252/2688 2875/4532/2875 
f 2875/4532/2875 2885/4551/2885 2698/4266/2698 
f 2886/4554/2886 2887/4555/2887 2888/4556/2888 
f 2888/4556/2888 2889/4557/2889 2886/4554/2886 
f 2889/4557/2889 2890/4558/2890 2891/4559/2891 
f 2891/4559/2891 2886/4554/2886 2889/4557/2889 
f 2886/4560/2886 2891/4561/2891 2892/4562/2892 
f 2892/4562/2892 2893/4563/2893 2886/4560/2886 
f 2886/4560/2886 2893/4563/2893 2894/4564/2894 
f 2894/4564/2894 2887/4565/2887 2886/4560/2886 
f 2895/4566/2895 2896/4567/2896 2884/4550/2884 
f 2884/4550/2884 2883/4549/2883 2895/4566/2895 
f 2883/4548/2883 2874/4531/2874 2873/4530/2873 
f 2873/4530/2873 2895/4568/2895 2883/4548/2883 
f 2895/4569/2895 2873/4529/2873 2548/4040/2548 
f 2548/4040/2548 2547/4039/2547 2895/4569/2895 
f 2547/4039/2547 2544/4570/2544 2896/4571/2896 
f 2897/4572/2897 1362/2145/1362 1137/1801/1137 
f 1137/1801/1137 2898/4573/2898 2897/4572/2897 
f 2898/4573/2898 2888/4556/2888 2887/4555/2887 
f 2887/4555/2887 2897/4572/2897 2898/4573/2898 
f 2887/4555/2887 2894/4574/2894 2899/4575/2899 
f 2899/4575/2899 2897/4572/2897 2887/4555/2887 
f 2897/4572/2897 2899/4575/2899 1363/2146/1363 
f 1363/2146/1363 1362/2145/1362 2897/4572/2897 
f 2900/4576/2900 1148/1816/1148 1147/1815/1147 
f 1147/1815/1147 2901/4577/2901 2900/4576/2900 
f 2901/4577/2901 2890/4558/2890 2902/4578/2902 
f 2902/4578/2902 2900/4576/2900 2901/4577/2901 
f 2900/4576/2900 2902/4578/2902 2738/4579/2738 
f 2738/4579/2738 2737/4580/2737 2900/4576/2900 
f 2737/4580/2737 1149/1817/1149 1148/1816/1148 
f 1148/1816/1148 2900/4576/2900 2737/4580/2737 
f 2903/4581/2903 2902/4578/2902 2890/4558/2890 
f 2890/4558/2890 2889/4557/2889 2903/4581/2903 
f 2889/4557/2889 2888/4556/2888 2904/4582/2904 
f 2904/4582/2904 2903/4581/2903 2889/4557/2889 
f 2903/4583/2903 2904/4584/2904 2745/4585/2745 
f 2745/4585/2745 2744/4586/2744 2903/4583/2903 
f 2744/4587/2744 2738/4579/2738 2902/4578/2902 
f 2905/4588/2905 2891/4559/2891 2890/4558/2890 
f 2890/4558/2890 2901/4577/2901 2905/4588/2905 
f 2901/4577/2901 1147/1815/1147 1781/2784/1781 
f 1781/2784/1781 2905/4588/2905 2901/4577/2901 
f 2905/4588/2905 1781/2784/1781 1785/2788/1785 
f 1785/2788/1785 2906/4589/2906 2905/4588/2905 
f 2906/4590/2906 2892/4562/2892 2891/4561/2891 
f 2891/4561/2891 2905/4591/2905 2906/4590/2906 
f 2907/4592/2907 2832/4477/2832 2834/4479/2834 
f 2834/4479/2834 2908/4593/2908 2907/4592/2907 
f 2908/4593/2908 2909/4594/2909 2910/4595/2910 
f 2910/4595/2910 2907/4592/2907 2908/4593/2908 
f 2907/4592/2907 2910/4595/2910 1178/1858/1178 
f 1178/1858/1178 1182/1857/1182 2907/4592/2907 
f 1182/1857/1182 1166/1839/1166 2832/4477/2832 
f 2832/4477/2832 2907/4592/2907 1182/1857/1182 
f 1136/1808/1136 1140/1807/1140 2752/4334/2752 
f 2752/4334/2752 2911/4596/2911 1136/1808/1136 
f 2752/4334/2752 2745/4585/2745 2904/4584/2904 
f 2904/4584/2904 2911/4596/2911 2752/4334/2752 
f 2911/4597/2911 2904/4582/2904 2888/4556/2888 
f 2888/4556/2888 2898/4573/2898 2911/4597/2911 
f 2898/4573/2898 1137/1801/1137 1136/1800/1136 
f 1136/1800/1136 2911/4597/2911 2898/4573/2898 
f 2912/4598/2912 1155/1823/1155 1154/1822/1154 
f 1154/1822/1154 2864/4514/2864 2912/4598/2912 
f 2864/4514/2864 2863/4513/2863 2913/4599/2913 
f 2913/4599/2913 2912/4598/2912 2864/4514/2864 
f 2912/4600/2912 2913/4601/2913 2914/4602/2914 
f 2914/4602/2914 2915/4603/2915 2912/4600/2912 
f 2915/4604/2915 1156/1826/1156 1155/1825/1155 
f 1155/1825/1155 2912/4605/2912 2915/4604/2915 
f 1179/4606/1179 1178/4607/1178 2910/4608/2910 
f 2910/4608/2910 2916/4609/2916 1179/4606/1179 
f 2917/4610/2917 2916/4611/2916 2910/4612/2910 
f 2910/4612/2910 2909/4613/2909 2917/4610/2917 
f 2916/4611/2916 2917/4610/2917 2553/4048/2553 
f 2553/4048/2553 2552/4047/2552 2916/4611/2916 
f 2916/4611/2916 2552/4047/2552 1163/1836/1163 
f 1163/1836/1163 1179/1852/1179 2916/4611/2916 
f 2918/4614/2918 2917/4610/2917 2909/4613/2909 
f 2909/4613/2909 2919/4615/2919 2918/4614/2918 
f 2919/4616/2919 2914/4617/2914 2913/4618/2913 
f 2913/4618/2913 2918/4619/2918 2919/4616/2919 
f 2918/4614/2918 2913/4599/2913 2863/4513/2863 
f 2863/4513/2863 2871/4526/2871 2918/4614/2918 
f 2871/4526/2871 2553/4048/2553 2917/4610/2917 
f 2917/4610/2917 2918/4614/2918 2871/4526/2871 
f 2920/4620/2920 2847/4492/2847 2837/4482/2837 
f 2837/4482/2837 2921/4621/2921 2920/4620/2920 
f 2920/4620/2920 2921/4621/2921 2914/4602/2914 
f 2920/4620/2920 2919/4622/2919 2909/4594/2909 
f 2909/4594/2909 2908/4593/2908 2920/4620/2920 
f 2908/4593/2908 2834/4479/2834 2847/4492/2847 
f 2847/4492/2847 2920/4620/2920 2908/4593/2908 
f 2922/4623/2922 1267/2005/1267 1266/2004/1266 
f 1293/2044/1293 1292/2043/1292 2923/4624/2923 
f 2923/4624/2923 2922/4625/2922 1293/2044/1293 
f 2923/4624/2923 2924/4626/2924 2925/4627/2925 
f 2925/4628/2925 1268/2006/1268 1267/2005/1267 
f 1267/2005/1267 2922/4623/2922 2925/4628/2925 
f 2915/4603/2915 2914/4602/2914 2921/4621/2921 
f 2921/4621/2921 2926/4629/2926 2915/4603/2915 
f 2921/4621/2921 2837/4482/2837 2836/4481/2836 
f 2836/4481/2836 2926/4629/2926 2921/4621/2921 
f 2926/4629/2926 2836/4481/2836 2592/4104/2592 
f 2926/4629/2926 2597/4111/2597 1156/4110/1156 
f 1156/4110/1156 2915/4603/2915 2926/4629/2926 
f 2927/4630/2927 2733/4307/2733 2732/4306/2732 
f 2732/4306/2732 2743/4324/2743 2927/4630/2927 
f 2743/4631/2743 2742/4632/2742 2928/4633/2928 
f 2928/4633/2928 2927/4634/2927 2743/4631/2743 
f 2927/4635/2927 2928/4636/2928 2929/4637/2929 
f 2929/4637/2929 2930/4638/2930 2927/4635/2927 
f 2930/4638/2930 2541/4033/2541 2733/4309/2733 
f 2733/4309/2733 2927/4635/2927 2930/4638/2930 
f 2931/4639/2931 2932/4640/2932 2924/4626/2924 
f 2924/4626/2924 2923/4624/2923 2931/4639/2931 
f 2923/4624/2923 1292/2043/1292 1304/2059/1304 
f 1304/2059/1304 2931/4639/2931 2923/4624/2923 
f 2931/4641/2931 1304/2060/1304 1272/2013/1272 
f 2879/4642/2879 2878/4542/2878 2932/4640/2932 
f 2933/4643/2933 2934/4644/2934 2929/4637/2929 
f 2929/4637/2929 2935/4645/2935 2933/4643/2933 
f 2935/4645/2935 2924/4626/2924 2932/4640/2932 
f 2932/4640/2932 2933/4643/2933 2935/4645/2935 
f 2933/4643/2933 2932/4640/2932 2878/4542/2878 
f 2880/4541/2880 2884/4550/2884 2934/4644/2934 
f 2934/4644/2934 2933/4643/2933 2880/4541/2880 
f 2936/4646/2936 2925/4627/2925 2924/4626/2924 
f 2924/4626/2924 2935/4645/2935 2936/4646/2936 
f 2935/4645/2935 2929/4637/2929 2928/4636/2928 
f 2928/4636/2928 2936/4646/2936 2935/4645/2935 
f 2936/4647/2936 2928/4633/2928 2742/4632/2742 
f 2742/4632/2742 2750/4648/2750 2936/4647/2936 
f 2750/4331/2750 1268/2006/1268 2925/4628/2925 
f 2925/4628/2925 2936/4649/2936 2750/4331/2750 
f 2937/4650/2937 2938/4651/2938 2812/4431/2812 
f 2812/4431/2812 2804/4414/2804 2937/4650/2937 
f 2937/4652/2937 2939/4653/2939 2940/4654/2940 
f 2940/4654/2940 2938/4655/2938 2937/4652/2937 
f 2938/4655/2938 2940/4654/2940 2941/4656/2941 
f 2941/4656/2941 2942/4657/2942 2938/4655/2938 
f 2938/4651/2938 2942/4658/2942 2810/4429/2810 
f 2810/4429/2810 2812/4431/2812 2938/4651/2938 
f 2943/4659/2943 2542/4034/2542 2541/4033/2541 
f 2541/4033/2541 2930/4638/2930 2943/4659/2943 
f 2930/4638/2930 2929/4637/2929 2934/4644/2934 
f 2934/4644/2934 2943/4659/2943 2930/4638/2930 
f 2943/4659/2943 2934/4644/2934 2884/4550/2884 
f 2884/4550/2884 2896/4567/2896 2943/4659/2943 
f 2896/4567/2896 2544/4036/2544 2542/4034/2542 
f 2542/4034/2542 2943/4659/2943 2896/4567/2896 
f 1370/2160/1370 1367/2159/1367 2944/4660/2944 
f 2944/4660/2944 2945/4661/2945 1370/2160/1370 
f 2945/4661/2945 2944/4660/2944 2939/4662/2939 
f 2939/4662/2939 2937/4650/2937 2945/4661/2945 
f 2937/4650/2937 2804/4414/2804 2803/4413/2803 
f 2803/4413/2803 2945/4661/2945 2937/4650/2937 
f 1370/2160/1370 2945/4661/2945 2803/4413/2803 
f 2803/4413/2803 1357/2137/1357 1370/2160/1370 
f 2946/4663/2946 2947/4664/2947 1787/4665/1787 
f 1787/4665/1787 1382/4666/1382 2946/4663/2946 
f 2947/4667/2947 2946/4668/2946 2941/4656/2941 
f 2941/4656/2941 2948/4669/2948 2947/4667/2947 
f 2947/4667/2947 2948/4669/2948 2892/4562/2892 
f 2892/4562/2892 2906/4590/2906 2947/4667/2947 
f 2906/4590/2906 1785/2791/1785 1787/2790/1787 
f 1787/2790/1787 2947/4667/2947 2906/4590/2906 
f 2949/4670/2949 2893/4563/2893 2892/4562/2892 
f 2892/4562/2892 2948/4669/2948 2949/4670/2949 
f 2948/4669/2948 2941/4656/2941 2940/4654/2940 
f 2940/4654/2940 2949/4670/2949 2948/4669/2948 
f 2949/4670/2949 2940/4654/2940 2939/4653/2939 
f 2939/4653/2939 2950/4671/2950 2949/4670/2949 
f 2950/4671/2950 2894/4564/2894 2893/4563/2893 
f 2893/4563/2893 2949/4670/2949 2950/4671/2950 
f 2811/4430/2811 2810/4429/2810 2942/4658/2942 
f 2942/4658/2942 2951/4672/2951 2811/4430/2811 
f 2942/4657/2942 2941/4656/2941 2946/4668/2946 
f 2946/4668/2946 2951/4673/2951 2942/4657/2942 
f 2951/4673/2951 2946/4668/2946 1382/2172/1382 
f 1382/2172/1382 1381/2171/1381 2951/4673/2951 
f 1381/4674/1381 1373/2163/1373 2811/4430/2811 
f 2811/4430/2811 2951/4672/2951 1381/4674/1381 
f 2952/4675/2952 2953/4676/2953 2954/4677/2954 
f 2954/4677/2954 2955/4678/2955 2952/4675/2952 
f 2955/4678/2955 1409/2214/1409 1408/4679/1408 
f 1408/4679/1408 2952/4675/2952 2955/4678/2955 
f 2952/4675/2952 1408/4679/1408 1390/4680/1390 
f 1390/4680/1390 1386/2178/1386 2952/4675/2952 
f 1386/2178/1386 1389/2181/1389 2953/4676/2953 
f 2953/4676/2953 2952/4675/2952 1386/2178/1386 
f 2956/4681/2956 1415/2215/1415 1409/2214/1409 
f 1409/2214/1409 2955/4678/2955 2956/4681/2956 
f 2955/4678/2955 2954/4677/2954 2957/4682/2957 
f 2957/4682/2957 2956/4681/2956 2955/4678/2955 
f 2956/4683/2956 2957/4684/2957 2830/4475/2830 
f 2830/4475/2830 2829/4474/2829 2956/4683/2956 
f 2829/4473/2829 1406/2202/1406 1415/2215/1415 
f 1415/2215/1415 2956/4681/2956 2829/4473/2829 
f 2958/4685/2958 2899/4686/2899 2894/4564/2894 
f 2894/4564/2894 2950/4671/2950 2958/4685/2958 
f 2950/4671/2950 2939/4653/2939 2944/4687/2944 
f 2944/4687/2944 2958/4685/2958 2950/4671/2950 
f 2958/4685/2958 2944/4687/2944 1367/2152/1367 
f 1367/2152/1367 1366/2151/1366 2958/4685/2958 
f 1366/2151/1366 1363/2150/1363 2899/4686/2899 
f 2899/4686/2899 2958/4685/2958 1366/2151/1366 
f 2959/4688/2959 2609/4127/2609 2608/4126/2608 
f 2608/4126/2608 2853/4689/2853 2959/4688/2959 
f 2853/4500/2853 2845/4490/2845 2960/4690/2960 
f 2960/4690/2960 2959/4691/2959 2853/4500/2853 
f 2959/4688/2959 2960/4692/2960 2961/4693/2961 
f 2961/4693/2961 2962/4694/2962 2959/4688/2959 
f 2962/4694/2962 2589/4128/2589 2609/4127/2609 
f 2609/4127/2609 2959/4688/2959 2962/4694/2962 
f 2963/4695/2963 2964/4696/2964 2961/4693/2961 
f 2961/4693/2961 2965/4697/2965 2963/4695/2963 
f 2965/4698/2965 2954/4699/2954 2953/4700/2953 
f 2953/4700/2953 2963/4701/2963 2965/4698/2965 
f 2963/4695/2963 2953/4676/2953 1389/2181/1389 
f 1389/2181/1389 2966/4702/2966 2963/4695/2963 
f 2966/4703/2966 2967/4704/2967 2964/4705/2964 
f 2964/4705/2964 2963/4706/2963 2966/4703/2966 
f 2968/4707/2968 2957/4682/2957 2954/4677/2954 
f 2954/4677/2954 2965/4697/2965 2968/4707/2968 
f 2965/4697/2965 2961/4693/2961 2960/4692/2960 
f 2960/4692/2960 2968/4707/2968 2965/4697/2965 
f 2968/4708/2968 2960/4690/2960 2845/4490/2845 
f 2845/4490/2845 2844/4489/2844 2968/4708/2968 
f 2844/4709/2844 2830/4710/2830 2957/4682/2957 
f 2957/4682/2957 2968/4707/2968 2844/4709/2844 
f 2969/4711/2969 2970/4712/2970 2971/4713/2971 
f 2971/4713/2971 2972/4714/2972 2969/4711/2969 
f 2972/4714/2972 2973/4715/2973 2974/4716/2974 
f 2974/4716/2974 2969/4711/2969 2972/4714/2972 
f 2969/4711/2969 2974/4716/2974 2975/4717/2975 
f 2975/4717/2975 2976/4718/2976 2969/4711/2969 
f 2976/4718/2976 2977/4719/2977 2970/4712/2970 
f 2970/4712/2970 2969/4711/2969 2976/4718/2976 
f 2978/4720/2978 2585/4721/2585 2589/4128/2589 
f 2589/4128/2589 2962/4694/2962 2978/4720/2978 
f 2962/4694/2962 2961/4693/2961 2964/4696/2964 
f 2964/4696/2964 2978/4720/2978 2962/4694/2962 
f 2978/4722/2978 2964/4723/2964 2967/4724/2967 
f 2967/4724/2967 2979/4725/2979 2978/4722/2978 
f 2979/4725/2979 2586/4093/2586 2585/4092/2585 
f 2585/4092/2585 2978/4722/2978 2979/4725/2979 
f 2980/4726/2980 2981/4727/2981 2977/4719/2977 
f 2977/4719/2977 2976/4718/2976 2980/4726/2980 
f 2976/4718/2976 2975/4717/2975 2982/4728/2982 
f 2982/4728/2982 2980/4726/2980 2976/4718/2976 
f 2980/4726/2980 2982/4728/2982 1472/2324/1472 
f 1472/2324/1472 2605/4123/2605 2980/4726/2980 
f 2605/4123/2605 2602/4117/2602 2981/4727/2981 
f 2981/4727/2981 2980/4726/2980 2605/4123/2605 
f 2983/4729/2983 2822/4460/2822 2821/4459/2821 
f 2821/4459/2821 2984/4730/2984 2983/4729/2983 
f 2984/4730/2984 2973/4715/2973 2985/4731/2985 
f 2985/4731/2985 2983/4729/2983 2984/4730/2984 
f 2983/4729/2983 2985/4731/2985 1478/2330/1478 
f 1478/2330/1478 1477/2329/1477 2983/4729/2983 
f 1477/2329/1477 1476/2328/1476 2822/4460/2822 
f 2822/4460/2822 2983/4729/2983 1477/2329/1477 
f 2986/4732/2986 2987/4733/2987 2342/3721/2342 
f 2342/3721/2342 2341/3720/2341 2986/4732/2986 
f 2341/3719/2341 1478/2330/1478 2985/4731/2985 
f 2985/4731/2985 2986/4734/2986 2341/3719/2341 
f 2986/4734/2986 2985/4731/2985 2973/4715/2973 
f 2973/4715/2973 2972/4714/2972 2986/4734/2986 
f 2972/4714/2972 2971/4713/2971 2987/4735/2987 
f 2987/4735/2987 2986/4734/2986 2972/4714/2972 
f 2988/4736/2988 1490/2348/1490 1494/2353/1494 
f 1494/2353/1494 2989/4737/2989 2988/4736/2988 
f 2989/4738/2989 2990/4739/2990 2991/4740/2991 
f 2991/4740/2991 2988/4741/2988 2989/4738/2989 
f 2988/4736/2988 2991/4742/2991 1512/3909/1512 
f 1512/3909/1512 1511/2385/1511 2988/4736/2988 
f 1511/4743/1511 1491/4744/1491 1490/4745/1490 
f 2992/4746/2992 2993/4747/2993 2994/4748/2994 
f 2994/4748/2994 2995/4749/2995 2992/4746/2992 
f 2995/4749/2995 2996/4750/2996 2997/4751/2997 
f 2997/4751/2997 2992/4746/2992 2995/4749/2995 
f 2992/4746/2992 2997/4751/2997 2431/3877/2431 
f 2431/3877/2431 2430/3876/2430 2992/4746/2992 
f 2430/3876/2430 2429/3875/2429 2993/4747/2993 
f 2993/4747/2993 2992/4746/2992 2430/3876/2430 
f 2998/4752/2998 2999/4753/2999 2816/4450/2816 
f 2816/4450/2816 2801/4449/2801 2998/4752/2998 
f 2998/4754/2998 2996/4750/2996 3000/4755/3000 
f 3000/4755/3000 2999/4756/2999 2998/4754/2998 
f 2999/4756/2999 3000/4755/3000 2990/4739/2990 
f 2990/4739/2990 2989/4738/2989 2999/4756/2999 
f 2989/4737/2989 1494/2353/1494 2816/4757/2816 
f 3001/4758/3001 3002/4759/3002 2447/3899/2447 
f 2447/3899/2447 2451/3910/2451 3001/4758/3001 
f 2451/3910/2451 1512/4760/1512 2991/4740/2991 
f 2991/4740/2991 3001/4758/3001 2451/3910/2451 
f 3001/4758/3001 2991/4740/2991 2990/4739/2990 
f 2990/4739/2990 3003/4761/3003 3001/4758/3001 
f 3003/4761/3003 3004/4762/3004 3002/4759/3002 
f 3002/4759/3002 3001/4758/3001 3003/4761/3003 
f 3005/4763/3005 3006/4764/3006 3004/4762/3004 
f 3004/4762/3004 3003/4761/3003 3005/4763/3005 
f 3003/4761/3003 2990/4739/2990 3000/4755/3000 
f 3000/4755/3000 3005/4763/3005 3003/4761/3003 
f 3005/4763/3005 3000/4755/3000 2996/4750/2996 
f 2996/4750/2996 2995/4749/2995 3005/4763/3005 
f 2995/4749/2995 2994/4748/2994 3006/4764/3006 
f 3006/4764/3006 3005/4763/3005 2995/4749/2995 
f 3007/4765/3007 2563/4062/2563 2431/3877/2431 
f 2431/3877/2431 2997/4751/2997 3007/4765/3007 
f 3007/4765/3007 2997/4751/2997 2996/4750/2996 
f 2996/4750/2996 2998/4754/2998 3007/4765/3007 
f 3007/4766/3007 2998/4752/2998 2801/4449/2801 
f 2800/4767/2800 2564/4063/2564 2563/4062/2563 
f 3008/4768/3008 3009/4769/3009 3010/4770/3010 
f 3010/4770/3010 3011/4771/3011 3008/4768/3008 
f 3011/4772/3011 3012/4773/3012 3013/4774/3013 
f 3013/4774/3013 3008/4775/3008 3011/4772/3011 
f 3008/4775/3008 3013/4774/3013 2415/3854/2415 
f 2415/3854/2415 2414/3853/2414 3008/4775/3008 
f 2414/3853/2414 1705/3852/1705 3009/4776/3009 
f 3009/4776/3009 3008/4775/3008 2414/3853/2414 
f 3014/4777/3014 3015/4778/3015 3016/4779/3016 
f 3016/4779/3016 3017/4780/3017 3014/4777/3014 
f 3017/4780/3017 3018/4781/3018 3019/4782/3019 
f 3019/4782/3019 3014/4777/3014 3017/4780/3017 
f 3014/4777/3014 3019/4782/3019 3012/4783/3012 
f 3011/4771/3011 3010/4770/3010 3015/4784/3015 
f 3015/4784/3015 3014/4785/3014 3011/4771/3011 
f 3020/4786/3020 3013/4774/3013 3012/4773/3012 
f 3012/4773/3012 3021/4787/3021 3020/4786/3020 
f 3021/4787/3021 2435/3882/2435 2434/3881/2434 
f 2434/3881/2434 3020/4786/3020 3021/4787/3021 
f 3020/4786/3020 2434/3881/2434 2423/3868/2423 
f 2423/3868/2423 2426/3872/2426 3020/4786/3020 
f 2426/3872/2426 2415/3854/2415 3013/4774/3013 
f 3013/4774/3013 3020/4786/3020 2426/3872/2426 
f 3022/4788/3022 3023/4789/3023 3024/4790/3024 
f 3024/4790/3024 3025/4791/3025 3022/4788/3022 
f 3022/4788/3022 3025/4791/3025 2324/3692/2324 
f 2324/3692/2324 2323/3691/2323 3022/4788/3022 
f 3022/4788/3022 2323/3691/2323 1576/3690/1576 
f 3026/4792/3026 3027/4793/3027 3023/4789/3023 
f 3023/4789/3023 3022/4788/3022 3026/4792/3026 
f 3028/4794/3028 3029/4795/3029 3018/4781/3018 
f 3018/4781/3018 3017/4780/3017 3028/4794/3028 
f 3017/4780/3017 3016/4779/3016 3030/4796/3030 
f 3030/4796/3030 3028/4794/3028 3017/4780/3017 
f 3028/4794/3028 3030/4796/3030 1679/2625/1679 
f 1679/2625/1679 2442/3893/2442 3028/4794/3028 
f 2442/3892/2442 2441/3891/2441 3029/4797/3029 
f 3031/4798/3031 3032/4799/3032 3033/4800/3033 
f 3033/4800/3033 3034/4801/3034 3031/4798/3031 
f 3034/4801/3034 3024/4790/3024 3023/4789/3023 
f 3023/4789/3023 3031/4798/3031 3034/4801/3034 
f 3031/4798/3031 3023/4789/3023 3027/4793/3027 
f 3027/4793/3027 3035/4802/3035 3031/4798/3031 
f 3035/4802/3035 3036/4803/3036 3032/4799/3032 
f 3032/4799/3032 3031/4798/3031 3035/4802/3035 
f 3025/4791/3025 3024/4790/3024 3037/4804/3037 
f 3037/4804/3037 3038/4805/3038 3025/4791/3025 
f 3037/4806/3037 2600/4114/2600 2599/4113/2599 
f 2599/4113/2599 3038/4807/3038 3037/4806/3037 
f 2599/4113/2599 2333/4121/2333 2336/4808/2336 
f 2336/4808/2336 3038/4807/3038 2599/4113/2599 
f 2336/3714/2336 2324/3692/2324 3025/4791/3025 
f 3025/4791/3025 3038/4805/3038 2336/3714/2336 
f 3039/4809/3039 3040/4810/3040 3041/4811/3041 
f 3041/4811/3041 3042/4812/3042 3039/4809/3039 
f 3042/4812/3042 1574/2476/1574 1584/2486/1584 
f 1584/2486/1584 3039/4809/3039 3042/4812/3042 
f 1584/2486/1584 1583/2485/1583 1676/4813/1676 
f 1676/4813/1676 3039/4809/3039 1584/2486/1584 
f 1676/4813/1676 1675/4814/1675 3040/4810/3040 
f 3040/4810/3040 3039/4809/3039 1676/4813/1676 
f 3043/4815/3043 1575/2477/1575 1574/2476/1574 
f 1574/2476/1574 3042/4812/3042 3043/4815/3043 
f 3042/4816/3042 3041/4817/3041 3044/4818/3044 
f 3043/4819/3043 3044/4820/3044 3027/4793/3027 
f 3026/4821/3026 1576/2478/1576 1575/2477/1575 
f 3045/4822/3045 3033/4800/3033 3032/4799/3032 
f 3032/4799/3032 3046/4823/3046 3045/4822/3045 
f 3046/4823/3046 3032/4799/3032 3036/4803/3036 
f 3036/4803/3036 3047/4824/3047 3046/4823/3046 
f 3047/4824/3047 2578/4083/2578 2581/4088/2581 
f 3046/4823/3046 2581/4088/2581 2583/4090/2583 
f 2583/4090/2583 3045/4822/3045 3046/4823/3046 
f 3048/4825/3048 3049/4826/3049 3050/4827/3050 
f 3050/4827/3050 3051/4828/3051 3048/4825/3048 
f 3051/4828/3051 3052/4829/3052 3053/4830/3053 
f 3053/4830/3053 3048/4825/3048 3051/4828/3051 
f 3048/4825/3048 3053/4830/3053 3054/4831/3054 
f 3054/4831/3054 3055/4832/3055 3048/4825/3048 
f 3055/4832/3055 2571/4074/2571 3049/4826/3049 
f 3049/4826/3049 3048/4825/3048 3055/4832/3055 
f 3056/4833/3056 3057/4834/3057 3052/4829/3052 
f 3052/4829/3052 3051/4828/3051 3056/4833/3056 
f 3051/4828/3051 3050/4827/3050 3058/4835/3058 
f 3058/4835/3058 3056/4833/3056 3051/4828/3051 
f 3056/4833/3056 3058/4835/3058 1673/2619/1673 
f 1673/2619/1673 1684/2634/1684 3056/4833/3056 
f 1684/2634/1684 1681/2628/1681 3057/4834/3057 
f 3057/4834/3057 3056/4833/3056 1684/2634/1684 
f 3059/4836/3059 3009/4837/3009 1705/2661/1705 
f 1705/2661/1705 1704/2660/1704 3059/4836/3059 
f 1704/2659/1704 1695/2648/1695 3060/4838/3060 
f 3060/4838/3060 3059/4839/3059 1704/2659/1704 
f 3059/4839/3059 3060/4838/3060 3054/4831/3054 
f 3054/4831/3054 3061/4840/3061 3059/4839/3059 
f 3061/4841/3061 3010/4770/3010 3009/4769/3009 
f 3062/4842/3062 3015/4784/3015 3010/4770/3010 
f 3010/4770/3010 3061/4841/3061 3062/4842/3062 
f 3061/4840/3061 3054/4831/3054 3053/4830/3053 
f 3053/4830/3053 3062/4843/3062 3061/4840/3061 
f 3062/4843/3062 3053/4830/3053 3052/4829/3052 
f 3052/4829/3052 3063/4844/3063 3062/4843/3062 
f 3063/4844/3063 3016/4845/3016 3015/4846/3015 
f 3015/4846/3015 3062/4843/3062 3063/4844/3063 
f 3060/4838/3060 3064/4847/3064 3055/4832/3055 
f 3055/4832/3055 3054/4831/3054 3060/4838/3060 
f 3060/4838/3060 1695/2648/1695 1694/2647/1694 
f 1694/2647/1694 3064/4847/3064 3060/4838/3060 
f 3064/4847/3064 1694/2647/1694 1693/2646/1693 
f 1693/2646/1693 2567/4068/2567 3064/4847/3064 
f 3064/4847/3064 2567/4068/2567 2571/4074/2571 
f 2571/4074/2571 3055/4832/3055 3064/4847/3064 
f 3065/4848/3065 3066/4849/3066 3067/4850/3067 
f 3067/4850/3067 3068/4851/3068 3065/4848/3065 
f 3068/4851/3068 3067/4850/3067 3069/4852/3069 
f 3069/4852/3069 3070/4853/3070 3068/4851/3068 
f 3068/4851/3068 3070/4853/3070 3033/4800/3033 
f 3033/4800/3033 3045/4822/3045 3068/4851/3068 
f 3045/4822/3045 2583/4090/2583 3065/4848/3065 
f 3065/4848/3065 3068/4851/3068 3045/4822/3045 
f 3071/4854/3071 3030/4855/3030 3016/4845/3016 
f 3016/4845/3016 3063/4844/3063 3071/4854/3071 
f 3063/4844/3063 3052/4829/3052 3057/4834/3057 
f 3057/4834/3057 3071/4854/3071 3063/4844/3063 
f 3071/4854/3071 3057/4834/3057 1681/2628/1681 
f 1681/2628/1681 1680/2627/1680 3071/4854/3071 
f 1680/4856/1680 1679/4857/1679 3030/4858/3030 
f 3030/4858/3030 3071/4859/3071 1680/4856/1680 
f 3034/4801/3034 3033/4800/3033 3070/4853/3070 
f 3070/4853/3070 3072/4860/3072 3034/4801/3034 
f 3070/4853/3070 3069/4852/3069 3073/4861/3073 
f 3073/4861/3073 3072/4860/3072 3070/4853/3070 
f 3072/4862/3072 3073/4863/3073 2600/4114/2600 
f 2600/4114/2600 3037/4806/3037 3072/4862/3072 
f 3072/4860/3072 3037/4804/3037 3024/4790/3024 
f 3024/4790/3024 3034/4801/3034 3072/4860/3072 
f 3074/4864/3074 2987/4733/2987 2971/4865/2971 
f 2971/4865/2971 3075/4866/3075 3074/4864/3074 
f 3075/4866/3075 3066/4867/3066 3076/4868/3076 
f 3076/4868/3076 3074/4864/3074 3075/4866/3075 
f 3074/4864/3074 3076/4868/3076 2351/3736/2351 
f 2351/3736/2351 2350/3735/2350 3074/4864/3074 
f 2350/3735/2350 2342/3721/2342 2987/4733/2987 
f 2987/4733/2987 3074/4864/3074 2350/3735/2350 
f 3077/4869/3077 2970/4870/2970 2977/4871/2977 
f 2977/4871/2977 3078/4872/3078 3077/4869/3077 
f 3078/4873/3078 3069/4852/3069 3067/4850/3067 
f 3067/4850/3067 3077/4874/3077 3078/4873/3078 
f 3077/4869/3077 3067/4875/3067 3066/4867/3066 
f 3066/4867/3066 3075/4866/3075 3077/4869/3077 
f 3075/4866/3075 2971/4865/2971 2970/4870/2970 
f 2970/4870/2970 3077/4869/3077 3075/4866/3075 
f 3079/4876/3079 2582/4089/2582 2347/3729/2347 
f 2347/3729/2347 2357/4877/2357 3079/4876/3079 
f 2357/3743/2357 2351/3736/2351 3076/4868/3076 
f 3076/4868/3076 3079/4878/3079 2357/3743/2357 
f 3079/4876/3079 3076/4879/3076 3066/4849/3066 
f 3066/4849/3066 3065/4848/3065 3079/4876/3079 
f 2583/4090/2583 2582/4089/2582 3079/4876/3079 
f 3079/4876/3079 3065/4848/3065 2583/4090/2583 
f 3080/4880/3080 3029/4797/3029 2441/3891/2441 
f 2441/3891/2441 3081/4881/3081 3080/4880/3080 
f 3081/4881/3081 3082/4882/3082 3083/4883/3083 
f 3083/4883/3083 3080/4880/3080 3081/4881/3081 
f 3080/4880/3080 3083/4883/3083 3084/4884/3084 
f 3084/4884/3084 3085/4885/3085 3080/4880/3080 
f 3085/4885/3085 3018/4886/3018 3029/4797/3029 
f 3029/4797/3029 3080/4880/3080 3085/4885/3085 
f 3086/4887/3086 3073/4861/3073 3069/4852/3069 
f 3069/4852/3069 3078/4873/3078 3086/4887/3086 
f 3078/4872/3078 2977/4871/2977 2981/4888/2981 
f 2981/4888/2981 3086/4889/3086 3078/4872/3078 
f 3086/4890/3086 2981/4727/2981 2602/4117/2602 
f 2602/4117/2602 2601/4116/2601 3086/4890/3086 
f 2601/4115/2601 2600/4114/2600 3073/4863/3073 
f 3073/4863/3073 3086/4889/3086 2601/4115/2601 
f 3087/4891/3087 3019/4892/3019 3018/4886/3018 
f 3018/4886/3018 3085/4885/3085 3087/4891/3087 
f 3085/4885/3085 3084/4884/3084 3088/4893/3088 
f 3088/4893/3088 3087/4891/3087 3085/4885/3085 
f 3087/4894/3087 3088/4895/3088 2435/4896/2435 
f 2435/4896/2435 3021/4897/3021 3087/4894/3087 
f 3021/4787/3021 3012/4773/3012 3019/4892/3019 
f 3019/4892/3019 3087/4891/3087 3021/4787/3021 
f 3089/4898/3089 3002/4899/3002 3004/4900/3004 
f 3004/4900/3004 3090/4901/3090 3089/4898/3089 
f 3090/4901/3090 3082/4882/3082 3091/4902/3091 
f 3091/4902/3091 3089/4898/3089 3090/4901/3090 
f 3089/4898/3089 3091/4902/3091 2449/3902/2449 
f 2449/3902/2449 2448/3901/2448 3089/4898/3089 
f 2448/3900/2448 2447/3899/2447 3002/4759/3002 
f 3002/4759/3002 3089/4903/3089 2448/3900/2448 
f 3092/4904/3092 3006/4905/3006 2994/4906/2994 
f 2994/4906/2994 3093/4907/3093 3092/4904/3092 
f 3093/4907/3093 3084/4884/3084 3083/4883/3083 
f 3083/4883/3083 3092/4904/3092 3093/4907/3093 
f 3092/4904/3092 3083/4883/3083 3082/4882/3082 
f 3082/4882/3082 3090/4901/3090 3092/4904/3092 
f 3090/4901/3090 3004/4900/3004 3006/4905/3006 
f 3006/4905/3006 3092/4904/3092 3090/4901/3090 
f 3094/4908/3094 2444/3903/2444 2449/3902/2449 
f 2449/3902/2449 3091/4902/3091 3094/4908/3094 
f 3094/4908/3094 3091/4902/3091 3082/4882/3082 
f 3082/4882/3082 3081/4881/3081 3094/4908/3094 
f 3081/4881/3081 2441/3891/2441 2439/3887/2439 
f 2439/3887/2439 3094/4908/3094 3081/4881/3081 
f 2439/3887/2439 2440/3890/2440 2444/3903/2444 
f 2444/3903/2444 3094/4908/3094 2439/3887/2439 
f 3095/4909/3095 3088/4893/3088 3084/4884/3084 
f 3084/4884/3084 3093/4907/3093 3095/4909/3095 
f 3093/4907/3093 2994/4906/2994 2993/4910/2993 
f 2993/4910/2993 3095/4909/3095 3093/4907/3093 
f 3095/4909/3095 2993/4910/2993 2429/3884/2429 
f 2429/3884/2429 2436/3883/2436 3095/4909/3095 
f 2436/4911/2436 2435/4896/2435 3088/4895/3088 
f 3088/4895/3088 3095/4912/3095 2436/4911/2436 
f 3096/4913/3096 3097/4914/3097 3098/4915/3098 
f 3098/4915/3098 3099/4916/3099 3096/4913/3096 
f 3099/4916/3099 3100/4917/3100 3101/4918/3101 
f 3101/4918/3101 3096/4913/3096 3099/4916/3099 
f 3096/4913/3096 3101/4918/3101 205/282/205 
f 205/282/205 204/281/204 3096/4913/3096 
f 204/281/204 199/280/199 3097/4914/3097 
f 3097/4914/3097 3096/4913/3096 204/281/204 
f 3102/4919/3102 3103/4920/3103 3100/4917/3100 
f 3100/4917/3100 3099/4916/3099 3102/4919/3102 
f 3099/4916/3099 3098/4915/3098 3104/4921/3104 
f 3104/4921/3104 3102/4919/3102 3099/4916/3099 
f 3104/4921/3104 2748/4329/2748 2747/4328/2747 
f 2747/4328/2747 3102/4919/3102 3104/4921/3104 
f 3103/4920/3103 3102/4919/3102 2747/4328/2747 
f 2747/4328/2747 2560/4059/2560 3103/4920/3103 
f 3105/4922/3105 2674/4223/2674 2673/4222/2673 
f 2673/4222/2673 3106/4923/3106 3105/4922/3105 
f 3106/4923/3106 3098/4924/3098 3097/4925/3097 
f 3097/4925/3097 3105/4922/3105 3106/4923/3106 
f 3105/4922/3105 3097/4925/3097 199/269/199 
f 199/269/199 198/268/198 3105/4922/3105 
f 198/268/198 197/267/197 2674/4223/2674 
f 2674/4223/2674 3105/4922/3105 198/268/198 
f 3104/4926/3104 3107/4927/3107 2760/4346/2760 
f 2760/4346/2760 2748/4928/2748 3104/4926/3104 
f 3107/4927/3107 3104/4926/3104 3098/4924/3098 
f 3098/4924/3098 3106/4923/3106 3107/4927/3107 
f 3106/4923/3106 2673/4222/2673 2680/4236/2680 
f 3107/4927/3107 2680/4236/2680 2538/4347/2538 
f 2538/4347/2538 2760/4346/2760 3107/4927/3107 
f 3108/4929/3108 3103/4920/3103 2560/4059/2560 
f 2560/4059/2560 2559/4058/2559 3108/4929/3108 
f 2559/4058/2559 2558/4057/2558 3109/4930/3109 
f 3108/4929/3108 3109/4930/3109 3110/4931/3110 
f 3110/4931/3110 3111/4932/3111 3108/4929/3108 
f 3111/4932/3111 3100/4917/3100 3103/4920/3103 
f 3103/4920/3103 3108/4929/3108 3111/4932/3111 
f 3112/4933/3112 3113/4934/3113 3114/4935/3114 
f 3114/4935/3114 3115/4936/3115 3112/4933/3112 
f 3115/4936/3115 2791/4397/2791 2792/4401/2792 
f 2792/4401/2792 3112/4933/3112 3115/4936/3115 
f 3112/4933/3112 2792/4401/2792 2724/4937/2724 
f 2724/4937/2724 2729/4298/2729 3112/4933/3112 
f 2729/4298/2729 2728/4297/2728 3113/4934/3113 
f 3113/4934/3113 3112/4933/3112 2729/4298/2729 
f 354/504/354 209/503/209 3116/4938/3116 
f 3116/4938/3116 3117/4939/3117 354/504/354 
f 3116/4938/3116 3110/4931/3110 3118/4940/3118 
f 3118/4940/3118 3117/4939/3117 3116/4938/3116 
f 3117/4939/3117 3118/4940/3118 3114/4935/3114 
f 3114/4935/3114 3119/4941/3119 3117/4939/3117 
f 3117/4939/3117 3119/4941/3119 355/505/355 
f 355/505/355 354/504/354 3117/4939/3117 
f 3120/4942/3120 3101/4918/3101 3100/4917/3100 
f 3100/4917/3100 3111/4932/3111 3120/4942/3120 
f 3111/4932/3111 3110/4931/3110 3116/4938/3116 
f 3116/4938/3116 3120/4942/3120 3111/4932/3111 
f 3120/4943/3120 3116/4944/3116 209/287/209 
f 209/287/209 208/286/208 3120/4943/3120 
f 208/4945/208 205/282/205 3101/4918/3101 
f 3101/4918/3101 3120/4942/3120 208/4945/208 
f 3121/4946/3121 2790/4396/2790 2791/4397/2791 
f 2791/4397/2791 3115/4936/3115 3121/4946/3121 
f 3115/4936/3115 3114/4935/3114 3118/4940/3118 
f 3118/4940/3118 3121/4946/3121 3115/4936/3115 
f 3121/4946/3121 3118/4940/3118 3110/4931/3110 
f 3109/4930/3109 2558/4057/2558 2790/4396/2790 
f 2790/4396/2790 3121/4946/3121 3109/4930/3109 
f 361/512/361 355/505/355 3119/4941/3119 
f 3119/4941/3119 3122/4947/3122 361/512/361 
f 3119/4941/3119 3114/4935/3114 3113/4934/3113 
f 3113/4934/3113 3122/4947/3122 3119/4941/3119 
f 3122/4947/3122 3113/4934/3113 2728/4297/2728 
f 2728/4297/2728 2735/4311/2735 3122/4947/3122 
f 361/512/361 3122/4947/3122 2735/4311/2735 
f 2735/4311/2735 260/359/260 361/512/361 
f 3123/4948/3123 2974/4716/2974 2973/4715/2973 
f 2973/4715/2973 2984/4730/2984 3123/4948/3123 
f 3123/4948/3123 2984/4730/2984 2821/4459/2821 
f 2821/4459/2821 3124/4949/3124 3123/4948/3123 
f 3124/4949/3124 3125/4950/3125 3126/4951/3126 
f 3126/4951/3126 3123/4948/3123 3124/4949/3124 
f 3126/4951/3126 2975/4717/2975 2974/4716/2974 
f 2974/4716/2974 3123/4948/3123 3126/4951/3126 
f 3127/4952/3127 2979/4725/2979 2967/4724/2967 
f 2967/4724/2967 3128/4953/3128 3127/4952/3127 
f 3127/4952/3127 3128/4953/3128 3129/4954/3129 
f 3129/4954/3129 3130/4955/3130 3127/4952/3127 
f 3130/4955/3130 2819/4465/2819 2824/4464/2824 
f 2824/4464/2824 3127/4952/3127 3130/4955/3130 
f 3127/4952/3127 2824/4464/2824 2586/4093/2586 
f 2586/4093/2586 2979/4725/2979 3127/4952/3127 
f 1469/2320/1469 1468/2319/1468 3131/4956/3131 
f 3131/4956/3131 3132/4957/3132 1469/2320/1469 
f 3131/4956/3131 3125/4950/3125 3133/4958/3133 
f 3133/4958/3133 3132/4957/3132 3131/4956/3131 
f 3132/4957/3132 3133/4958/3133 3129/4959/3129 
f 3129/4959/3129 3134/4960/3134 3132/4957/3132 
f 3134/4961/3134 1394/2189/1394 1469/4962/1469 
f 1469/4962/1469 3132/4963/3132 3134/4961/3134 
f 3135/4964/3135 2982/4728/2982 2975/4717/2975 
f 2975/4717/2975 3126/4951/3126 3135/4964/3135 
f 3135/4964/3135 3126/4951/3126 3125/4950/3125 
f 3125/4950/3125 3131/4956/3131 3135/4964/3135 
f 3135/4964/3135 3131/4956/3131 1468/2319/1468 
f 1473/2325/1473 1472/2324/1472 2982/4728/2982 
f 3136/4965/3136 2820/4457/2820 2819/4456/2819 
f 2819/4456/2819 3130/4966/3130 3136/4965/3136 
f 3130/4966/3130 3129/4959/3129 3133/4958/3133 
f 3133/4958/3133 3136/4965/3136 3130/4966/3130 
f 3136/4965/3136 3133/4958/3133 3125/4950/3125 
f 3125/4950/3125 3124/4949/3124 3136/4965/3136 
f 3124/4949/3124 2821/4459/2821 2820/4457/2820 
f 2820/4457/2820 3136/4965/3136 3124/4949/3124 
f 3137/4967/3137 3134/4961/3134 3129/4968/3129 
f 3129/4968/3129 3128/4969/3128 3137/4967/3137 
f 3128/4970/3128 2967/4704/2967 2966/4703/2966 
f 2966/4703/2966 3137/4971/3137 3128/4970/3128 
f 3137/4971/3137 2966/4703/2966 1389/4972/1389 
f 3134/4973/3134 3137/4971/3137 1388/4974/1388 
f 1388/4974/1388 1394/4975/1394 3134/4973/3134 
f 3138/4976/3138 3049/4977/3049 2571/4978/2571 
f 2571/4978/2571 2570/4979/2570 3138/4976/3138 
f 2570/4072/2570 2569/4071/2569 3139/4980/3139 
f 3139/4980/3139 3138/4981/3138 2570/4072/2570 
f 3138/4981/3138 3139/4980/3139 3140/4982/3140 
f 3140/4982/3140 3141/4983/3141 3138/4981/3138 
f 3141/4984/3141 3050/4827/3050 3049/4826/3049 
f 3049/4826/3049 3138/4985/3138 3141/4984/3141 
f 3142/4986/3142 3058/4835/3058 3050/4827/3050 
f 3050/4827/3050 3141/4984/3141 3142/4986/3142 
f 3141/4983/3141 3140/4982/3140 3143/4987/3143 
f 3143/4987/3143 3142/4988/3142 3141/4983/3141 
f 3143/4989/3143 1675/4990/1675 1674/4991/1674 
f 1674/4991/1674 3142/4992/3142 3143/4989/3143 
f 1674/2620/1674 1673/2619/1673 3058/4835/3058 
f 3058/4835/3058 3142/4986/3142 1674/2620/1674 
f 3144/4993/3144 3040/4810/3040 1675/4814/1675 
f 1675/4814/1675 3143/4987/3143 3144/4993/3144 
f 3143/4987/3143 3140/4982/3140 3145/4994/3145 
f 3145/4994/3145 3144/4993/3144 3143/4987/3143 
f 3144/4995/3144 3145/4996/3145 3146/4997/3146 
f 3146/4997/3146 3147/4998/3147 3144/4995/3144 
f 3147/4998/3147 3041/4817/3041 3040/4999/3040 
f 3040/4999/3040 3144/4995/3144 3147/4998/3147 
f 3148/5000/3148 2573/4076/2573 2575/5001/2575 
f 2575/5001/2575 3149/5002/3149 3148/5000/3148 
f 3149/5002/3149 3146/5003/3146 3145/4994/3145 
f 3145/4994/3145 3148/5000/3148 3149/5002/3149 
f 3148/5000/3148 3145/4994/3145 3140/4982/3140 
f 3140/4982/3140 3139/4980/3139 3148/5000/3148 
f 3139/4980/3139 2569/4071/2569 2573/4076/2573 
f 2573/4076/2573 3148/5000/3148 3139/4980/3139 
f 3150/5004/3150 2579/4084/2579 2578/4083/2578 
f 2578/4083/2578 3047/4824/3047 3150/5004/3150 
f 3047/4824/3047 3036/4803/3036 3151/5005/3151 
f 3151/5005/3151 3150/5004/3150 3047/4824/3047 
f 3150/5004/3150 3151/5005/3151 3146/5006/3146 
f 3146/5006/3146 3149/5007/3149 3150/5004/3150 
f 3149/5007/3149 2575/4085/2575 2579/4084/2579 
f 2579/4084/2579 3150/5004/3150 3149/5007/3149 
f 3152/5008/3152 3044/4820/3044 3041/5009/3041 
f 3041/5009/3041 3147/5010/3147 3152/5008/3152 
f 3147/5010/3147 3146/5006/3146 3151/5005/3151 
f 3151/5005/3151 3152/5008/3152 3147/5010/3147 
f 3152/5008/3152 3151/5005/3151 3036/4803/3036 
f 3036/4803/3036 3035/4802/3035 3152/5008/3152 
f 3035/4802/3035 3027/4793/3027 3044/4820/3044 
f 3044/4820/3044 3152/5008/3152 3035/4802/3035 
f 3153/5011/3153 2393/3817/2393 2386/3793/2386 
f 3154/5012/3154 3155/5013/3155 3156/5014/3156 
f 3153/5015/3153 3156/5014/3156 2400/3822/2400 
f 2400/3822/2400 2412/3849/2412 3153/5015/3153 
f 2412/3849/2412 2394/3811/2394 2393/3810/2393 
f 2393/3810/2393 3153/5015/3153 2412/3849/2412 
f 3157/5016/3157 3158/5017/3158 3159/5018/3159 
f 3159/5018/3159 3160/5019/3160 3157/5016/3157 
f 3160/5019/3160 2202/3826/2202 2401/3825/2401 
f 2401/3825/2401 3157/5016/3157 3160/5019/3160 
f 2401/3823/2401 2400/3822/2400 3156/5014/3156 
f 3156/5014/3156 3157/5020/3157 2401/3823/2401 
f 3157/5020/3157 3156/5014/3156 3155/5013/3155 
f 3155/5013/3155 3158/5021/3158 3157/5020/3157 
f 3161/5022/3161 3162/5023/3162 3163/5024/3163 
f 3163/5024/3163 3164/5025/3164 3161/5022/3161 
f 3164/5025/3164 2204/3454/2204 2203/3453/2203 
f 2203/3453/2203 3161/5022/3161 3164/5025/3164 
f 3161/5026/3161 2203/3450/2203 2202/3449/2202 
f 2202/3449/2202 3160/5027/3160 3161/5026/3161 
f 3160/5027/3160 3159/5028/3159 3162/5029/3162 
f 3162/5029/3162 3161/5026/3161 3160/5027/3160 
f 3165/5030/3165 3166/5031/3166 3164/5025/3164 
f 3164/5025/3164 3163/5024/3163 3165/5030/3165 
f 3165/5030/3165 3167/5032/3167 3168/5033/3168 
f 3168/5033/3168 3166/5031/3166 3165/5030/3165 
f 3166/5031/3166 3168/5033/3168 2208/3458/2208 
f 2208/3458/2208 2206/3456/2206 3166/5031/3166 
f 3164/5025/3164 3166/5031/3166 2206/3456/2206 
f 2206/3456/2206 2204/3454/2204 3164/5025/3164 
f 3169/5034/3169 3168/5035/3168 3167/5036/3167 
f 3167/5036/3167 3170/5037/3170 3169/5034/3169 
f 3170/5037/3170 3171/5038/3171 3172/5039/3172 
f 3172/5039/3172 3169/5034/3169 3170/5037/3170 
f 3169/5034/3169 3172/5039/3172 2212/3464/2212 
f 2212/3464/2212 2211/3463/2211 3169/5034/3169 
f 2211/3463/2211 2208/3462/2208 3168/5035/3168 
f 3168/5035/3168 3169/5034/3169 2211/3463/2211 
f 3173/5040/3173 3174/5041/3174 3175/5042/3175 
f 3175/5042/3175 3176/5043/3176 3173/5040/3173 
f 3176/5043/3176 2216/3471/2216 2215/3470/2215 
f 2215/3470/2215 3173/5040/3173 3176/5043/3176 
f 3173/5044/3173 2215/3468/2215 2212/3464/2212 
f 2212/3464/2212 3172/5039/3172 3173/5044/3173 
f 3172/5039/3172 3171/5038/3171 3174/5045/3174 
f 3174/5045/3174 3173/5044/3173 3172/5039/3172 
f 3176/5046/3176 3175/5047/3175 3177/5048/3177 
f 3177/5048/3177 3178/5049/3178 3176/5046/3176 
f 3177/5048/3177 3179/5050/3179 3180/5051/3180 
f 3180/5051/3180 3178/5049/3178 3177/5048/3177 
f 2219/3476/2219 3178/5049/3178 3180/5051/3180 
f 3180/5051/3180 2220/3477/2220 2219/3476/2219 
f 3178/5049/3178 2219/3476/2219 2216/3475/2216 
f 2216/3475/2216 3176/5046/3176 3178/5049/3178 
f 3181/5052/3181 2367/3756/2367 2364/5053/2364 
f 2364/5053/2364 3182/5054/3182 3181/5052/3181 
f 3182/5054/3182 3183/5055/3183 3184/5056/3184 
f 3184/5056/3184 3181/5052/3181 3182/5054/3182 
f 3181/5057/3181 3184/5058/3184 2378/3777/2378 
f 2378/3777/2378 2377/3776/2377 3181/5057/3181 
f 2377/3775/2377 2368/3757/2368 2367/3756/2367 
f 2367/3756/2367 3181/5052/3181 2377/3775/2377 
f 3185/5059/3185 3180/5051/3180 3179/5050/3179 
f 3179/5050/3179 3186/5060/3186 3185/5059/3185 
f 3182/5061/3182 3185/5059/3185 3186/5060/3186 
f 3186/5060/3186 3183/5062/3183 3182/5061/3182 
f 3182/5061/3182 2364/3751/2364 2363/3750/2363 
f 2363/3750/2363 3185/5059/3185 3182/5061/3182 
f 2363/3750/2363 2220/3477/2220 3180/5051/3180 
f 3180/5051/3180 3185/5059/3185 2363/3750/2363 
f 3187/5063/3187 3154/5064/3154 2386/3793/2386 
f 2386/3793/2386 2385/3792/2385 3187/5063/3187 
f 2385/3791/2385 2378/3777/2378 3184/5058/3184 
f 3187/5063/3187 3184/5065/3184 3183/5066/3183 
f 3188/5067/3188 3155/5068/3155 3154/5064/3154 
f 3189/5069/3189 3190/5070/3190 3191/5071/3191 
f 3191/5071/3191 3192/5072/3192 3189/5069/3189 
f 3192/5072/3192 3159/5018/3159 3158/5017/3158 
f 3158/5017/3158 3189/5069/3189 3192/5072/3192 
f 3158/5073/3158 3155/5074/3155 3193/5075/3193 
f 3189/5069/3189 3193/5076/3193 3194/5077/3194 
f 3194/5077/3194 3190/5070/3190 3189/5069/3189 
f 3195/5078/3195 3192/5079/3192 3191/5080/3191 
f 3191/5080/3191 3196/5081/3196 3195/5078/3195 
f 3196/5082/3196 3197/5083/3197 3198/5084/3198 
f 3198/5084/3198 3195/5085/3195 3196/5082/3196 
f 3195/5085/3195 3198/5084/3198 3163/5024/3163 
f 3163/5024/3163 3162/5023/3162 3195/5085/3195 
f 3195/5078/3195 3162/5029/3162 3159/5028/3159 
f 3159/5028/3159 3192/5079/3192 3195/5078/3195 
f 3199/5086/3199 3198/5084/3198 3197/5083/3197 
f 3197/5083/3197 3200/5087/3200 3199/5086/3199 
f 3200/5087/3200 3201/5088/3201 3202/5089/3202 
f 3202/5089/3202 3199/5086/3199 3200/5087/3200 
f 3199/5086/3199 3202/5089/3202 3167/5032/3167 
f 3167/5032/3167 3165/5030/3165 3199/5086/3199 
f 3165/5030/3165 3163/5024/3163 3198/5084/3198 
f 3198/5084/3198 3199/5086/3199 3165/5030/3165 
f 3203/5090/3203 3202/5091/3202 3201/5092/3201 
f 3201/5092/3201 3204/5093/3204 3203/5090/3203 
f 3205/5094/3205 3203/5090/3203 3204/5093/3204 
f 3204/5093/3204 3206/5095/3206 3205/5094/3205 
f 3205/5094/3205 3171/5038/3171 3170/5037/3170 
f 3170/5037/3170 3203/5090/3203 3205/5094/3205 
f 3170/5037/3170 3167/5036/3167 3202/5091/3202 
f 3202/5091/3202 3203/5090/3203 3170/5037/3170 
f 3207/5096/3207 3208/5097/3208 3209/5098/3209 
f 3209/5098/3209 3210/5099/3210 3207/5096/3207 
f 3210/5099/3210 3175/5100/3175 3174/5045/3174 
f 3174/5045/3174 3207/5096/3207 3210/5099/3210 
f 3207/5096/3207 3174/5045/3174 3171/5038/3171 
f 3171/5038/3171 3205/5094/3205 3207/5096/3207 
f 3205/5094/3205 3206/5095/3206 3208/5097/3208 
f 3208/5097/3208 3207/5096/3207 3205/5094/3205 
f 3211/5101/3211 3196/5081/3196 3191/5080/3191 
f 3191/5080/3191 3212/5102/3212 3211/5101/3211 
f 3212/5103/3212 3213/5104/3213 3214/5105/3214 
f 3214/5105/3214 3211/5106/3211 3212/5103/3212 
f 3211/5106/3211 3214/5105/3214 3215/5107/3215 
f 3215/5107/3215 3216/5108/3216 3211/5106/3211 
f 3196/5082/3196 3211/5109/3211 3216/5110/3216 
f 3216/5110/3216 3197/5083/3197 3196/5082/3196 
f 3217/5111/3217 3216/5110/3216 3215/5112/3215 
f 3215/5112/3215 3218/5113/3218 3217/5111/3217 
f 3217/5114/3217 3218/5115/3218 3219/5116/3219 
f 3219/5116/3219 3220/5117/3220 3217/5114/3217 
f 3217/5111/3217 3220/5118/3220 3201/5088/3201 
f 3201/5088/3201 3200/5087/3200 3217/5111/3217 
f 3200/5087/3200 3197/5083/3197 3216/5110/3216 
f 3216/5110/3216 3217/5111/3217 3200/5087/3200 
f 3221/5119/3221 3222/5120/3222 3223/5121/3223 
f 3223/5121/3223 3224/5122/3224 3221/5119/3221 
f 3224/5122/3224 3179/5050/3179 3177/5048/3177 
f 3177/5048/3177 3221/5119/3221 3224/5122/3224 
f 3221/5119/3221 3177/5048/3177 3175/5047/3175 
f 3175/5047/3175 3210/5123/3210 3221/5119/3221 
f 3210/5123/3210 3209/5124/3209 3222/5120/3222 
f 3222/5120/3222 3221/5119/3221 3210/5123/3210 
f 3225/5125/3225 3220/5126/3220 3219/5127/3219 
f 3219/5127/3219 3226/5128/3226 3225/5125/3225 
f 3225/5125/3225 3226/5128/3226 3227/5129/3227 
f 3227/5129/3227 3228/5130/3228 3225/5125/3225 
f 3225/5125/3225 3228/5130/3228 3206/5095/3206 
f 3206/5095/3206 3204/5093/3204 3225/5125/3225 
f 3204/5093/3204 3201/5092/3201 3220/5126/3220 
f 3220/5126/3220 3225/5125/3225 3204/5093/3204 
f 3229/5131/3229 3214/5105/3214 3213/5104/3213 
f 3213/5104/3213 3230/5132/3230 3229/5131/3229 
f 3230/5132/3230 3227/5133/3227 3226/5134/3226 
f 3226/5134/3226 3229/5131/3229 3230/5132/3230 
f 3229/5131/3229 3226/5134/3226 3219/5135/3219 
f 3219/5135/3219 3218/5136/3218 3229/5131/3229 
f 3218/5136/3218 3215/5107/3215 3214/5105/3214 
f 3214/5105/3214 3229/5131/3229 3218/5136/3218 
f 3231/5137/3231 3232/5138/3232 3233/5139/3233 
f 3233/5139/3233 3234/5140/3234 3231/5137/3231 
f 3234/5141/3234 3235/5142/3235 3236/5143/3236 
f 3236/5143/3236 3231/5144/3231 3234/5141/3234 
f 3231/5137/3231 3236/5145/3236 3227/5133/3227 
f 3227/5133/3227 3230/5132/3230 3231/5137/3231 
f 3230/5132/3230 3213/5104/3213 3232/5138/3232 
f 3232/5138/3232 3231/5137/3231 3230/5132/3230 
f 3237/5146/3237 3208/5097/3208 3206/5095/3206 
f 3206/5095/3206 3228/5130/3228 3237/5146/3237 
f 3228/5130/3228 3227/5129/3227 3236/5147/3236 
f 3236/5147/3236 3237/5146/3237 3228/5130/3228 
f 3237/5148/3237 3236/5143/3236 3235/5142/3235 
f 3235/5142/3235 3238/5149/3238 3237/5148/3237 
f 3238/5150/3238 3209/5098/3209 3208/5097/3208 
f 3208/5097/3208 3237/5146/3237 3238/5150/3238 
f 3239/5151/3239 3240/5152/3240 3241/5153/3241 
f 3241/5153/3241 3242/5154/3242 3239/5151/3239 
f 3242/5155/3242 3194/5156/3194 3193/5157/3193 
f 3239/5158/3239 3193/5157/3193 3155/5159/3155 
f 3188/5160/3188 3183/5062/3183 3240/5152/3240 
f 3240/5152/3240 3239/5151/3239 3188/5160/3188 
f 3190/5070/3190 3194/5077/3194 3243/5161/3243 
f 3243/5161/3243 3244/5162/3244 3190/5070/3190 
f 3243/5163/3243 3233/5164/3233 3232/5165/3232 
f 3232/5165/3232 3244/5166/3244 3243/5163/3243 
f 3244/5167/3244 3232/5138/3232 3213/5104/3213 
f 3213/5104/3213 3212/5103/3212 3244/5167/3244 
f 3212/5168/3212 3191/5071/3191 3190/5070/3190 
f 3190/5070/3190 3244/5162/3244 3212/5168/3212 
f 3245/5169/3245 3241/5153/3241 3240/5152/3240 
f 3240/5152/3240 3183/5062/3183 3186/5060/3186 
f 3186/5060/3186 3179/5050/3179 3224/5122/3224 
f 3224/5122/3224 3223/5121/3223 3245/5169/3245 
f 3246/5170/3246 3247/5171/3247 3248/5172/3248 
f 3248/5172/3248 3249/5173/3249 3246/5170/3246 
f 3249/5173/3249 3233/5174/3233 3250/5175/3250 
f 3250/5175/3250 3246/5170/3246 3249/5173/3249 
f 3246/5170/3246 3250/5175/3250 3241/5153/3241 
f 3241/5153/3241 3245/5169/3245 3246/5170/3246 
f 3245/5169/3245 3223/5121/3223 3247/5171/3247 
f 3247/5171/3247 3246/5170/3246 3245/5169/3245 
f 3250/5175/3250 3233/5174/3233 3243/5176/3243 
f 3251/5177/3251 3243/5163/3243 3194/5156/3194 
f 3194/5156/3194 3242/5155/3242 3251/5177/3251 
f 3242/5154/3242 3241/5153/3241 3250/5175/3250 
f 3250/5175/3250 3251/5178/3251 3242/5154/3242 
f 3252/5179/3252 3253/5180/3253 3235/5142/3235 
f 3235/5142/3235 3234/5141/3234 3252/5179/3252 
f 3234/5141/3234 3233/5174/3233 3249/5173/3249 
f 3249/5173/3249 3252/5179/3252 3234/5141/3234 
f 3249/5173/3249 3248/5172/3248 3253/5180/3253 
f 3253/5180/3253 3252/5179/3252 3249/5173/3249 
f 3254/5181/3254 3222/5120/3222 3209/5124/3209 
f 3209/5124/3209 3238/5149/3238 3254/5181/3254 
f 3238/5149/3238 3235/5142/3235 3253/5180/3253 
f 3253/5180/3253 3254/5181/3254 3238/5149/3238 
f 3254/5181/3254 3253/5180/3253 3248/5172/3248 
f 3248/5172/3248 3247/5171/3247 3254/5181/3254 
f 3247/5171/3247 3223/5121/3223 3222/5120/3222 
f 3222/5120/3222 3254/5181/3254 3247/5171/3247 
f 3255/5182/3255 3256/5183/3256 3257/5184/3257 
f 3257/5184/3257 3258/5185/3258 3255/5182/3255 
f 3257/5184/3257 9/5186/9 2518/4001/2518 
f 2518/4001/2518 3258/5185/3258 3257/5184/3257 
f 3258/5185/3258 2518/4001/2518 2515/4000/2515 
f 3258/5187/3258 3259/5188/3259 3260/5189/3260 
f 3260/5189/3260 3255/5190/3255 3258/5187/3258 
f 3261/5191/3261 3262/5192/3262 3263/5193/3263 
f 3264/5194/3264 3/3/3 2/2/2 
f 3261/5195/3261 2/2/2 9/9/9 
f 9/9/9 3257/5196/3257 3261/5195/3261 
f 3261/5191/3261 3257/5184/3257 3256/5183/3256 
f 3256/5183/3256 3262/5192/3262 3261/5191/3261 
f 3265/5197/3265 3266/5198/3266 3267/5199/3267 
f 3267/5199/3267 3268/5200/3268 3265/5197/3265 
f 3268/5200/3268 3269/5201/3269 3270/5202/3270 
f 3270/5202/3270 3265/5197/3265 3268/5200/3268 
f 3265/5203/3265 3270/5204/3270 3263/5193/3263 
f 3263/5193/3263 3262/5192/3262 3265/5203/3265 
f 3262/5192/3262 3256/5183/3256 3266/5205/3266 
f 3266/5205/3266 3265/5203/3265 3262/5192/3262 
f 3268/5200/3268 3267/5199/3267 3271/5206/3271 
f 3271/5206/3271 3272/5207/3272 3268/5200/3268 
f 3272/5207/3272 3271/5206/3271 42/5208/42 
f 42/5208/42 40/5209/40 3272/5207/3272 
f 40/5209/40 39/5210/39 3273/5211/3273 
f 3272/5207/3272 3273/5211/3273 3269/5201/3269 
f 3269/5201/3269 3268/5200/3268 3272/5207/3272 
f 3274/5212/3274 3275/5213/3275 3276/5214/3276 
f 3276/5214/3276 3277/5215/3277 3274/5212/3274 
f 3277/5215/3277 3276/5214/3276 23/28/23 
f 3277/5215/3277 22/27/22 3/5216/3 
f 3/5216/3 3264/5217/3264 3277/5215/3277 
f 3264/5217/3264 3263/5218/3263 3274/5212/3274 
f 3274/5212/3274 3277/5215/3277 3264/5217/3264 
f 3278/5219/3278 3279/5220/3279 3275/5221/3275 
f 3275/5221/3275 3274/5222/3274 3278/5219/3278 
f 3278/5223/3278 3274/5212/3274 3263/5218/3263 
f 3270/5202/3270 3269/5201/3269 3280/5224/3280 
f 3280/5225/3280 3281/5226/3281 3279/5220/3279 
f 3279/5220/3279 3278/5219/3278 3280/5225/3280 
f 3282/5227/3282 3280/5228/3280 3269/5229/3269 
f 3273/5230/3273 39/5231/39 72/5232/72 
f 72/5232/72 52/5233/52 3283/5234/3283 
f 3283/5234/3283 3282/5235/3282 72/5232/72 
f 3282/5235/3282 3283/5234/3283 3281/5226/3281 
f 3281/5226/3281 3280/5225/3280 3282/5235/3282 
f 3284/5236/3284 3285/5237/3285 32/41/32 
f 32/41/32 36/48/36 3284/5236/3284 
f 36/48/36 23/28/23 3276/5214/3276 
f 3276/5214/3276 3284/5236/3284 36/48/36 
f 3284/5236/3284 3276/5214/3276 3275/5213/3275 
f 3275/5213/3275 3286/5238/3286 3284/5236/3284 
f 3286/5238/3286 3287/5239/3287 3285/5237/3285 
f 3285/5237/3285 3284/5236/3284 3286/5238/3286 
f 3288/5240/3288 3289/5241/3289 3287/5239/3287 
f 3287/5239/3287 3286/5238/3286 3288/5240/3288 
f 3286/5238/3286 3275/5213/3275 3279/5242/3279 
f 3279/5242/3279 3288/5240/3288 3286/5238/3286 
f 3288/5240/3288 3279/5242/3279 3281/5243/3281 
f 3281/5243/3281 3290/5244/3290 3288/5240/3288 
f 3290/5244/3290 3291/5245/3291 3289/5241/3289 
f 3289/5241/3289 3288/5240/3288 3290/5244/3290 
f 3290/5244/3290 3281/5243/3281 3283/5246/3283 
f 3283/5246/3283 3292/5247/3292 3290/5244/3290 
f 3292/5247/3292 3283/5246/3283 52/5248/52 
f 52/5248/52 51/63/51 3292/5247/3292 
f 51/63/51 50/62/50 3293/5249/3293 
f 3293/5249/3293 3292/5247/3292 51/63/51 
f 3292/5247/3292 3293/5249/3293 3291/5245/3291 
f 3291/5245/3291 3290/5244/3290 3292/5247/3292 
f 3294/5250/3294 3295/5251/3295 34/44/34 
f 34/44/34 33/43/33 3294/5250/3294 
f 33/42/33 32/41/32 3285/5237/3285 
f 3285/5237/3285 3294/5252/3294 33/42/33 
f 3294/5252/3294 3285/5237/3285 3287/5239/3287 
f 3287/5239/3287 3296/5253/3296 3294/5252/3294 
f 3296/5253/3296 3297/5254/3297 3295/5255/3295 
f 3295/5255/3295 3294/5252/3294 3296/5253/3296 
f 3298/5256/3298 3299/5257/3299 3297/5254/3297 
f 3297/5254/3297 3296/5253/3296 3298/5256/3298 
f 3296/5253/3296 3287/5239/3287 3289/5241/3289 
f 3289/5241/3289 3298/5256/3298 3296/5253/3296 
f 3298/5256/3298 3289/5241/3289 3291/5245/3291 
f 3291/5245/3291 3300/5258/3300 3298/5256/3298 
f 3300/5258/3300 3301/5259/3301 3299/5257/3299 
f 3299/5257/3299 3298/5256/3298 3300/5258/3300 
f 3300/5258/3300 3291/5245/3291 3293/5249/3293 
f 3293/5249/3293 3302/5260/3302 3300/5258/3300 
f 3302/5260/3302 3293/5249/3293 50/62/50 
f 50/62/50 67/81/67 3302/5260/3302 
f 67/81/67 66/80/66 3303/5261/3303 
f 3303/5261/3303 3302/5260/3302 67/81/67 
f 3302/5260/3302 3303/5261/3303 3301/5259/3301 
f 3301/5259/3301 3300/5258/3300 3302/5260/3302 
f 3304/5262/3304 3305/5263/3305 3306/5264/3306 
f 3306/5264/3306 3307/5265/3307 3304/5262/3304 
f 3307/5265/3307 3306/5264/3306 59/73/59 
f 59/73/59 58/72/58 3307/5265/3307 
f 58/72/58 57/71/57 3308/5266/3308 
f 3308/5266/3308 3307/5265/3307 58/72/58 
f 3307/5265/3307 3308/5266/3308 3309/5267/3309 
f 3309/5267/3309 3304/5262/3304 3307/5265/3307 
f 3310/5268/3310 3311/5269/3311 3312/5270/3312 
f 3312/5270/3312 3313/5271/3313 3310/5268/3310 
f 3310/5268/3310 3313/5271/3313 3314/5272/3314 
f 3314/5272/3314 3315/5273/3315 3310/5268/3310 
f 3315/5273/3315 1802/2809/1802 1798/2808/1798 
f 1798/2808/1798 3310/5268/3310 3315/5273/3315 
f 3310/5268/3310 1798/2808/1798 1801/5274/1801 
f 1801/5274/1801 3311/5269/3311 3310/5268/3310 
f 3316/5275/3316 3317/5276/3317 3305/5263/3305 
f 3305/5263/3305 3304/5262/3304 3316/5275/3316 
f 3304/5262/3304 3309/5267/3309 3318/5277/3318 
f 3318/5277/3318 3316/5275/3316 3304/5262/3304 
f 3316/5275/3316 3318/5277/3318 3314/5272/3314 
f 3314/5272/3314 3313/5271/3313 3316/5275/3316 
f 3313/5271/3313 3312/5270/3312 3317/5276/3317 
f 3317/5276/3317 3316/5275/3316 3313/5271/3313 
f 3319/5278/3319 3312/5270/3312 3311/5269/3311 
f 3311/5269/3311 3320/5279/3320 3319/5278/3319 
f 3311/5269/3311 1801/5274/1801 2636/5280/2636 
f 2636/5280/2636 3320/5279/3320 3311/5269/3311 
f 3321/5281/3321 3320/5279/3320 2636/5280/2636 
f 2636/5280/2636 2625/5282/2625 3321/5281/3321 
f 3320/5279/3320 3321/5281/3321 3322/5283/3322 
f 3322/5283/3322 3319/5278/3319 3320/5279/3320 
f 3323/5284/3323 3324/5285/3324 3325/5286/3325 
f 3325/5286/3325 3326/5287/3326 3323/5284/3323 
f 3326/5287/3326 2268/3567/2268 2270/3569/2270 
f 2270/3569/2270 3323/5284/3323 3326/5287/3326 
f 3323/5284/3323 2270/3569/2270 1802/2809/1802 
f 1802/2809/1802 3315/5273/3315 3323/5284/3323 
f 3315/5273/3315 3314/5272/3314 3324/5285/3324 
f 3324/5285/3324 3323/5284/3323 3315/5273/3315 
f 3327/5288/3327 3328/5289/3328 3329/5290/3329 
f 3329/5290/3329 3330/5291/3330 3327/5288/3327 
f 3327/5288/3327 3330/5291/3330 1812/2829/1812 
f 1812/2829/1812 2269/3568/2269 3327/5288/3327 
f 3327/5288/3327 2269/3568/2269 2268/3567/2268 
f 2268/3567/2268 3326/5287/3326 3327/5288/3327 
f 3326/5287/3326 3325/5286/3325 3328/5289/3328 
f 3328/5289/3328 3327/5288/3327 3326/5287/3326 
f 3331/5292/3331 3325/5286/3325 3324/5285/3324 
f 3324/5285/3324 3332/5293/3332 3331/5292/3331 
f 3332/5293/3332 3324/5285/3324 3314/5272/3314 
f 3314/5272/3314 3318/5277/3318 3332/5293/3332 
f 3332/5293/3332 3318/5277/3318 3309/5267/3309 
f 3309/5267/3309 3333/5294/3333 3332/5293/3332 
f 3332/5293/3332 3333/5294/3333 3334/5295/3334 
f 3334/5295/3334 3331/5292/3331 3332/5293/3332 
f 3333/5294/3333 3309/5267/3309 3308/5266/3308 
f 3308/5266/3308 3335/5296/3335 3333/5294/3333 
f 3335/5296/3335 3308/5266/3308 57/71/57 
f 57/71/57 2458/3919/2458 3335/5296/3335 
f 3335/5296/3335 2458/3919/2458 2457/3918/2457 
f 2457/3918/2457 3336/5297/3336 3335/5296/3335 
f 3336/5297/3336 3334/5295/3334 3333/5294/3333 
f 3333/5294/3333 3335/5296/3335 3336/5297/3336 
f 3337/5298/3337 3338/5299/3338 3339/5300/3339 
f 3339/5300/3339 3340/5301/3340 3337/5298/3337 
f 3340/5301/3340 3339/5300/3339 1805/2848/1805 
f 1805/2848/1805 1804/5302/1804 3340/5301/3340 
f 1804/2818/1804 1812/2829/1812 3330/5291/3330 
f 3330/5291/3330 3340/5303/3340 1804/2818/1804 
f 3340/5303/3340 3330/5291/3330 3329/5290/3329 
f 3329/5290/3329 3337/5304/3337 3340/5303/3340 
f 3341/5305/3341 3329/5290/3329 3328/5289/3328 
f 3328/5289/3328 3342/5306/3342 3341/5305/3341 
f 3342/5306/3342 3328/5289/3328 3325/5286/3325 
f 3325/5286/3325 3331/5292/3331 3342/5306/3342 
f 3331/5292/3331 3334/5295/3334 3343/5307/3343 
f 3343/5307/3343 3342/5306/3342 3331/5292/3331 
f 3342/5306/3342 3343/5307/3343 3344/5308/3344 
f 3344/5308/3344 3341/5305/3341 3342/5306/3342 
f 3345/5309/3345 3343/5307/3343 3334/5295/3334 
f 3334/5295/3334 3336/5297/3336 3345/5309/3345 
f 3336/5297/3336 2457/3918/2457 2464/3925/2464 
f 2464/3925/2464 3345/5309/3345 3336/5297/3336 
f 3345/5309/3345 2464/3925/2464 2463/3924/2463 
f 2463/3924/2463 3346/5310/3346 3345/5309/3345 
f 3346/5310/3346 3344/5308/3344 3343/5307/3343 
f 3343/5307/3343 3345/5309/3345 3346/5310/3346 
f 3347/5311/3347 3348/5312/3348 3338/5313/3338 
f 3338/5313/3338 3337/5304/3337 3347/5311/3347 
f 3337/5304/3337 3329/5290/3329 3341/5305/3341 
f 3341/5305/3341 3347/5311/3347 3337/5304/3337 
f 3341/5305/3341 3344/5308/3344 3349/5314/3349 
f 3349/5314/3349 3347/5311/3347 3341/5305/3341 
f 3349/5314/3349 3350/5315/3350 3348/5312/3348 
f 3348/5312/3348 3347/5311/3347 3349/5314/3349 
f 3351/5316/3351 3349/5314/3349 3344/5308/3344 
f 3344/5308/3344 3346/5310/3346 3351/5316/3351 
f 3346/5310/3346 2463/3924/2463 2492/5317/2492 
f 2492/5317/2492 3351/5316/3351 3346/5310/3346 
f 2492/5317/2492 2491/5318/2491 3352/5319/3352 
f 3352/5319/3352 3351/5316/3351 2492/5317/2492 
f 3351/5316/3351 3352/5319/3352 3350/5315/3350 
f 3350/5315/3350 3349/5314/3349 3351/5316/3351 
f 3353/5320/3353 3354/5321/3354 1822/5322/1822 
f 1821/2849/1821 1805/2848/1805 3339/5300/3339 
f 3339/5300/3339 3353/5323/3353 1821/2849/1821 
f 3353/5323/3353 3339/5300/3339 3338/5299/3338 
f 3338/5299/3338 3355/5324/3355 3353/5323/3353 
f 3355/5325/3355 3356/5326/3356 3354/5327/3354 
f 3354/5327/3354 3353/5328/3353 3355/5325/3355 
f 3357/5329/3357 3358/5330/3358 3356/5326/3356 
f 3356/5326/3356 3355/5325/3355 3357/5329/3357 
f 3355/5324/3355 3338/5299/3338 3348/5331/3348 
f 3348/5331/3348 3357/5332/3357 3355/5324/3355 
f 3357/5332/3357 3348/5331/3348 3350/5333/3350 
f 3350/5333/3350 3359/5334/3359 3357/5332/3357 
f 3359/5334/3359 3360/5335/3360 3358/5336/3358 
f 3359/5334/3359 3350/5333/3350 3352/5337/3352 
f 3352/5337/3352 3361/5338/3361 3359/5334/3359 
f 3361/5338/3361 3352/5337/3352 2491/3962/2491 
f 2491/3962/2491 2498/3974/2498 3361/5338/3361 
f 2498/3974/2498 2497/3973/2497 3362/5339/3362 
f 3362/5339/3362 3361/5338/3361 2498/3974/2498 
f 3361/5338/3361 3362/5339/3362 3360/5335/3360 
f 3363/5340/3363 3364/5341/3364 3365/5342/3365 
f 3365/5342/3365 3366/5343/3366 3363/5340/3363 
f 3366/5343/3366 3365/5342/3365 1795/3233/1795 
f 1795/3233/1795 2078/3232/2078 3366/5343/3366 
f 2078/3232/2078 2077/3231/2077 3367/5344/3367 
f 3367/5344/3367 3366/5343/3366 2078/3232/2078 
f 3366/5343/3366 3367/5344/3367 3368/5345/3368 
f 3368/5345/3368 3363/5340/3363 3366/5343/3366 
f 3369/5346/3369 3367/5344/3367 2077/3231/2077 
f 2077/3231/2077 2264/3562/2264 3369/5346/3369 
f 2264/3562/2264 1822/3561/1822 3354/5327/3354 
f 3354/5327/3354 3369/5346/3369 2264/3562/2264 
f 3369/5346/3369 3354/5327/3354 3356/5326/3356 
f 3356/5326/3356 3370/5347/3370 3369/5346/3369 
f 3370/5347/3370 3368/5345/3368 3367/5344/3367 
f 3367/5344/3367 3369/5346/3369 3370/5347/3370 
f 3371/5348/3371 3372/5349/3372 3368/5345/3368 
f 3368/5345/3368 3370/5347/3370 3371/5348/3371 
f 3370/5347/3370 3356/5326/3356 3358/5330/3358 
f 3358/5330/3358 3371/5348/3371 3370/5347/3370 
f 3371/5348/3371 3358/5330/3358 3360/5350/3360 
f 3360/5350/3360 3373/5351/3373 3371/5348/3371 
f 3373/5351/3373 3374/5352/3374 3372/5349/3372 
f 3372/5349/3372 3371/5348/3371 3373/5351/3373 
f 3373/5351/3373 3360/5350/3360 3362/5353/3362 
f 3362/5353/3362 3375/5354/3375 3373/5351/3373 
f 3375/5354/3375 3362/5353/3362 2497/5355/2497 
f 2497/5355/2497 2501/3979/2501 3375/5354/3375 
f 2501/3979/2501 2473/3934/2473 3376/5356/3376 
f 3376/5356/3376 3375/5354/3375 2501/3979/2501 
f 3375/5354/3375 3376/5356/3376 3374/5352/3374 
f 3374/5352/3374 3373/5351/3373 3375/5354/3375 
f 3377/5357/3377 3378/5358/3378 3379/5359/3379 
f 3379/5359/3379 3380/5360/3380 3377/5357/3377 
f 1796/2802/1796 3377/5357/3377 3380/5360/3380 
f 3380/5360/3380 1797/2803/1797 1796/2802/1796 
f 1796/2802/1796 1795/2801/1795 3365/5361/3365 
f 3365/5361/3365 3377/5357/3377 1796/2802/1796 
f 3377/5362/3377 3365/5342/3365 3364/5341/3364 
f 3364/5341/3364 3378/5363/3378 3377/5362/3377 
f 3381/5364/3381 3382/5365/3382 3364/5341/3364 
f 3364/5341/3364 3363/5340/3363 3381/5364/3381 
f 3363/5340/3363 3368/5345/3368 3372/5349/3372 
f 3372/5349/3372 3381/5364/3381 3363/5340/3363 
f 3381/5364/3381 3372/5349/3372 3374/5352/3374 
f 3374/5352/3374 3383/5366/3383 3381/5364/3381 
f 3383/5366/3383 3384/5367/3384 3382/5365/3382 
f 3382/5365/3382 3381/5364/3381 3383/5366/3383 
f 3383/5366/3383 3374/5352/3374 3376/5356/3376 
f 3376/5356/3376 3385/5368/3385 3383/5366/3383 
f 3385/5368/3385 3376/5356/3376 2473/3934/2473 
f 2473/3934/2473 2472/3933/2472 3385/5368/3385 
f 2472/3933/2472 2471/3932/2471 3386/5369/3386 
f 3386/5369/3386 3385/5368/3385 2472/3933/2472 
f 3385/5368/3385 3386/5369/3386 3384/5367/3384 
f 3384/5367/3384 3383/5366/3383 3385/5368/3385 
f 3387/5370/3387 3379/5359/3379 3378/5358/3378 
f 3378/5358/3378 3388/5371/3388 3387/5370/3387 
f 3378/5363/3378 3364/5341/3364 3382/5365/3382 
f 3382/5365/3382 3388/5372/3388 3378/5363/3378 
f 3388/5372/3388 3382/5365/3382 3384/5367/3384 
f 3384/5367/3384 3389/5373/3389 3388/5372/3388 
f 3388/5371/3388 3389/5374/3389 3390/5375/3390 
f 3390/5375/3390 3387/5370/3387 3388/5371/3388 
f 3389/5373/3389 3384/5367/3384 3386/5369/3386 
f 3386/5369/3386 3391/5376/3391 3389/5373/3389 
f 3391/5377/3391 3386/5378/3386 2471/3944/2471 
f 2471/3944/2471 2479/3943/2479 3391/5377/3391 
f 3391/5379/3391 2479/3940/2479 2478/3939/2478 
f 2478/3939/2478 3392/5380/3392 3391/5379/3391 
f 3392/5381/3392 3390/5375/3390 3389/5374/3389 
f 3389/5374/3389 3391/5377/3391 3392/5381/3392 
f 3393/5382/3393 2647/4184/2647 2646/4183/2646 
f 2646/4183/2646 3394/5383/3394 3393/5382/3393 
f 3394/5383/3394 2646/4183/2646 1797/2803/1797 
f 1797/2803/1797 3380/5360/3380 3394/5383/3394 
f 3380/5360/3380 3379/5359/3379 3395/5384/3395 
f 3395/5384/3395 3394/5383/3394 3380/5360/3380 
f 3394/5383/3394 3395/5384/3395 3396/5385/3396 
f 3396/5385/3396 3393/5382/3393 3394/5383/3394 
f 3397/5386/3397 3396/5387/3396 3395/5388/3395 
f 3395/5388/3395 3398/5389/3398 3397/5386/3397 
f 3398/5390/3398 3395/5384/3395 3379/5359/3379 
f 3379/5359/3379 3387/5370/3387 3398/5390/3398 
f 3387/5370/3387 3390/5375/3390 3399/5391/3399 
f 3399/5391/3399 3398/5390/3398 3387/5370/3387 
f 3398/5389/3398 3399/5392/3399 3400/5393/3400 
f 3400/5393/3400 3397/5386/3397 3398/5389/3398 
f 3401/5394/3401 3402/5395/3402 3403/5396/3403 
f 3403/5396/3403 3404/5397/3404 3401/5394/3401 
f 3404/5397/3404 2653/4198/2653 2652/5398/2652 
f 2652/5398/2652 3401/5394/3401 3404/5397/3404 
f 3401/5394/3401 2652/5398/2652 2647/5399/2647 
f 2647/5399/2647 3393/5400/3393 3401/5394/3401 
f 3393/5400/3393 3396/5387/3396 3402/5395/3402 
f 3402/5395/3402 3401/5394/3401 3393/5400/3393 
f 3405/5401/3405 3399/5391/3399 3390/5375/3390 
f 3390/5375/3390 3392/5381/3392 3405/5401/3405 
f 3392/5402/3392 2478/3948/2478 2481/3947/2481 
f 2481/3947/2481 3405/5403/3405 3392/5402/3392 
f 3405/5404/3405 2481/5405/2481 3406/5406/3406 
f 3406/5406/3406 3407/5407/3407 3405/5404/3405 
f 3407/5408/3407 3400/5409/3400 3399/5391/3399 
f 3399/5391/3399 3405/5401/3405 3407/5408/3407 
f 3408/5410/3408 3409/5411/3409 79/134/79 
f 79/134/79 78/5412/78 3408/5410/3408 
f 78/98/78 77/97/77 3410/5413/3410 
f 3410/5413/3410 3408/5414/3408 78/98/78 
f 3411/5415/3411 3408/5416/3408 3410/5417/3410 
f 3410/5417/3410 3412/5418/3412 3411/5415/3411 
f 3411/5419/3411 3413/5420/3413 3409/5411/3409 
f 3409/5411/3409 3408/5410/3408 3411/5419/3411 
f 3414/5421/3414 2504/3985/2504 3415/5422/3415 
f 3415/5422/3415 3416/5423/3416 3414/5421/3414 
f 3416/5423/3416 3415/5422/3415 3417/5424/3417 
f 3417/5424/3417 3418/5425/3418 3416/5423/3416 
f 3419/5426/3419 3417/5424/3417 3415/5422/3415 
f 3415/5422/3415 3420/5427/3420 3419/5426/3419 
f 3420/5427/3420 3415/5422/3415 2504/3985/2504 
f 2504/3985/2504 3421/5428/3421 3420/5427/3420 
f 3421/5428/3421 3422/5429/3422 3423/5430/3423 
f 3423/5430/3423 3420/5427/3420 3421/5428/3421 
f 3420/5427/3420 3423/5430/3423 3424/5431/3424 
f 3424/5431/3424 3419/5426/3419 3420/5427/3420 
f 3425/5432/3425 3423/5430/3423 3422/5429/3422 
f 3422/5429/3422 3426/5433/3426 3425/5432/3425 
f 3426/5433/3426 3413/5420/3413 3411/5419/3411 
f 3411/5419/3411 3425/5432/3425 3426/5433/3426 
f 3425/5434/3425 3411/5415/3411 3412/5418/3412 
f 3412/5418/3412 3427/5435/3427 3425/5434/3425 
f 3427/5435/3427 3424/5436/3424 3423/5437/3423 
f 3423/5437/3423 3425/5434/3425 3427/5435/3427 
f 3428/5438/3428 3429/5439/3429 101/5440/101 
f 101/5440/101 100/5441/100 3428/5438/3428 
f 100/135/100 79/134/79 3409/5411/3409 
f 3409/5411/3409 3428/5442/3428 100/135/100 
f 3428/5442/3428 3409/5411/3409 3413/5420/3413 
f 3413/5420/3413 3430/5443/3430 3428/5442/3428 
f 3430/5444/3430 3431/5445/3431 3429/5439/3429 
f 3429/5439/3429 3428/5438/3428 3430/5444/3430 
f 3432/5446/3432 3431/5447/3431 3430/5443/3430 
f 3433/5448/3433 3430/5443/3430 3413/5420/3413 
f 3413/5420/3413 3426/5433/3426 3433/5448/3433 
f 3426/5433/3426 3422/5429/3422 3434/5449/3434 
f 3434/5449/3434 3433/5448/3433 3426/5433/3426 
f 3433/5448/3433 3434/5449/3434 3435/5450/3435 
f 3435/5450/3435 3432/5446/3432 3433/5448/3433 
f 3436/5451/3436 3434/5449/3434 3422/5429/3422 
f 3422/5429/3422 3421/5428/3421 3436/5451/3436 
f 3421/5428/3421 2504/3985/2504 2508/3989/2508 
f 2508/3989/2508 3436/5451/3436 3421/5428/3421 
f 3436/5451/3436 2508/3989/2508 2507/3988/2507 
f 2507/3988/2507 3437/5452/3437 3436/5451/3436 
f 3437/5452/3437 3435/5450/3435 3434/5449/3434 
f 3434/5449/3434 3436/5451/3436 3437/5452/3437 
f 3438/5453/3438 3439/5454/3439 715/1115/715 
f 715/1115/715 714/1114/714 3438/5453/3438 
f 714/1114/714 101/1113/101 3429/5455/3429 
f 3429/5455/3429 3438/5453/3438 714/1114/714 
f 3438/5453/3438 3429/5455/3429 3431/5447/3431 
f 3431/5447/3431 3440/5456/3440 3438/5453/3438 
f 3438/5453/3438 3440/5456/3440 3441/5457/3441 
f 3441/5457/3441 3439/5454/3439 3438/5453/3438 
f 3442/5458/3442 3441/5457/3441 3440/5456/3440 
f 3440/5456/3440 3443/5459/3443 3442/5458/3442 
f 3443/5459/3443 3440/5456/3440 3431/5447/3431 
f 3432/5446/3432 3435/5450/3435 3444/5460/3444 
f 3444/5460/3444 3443/5459/3443 3432/5446/3432 
f 3443/5459/3443 3444/5460/3444 3445/5461/3445 
f 3445/5461/3445 3442/5458/3442 3443/5459/3443 
f 3446/5462/3446 3447/5463/3447 3448/5464/3448 
f 3448/5464/3448 3449/5465/3449 3446/5462/3446 
f 720/1123/720 3446/5462/3446 3449/5465/3449 
f 3449/5465/3449 721/1124/721 720/1123/720 
f 720/1123/720 715/1122/715 3439/5466/3439 
f 3439/5466/3439 3441/5467/3441 3447/5463/3447 
f 3447/5463/3447 3446/5462/3446 3439/5466/3439 
f 3450/5468/3450 3444/5460/3444 3435/5450/3435 
f 3435/5450/3435 3437/5452/3437 3450/5468/3450 
f 3437/5452/3437 2507/3988/2507 2510/3991/2510 
f 2510/3991/2510 3450/5468/3450 3437/5452/3437 
f 3450/5468/3450 2510/3991/2510 2512/3993/2512 
f 2512/3993/2512 3451/5469/3451 3450/5468/3450 
f 3451/5469/3451 3445/5461/3445 3444/5460/3444 
f 3444/5460/3444 3450/5468/3450 3451/5469/3451 
f 3452/5470/3452 43/5471/43 42/5472/42 
f 42/5472/42 3453/5473/3453 3452/5470/3452 
f 3453/5473/3453 3454/5474/3454 3455/5475/3455 
f 3456/5476/3456 3457/5477/3457 3454/5478/3454 
f 3453/5479/3453 42/5208/42 3271/5206/3271 
f 3271/5206/3271 3456/5476/3456 3453/5479/3453 
f 3456/5476/3456 3271/5206/3271 3267/5199/3267 
f 3267/5199/3267 3458/5480/3458 3456/5476/3456 
f 3458/5480/3458 3459/5481/3459 3457/5477/3457 
f 3457/5477/3457 3456/5476/3456 3458/5480/3458 
f 3460/5482/3460 3455/5483/3455 3454/5484/3454 
f 3461/5485/3461 2512/5486/2512 2511/5487/2511 
f 3462/5488/3462 3463/5489/3463 3461/5485/3461 
f 3458/5480/3458 3267/5199/3267 3266/5198/3266 
f 3266/5198/3266 3464/5490/3464 3458/5480/3458 
f 3464/5490/3464 3266/5198/3266 3256/5491/3256 
f 3256/5491/3256 3255/5190/3255 3464/5490/3464 
f 3255/5190/3255 3260/5189/3260 3465/5492/3465 
f 3465/5492/3465 3464/5490/3464 3255/5190/3255 
f 3464/5490/3464 3465/5492/3465 3459/5481/3459 
f 3459/5481/3459 3458/5480/3458 3464/5490/3464 
f 3466/5493/3466 3467/5494/3467 3463/5489/3463 
f 2521/5495/2521 2520/5496/2520 3467/5494/3467 
f 3468/5497/3468 3469/5498/3469 3470/5499/3470 
f 3470/5499/3470 3471/5500/3471 3468/5497/3468 
f 3468/5497/3468 3471/5500/3471 3445/5501/3445 
f 3445/5501/3445 3451/5502/3451 3468/5497/3468 
f 3451/5502/3451 2512/5486/2512 3461/5485/3461 
f 3461/5485/3461 3468/5497/3468 3451/5502/3451 
f 3468/5497/3468 3461/5485/3461 3463/5489/3463 
f 3472/5503/3472 3473/5504/3473 3474/5505/3474 
f 3474/5505/3474 3475/5506/3475 3472/5503/3472 
f 2514/3995/2514 3472/5503/3472 3475/5506/3475 
f 3475/5506/3475 2515/3996/2515 2514/3995/2514 
f 3472/5503/3472 2514/3995/2514 721/1124/721 
f 721/1124/721 3449/5465/3449 3472/5503/3472 
f 3449/5465/3449 3448/5464/3448 3473/5504/3473 
f 3473/5504/3473 3472/5503/3472 3449/5465/3449 
f 3476/5507/3476 3471/5500/3471 3470/5499/3470 
f 3470/5499/3470 3477/5508/3477 3476/5507/3476 
f 3477/5508/3477 3448/5464/3448 3447/5463/3447 
f 3447/5463/3447 3476/5507/3476 3477/5508/3477 
f 3476/5507/3476 3447/5463/3447 3441/5467/3441 
f 3441/5467/3441 3442/5509/3442 3476/5507/3476 
f 3442/5509/3442 3445/5501/3445 3471/5500/3471 
f 3471/5500/3471 3476/5507/3476 3442/5509/3442 
f 3478/5510/3478 3479/5511/3479 2524/4009/2524 
f 2524/4009/2524 2523/4008/2523 3478/5510/3478 
f 3478/5510/3478 3480/5512/3480 3481/5513/3481 
f 3481/5513/3481 3479/5511/3479 3478/5510/3478 
f 3482/5514/3482 3474/5505/3474 3473/5504/3473 
f 3473/5504/3473 3483/5515/3483 3482/5514/3482 
f 3483/5515/3483 3473/5504/3473 3448/5464/3448 
f 3448/5464/3448 3477/5508/3477 3483/5515/3483 
f 3477/5508/3477 3470/5499/3470 3484/5516/3484 
f 3484/5516/3484 3483/5515/3483 3477/5508/3477 
f 3484/5516/3484 3485/5517/3485 3482/5514/3482 
f 3482/5514/3482 3483/5515/3483 3484/5516/3484 
f 3484/5516/3484 3470/5499/3470 3469/5498/3469 
f 3469/5498/3469 3486/5518/3486 3484/5516/3484 
f 3469/5498/3469 3463/5489/3463 3467/5494/3467 
f 3467/5494/3467 2520/5496/2520 3487/5519/3487 
f 3487/5519/3487 3486/5518/3486 3467/5494/3467 
f 3486/5518/3486 3487/5519/3487 3485/5517/3485 
f 3485/5517/3485 3484/5516/3484 3486/5518/3486 
f 3488/5520/3488 3481/5513/3481 3480/5512/3480 
f 3480/5512/3480 3489/5521/3489 3488/5520/3488 
f 3490/5522/3490 3454/5523/3454 3488/5520/3488 
f 3491/5524/3491 3492/5525/3492 3481/5513/3481 
f 3481/5513/3481 3488/5520/3488 3491/5524/3491 
f 3488/5520/3488 3454/5523/3454 3457/5526/3457 
f 3457/5526/3457 3491/5524/3491 3488/5520/3488 
f 3491/5527/3491 3457/5528/3457 3459/5529/3459 
f 3459/5529/3459 3493/5530/3493 3491/5527/3491 
f 3493/5531/3493 3494/5532/3494 3492/5525/3492 
f 3492/5525/3492 3491/5524/3491 3493/5531/3493 
f 3495/5533/3495 3496/5534/3496 3497/5535/3497 
f 3497/5535/3497 3498/5536/3498 3495/5533/3495 
f 3498/5536/3498 3474/5505/3474 3482/5514/3482 
f 3482/5514/3482 3495/5533/3495 3498/5536/3498 
f 3495/5533/3495 3482/5514/3482 3485/5517/3485 
f 3485/5517/3485 3499/5537/3499 3495/5533/3495 
f 3499/5537/3499 3500/5538/3500 3496/5534/3496 
f 3496/5534/3496 3495/5533/3495 3499/5537/3499 
f 3501/5539/3501 3499/5537/3499 3485/5517/3485 
f 3485/5517/3485 3487/5519/3487 3501/5539/3501 
f 3487/5519/3487 2520/5496/2520 2525/4010/2525 
f 2525/4010/2525 3501/5539/3501 3487/5519/3487 
f 3501/5539/3501 2525/4010/2525 2524/4009/2524 
f 2524/4009/2524 3502/5540/3502 3501/5539/3501 
f 3502/5540/3502 3500/5538/3500 3499/5537/3499 
f 3499/5537/3499 3501/5539/3501 3502/5540/3502 
f 3503/5541/3503 3504/5542/3504 3260/5189/3260 
f 3259/5543/3259 2515/3996/2515 3475/5506/3475 
f 3475/5506/3475 3503/5544/3503 3259/5543/3259 
f 3503/5544/3503 3475/5506/3475 3474/5505/3474 
f 3474/5505/3474 3498/5536/3498 3503/5544/3503 
f 3498/5536/3498 3497/5535/3497 3504/5545/3504 
f 3504/5545/3504 3503/5544/3503 3498/5536/3498 
f 3505/5546/3505 3506/5547/3506 3494/5532/3494 
f 3494/5532/3494 3493/5531/3493 3505/5546/3505 
f 3493/5530/3493 3459/5529/3459 3465/5548/3465 
f 3465/5548/3465 3505/5549/3505 3493/5530/3493 
f 3505/5550/3505 3465/5492/3465 3260/5189/3260 
f 3260/5189/3260 3504/5542/3504 3505/5550/3505 
f 3504/5545/3504 3497/5535/3497 3506/5547/3506 
f 3507/5551/3507 3496/5534/3496 3500/5538/3500 
f 3500/5538/3500 3508/5552/3508 3507/5551/3507 
f 3508/5552/3508 3494/5532/3494 3506/5547/3506 
f 3506/5547/3506 3507/5551/3507 3508/5552/3508 
f 3506/5547/3506 3497/5535/3497 3496/5534/3496 
f 3496/5534/3496 3507/5551/3507 3506/5547/3506 
f 3508/5552/3508 3500/5538/3500 3502/5540/3502 
f 3502/5540/3502 3509/5553/3509 3508/5552/3508 
f 3509/5553/3509 3502/5540/3502 2524/4009/2524 
f 2524/4009/2524 3479/5511/3479 3509/5553/3509 
f 3479/5511/3479 3481/5513/3481 3492/5525/3492 
f 3492/5525/3492 3509/5553/3509 3479/5511/3479 
f 3509/5553/3509 3492/5525/3492 3494/5532/3494 
f 3494/5532/3494 3508/5552/3508 3509/5553/3509 
f 3510/5554/3510 2621/4149/2621 2638/4175/2638 
f 2638/4175/2638 3511/5555/3511 3510/5554/3510 
f 2638/4175/2638 34/44/34 3295/5251/3295 
f 3295/5251/3295 3511/5555/3511 2638/4175/2638 
f 3511/5556/3511 3295/5255/3295 3297/5254/3297 
f 3297/5254/3297 3512/5557/3512 3511/5556/3511 
f 3510/5558/3510 3511/5556/3511 3512/5557/3512 
f 3512/5557/3512 3513/5559/3513 3510/5558/3510 
f 3514/5560/3514 3515/5561/3515 3513/5559/3513 
f 3513/5559/3513 3512/5557/3512 3514/5560/3514 
f 3512/5557/3512 3297/5254/3297 3299/5257/3299 
f 3299/5257/3299 3514/5560/3514 3512/5557/3512 
f 3514/5560/3514 3299/5257/3299 3301/5259/3301 
f 3301/5259/3301 3516/5562/3516 3514/5560/3514 
f 3516/5562/3516 3517/5563/3517 3515/5561/3515 
f 3515/5561/3515 3514/5560/3514 3516/5562/3516 
f 3518/5564/3518 3519/5565/3519 3510/5558/3510 
f 3510/5558/3510 3513/5559/3513 3518/5564/3518 
f 3518/5564/3518 3322/5283/3322 3321/5281/3321 
f 3321/5281/3321 3519/5565/3519 3518/5564/3518 
f 3321/5281/3321 2625/5282/2625 2622/5566/2622 
f 2622/5566/2622 3519/5565/3519 3321/5281/3321 
f 3519/5567/3519 2622/4150/2622 2621/4149/2621 
f 2621/4149/2621 3510/5554/3510 3519/5567/3519 
f 3520/5568/3520 3521/5569/3521 3522/5570/3522 
f 3520/5568/3520 3523/5571/3523 61/75/61 
f 61/75/61 60/74/60 3520/5568/3520 
f 60/74/60 59/73/59 3524/5572/3524 
f 3524/5572/3524 3520/5568/3520 60/74/60 
f 3520/5568/3520 3524/5572/3524 3525/5573/3525 
f 3525/5573/3525 3521/5569/3521 3520/5568/3520 
f 3521/5569/3521 3525/5573/3525 3526/5574/3526 
f 3526/5574/3526 3527/5575/3527 3521/5569/3521 
f 3527/5575/3527 3526/5574/3526 2643/4180/2643 
f 2643/4180/2643 2641/4178/2641 3527/5575/3527 
f 2641/4178/2641 2640/4177/2640 3528/5576/3528 
f 3528/5576/3528 3527/5575/3527 2641/4178/2641 
f 3528/5576/3528 3522/5570/3522 3521/5569/3521 
f 3521/5569/3521 3527/5575/3527 3528/5576/3528 
f 3516/5562/3516 3301/5259/3301 3303/5261/3303 
f 3303/5261/3303 3529/5577/3529 3516/5562/3516 
f 3529/5577/3529 3303/5261/3303 66/80/66 
f 66/80/66 2644/4181/2644 3529/5577/3529 
f 2644/4181/2644 2643/4180/2643 3530/5578/3530 
f 3530/5578/3530 3529/5577/3529 2644/4181/2644 
f 3529/5577/3529 3530/5578/3530 3517/5563/3517 
f 3517/5563/3517 3516/5562/3516 3529/5577/3529 
f 3531/5579/3531 3532/5580/3532 3525/5573/3525 
f 3525/5573/3525 3524/5572/3524 3531/5579/3531 
f 3524/5572/3524 59/73/59 3306/5264/3306 
f 3306/5264/3306 3531/5579/3531 3524/5572/3524 
f 3531/5579/3531 3306/5264/3306 3305/5263/3305 
f 3305/5263/3305 3533/5581/3533 3531/5579/3531 
f 3533/5581/3533 3534/5582/3534 3532/5580/3532 
f 3532/5580/3532 3531/5579/3531 3533/5581/3533 
f 3535/5583/3535 3532/5580/3532 3534/5582/3534 
f 3534/5582/3534 3536/5584/3536 3535/5583/3535 
f 3536/5584/3536 3517/5563/3517 3530/5578/3530 
f 3530/5578/3530 3535/5583/3535 3536/5584/3536 
f 3535/5583/3535 3530/5578/3530 2643/4180/2643 
f 2643/4180/2643 3526/5574/3526 3535/5583/3535 
f 3526/5574/3526 3525/5573/3525 3532/5580/3532 
f 3532/5580/3532 3535/5583/3535 3526/5574/3526 
f 3537/5585/3537 3538/5586/3538 3412/5418/3412 
f 3412/5418/3412 3410/5417/3410 3537/5585/3537 
f 3410/5417/3410 77/4140/77 2615/4139/2615 
f 2615/4139/2615 3537/5585/3537 3410/5417/3410 
f 3537/5587/3537 2615/4137/2615 2614/4136/2614 
f 2614/4136/2614 3539/5588/3539 3537/5587/3537 
f 3539/5589/3539 3540/5590/3540 3538/5586/3538 
f 3538/5586/3538 3537/5585/3537 3539/5589/3539 
f 3533/5581/3533 3305/5263/3305 3317/5276/3317 
f 3317/5276/3317 3541/5591/3541 3533/5581/3533 
f 3541/5591/3541 3317/5276/3317 3312/5270/3312 
f 3312/5270/3312 3319/5278/3319 3541/5591/3541 
f 3319/5278/3319 3322/5283/3322 3542/5592/3542 
f 3542/5592/3542 3541/5591/3541 3319/5278/3319 
f 3541/5591/3541 3542/5592/3542 3534/5582/3534 
f 3534/5582/3534 3533/5581/3533 3541/5591/3541 
f 3536/5584/3536 3534/5582/3534 3542/5592/3542 
f 3542/5592/3542 3543/5593/3543 3536/5584/3536 
f 3543/5593/3543 3542/5592/3542 3322/5283/3322 
f 3322/5283/3322 3518/5564/3518 3543/5593/3543 
f 3518/5564/3518 3513/5559/3513 3515/5561/3515 
f 3515/5561/3515 3543/5593/3543 3518/5564/3518 
f 3543/5593/3543 3515/5561/3515 3517/5563/3517 
f 3517/5563/3517 3536/5584/3536 3543/5593/3543 
f 3539/5589/3539 2614/5594/2614 2659/5595/2659 
f 2659/5595/2659 3544/5596/3544 3539/5589/3539 
f 3544/5597/3544 2659/4199/2659 2653/4198/2653 
f 2653/4198/2653 3404/5397/3404 3544/5597/3544 
f 3404/5397/3404 3403/5396/3403 3545/5598/3545 
f 3545/5598/3545 3544/5597/3544 3404/5397/3404 
f 3544/5597/3544 3545/5598/3545 3540/5599/3540 
f 3540/5599/3540 3539/5588/3539 3544/5597/3544 
f 3546/5600/3546 3547/5601/3547 3548/5602/3548 
f 3548/5602/3548 3549/5603/3549 3546/5600/3546 
f 3549/5604/3549 3548/5605/3548 3424/5436/3424 
f 3424/5436/3424 3427/5435/3427 3549/5604/3549 
f 3427/5606/3427 3412/5607/3412 3538/5608/3538 
f 3538/5608/3538 3549/5609/3549 3427/5606/3427 
f 3549/5603/3549 3538/5610/3538 3540/5599/3540 
f 3540/5599/3540 3546/5600/3546 3549/5603/3549 
f 3550/5611/3550 3548/5602/3548 3547/5601/3547 
f 3547/5601/3547 3551/5612/3551 3550/5611/3550 
f 3550/5611/3550 3552/5613/3552 3417/5424/3417 
f 3417/5424/3417 3419/5426/3419 3550/5611/3550 
f 3419/5426/3419 3424/5431/3424 3548/5602/3548 
f 3548/5602/3548 3550/5611/3550 3419/5426/3419 
f 3553/5614/3553 3551/5612/3551 3547/5601/3547 
f 3547/5601/3547 3554/5615/3554 3553/5614/3553 
f 3555/5616/3555 3556/5617/3556 3557/5618/3557 
f 3557/5618/3557 3558/5619/3558 3555/5616/3555 
f 3558/5620/3558 3557/5621/3557 3400/5393/3400 
f 3400/5393/3400 3407/5622/3407 3558/5620/3558 
f 3407/5407/3407 3406/5406/3406 3559/5623/3559 
f 3559/5623/3559 3558/5624/3558 3407/5407/3407 
f 3558/5625/3558 3559/5626/3559 3560/5627/3560 
f 3561/5628/3561 3554/5615/3554 3547/5601/3547 
f 3547/5601/3547 3546/5600/3546 3561/5628/3561 
f 3546/5600/3546 3540/5599/3540 3545/5598/3545 
f 3545/5598/3545 3561/5628/3561 3546/5600/3546 
f 3561/5628/3561 3545/5598/3545 3403/5396/3403 
f 3403/5396/3403 3562/5629/3562 3561/5628/3561 
f 3562/5629/3562 3556/5630/3556 3554/5615/3554 
f 3554/5615/3554 3561/5628/3561 3562/5629/3562 
f 3563/5631/3563 3557/5618/3557 3556/5617/3556 
f 3556/5617/3556 3562/5632/3562 3563/5631/3563 
f 3562/5629/3562 3403/5396/3403 3402/5395/3402 
f 3402/5395/3402 3563/5633/3563 3562/5629/3562 
f 3563/5633/3563 3402/5395/3402 3396/5387/3396 
f 3396/5387/3396 3397/5386/3397 3563/5633/3563 
f 3397/5386/3397 3400/5393/3400 3557/5621/3557 
f 3557/5621/3557 3563/5633/3563 3397/5386/3397 
f 20/20/20 21/153/21 16/16/16 
f 46/58/46 47/59/47 44/56/44 
f 48/60/48 49/61/49 44/56/44 
f 45/57/45 44/56/44 51/63/51 
f 54/68/54 53/67/53 60/74/60 
f 68/82/68 71/85/71 46/5634/46 
f 39/51/39 38/50/38 74/94/74 
f 122/5635/122 117/161/117 120/164/120 
f 121/166/121 128/442/128 127/177/127 
f 19/19/19 131/183/131 134/186/134 
f 113/192/113 138/193/138 139/191/139 
f 118/162/118 139/191/139 142/197/142 
f 158/5636/158 159/5637/159 156/5638/156 
f 164/5639/164 165/5640/165 162/5641/162 
f 173/237/173 171/235/171 170/234/170 
f 174/240/174 175/4030/175 171/238/171 
f 173/5642/173 212/295/212 217/298/217 
f 250/5643/250 1857/5644/1857 248/5645/248 
f 248/5645/248 1857/5644/1857 251/5646/251 
f 249/5647/249 248/351/248 254/350/254 
f 220/302/220 219/301/219 303/421/303 
f 304/415/304 303/414/303 219/309/219 
f 332/5648/332 333/462/333 330/463/330 
f 352/498/352 350/499/350 252/347/252 
f 305/5649/305 363/5650/363 362/5651/362 
f 400/582/400 399/5652/399 403/580/403 
f 384/585/384 407/586/407 405/583/405 
f 420/614/420 423/5653/423 424/620/424 
f 437/649/437 436/650/436 439/645/439 
f 426/659/426 447/658/447 424/620/424 
f 460/696/460 461/695/461 458/5654/458 
f 486/719/486 487/5655/487 484/717/484 
f 465/685/465 464/684/464 489/728/489 
f 510/768/510 513/765/513 514/766/514 
f 519/1303/519 520/1302/520 515/5656/515 
f 525/793/525 533/820/533 527/791/527 
f 546/815/546 547/818/547 524/779/524 
f 518/817/518 547/818/547 546/815/546 
f 517/771/517 533/794/533 547/5657/547 
f 524/779/524 547/818/547 533/820/533 
f 554/5658/554 555/5659/555 552/5660/552 
f 557/5661/557 552/5662/552 555/5663/555 
f 556/5664/556 561/842/561 560/844/560 
f 561/5665/561 563/5666/563 490/5667/490 
f 459/686/459 566/856/566 522/5668/522 
f 570/864/570 575/895/575 574/870/574 
f 586/885/586 581/880/581 580/879/580 
f 596/905/596 597/906/597 590/904/590 
f 591/5669/591 590/5670/590 597/5671/597 
f 555/828/555 610/922/610 613/925/613 
f 618/934/618 619/935/619 616/932/616 
f 562/850/562 616/932/616 619/935/619 
f 617/933/617 616/932/616 613/925/613 
f 617/938/617 621/939/621 620/936/620 
f 618/934/618 625/5672/625 624/943/624 
f 619/935/619 624/943/624 569/863/569 
f 584/883/584 625/944/625 626/947/626 
f 629/951/629 626/947/626 627/949/627 
f 585/884/585 626/947/626 629/951/629 
f 637/963/637 634/962/634 635/5673/635 
f 645/971/645 644/970/644 651/977/651 
f 636/5674/636 653/5675/653 652/5676/652 
f 606/985/606 605/5677/605 652/981/652 
f 643/5678/643 659/5679/659 653/5680/653 
f 656/990/656 666/1011/666 665/1009/665 
f 664/5681/664 665/1013/665 641/967/641 
f 661/5682/661 666/5683/666 667/5684/667 
f 655/987/655 667/1016/667 666/5685/666 
f 648/974/648 647/973/647 667/1016/667 
f 662/1017/662 667/1016/667 647/973/647 
f 692/5686/692 693/5687/693 691/5688/691 
f 222/5689/222 691/5690/691 693/5691/693 
f 305/416/305 699/1087/699 698/1084/698 
f 700/1082/700 699/1081/699 702/1085/702 
f 304/415/304 702/1088/702 699/1087/699 
f 223/5692/223 693/5691/693 702/5693/702 
f 703/1086/703 702/1085/702 693/5694/693 
f 710/1120/710 718/1118/718 726/1132/726 
f 789/1235/789 788/1234/788 795/5695/795 
f 835/1305/835 838/1308/838 520/5696/520 
f 511/767/511 514/766/514 838/1309/838 
f 520/775/520 838/1309/838 514/766/514 
f 511/1318/511 837/1319/837 844/1316/844 
f 849/1327/849 850/5697/850 847/1325/847 
f 852/1331/852 847/1325/847 850/5697/850 
f 853/1332/853 854/1333/854 847/1325/847 
f 848/1326/848 847/1325/847 854/1333/854 
f 858/1339/858 855/1334/855 856/1337/856 
f 916/5698/916 919/5699/919 820/5700/820 
f 920/1418/920 918/1417/918 924/1424/924 
f 917/5701/917 926/1427/926 924/1424/924 
f 895/1442/895 932/1433/932 931/1436/931 
f 928/1435/928 931/1436/931 932/1433/932 
f 899/5702/899 898/1438/898 931/1432/931 
f 932/1433/932 933/1440/933 934/1441/934 
f 934/1448/934 938/1447/938 937/1446/937 
f 940/1566/940 935/1444/935 938/1447/938 
f 945/1458/945 946/1459/946 941/1454/941 
f 937/1446/937 941/1454/941 946/1459/946 
f 963/5703/963 962/5704/962 969/5705/969 
f 972/1509/972 973/1504/973 966/1507/966 
f 973/5706/973 974/5707/974 453/5708/453 
f 453/5709/453 974/1516/974 975/1515/975 
f 397/568/397 981/1545/981 980/1539/980 
f 908/1404/908 907/1403/907 983/1546/983 
f 1005/1583/1005 1006/1584/1006 1004/1582/1004 
f 936/1445/936 996/1564/996 1006/1584/1006 
f 1004/1582/1004 1006/1584/1006 996/1564/996 
f 1011/1598/1011 1001/1579/1001 592/899/592 
f 582/881/582 1003/1581/1003 1012/5710/1012 
f 1010/5711/1010 1012/5710/1012 1003/1581/1003 
f 991/1577/991 1028/1630/1028 1027/1623/1027 
f 1030/1626/1030 1027/5712/1027 1028/1624/1028 
f 1029/1625/1029 1028/1624/1028 1031/1628/1031 
f 999/1576/999 1031/5713/1031 1028/1630/1028 
f 985/5714/985 984/5715/984 1031/5716/1031 
f 1032/1629/1032 1031/1628/1031 984/1547/984 
f 1030/1626/1030 1033/1634/1033 1038/1639/1038 
f 255/5717/255 1091/1733/1091 1090/1736/1090 
f 1093/1735/1093 1090/1736/1090 1091/1733/1091 
f 249/344/249 1090/1736/1090 1095/1738/1095 
f 1123/1778/1123 1121/1776/1121 1120/1775/1120 
f 1131/5718/1131 1126/1787/1126 1129/1790/1129 
f 1132/1795/1132 1133/2025/1133 1126/1794/1126 
f 1127/5719/1127 1126/1794/1126 1133/2025/1133 
f 1163/4053/1163 1164/1837/1164 1159/1830/1159 
f 1167/1840/1167 1170/1843/1170 1165/1838/1165 
f 1171/1844/1171 1172/1845/1172 1170/1843/1170 
f 1161/1833/1161 1175/1848/1175 1174/1847/1174 
f 1178/4607/1178 1179/4606/1179 1174/5720/1174 
f 1176/1877/1176 1181/1876/1181 1180/5721/1180 
f 1168/1841/1168 1167/1840/1167 1180/1853/1180 
f 1177/1854/1177 1180/1853/1180 1182/1857/1182 
f 920/1708/920 1184/5722/1184 1183/1859/1183 
f 1187/1866/1187 1188/1867/1188 1186/1862/1186 
f 1191/1872/1191 1192/1879/1192 1189/1870/1189 
f 1175/1874/1175 1189/1870/1189 1192/1879/1192 
f 1187/1866/1187 1189/1870/1189 1175/1874/1175 
f 1185/1861/1185 1190/1871/1190 1189/1870/1189 
f 1194/1880/1194 1193/1881/1193 1192/1879/1192 
f 1181/1876/1181 1193/1875/1193 1196/2238/1196 
f 1202/1890/1202 1201/1889/1201 1200/1888/1200 
f 611/1894/611 1203/1893/1203 622/941/622 
f 1212/5723/1212 1213/5724/1213 1211/5725/1211 
f 1217/1919/1217 1218/1923/1218 1219/1924/1219 
f 1219/1924/1219 1220/5726/1220 1206/5727/1206 
f 658/993/658 1220/5726/1220 1219/1924/1219 
f 1191/1907/1191 1210/1906/1210 1221/1929/1221 
f 1214/1913/1214 1222/2258/1222 1221/5728/1221 
f 1194/1936/1194 1221/5729/1221 1222/1934/1222 
f 1230/1947/1230 1232/1955/1232 1237/1958/1237 
f 1274/2016/1274 1277/2050/1277 1276/2020/1276 
f 1281/5730/1281 1278/2024/1278 1279/2026/1279 
f 1278/2024/1278 1281/5730/1281 1266/2004/1266 
f 1284/2057/1284 1285/2033/1285 1282/2036/1282 
f 1280/2028/1280 1279/2027/1279 1282/5731/1282 
f 1283/5732/1283 1282/5731/1282 1279/2027/1279 
f 1280/2037/1280 1289/2040/1289 1288/2038/1288 
f 1295/2047/1295 1297/2051/1297 1290/2041/1290 
f 1296/2048/1296 1295/2047/1295 1294/2046/1294 
f 1277/2050/1277 1295/2047/1295 1296/2048/1296 
f 1297/2051/1297 1295/2047/1295 1277/2050/1277 
f 1299/2053/1299 1298/2052/1298 1296/2048/1296 
f 1123/1778/1123 1298/2052/1298 882/1370/882 
f 1292/2043/1292 1291/2042/1291 1303/2058/1303 
f 1304/2059/1304 1303/2058/1303 1273/2015/1273 
f 1284/2032/1284 1312/2082/1312 1311/2085/1311 
f 1283/2031/1283 1315/2086/1315 1312/2082/1312 
f 1320/2091/1320 1314/2094/1314 1313/2095/1313 
f 1335/2114/1335 1336/2115/1336 1334/2113/1334 
f 1339/2118/1339 1340/2119/1340 1330/2107/1330 
f 1335/2114/1335 1338/2117/1338 1349/2129/1349 
f 1352/2132/1352 1353/2133/1353 1336/2115/1336 
f 1356/2136/1356 1355/2135/1355 1342/2121/1342 
f 1373/2163/1373 1381/4674/1381 1380/2170/1380 
f 1391/5733/1391 1387/2179/1387 1386/2178/1386 
f 1412/2210/1412 1407/2205/1407 1410/2208/1410 
f 1408/2206/1408 1407/2205/1407 1396/2191/1396 
f 1168/1841/1168 1196/1884/1196 1425/2234/1425 
f 1171/1844/1171 1428/2237/1428 1430/2247/1430 
f 1435/2260/1435 1434/2256/1434 1222/2257/1222 
f 1426/2240/1426 1434/2256/1434 1437/2262/1437 
f 1440/2282/1440 1441/2269/1441 1438/2268/1438 
f 1427/2243/1427 1437/2263/1437 1438/2268/1438 
f 1443/2277/1443 1445/2280/1445 1420/2521/1420 
f 1443/2277/1443 1442/2285/1442 1436/2275/1436 
f 1445/2280/1445 1443/2277/1443 614/2279/614 
f 1439/5734/1439 1447/5735/1447 1446/5736/1446 
f 1420/2224/1420 1419/2223/1419 1447/5735/1447 
f 1418/2221/1418 1432/2249/1432 1449/2293/1449 
f 1441/2269/1441 1451/2295/1451 1429/2244/1429 
f 1414/5737/1414 1451/5738/1451 1450/5739/1450 
f 1404/5740/1404 1429/5741/1429 1451/5742/1451 
f 1453/2298/1453 1452/2297/1452 1423/2230/1423 
f 1392/2308/1392 1400/2309/1400 1457/2305/1457 
f 1458/2306/1458 1456/2304/1456 1460/2310/1460 
f 1466/5743/1466 1469/4962/1469 1394/2189/1394 
f 1504/2369/1504 1501/2366/1501 1502/2367/1502 
f 1505/2370/1505 1506/2371/1506 1501/2366/1501 
f 1503/2382/1503 1502/5744/1502 1509/2380/1509 
f 1509/2384/1509 1511/2385/1511 1512/3909/1512 
f 1422/2229/1422 1530/2407/1530 1529/2406/1529 
f 1527/2404/1527 1529/2406/1529 1530/2407/1530 
f 1453/2298/1453 1529/2406/1529 1518/2395/1518 
f 1542/2424/1542 1543/5745/1543 1540/2422/1540 
f 1535/2459/1535 1563/2460/1563 1562/2457/1562 
f 1555/2449/1555 1562/2457/1562 1563/2460/1563 
f 1601/2505/1601 1604/2508/1604 1600/5746/1600 
f 860/1343/860 1604/2510/1604 1603/2509/1603 
f 853/1332/853 1603/2509/1603 1605/2511/1605 
f 1606/5747/1606 1605/2511/1605 1603/2509/1603 
f 1597/2499/1597 1609/2523/1609 1607/5748/1607 
f 1445/2280/1445 1607/2517/1607 1609/2520/1609 
f 554/827/554 553/826/553 1607/2517/1607 
f 1608/2518/1608 1607/2517/1607 553/826/553 
f 1609/2523/1609 1610/2524/1610 1421/2228/1421 
f 1614/2530/1614 1611/5749/1611 1612/2528/1612 
f 545/5750/545 1611/5749/1611 1614/2530/1614 
f 1590/2492/1590 1598/2500/1598 1615/2532/1615 
f 1616/2533/1616 1615/2532/1615 1598/2500/1598 
f 1586/2488/1586 1615/2532/1615 1618/2535/1618 
f 529/787/529 541/808/541 1622/2539/1622 
f 1614/2530/1614 1622/2539/1622 541/808/541 
f 530/788/530 1622/2539/1622 1620/2537/1620 
f 1602/2513/1602 1625/2543/1625 1624/2542/1624 
f 1616/2533/1616 1626/2546/1626 1623/2540/1623 
f 857/2551/857 1629/2552/1629 1628/2550/1628 
f 1600/2502/1600 1628/2550/1628 1631/2554/1631 
f 1637/5751/1637 1635/2558/1635 1634/2557/1634 
f 867/2378/867 1508/2376/1508 1635/2558/1635 
f 1641/2570/1641 1638/2565/1638 1639/2566/1639 
f 1636/2560/1636 1638/2565/1638 1642/2571/1642 
f 1630/2553/1630 1629/2552/1629 1642/2571/1642 
f 1647/2576/1647 1648/2580/1648 1645/2574/1645 
f 1647/2576/1647 1646/2575/1646 1633/5752/1633 
f 1505/5753/1505 1513/2578/1513 1647/2576/1647 
f 1711/2674/1711 1710/2675/1710 1713/2671/1713 
f 1718/2682/1718 1719/3164/1719 1716/2680/1716 
f 1731/5754/1731 1728/2698/1728 1729/2699/1729 
f 1743/2725/1743 1740/2722/1740 1741/2723/1741 
f 1742/2724/1742 1748/2736/1748 1744/2730/1744 
f 1755/2746/1755 1752/2740/1752 1753/2744/1753 
f 1258/1996/1258 1752/2740/1752 1755/2746/1755 
f 1551/2437/1551 1550/2436/1550 1762/2755/1762 
f 1757/3124/1757 1764/3123/1764 1762/5755/1762 
f 1754/2745/1754 1753/2744/1753 1778/2780/1778 
f 1808/5756/1808 1817/2840/1817 1816/2843/1816 
f 166/229/166 165/228/165 1816/2843/1816 
f 1805/2848/1805 1821/2849/1821 1820/2847/1820 
f 1823/2853/1823 1820/2852/1820 1821/5757/1821 
f 1836/2873/1836 1833/2870/1833 1834/2871/1834 
f 1835/5758/1835 1848/2895/1848 1847/2898/1847 
f 1836/2875/1836 1847/2898/1847 1095/1738/1095 
f 1853/2906/1853 1854/2902/1854 1851/2903/1851 
f 1849/3198/1849 1856/2905/1856 1855/2908/1855 
f 1863/5759/1863 1862/2925/1862 1141/2927/1141 
f 1767/2762/1767 1895/2973/1895 1898/2977/1898 
f 1897/2980/1897 1896/2981/1896 1899/2978/1899 
f 1900/2979/1900 1899/2978/1899 1763/2756/1763 
f 1948/5760/1948 1949/5761/1949 1946/5762/1946 
f 1947/3038/1947 1946/3037/1946 1953/3046/1953 
f 1957/3053/1957 1955/3056/1955 1949/5761/1949 
f 1956/3057/1956 1955/5763/1955 1779/2779/1779 
f 1158/5764/1158 1961/3065/1961 1963/3068/1963 
f 1721/3069/1721 1720/2697/1720 1963/3068/1963 
f 1973/3081/1973 1971/3079/1971 1968/3073/1968 
f 1974/3082/1974 1977/3085/1977 1953/3046/1953 
f 1954/3047/1954 1953/3046/1953 1977/3085/1977 
f 1976/3084/1976 1982/3095/1982 1980/3097/1980 
f 1990/3110/1990 1989/3109/1989 1908/2989/1908 
f 1994/3118/1994 1995/3789/1995 1992/3116/1992 
f 1997/3121/1997 1992/3122/1992 1995/3119/1995 
f 2024/3160/2024 2025/3161/2025 2022/3158/2022 
f 2027/3163/2027 2022/3158/2022 2025/3161/2025 
f 1714/2684/1714 1719/2683/1719 2022/5765/2022 
f 2066/3210/2066 2067/3211/2067 2064/3208/2064 
f 1988/3106/1988 2069/3225/2069 2072/5766/2072 
f 2027/3163/2027 2095/3262/2095 1715/2673/1715 
f 2021/3157/2021 2020/3156/2020 2095/5767/2095 
f 1882/2956/1882 2101/3276/2101 2100/3275/2100 
f 1945/3036/1945 2144/3358/2144 2145/3361/2145 
f 2146/3362/2146 2145/3361/2145 2049/3187/2049 
f 2148/3364/2148 2147/3363/2147 2143/3357/2143 
f 2163/3383/2163 2158/3382/2158 2161/5768/2161 
f 1142/2926/1142 1867/2924/1867 2158/3376/2158 
f 2162/3380/2162 2165/3389/2165 2164/5769/2164 
f 2172/3395/2172 2171/3394/2171 2161/3379/2161 
f 2178/3403/2178 2173/3402/2173 2176/3420/2176 
f 1375/2165/1375 1385/2177/1385 2173/3402/2173 
f 2180/3408/2180 2179/3406/2179 2178/3403/2178 
f 1484/2346/1484 2188/3422/2188 2191/3427/2191 
f 1996/3806/1996 2198/3438/2198 2196/3441/2196 
f 2009/3139/2009 2218/3473/2218 2221/3478/2221 
f 1912/2993/1912 2227/3484/2227 2228/3485/2228 
f 1990/3115/1990 2235/3497/2235 2073/3227/2073 
f 2242/3517/2242 2241/3516/2241 1920/3007/1920 
f 2245/3520/2245 2246/3521/2246 1959/3059/1959 
f 1959/5770/1959 2246/5771/2246 2038/5772/2038 
f 2248/3525/2248 2247/3524/2247 2244/3519/2244 
f 2074/3228/2074 2237/3501/2237 2252/3531/2252 
f 1919/3006/1919 1925/3012/1925 2253/3538/2253 
f 1979/3089/1979 2187/3541/2187 2254/3539/2254 
f 1954/3547/1954 2257/3548/2257 2258/3545/2258 
f 2259/3550/2259 2258/3545/2258 2257/3548/2257 
f 2259/3550/2259 2260/3553/2260 2167/3388/2167 
f 1822/3561/1822 2264/3562/2264 2263/3559/2263 
f 2080/3237/2080 2265/5773/2265 2263/3559/2263 
f 2148/3364/2148 2280/3590/2280 1834/2871/1834 
f 1738/2716/1738 1854/2902/1854 2283/3600/2283 
f 346/492/346 2099/3274/2099 2284/5774/2284 
f 2104/3280/2104 2103/3279/2103 2284/3601/2284 
f 351/497/351 2284/3601/2284 2103/3279/2103 
f 1881/2955/1881 2286/3605/2286 2101/3276/2101 
f 2160/3612/2160 2288/3610/2288 2287/3611/2287 
f 2293/3620/2293 2290/3615/2290 2291/3618/2291 
f 869/1352/869 868/1351/868 2290/3615/2290 
f 2310/3653/2310 2311/3654/2311 2309/5775/2309 
f 856/1337/856 2311/3654/2311 2310/3653/2310 
f 2304/3639/2304 2309/5775/2309 2311/3654/2311 
f 2310/3657/2310 2312/3658/2312 1643/3655/1643 
f 1643/3655/1643 2312/3658/2312 2291/3618/2291 
f 1525/2402/1525 1599/2501/1599 2322/5776/2322 
f 1589/5777/1589 2322/5778/2322 1599/5779/1599 
f 2323/3691/2323 2326/3694/2326 1577/3689/1577 
f 2325/3693/2325 2326/3694/2326 2323/3691/2323 
f 2379/3778/2379 2384/3790/2384 2381/3796/2381 
f 2382/3786/2382 2389/3816/2389 2388/5780/2388 
f 2393/3817/2393 2392/3813/2392 2387/3794/2387 
f 2450/5781/2450 1515/5782/1515 1503/5783/1503 
f 1645/2574/1645 1648/2580/1648 2452/3913/2452 
f 1516/2579/1516 2445/3897/2445 2452/3913/2452 
f 2455/3916/2455 2456/3917/2456 2453/3914/2453 
f 2454/3915/2454 2453/3914/2453 56/70/56 
f 2461/3922/2461 2462/3923/2462 2459/3920/2459 
f 2464/3925/2464 2459/3920/2459 2462/3923/2462 
f 2460/3921/2460 2459/3920/2459 2456/3917/2456 
f 2467/3928/2467 2468/3929/2468 2465/3926/2465 
f 2476/5784/2476 2477/3938/2477 2474/3941/2474 
f 2462/3923/2462 2482/3950/2482 2485/3953/2485 
f 2489/3960/2489 2490/3961/2490 2487/3958/2487 
f 2485/3967/2485 2487/3958/2487 2492/3963/2492 
f 2497/3973/2497 2498/3974/2498 2493/3969/2493 
f 2496/5785/2496 2500/5786/2500 2501/5787/2501 
f 2504/3985/2504 3414/5421/3414 2502/3983/2502 
f 2515/3996/2515 2516/3997/2516 2513/3994/2513 
f 2525/4010/2525 3564/5788/3564 2523/4008/2523 
f 2519/5789/2519 3564/5788/3564 2525/4010/2525 
f 2528/4016/2528 2529/4017/2529 2526/4014/2526 
f 2537/5790/2537 2536/5791/2536 175/5792/175 
f 2544/4570/2544 2547/4039/2547 2546/4042/2546 
f 2639/4176/2639 2642/4179/2642 65/79/65 
f 196/266/196 2668/4213/2668 2670/4216/2670 
f 2673/4222/2673 2674/4223/2674 2671/4220/2671 
f 2672/4219/2672 2681/4235/2681 2680/4234/2680 
f 2739/5793/2739 2736/5794/2736 2737/5795/2737 
f 2738/4316/2738 2744/4325/2744 2740/4321/2740 
f 2745/4585/2745 2752/4334/2752 2751/4333/2751 
f 174/240/174 217/299/217 2759/4348/2759 
f 2757/4340/2757 2764/4367/2764 2770/4366/2770 
f 2762/5796/2762 2777/5797/2777 2767/5798/2767 
f 2528/4025/2528 2535/4024/2535 2777/4374/2777 
f 2768/4363/2768 2778/4375/2778 2784/4387/2784 
f 2783/4383/2783 2784/4387/2784 2778/4375/2778 
f 1887/2961/1887 2786/4389/2786 2782/4380/2782 
f 2803/4413/2803 2802/4412/2802 1358/2138/1358 
f 2815/4446/2815 2816/4450/2816 1494/4451/1494 
f 1903/5799/1903 2818/4455/2818 2817/4458/2817 
f 2836/4481/2836 2835/4480/2835 2593/4105/2593 
f 2847/4492/2847 2846/4491/2846 2838/4483/2838 
f 1154/1822/1154 1153/1821/1153 2858/4508/2858 
f 2862/4512/2862 2870/4525/2870 2871/4526/2871 
f 2896/4567/2896 2895/4566/2895 2547/5800/2547 
f 2902/5801/2902 2903/4583/2903 2744/4586/2744 
f 2914/4602/2914 2919/4622/2919 2920/4620/2920 
f 1266/5802/1266 1293/5803/1293 2922/5804/2922 
f 2925/4627/2925 2922/4625/2922 2923/4624/2923 
f 2592/4104/2592 2597/4111/2597 2926/4629/2926 
f 1272/5805/1272 2879/4642/2879 2931/4639/2931 
f 2932/4640/2932 2931/4639/2931 2879/4642/2879 
f 2878/4542/2878 2880/4541/2880 2933/4643/2933 
f 1490/2348/1490 2988/4736/2988 1511/2385/1511 
f 2816/4450/2816 2999/4753/2999 2989/5806/2989 
f 2801/5807/2801 2800/5808/2800 3007/5809/3007 
f 2563/5810/2563 3007/5809/3007 2800/5808/2800 
f 3012/5811/3012 3011/4771/3011 3014/4785/3014 
f 1576/3690/1576 3026/4792/3026 3022/4788/3022 
f 3029/4795/3029 3028/4794/3028 2442/3893/2442 
f 3044/5812/3044 3043/4815/3043 3042/4812/3042 
f 3027/4793/3027 3026/4792/3026 3043/4819/3043 
f 1575/5813/1575 3043/4819/3043 3026/4792/3026 
f 2581/4088/2581 3046/4823/3046 3047/4824/3047 
f 3009/4837/3009 3059/4836/3059 3061/5814/3061 
f 2680/4236/2680 3107/4927/3107 3106/4923/3106 
f 3109/4930/3109 3108/4929/3108 2559/4058/2559 
f 3110/4931/3110 3109/4930/3109 3121/4946/3121 
f 1468/2319/1468 1473/2325/1473 3135/4964/3135 
f 2982/4728/2982 3135/4964/3135 1473/2325/1473 
f 1389/4972/1389 1388/4974/1388 3137/4971/3137 
f 2386/3793/2386 3154/5064/3154 3153/5011/3153 
f 3156/5815/3156 3153/5011/3153 3154/5064/3154 
f 3184/5065/3184 3187/5063/3187 2385/3792/2385 
f 3183/5062/3183 3188/5160/3188 3187/5816/3187 
f 3154/5064/3154 3187/5063/3187 3188/5067/3188 
f 3193/5076/3193 3189/5069/3189 3158/5017/3158 
f 3193/5157/3193 3239/5158/3239 3242/5155/3242 
f 3155/5068/3155 3188/5067/3188 3239/5817/3239 
f 3240/5152/3240 3565/5818/3565 3245/5169/3245 
f 3186/5060/3186 3565/5818/3565 3240/5152/3240 
f 3224/5122/3224 3565/5818/3565 3186/5060/3186 
f 3245/5169/3245 3565/5818/3565 3224/5122/3224 
f 3243/5176/3243 3251/5178/3251 3250/5175/3250 
f 2515/5819/2515 3259/5188/3259 3258/5187/3258 
f 3263/5820/3263 3264/5194/3264 3261/5195/3261 
f 2/2/2 3261/5195/3261 3264/5194/3264 
f 3273/5211/3273 3272/5207/3272 40/5209/40 
f 23/28/23 22/27/22 3277/5215/3277 
f 3263/5218/3263 3270/5821/3270 3278/5223/3278 
f 3280/5822/3280 3278/5223/3278 3270/5821/3270 
f 3269/5201/3269 3273/5211/3273 3282/5823/3282 
f 72/5824/72 3282/5825/3282 3273/5826/3273 
f 1822/2850/1822 1821/2849/1821 3353/5323/3353 
f 3358/5827/3358 3357/5828/3357 3359/5829/3359 
f 3360/5335/3360 3359/5334/3359 3361/5338/3361 
f 3430/5830/3430 3433/5831/3433 3432/5832/3432 
f 3431/5447/3431 3432/5446/3432 3443/5459/3443 
f 3439/5466/3439 3446/5462/3446 720/1123/720 
f 3455/5475/3455 3452/5470/3452 3453/5473/3453 
f 3454/5478/3454 3453/5479/3453 3456/5476/3456 
f 3454/5523/3454 3490/5522/3490 3460/5833/3460 
f 2511/5834/2511 3566/5835/3566 3461/5836/3461 
f 3461/5836/3461 3566/5835/3566 3462/5837/3462 
f 3463/5489/3463 3462/5488/3462 3466/5493/3466 
f 3467/5494/3467 3466/5493/3466 2521/5495/2521 
f 3463/5489/3463 3469/5498/3469 3468/5497/3468 
f 3467/5494/3467 3486/5518/3486 3469/5498/3469 
f 3488/5520/3488 3489/5521/3489 3490/5522/3490 
f 3260/5838/3260 3259/5543/3259 3503/5544/3503 
f 3506/5547/3506 3505/5546/3505 3504/5545/3504 
f 3522/5570/3522 3523/5571/3523 3520/5568/3520 
f 3560/5839/3560 3555/5616/3555 3558/5619/3558 
s 2
f 3455/5840/3567 3460/5841/3567 3490/5842/3567 
f 3455/5840/3567 3490/5842/3567 3489/5843/3567 
f 3452/5844/3567 3455/5840/3567 3489/5843/3567 
f 43/5845/3567 3452/5844/3567 3489/5843/3567 
f 43/5845/3567 3489/5843/3567 3480/5846/3567 
f 3480/5846/3567 3478/5847/3567 2523/5848/3567 
f 2519/4004/3567 2522/4007/3567 2521/4006/3567 
f 2519/4004/3567 2521/4006/3567 3466/5849/3567 
f 3564/5850/3567 2519/4004/3567 3466/5849/3567 
f 3466/5849/3567 3462/5851/3567 3566/5852/3567 
f 3566/5852/3567 2511/5853/3567 2509/5854/3567 
f 3466/5849/3567 3566/5852/3567 2509/5854/3567 
f 3466/5849/3567 2509/5854/3567 2506/5855/3567 
f 3564/5850/3567 3466/5849/3567 2506/5855/3567 
f 2523/5848/3567 3564/5850/3567 2506/5855/3567 
f 2523/5848/3567 2506/5855/3567 2505/5856/3567 
f 2503/5857/3567 2502/5858/3567 3414/5859/3567 
f 2505/5856/3567 2503/5857/3567 3414/5859/3567 
f 2523/5848/3567 2505/5856/3567 3414/5859/3567 
f 3416/5860/3567 3418/5861/3567 3417/5862/3567 
f 3417/5862/3567 3552/5863/3567 3550/5864/3567 
f 3416/5860/3567 3417/5862/3567 3550/5864/3567 
f 3414/5859/3567 3416/5860/3567 3550/5864/3567 
f 3414/5859/3567 3550/5864/3567 3551/5865/3567 
f 3553/5866/3567 3554/5867/3567 3556/5868/3567 
f 3553/5866/3567 3556/5868/3567 3555/5869/3567 
f 3560/5870/3567 3559/5871/3567 3406/5872/3567 
f 3560/5870/3567 3406/5872/3567 2481/5873/3567 
f 2481/5873/3567 2480/5874/3567 2477/5875/3567 
f 2477/5875/3567 2476/5876/3567 2475/5877/3567 
f 2467/5878/3567 2499/5879/3567 2495/5880/3567 
f 2467/5878/3567 2495/5880/3567 2494/5881/3567 
f 2468/5882/3567 2467/5878/3567 2494/5881/3567 
f 2468/5882/3567 2494/5881/3567 2489/5883/3567 
f 2469/5884/3567 2468/5882/3567 2489/5883/3567 
f 2484/5885/3567 2483/5886/3567 2482/5887/3567 
f 2488/5888/3567 2484/5885/3567 2482/5887/3567 
f 2482/5887/3567 2486/5889/3567 2461/5890/3567 
f 2482/5887/3567 2461/5890/3567 2460/5891/3567 
f 2488/5888/3567 2482/5887/3567 2460/5891/3567 
f 2489/5883/3567 2488/5888/3567 2460/5891/3567 
f 2489/5883/3567 2460/5891/3567 2455/5892/3567 
f 2489/5883/3567 2455/5892/3567 2454/5893/3567 
f 2469/5884/3567 2489/5883/3567 2454/5893/3567 
f 2469/5884/3567 2454/5893/3567 55/5894/3567 
f 55/5894/3567 54/5895/3567 61/5896/3567 
f 2469/5884/3567 55/5894/3567 61/5896/3567 
f 2475/5877/3567 2469/5884/3567 61/5896/3567 
f 2475/5877/3567 61/5896/3567 3523/5897/3567 
f 3523/5897/3567 3522/5898/3567 3528/5899/3567 
f 2475/5877/3567 3523/5897/3567 3528/5899/3567 
f 2477/5875/3567 2475/5877/3567 3528/5899/3567 
f 2477/5875/3567 3528/5899/3567 2640/5900/3567 
f 2477/5875/3567 2640/5900/3567 2639/5901/3567 
f 2481/5873/3567 2477/5875/3567 2639/5901/3567 
f 2639/5901/3567 64/5902/3567 63/5903/3567 
f 2481/5873/3567 2639/5901/3567 63/5903/3567 
f 2481/5873/3567 63/5903/3567 48/5904/3567 
f 3560/5870/3567 2481/5873/3567 48/5904/3567 
f 3555/5869/3567 3560/5870/3567 48/5904/3567 
f 3553/5866/3567 3555/5869/3567 48/5904/3567 
f 3553/5866/3567 48/5904/3567 47/5905/3567 
f 3551/5865/3567 3553/5866/3567 47/5905/3567 
f 3551/5865/3567 47/5905/3567 46/5906/3567 
f 3414/5859/3567 3551/5865/3567 46/5906/3567 
f 2523/5848/3567 3414/5859/3567 46/5906/3567 
f 2523/5848/3567 46/5906/3567 71/5907/3567 
f 3480/5846/3567 2523/5848/3567 71/5907/3567 
f 43/5845/3567 3480/5846/3567 71/5907/3567 
f 70/5908/3567 73/5909/3567 74/5910/3567 
f 71/5907/3567 70/5908/3567 74/5910/3567 
f 71/5907/3567 74/5910/3567 38/5911/3567 
f 43/5845/3567 71/5907/3567 38/5911/3567 
f 41/5912/3567 43/5845/3567 38/5911/3567 
# 7128 faces

